building,occupant_id,split,image_path
building_3,0000107,reference,dataset_splits/10_buildings/building_3/0000107/reference/0000107_001.jpg
building_3,0000107,reference,dataset_splits/10_buildings/building_3/0000107/reference/0000107_021.jpg
building_3,0000107,reference,dataset_splits/10_buildings/building_3/0000107/reference/0000107_038.jpg
building_3,0000107,reference,dataset_splits/10_buildings/building_3/0000107/reference/0000107_046.jpg
building_3,0000107,reference,dataset_splits/10_buildings/building_3/0000107/reference/0000107_048.jpg
building_3,0000107,reference,dataset_splits/10_buildings/building_3/0000107/reference/0000107_055.jpg
building_3,0000107,reference,dataset_splits/10_buildings/building_3/0000107/reference/0000107_057.jpg
building_3,0000107,reference,dataset_splits/10_buildings/building_3/0000107/reference/0000107_064.jpg
building_3,0000107,reference,dataset_splits/10_buildings/building_3/0000107/reference/0000107_071.jpg
building_3,0000107,reference,dataset_splits/10_buildings/building_3/0000107/reference/0000107_072.jpg
building_3,0000107,reference,dataset_splits/10_buildings/building_3/0000107/reference/0000107_079.jpg
building_3,0000107,reference,dataset_splits/10_buildings/building_3/0000107/reference/0000107_081.jpg
building_3,0000107,reference,dataset_splits/10_buildings/building_3/0000107/reference/0000107_085.jpg
building_3,0000107,reference,dataset_splits/10_buildings/building_3/0000107/reference/0000107_092.jpg
building_3,0000107,reference,dataset_splits/10_buildings/building_3/0000107/reference/0000107_096.jpg
building_3,0000107,reference,dataset_splits/10_buildings/building_3/0000107/reference/0000107_100.jpg
building_3,0000107,reference,dataset_splits/10_buildings/building_3/0000107/reference/0000107_109.jpg
building_3,0000107,reference,dataset_splits/10_buildings/building_3/0000107/reference/0000107_124.jpg
building_3,0000107,reference,dataset_splits/10_buildings/building_3/0000107/reference/0000107_127.jpg
building_3,0000107,reference,dataset_splits/10_buildings/building_3/0000107/reference/0000107_140.jpg
building_3,0000107,test,dataset_splits/10_buildings/building_3/0000107/test/0000107_002.jpg
building_3,0000107,test,dataset_splits/10_buildings/building_3/0000107/test/0000107_005.jpg
building_3,0000107,test,dataset_splits/10_buildings/building_3/0000107/test/0000107_008.jpg
building_3,0000107,test,dataset_splits/10_buildings/building_3/0000107/test/0000107_022.jpg
building_3,0000107,test,dataset_splits/10_buildings/building_3/0000107/test/0000107_030.jpg
building_3,0000107,test,dataset_splits/10_buildings/building_3/0000107/test/0000107_033.jpg
building_3,0000107,test,dataset_splits/10_buildings/building_3/0000107/test/0000107_049.jpg
building_3,0000107,test,dataset_splits/10_buildings/building_3/0000107/test/0000107_061.jpg
building_3,0000107,test,dataset_splits/10_buildings/building_3/0000107/test/0000107_065.jpg
building_3,0000107,test,dataset_splits/10_buildings/building_3/0000107/test/0000107_068.jpg
building_3,0000107,test,dataset_splits/10_buildings/building_3/0000107/test/0000107_069.jpg
building_3,0000107,test,dataset_splits/10_buildings/building_3/0000107/test/0000107_077.jpg
building_3,0000107,test,dataset_splits/10_buildings/building_3/0000107/test/0000107_078.jpg
building_3,0000107,test,dataset_splits/10_buildings/building_3/0000107/test/0000107_083.jpg
building_3,0000107,test,dataset_splits/10_buildings/building_3/0000107/test/0000107_093.jpg
building_3,0000107,test,dataset_splits/10_buildings/building_3/0000107/test/0000107_113.jpg
building_3,0000107,test,dataset_splits/10_buildings/building_3/0000107/test/0000107_114.jpg
building_3,0000107,test,dataset_splits/10_buildings/building_3/0000107/test/0000107_115.jpg
building_3,0000107,test,dataset_splits/10_buildings/building_3/0000107/test/0000107_123.jpg
building_3,0000107,test,dataset_splits/10_buildings/building_3/0000107/test/0000107_131.jpg
building_3,0000133,reference,dataset_splits/10_buildings/building_3/0000133/reference/0000133_010.jpg
building_3,0000133,reference,dataset_splits/10_buildings/building_3/0000133/reference/0000133_014.jpg
building_3,0000133,reference,dataset_splits/10_buildings/building_3/0000133/reference/0000133_022.jpg
building_3,0000133,reference,dataset_splits/10_buildings/building_3/0000133/reference/0000133_025.jpg
building_3,0000133,reference,dataset_splits/10_buildings/building_3/0000133/reference/0000133_048.jpg
building_3,0000133,reference,dataset_splits/10_buildings/building_3/0000133/reference/0000133_049.jpg
building_3,0000133,reference,dataset_splits/10_buildings/building_3/0000133/reference/0000133_053.jpg
building_3,0000133,reference,dataset_splits/10_buildings/building_3/0000133/reference/0000133_063.jpg
building_3,0000133,reference,dataset_splits/10_buildings/building_3/0000133/reference/0000133_071.jpg
building_3,0000133,reference,dataset_splits/10_buildings/building_3/0000133/reference/0000133_073.jpg
building_3,0000133,reference,dataset_splits/10_buildings/building_3/0000133/reference/0000133_078.jpg
building_3,0000133,reference,dataset_splits/10_buildings/building_3/0000133/reference/0000133_083.jpg
building_3,0000133,reference,dataset_splits/10_buildings/building_3/0000133/reference/0000133_101.jpg
building_3,0000133,reference,dataset_splits/10_buildings/building_3/0000133/reference/0000133_102.jpg
building_3,0000133,reference,dataset_splits/10_buildings/building_3/0000133/reference/0000133_104.jpg
building_3,0000133,reference,dataset_splits/10_buildings/building_3/0000133/reference/0000133_108.jpg
building_3,0000133,reference,dataset_splits/10_buildings/building_3/0000133/reference/0000133_119.jpg
building_3,0000133,reference,dataset_splits/10_buildings/building_3/0000133/reference/0000133_121.jpg
building_3,0000133,reference,dataset_splits/10_buildings/building_3/0000133/reference/0000133_122.jpg
building_3,0000133,reference,dataset_splits/10_buildings/building_3/0000133/reference/0000133_124.jpg
building_3,0000133,test,dataset_splits/10_buildings/building_3/0000133/test/0000133_007.jpg
building_3,0000133,test,dataset_splits/10_buildings/building_3/0000133/test/0000133_009.jpg
building_3,0000133,test,dataset_splits/10_buildings/building_3/0000133/test/0000133_012.jpg
building_3,0000133,test,dataset_splits/10_buildings/building_3/0000133/test/0000133_016.jpg
building_3,0000133,test,dataset_splits/10_buildings/building_3/0000133/test/0000133_037.jpg
building_3,0000133,test,dataset_splits/10_buildings/building_3/0000133/test/0000133_040.jpg
building_3,0000133,test,dataset_splits/10_buildings/building_3/0000133/test/0000133_041.jpg
building_3,0000133,test,dataset_splits/10_buildings/building_3/0000133/test/0000133_043.jpg
building_3,0000133,test,dataset_splits/10_buildings/building_3/0000133/test/0000133_046.jpg
building_3,0000133,test,dataset_splits/10_buildings/building_3/0000133/test/0000133_047.jpg
building_3,0000133,test,dataset_splits/10_buildings/building_3/0000133/test/0000133_056.jpg
building_3,0000133,test,dataset_splits/10_buildings/building_3/0000133/test/0000133_066.jpg
building_3,0000133,test,dataset_splits/10_buildings/building_3/0000133/test/0000133_085.jpg
building_3,0000133,test,dataset_splits/10_buildings/building_3/0000133/test/0000133_094.jpg
building_3,0000133,test,dataset_splits/10_buildings/building_3/0000133/test/0000133_098.jpg
building_3,0000133,test,dataset_splits/10_buildings/building_3/0000133/test/0000133_109.jpg
building_3,0000133,test,dataset_splits/10_buildings/building_3/0000133/test/0000133_111.jpg
building_3,0000133,test,dataset_splits/10_buildings/building_3/0000133/test/0000133_112.jpg
building_3,0000133,test,dataset_splits/10_buildings/building_3/0000133/test/0000133_133.jpg
building_3,0000133,test,dataset_splits/10_buildings/building_3/0000133/test/0000133_136.jpg
building_3,0000157,reference,dataset_splits/10_buildings/building_3/0000157/reference/0000157_002.jpg
building_3,0000157,reference,dataset_splits/10_buildings/building_3/0000157/reference/0000157_003.jpg
building_3,0000157,reference,dataset_splits/10_buildings/building_3/0000157/reference/0000157_004.jpg
building_3,0000157,reference,dataset_splits/10_buildings/building_3/0000157/reference/0000157_010.jpg
building_3,0000157,reference,dataset_splits/10_buildings/building_3/0000157/reference/0000157_013.jpg
building_3,0000157,reference,dataset_splits/10_buildings/building_3/0000157/reference/0000157_015.jpg
building_3,0000157,reference,dataset_splits/10_buildings/building_3/0000157/reference/0000157_018.jpg
building_3,0000157,reference,dataset_splits/10_buildings/building_3/0000157/reference/0000157_024.jpg
building_3,0000157,reference,dataset_splits/10_buildings/building_3/0000157/reference/0000157_025.jpg
building_3,0000157,reference,dataset_splits/10_buildings/building_3/0000157/reference/0000157_028.jpg
building_3,0000157,reference,dataset_splits/10_buildings/building_3/0000157/reference/0000157_029.jpg
building_3,0000157,reference,dataset_splits/10_buildings/building_3/0000157/reference/0000157_030.jpg
building_3,0000157,reference,dataset_splits/10_buildings/building_3/0000157/reference/0000157_031.jpg
building_3,0000157,reference,dataset_splits/10_buildings/building_3/0000157/reference/0000157_033.jpg
building_3,0000157,reference,dataset_splits/10_buildings/building_3/0000157/reference/0000157_040.jpg
building_3,0000157,reference,dataset_splits/10_buildings/building_3/0000157/reference/0000157_041.jpg
building_3,0000157,reference,dataset_splits/10_buildings/building_3/0000157/reference/0000157_042.jpg
building_3,0000157,reference,dataset_splits/10_buildings/building_3/0000157/reference/0000157_043.jpg
building_3,0000157,reference,dataset_splits/10_buildings/building_3/0000157/reference/0000157_051.jpg
building_3,0000157,reference,dataset_splits/10_buildings/building_3/0000157/reference/0000157_055.jpg
building_3,0000157,test,dataset_splits/10_buildings/building_3/0000157/test/0000157_001.jpg
building_3,0000157,test,dataset_splits/10_buildings/building_3/0000157/test/0000157_006.jpg
building_3,0000157,test,dataset_splits/10_buildings/building_3/0000157/test/0000157_011.jpg
building_3,0000157,test,dataset_splits/10_buildings/building_3/0000157/test/0000157_012.jpg
building_3,0000157,test,dataset_splits/10_buildings/building_3/0000157/test/0000157_017.jpg
building_3,0000157,test,dataset_splits/10_buildings/building_3/0000157/test/0000157_021.jpg
building_3,0000157,test,dataset_splits/10_buildings/building_3/0000157/test/0000157_026.jpg
building_3,0000157,test,dataset_splits/10_buildings/building_3/0000157/test/0000157_032.jpg
building_3,0000157,test,dataset_splits/10_buildings/building_3/0000157/test/0000157_034.jpg
building_3,0000157,test,dataset_splits/10_buildings/building_3/0000157/test/0000157_035.jpg
building_3,0000157,test,dataset_splits/10_buildings/building_3/0000157/test/0000157_037.jpg
building_3,0000157,test,dataset_splits/10_buildings/building_3/0000157/test/0000157_039.jpg
building_3,0000157,test,dataset_splits/10_buildings/building_3/0000157/test/0000157_046.jpg
building_3,0000157,test,dataset_splits/10_buildings/building_3/0000157/test/0000157_048.jpg
building_3,0000157,test,dataset_splits/10_buildings/building_3/0000157/test/0000157_049.jpg
building_3,0000157,test,dataset_splits/10_buildings/building_3/0000157/test/0000157_050.jpg
building_3,0000157,test,dataset_splits/10_buildings/building_3/0000157/test/0000157_054.jpg
building_3,0000157,test,dataset_splits/10_buildings/building_3/0000157/test/0000157_056.jpg
building_3,0000157,test,dataset_splits/10_buildings/building_3/0000157/test/0000157_057.jpg
building_3,0000157,test,dataset_splits/10_buildings/building_3/0000157/test/0000157_059.jpg
building_3,0000185,reference,dataset_splits/10_buildings/building_3/0000185/reference/0000185_002.jpg
building_3,0000185,reference,dataset_splits/10_buildings/building_3/0000185/reference/0000185_003.jpg
building_3,0000185,reference,dataset_splits/10_buildings/building_3/0000185/reference/0000185_016.jpg
building_3,0000185,reference,dataset_splits/10_buildings/building_3/0000185/reference/0000185_023.jpg
building_3,0000185,reference,dataset_splits/10_buildings/building_3/0000185/reference/0000185_029.jpg
building_3,0000185,reference,dataset_splits/10_buildings/building_3/0000185/reference/0000185_030.jpg
building_3,0000185,reference,dataset_splits/10_buildings/building_3/0000185/reference/0000185_031.jpg
building_3,0000185,reference,dataset_splits/10_buildings/building_3/0000185/reference/0000185_035.jpg
building_3,0000185,reference,dataset_splits/10_buildings/building_3/0000185/reference/0000185_039.jpg
building_3,0000185,reference,dataset_splits/10_buildings/building_3/0000185/reference/0000185_055.jpg
building_3,0000185,reference,dataset_splits/10_buildings/building_3/0000185/reference/0000185_059.jpg
building_3,0000185,reference,dataset_splits/10_buildings/building_3/0000185/reference/0000185_063.jpg
building_3,0000185,reference,dataset_splits/10_buildings/building_3/0000185/reference/0000185_064.jpg
building_3,0000185,reference,dataset_splits/10_buildings/building_3/0000185/reference/0000185_065.jpg
building_3,0000185,reference,dataset_splits/10_buildings/building_3/0000185/reference/0000185_073.jpg
building_3,0000185,reference,dataset_splits/10_buildings/building_3/0000185/reference/0000185_076.jpg
building_3,0000185,reference,dataset_splits/10_buildings/building_3/0000185/reference/0000185_079.jpg
building_3,0000185,reference,dataset_splits/10_buildings/building_3/0000185/reference/0000185_083.jpg
building_3,0000185,reference,dataset_splits/10_buildings/building_3/0000185/reference/0000185_084.jpg
building_3,0000185,reference,dataset_splits/10_buildings/building_3/0000185/reference/0000185_087.jpg
building_3,0000185,test,dataset_splits/10_buildings/building_3/0000185/test/0000185_008.jpg
building_3,0000185,test,dataset_splits/10_buildings/building_3/0000185/test/0000185_010.jpg
building_3,0000185,test,dataset_splits/10_buildings/building_3/0000185/test/0000185_012.jpg
building_3,0000185,test,dataset_splits/10_buildings/building_3/0000185/test/0000185_013.jpg
building_3,0000185,test,dataset_splits/10_buildings/building_3/0000185/test/0000185_015.jpg
building_3,0000185,test,dataset_splits/10_buildings/building_3/0000185/test/0000185_028.jpg
building_3,0000185,test,dataset_splits/10_buildings/building_3/0000185/test/0000185_034.jpg
building_3,0000185,test,dataset_splits/10_buildings/building_3/0000185/test/0000185_037.jpg
building_3,0000185,test,dataset_splits/10_buildings/building_3/0000185/test/0000185_038.jpg
building_3,0000185,test,dataset_splits/10_buildings/building_3/0000185/test/0000185_040.jpg
building_3,0000185,test,dataset_splits/10_buildings/building_3/0000185/test/0000185_045.jpg
building_3,0000185,test,dataset_splits/10_buildings/building_3/0000185/test/0000185_058.jpg
building_3,0000185,test,dataset_splits/10_buildings/building_3/0000185/test/0000185_066.jpg
building_3,0000185,test,dataset_splits/10_buildings/building_3/0000185/test/0000185_070.jpg
building_3,0000185,test,dataset_splits/10_buildings/building_3/0000185/test/0000185_072.jpg
building_3,0000185,test,dataset_splits/10_buildings/building_3/0000185/test/0000185_075.jpg
building_3,0000185,test,dataset_splits/10_buildings/building_3/0000185/test/0000185_088.jpg
building_3,0000185,test,dataset_splits/10_buildings/building_3/0000185/test/0000185_090.jpg
building_3,0000185,test,dataset_splits/10_buildings/building_3/0000185/test/0000185_092.jpg
building_3,0000185,test,dataset_splits/10_buildings/building_3/0000185/test/0000185_094.jpg
building_3,0000263,reference,dataset_splits/10_buildings/building_3/0000263/reference/0000263_005.jpg
building_3,0000263,reference,dataset_splits/10_buildings/building_3/0000263/reference/0000263_009.jpg
building_3,0000263,reference,dataset_splits/10_buildings/building_3/0000263/reference/0000263_010.jpg
building_3,0000263,reference,dataset_splits/10_buildings/building_3/0000263/reference/0000263_012.jpg
building_3,0000263,reference,dataset_splits/10_buildings/building_3/0000263/reference/0000263_016.jpg
building_3,0000263,reference,dataset_splits/10_buildings/building_3/0000263/reference/0000263_023.jpg
building_3,0000263,reference,dataset_splits/10_buildings/building_3/0000263/reference/0000263_037.jpg
building_3,0000263,reference,dataset_splits/10_buildings/building_3/0000263/reference/0000263_044.jpg
building_3,0000263,reference,dataset_splits/10_buildings/building_3/0000263/reference/0000263_053.jpg
building_3,0000263,reference,dataset_splits/10_buildings/building_3/0000263/reference/0000263_069.jpg
building_3,0000263,reference,dataset_splits/10_buildings/building_3/0000263/reference/0000263_071.jpg
building_3,0000263,reference,dataset_splits/10_buildings/building_3/0000263/reference/0000263_075.jpg
building_3,0000263,reference,dataset_splits/10_buildings/building_3/0000263/reference/0000263_086.jpg
building_3,0000263,reference,dataset_splits/10_buildings/building_3/0000263/reference/0000263_101.jpg
building_3,0000263,reference,dataset_splits/10_buildings/building_3/0000263/reference/0000263_106.jpg
building_3,0000263,reference,dataset_splits/10_buildings/building_3/0000263/reference/0000263_113.jpg
building_3,0000263,reference,dataset_splits/10_buildings/building_3/0000263/reference/0000263_125.jpg
building_3,0000263,reference,dataset_splits/10_buildings/building_3/0000263/reference/0000263_128.jpg
building_3,0000263,reference,dataset_splits/10_buildings/building_3/0000263/reference/0000263_129.jpg
building_3,0000263,reference,dataset_splits/10_buildings/building_3/0000263/reference/0000263_138.jpg
building_3,0000263,test,dataset_splits/10_buildings/building_3/0000263/test/0000263_017.jpg
building_3,0000263,test,dataset_splits/10_buildings/building_3/0000263/test/0000263_018.jpg
building_3,0000263,test,dataset_splits/10_buildings/building_3/0000263/test/0000263_021.jpg
building_3,0000263,test,dataset_splits/10_buildings/building_3/0000263/test/0000263_024.jpg
building_3,0000263,test,dataset_splits/10_buildings/building_3/0000263/test/0000263_025.jpg
building_3,0000263,test,dataset_splits/10_buildings/building_3/0000263/test/0000263_041.jpg
building_3,0000263,test,dataset_splits/10_buildings/building_3/0000263/test/0000263_057.jpg
building_3,0000263,test,dataset_splits/10_buildings/building_3/0000263/test/0000263_065.jpg
building_3,0000263,test,dataset_splits/10_buildings/building_3/0000263/test/0000263_072.jpg
building_3,0000263,test,dataset_splits/10_buildings/building_3/0000263/test/0000263_073.jpg
building_3,0000263,test,dataset_splits/10_buildings/building_3/0000263/test/0000263_082.jpg
building_3,0000263,test,dataset_splits/10_buildings/building_3/0000263/test/0000263_083.jpg
building_3,0000263,test,dataset_splits/10_buildings/building_3/0000263/test/0000263_088.jpg
building_3,0000263,test,dataset_splits/10_buildings/building_3/0000263/test/0000263_093.jpg
building_3,0000263,test,dataset_splits/10_buildings/building_3/0000263/test/0000263_098.jpg
building_3,0000263,test,dataset_splits/10_buildings/building_3/0000263/test/0000263_102.jpg
building_3,0000263,test,dataset_splits/10_buildings/building_3/0000263/test/0000263_111.jpg
building_3,0000263,test,dataset_splits/10_buildings/building_3/0000263/test/0000263_130.jpg
building_3,0000263,test,dataset_splits/10_buildings/building_3/0000263/test/0000263_143.jpg
building_3,0000263,test,dataset_splits/10_buildings/building_3/0000263/test/0000263_150.jpg
building_3,0000295,reference,dataset_splits/10_buildings/building_3/0000295/reference/0000295_003.jpg
building_3,0000295,reference,dataset_splits/10_buildings/building_3/0000295/reference/0000295_025.jpg
building_3,0000295,reference,dataset_splits/10_buildings/building_3/0000295/reference/0000295_055.jpg
building_3,0000295,reference,dataset_splits/10_buildings/building_3/0000295/reference/0000295_060.jpg
building_3,0000295,reference,dataset_splits/10_buildings/building_3/0000295/reference/0000295_103.jpg
building_3,0000295,reference,dataset_splits/10_buildings/building_3/0000295/reference/0000295_112.jpg
building_3,0000295,reference,dataset_splits/10_buildings/building_3/0000295/reference/0000295_115.jpg
building_3,0000295,reference,dataset_splits/10_buildings/building_3/0000295/reference/0000295_127.jpg
building_3,0000295,reference,dataset_splits/10_buildings/building_3/0000295/reference/0000295_166.jpg
building_3,0000295,reference,dataset_splits/10_buildings/building_3/0000295/reference/0000295_251.jpg
building_3,0000295,reference,dataset_splits/10_buildings/building_3/0000295/reference/0000295_286.jpg
building_3,0000295,reference,dataset_splits/10_buildings/building_3/0000295/reference/0000295_307.jpg
building_3,0000295,reference,dataset_splits/10_buildings/building_3/0000295/reference/0000295_318.jpg
building_3,0000295,reference,dataset_splits/10_buildings/building_3/0000295/reference/0000295_326.jpg
building_3,0000295,reference,dataset_splits/10_buildings/building_3/0000295/reference/0000295_328.jpg
building_3,0000295,reference,dataset_splits/10_buildings/building_3/0000295/reference/0000295_330.jpg
building_3,0000295,reference,dataset_splits/10_buildings/building_3/0000295/reference/0000295_339.jpg
building_3,0000295,reference,dataset_splits/10_buildings/building_3/0000295/reference/0000295_341.jpg
building_3,0000295,reference,dataset_splits/10_buildings/building_3/0000295/reference/0000295_359.jpg
building_3,0000295,reference,dataset_splits/10_buildings/building_3/0000295/reference/0000295_362.jpg
building_3,0000295,test,dataset_splits/10_buildings/building_3/0000295/test/0000295_007.jpg
building_3,0000295,test,dataset_splits/10_buildings/building_3/0000295/test/0000295_009.jpg
building_3,0000295,test,dataset_splits/10_buildings/building_3/0000295/test/0000295_056.jpg
building_3,0000295,test,dataset_splits/10_buildings/building_3/0000295/test/0000295_102.jpg
building_3,0000295,test,dataset_splits/10_buildings/building_3/0000295/test/0000295_109.jpg
building_3,0000295,test,dataset_splits/10_buildings/building_3/0000295/test/0000295_122.jpg
building_3,0000295,test,dataset_splits/10_buildings/building_3/0000295/test/0000295_150.jpg
building_3,0000295,test,dataset_splits/10_buildings/building_3/0000295/test/0000295_171.jpg
building_3,0000295,test,dataset_splits/10_buildings/building_3/0000295/test/0000295_173.jpg
building_3,0000295,test,dataset_splits/10_buildings/building_3/0000295/test/0000295_176.jpg
building_3,0000295,test,dataset_splits/10_buildings/building_3/0000295/test/0000295_197.jpg
building_3,0000295,test,dataset_splits/10_buildings/building_3/0000295/test/0000295_205.jpg
building_3,0000295,test,dataset_splits/10_buildings/building_3/0000295/test/0000295_216.jpg
building_3,0000295,test,dataset_splits/10_buildings/building_3/0000295/test/0000295_256.jpg
building_3,0000295,test,dataset_splits/10_buildings/building_3/0000295/test/0000295_266.jpg
building_3,0000295,test,dataset_splits/10_buildings/building_3/0000295/test/0000295_285.jpg
building_3,0000295,test,dataset_splits/10_buildings/building_3/0000295/test/0000295_327.jpg
building_3,0000295,test,dataset_splits/10_buildings/building_3/0000295/test/0000295_331.jpg
building_3,0000295,test,dataset_splits/10_buildings/building_3/0000295/test/0000295_418.jpg
building_3,0000295,test,dataset_splits/10_buildings/building_3/0000295/test/0000295_433.jpg
building_3,0000351,reference,dataset_splits/10_buildings/building_3/0000351/reference/0000351_002.jpg
building_3,0000351,reference,dataset_splits/10_buildings/building_3/0000351/reference/0000351_010.jpg
building_3,0000351,reference,dataset_splits/10_buildings/building_3/0000351/reference/0000351_014.jpg
building_3,0000351,reference,dataset_splits/10_buildings/building_3/0000351/reference/0000351_020.jpg
building_3,0000351,reference,dataset_splits/10_buildings/building_3/0000351/reference/0000351_023.jpg
building_3,0000351,reference,dataset_splits/10_buildings/building_3/0000351/reference/0000351_024.jpg
building_3,0000351,reference,dataset_splits/10_buildings/building_3/0000351/reference/0000351_025.jpg
building_3,0000351,reference,dataset_splits/10_buildings/building_3/0000351/reference/0000351_027.jpg
building_3,0000351,reference,dataset_splits/10_buildings/building_3/0000351/reference/0000351_029.jpg
building_3,0000351,reference,dataset_splits/10_buildings/building_3/0000351/reference/0000351_030.jpg
building_3,0000351,reference,dataset_splits/10_buildings/building_3/0000351/reference/0000351_032.jpg
building_3,0000351,reference,dataset_splits/10_buildings/building_3/0000351/reference/0000351_036.jpg
building_3,0000351,reference,dataset_splits/10_buildings/building_3/0000351/reference/0000351_038.jpg
building_3,0000351,reference,dataset_splits/10_buildings/building_3/0000351/reference/0000351_039.jpg
building_3,0000351,reference,dataset_splits/10_buildings/building_3/0000351/reference/0000351_041.jpg
building_3,0000351,reference,dataset_splits/10_buildings/building_3/0000351/reference/0000351_047.jpg
building_3,0000351,reference,dataset_splits/10_buildings/building_3/0000351/reference/0000351_051.jpg
building_3,0000351,reference,dataset_splits/10_buildings/building_3/0000351/reference/0000351_053.jpg
building_3,0000351,reference,dataset_splits/10_buildings/building_3/0000351/reference/0000351_055.jpg
building_3,0000351,reference,dataset_splits/10_buildings/building_3/0000351/reference/0000351_056.jpg
building_3,0000351,test,dataset_splits/10_buildings/building_3/0000351/test/0000351_003.jpg
building_3,0000351,test,dataset_splits/10_buildings/building_3/0000351/test/0000351_005.jpg
building_3,0000351,test,dataset_splits/10_buildings/building_3/0000351/test/0000351_007.jpg
building_3,0000351,test,dataset_splits/10_buildings/building_3/0000351/test/0000351_008.jpg
building_3,0000351,test,dataset_splits/10_buildings/building_3/0000351/test/0000351_013.jpg
building_3,0000351,test,dataset_splits/10_buildings/building_3/0000351/test/0000351_015.jpg
building_3,0000351,test,dataset_splits/10_buildings/building_3/0000351/test/0000351_016.jpg
building_3,0000351,test,dataset_splits/10_buildings/building_3/0000351/test/0000351_018.jpg
building_3,0000351,test,dataset_splits/10_buildings/building_3/0000351/test/0000351_022.jpg
building_3,0000351,test,dataset_splits/10_buildings/building_3/0000351/test/0000351_026.jpg
building_3,0000351,test,dataset_splits/10_buildings/building_3/0000351/test/0000351_028.jpg
building_3,0000351,test,dataset_splits/10_buildings/building_3/0000351/test/0000351_031.jpg
building_3,0000351,test,dataset_splits/10_buildings/building_3/0000351/test/0000351_034.jpg
building_3,0000351,test,dataset_splits/10_buildings/building_3/0000351/test/0000351_037.jpg
building_3,0000351,test,dataset_splits/10_buildings/building_3/0000351/test/0000351_046.jpg
building_3,0000351,test,dataset_splits/10_buildings/building_3/0000351/test/0000351_048.jpg
building_3,0000351,test,dataset_splits/10_buildings/building_3/0000351/test/0000351_050.jpg
building_3,0000351,test,dataset_splits/10_buildings/building_3/0000351/test/0000351_052.jpg
building_3,0000351,test,dataset_splits/10_buildings/building_3/0000351/test/0000351_058.jpg
building_3,0000351,test,dataset_splits/10_buildings/building_3/0000351/test/0000351_059.jpg
building_3,0000368,reference,dataset_splits/10_buildings/building_3/0000368/reference/0000368_012.jpg
building_3,0000368,reference,dataset_splits/10_buildings/building_3/0000368/reference/0000368_036.jpg
building_3,0000368,reference,dataset_splits/10_buildings/building_3/0000368/reference/0000368_041.jpg
building_3,0000368,reference,dataset_splits/10_buildings/building_3/0000368/reference/0000368_048.jpg
building_3,0000368,reference,dataset_splits/10_buildings/building_3/0000368/reference/0000368_064.jpg
building_3,0000368,reference,dataset_splits/10_buildings/building_3/0000368/reference/0000368_069.jpg
building_3,0000368,reference,dataset_splits/10_buildings/building_3/0000368/reference/0000368_080.jpg
building_3,0000368,reference,dataset_splits/10_buildings/building_3/0000368/reference/0000368_096.jpg
building_3,0000368,reference,dataset_splits/10_buildings/building_3/0000368/reference/0000368_116.jpg
building_3,0000368,reference,dataset_splits/10_buildings/building_3/0000368/reference/0000368_134.jpg
building_3,0000368,reference,dataset_splits/10_buildings/building_3/0000368/reference/0000368_137.jpg
building_3,0000368,reference,dataset_splits/10_buildings/building_3/0000368/reference/0000368_147.jpg
building_3,0000368,reference,dataset_splits/10_buildings/building_3/0000368/reference/0000368_167.jpg
building_3,0000368,reference,dataset_splits/10_buildings/building_3/0000368/reference/0000368_187.jpg
building_3,0000368,reference,dataset_splits/10_buildings/building_3/0000368/reference/0000368_222.jpg
building_3,0000368,reference,dataset_splits/10_buildings/building_3/0000368/reference/0000368_226.jpg
building_3,0000368,reference,dataset_splits/10_buildings/building_3/0000368/reference/0000368_229.jpg
building_3,0000368,reference,dataset_splits/10_buildings/building_3/0000368/reference/0000368_235.jpg
building_3,0000368,reference,dataset_splits/10_buildings/building_3/0000368/reference/0000368_250.jpg
building_3,0000368,reference,dataset_splits/10_buildings/building_3/0000368/reference/0000368_257.jpg
building_3,0000368,test,dataset_splits/10_buildings/building_3/0000368/test/0000368_031.jpg
building_3,0000368,test,dataset_splits/10_buildings/building_3/0000368/test/0000368_039.jpg
building_3,0000368,test,dataset_splits/10_buildings/building_3/0000368/test/0000368_051.jpg
building_3,0000368,test,dataset_splits/10_buildings/building_3/0000368/test/0000368_052.jpg
building_3,0000368,test,dataset_splits/10_buildings/building_3/0000368/test/0000368_062.jpg
building_3,0000368,test,dataset_splits/10_buildings/building_3/0000368/test/0000368_066.jpg
building_3,0000368,test,dataset_splits/10_buildings/building_3/0000368/test/0000368_087.jpg
building_3,0000368,test,dataset_splits/10_buildings/building_3/0000368/test/0000368_093.jpg
building_3,0000368,test,dataset_splits/10_buildings/building_3/0000368/test/0000368_098.jpg
building_3,0000368,test,dataset_splits/10_buildings/building_3/0000368/test/0000368_108.jpg
building_3,0000368,test,dataset_splits/10_buildings/building_3/0000368/test/0000368_129.jpg
building_3,0000368,test,dataset_splits/10_buildings/building_3/0000368/test/0000368_149.jpg
building_3,0000368,test,dataset_splits/10_buildings/building_3/0000368/test/0000368_161.jpg
building_3,0000368,test,dataset_splits/10_buildings/building_3/0000368/test/0000368_169.jpg
building_3,0000368,test,dataset_splits/10_buildings/building_3/0000368/test/0000368_177.jpg
building_3,0000368,test,dataset_splits/10_buildings/building_3/0000368/test/0000368_209.jpg
building_3,0000368,test,dataset_splits/10_buildings/building_3/0000368/test/0000368_218.jpg
building_3,0000368,test,dataset_splits/10_buildings/building_3/0000368/test/0000368_223.jpg
building_3,0000368,test,dataset_splits/10_buildings/building_3/0000368/test/0000368_247.jpg
building_3,0000368,test,dataset_splits/10_buildings/building_3/0000368/test/0000368_254.jpg
building_3,0000420,reference,dataset_splits/10_buildings/building_3/0000420/reference/0000420_003.jpg
building_3,0000420,reference,dataset_splits/10_buildings/building_3/0000420/reference/0000420_006.jpg
building_3,0000420,reference,dataset_splits/10_buildings/building_3/0000420/reference/0000420_007.jpg
building_3,0000420,reference,dataset_splits/10_buildings/building_3/0000420/reference/0000420_010.jpg
building_3,0000420,reference,dataset_splits/10_buildings/building_3/0000420/reference/0000420_018.jpg
building_3,0000420,reference,dataset_splits/10_buildings/building_3/0000420/reference/0000420_019.jpg
building_3,0000420,reference,dataset_splits/10_buildings/building_3/0000420/reference/0000420_023.jpg
building_3,0000420,reference,dataset_splits/10_buildings/building_3/0000420/reference/0000420_028.jpg
building_3,0000420,reference,dataset_splits/10_buildings/building_3/0000420/reference/0000420_035.jpg
building_3,0000420,reference,dataset_splits/10_buildings/building_3/0000420/reference/0000420_037.jpg
building_3,0000420,reference,dataset_splits/10_buildings/building_3/0000420/reference/0000420_038.jpg
building_3,0000420,reference,dataset_splits/10_buildings/building_3/0000420/reference/0000420_041.jpg
building_3,0000420,reference,dataset_splits/10_buildings/building_3/0000420/reference/0000420_042.jpg
building_3,0000420,reference,dataset_splits/10_buildings/building_3/0000420/reference/0000420_047.jpg
building_3,0000420,reference,dataset_splits/10_buildings/building_3/0000420/reference/0000420_048.jpg
building_3,0000420,reference,dataset_splits/10_buildings/building_3/0000420/reference/0000420_049.jpg
building_3,0000420,reference,dataset_splits/10_buildings/building_3/0000420/reference/0000420_050.jpg
building_3,0000420,reference,dataset_splits/10_buildings/building_3/0000420/reference/0000420_051.jpg
building_3,0000420,reference,dataset_splits/10_buildings/building_3/0000420/reference/0000420_054.jpg
building_3,0000420,reference,dataset_splits/10_buildings/building_3/0000420/reference/0000420_057.jpg
building_3,0000420,test,dataset_splits/10_buildings/building_3/0000420/test/0000420_002.jpg
building_3,0000420,test,dataset_splits/10_buildings/building_3/0000420/test/0000420_004.jpg
building_3,0000420,test,dataset_splits/10_buildings/building_3/0000420/test/0000420_009.jpg
building_3,0000420,test,dataset_splits/10_buildings/building_3/0000420/test/0000420_012.jpg
building_3,0000420,test,dataset_splits/10_buildings/building_3/0000420/test/0000420_014.jpg
building_3,0000420,test,dataset_splits/10_buildings/building_3/0000420/test/0000420_020.jpg
building_3,0000420,test,dataset_splits/10_buildings/building_3/0000420/test/0000420_021.jpg
building_3,0000420,test,dataset_splits/10_buildings/building_3/0000420/test/0000420_022.jpg
building_3,0000420,test,dataset_splits/10_buildings/building_3/0000420/test/0000420_024.jpg
building_3,0000420,test,dataset_splits/10_buildings/building_3/0000420/test/0000420_026.jpg
building_3,0000420,test,dataset_splits/10_buildings/building_3/0000420/test/0000420_027.jpg
building_3,0000420,test,dataset_splits/10_buildings/building_3/0000420/test/0000420_031.jpg
building_3,0000420,test,dataset_splits/10_buildings/building_3/0000420/test/0000420_033.jpg
building_3,0000420,test,dataset_splits/10_buildings/building_3/0000420/test/0000420_036.jpg
building_3,0000420,test,dataset_splits/10_buildings/building_3/0000420/test/0000420_039.jpg
building_3,0000420,test,dataset_splits/10_buildings/building_3/0000420/test/0000420_043.jpg
building_3,0000420,test,dataset_splits/10_buildings/building_3/0000420/test/0000420_044.jpg
building_3,0000420,test,dataset_splits/10_buildings/building_3/0000420/test/0000420_045.jpg
building_3,0000420,test,dataset_splits/10_buildings/building_3/0000420/test/0000420_052.jpg
building_3,0000420,test,dataset_splits/10_buildings/building_3/0000420/test/0000420_055.jpg
building_3,0000460,reference,dataset_splits/10_buildings/building_3/0000460/reference/0000460_016.jpg
building_3,0000460,reference,dataset_splits/10_buildings/building_3/0000460/reference/0000460_042.jpg
building_3,0000460,reference,dataset_splits/10_buildings/building_3/0000460/reference/0000460_044.jpg
building_3,0000460,reference,dataset_splits/10_buildings/building_3/0000460/reference/0000460_046.jpg
building_3,0000460,reference,dataset_splits/10_buildings/building_3/0000460/reference/0000460_053.jpg
building_3,0000460,reference,dataset_splits/10_buildings/building_3/0000460/reference/0000460_063.jpg
building_3,0000460,reference,dataset_splits/10_buildings/building_3/0000460/reference/0000460_070.jpg
building_3,0000460,reference,dataset_splits/10_buildings/building_3/0000460/reference/0000460_094.jpg
building_3,0000460,reference,dataset_splits/10_buildings/building_3/0000460/reference/0000460_099.jpg
building_3,0000460,reference,dataset_splits/10_buildings/building_3/0000460/reference/0000460_103.jpg
building_3,0000460,reference,dataset_splits/10_buildings/building_3/0000460/reference/0000460_105.jpg
building_3,0000460,reference,dataset_splits/10_buildings/building_3/0000460/reference/0000460_112.jpg
building_3,0000460,reference,dataset_splits/10_buildings/building_3/0000460/reference/0000460_120.jpg
building_3,0000460,reference,dataset_splits/10_buildings/building_3/0000460/reference/0000460_121.jpg
building_3,0000460,reference,dataset_splits/10_buildings/building_3/0000460/reference/0000460_125.jpg
building_3,0000460,reference,dataset_splits/10_buildings/building_3/0000460/reference/0000460_126.jpg
building_3,0000460,reference,dataset_splits/10_buildings/building_3/0000460/reference/0000460_131.jpg
building_3,0000460,reference,dataset_splits/10_buildings/building_3/0000460/reference/0000460_145.jpg
building_3,0000460,reference,dataset_splits/10_buildings/building_3/0000460/reference/0000460_147.jpg
building_3,0000460,reference,dataset_splits/10_buildings/building_3/0000460/reference/0000460_150.jpg
building_3,0000460,test,dataset_splits/10_buildings/building_3/0000460/test/0000460_014.jpg
building_3,0000460,test,dataset_splits/10_buildings/building_3/0000460/test/0000460_025.jpg
building_3,0000460,test,dataset_splits/10_buildings/building_3/0000460/test/0000460_034.jpg
building_3,0000460,test,dataset_splits/10_buildings/building_3/0000460/test/0000460_040.jpg
building_3,0000460,test,dataset_splits/10_buildings/building_3/0000460/test/0000460_049.jpg
building_3,0000460,test,dataset_splits/10_buildings/building_3/0000460/test/0000460_052.jpg
building_3,0000460,test,dataset_splits/10_buildings/building_3/0000460/test/0000460_054.jpg
building_3,0000460,test,dataset_splits/10_buildings/building_3/0000460/test/0000460_057.jpg
building_3,0000460,test,dataset_splits/10_buildings/building_3/0000460/test/0000460_064.jpg
building_3,0000460,test,dataset_splits/10_buildings/building_3/0000460/test/0000460_066.jpg
building_3,0000460,test,dataset_splits/10_buildings/building_3/0000460/test/0000460_067.jpg
building_3,0000460,test,dataset_splits/10_buildings/building_3/0000460/test/0000460_074.jpg
building_3,0000460,test,dataset_splits/10_buildings/building_3/0000460/test/0000460_075.jpg
building_3,0000460,test,dataset_splits/10_buildings/building_3/0000460/test/0000460_102.jpg
building_3,0000460,test,dataset_splits/10_buildings/building_3/0000460/test/0000460_106.jpg
building_3,0000460,test,dataset_splits/10_buildings/building_3/0000460/test/0000460_110.jpg
building_3,0000460,test,dataset_splits/10_buildings/building_3/0000460/test/0000460_118.jpg
building_3,0000460,test,dataset_splits/10_buildings/building_3/0000460/test/0000460_139.jpg
building_3,0000460,test,dataset_splits/10_buildings/building_3/0000460/test/0000460_144.jpg
building_3,0000460,test,dataset_splits/10_buildings/building_3/0000460/test/0000460_146.jpg
building_3,0000487,reference,dataset_splits/10_buildings/building_3/0000487/reference/0000487_003.jpg
building_3,0000487,reference,dataset_splits/10_buildings/building_3/0000487/reference/0000487_009.jpg
building_3,0000487,reference,dataset_splits/10_buildings/building_3/0000487/reference/0000487_018.jpg
building_3,0000487,reference,dataset_splits/10_buildings/building_3/0000487/reference/0000487_034.jpg
building_3,0000487,reference,dataset_splits/10_buildings/building_3/0000487/reference/0000487_040.jpg
building_3,0000487,reference,dataset_splits/10_buildings/building_3/0000487/reference/0000487_053.jpg
building_3,0000487,reference,dataset_splits/10_buildings/building_3/0000487/reference/0000487_070.jpg
building_3,0000487,reference,dataset_splits/10_buildings/building_3/0000487/reference/0000487_073.jpg
building_3,0000487,reference,dataset_splits/10_buildings/building_3/0000487/reference/0000487_076.jpg
building_3,0000487,reference,dataset_splits/10_buildings/building_3/0000487/reference/0000487_077.jpg
building_3,0000487,reference,dataset_splits/10_buildings/building_3/0000487/reference/0000487_109.jpg
building_3,0000487,reference,dataset_splits/10_buildings/building_3/0000487/reference/0000487_123.jpg
building_3,0000487,reference,dataset_splits/10_buildings/building_3/0000487/reference/0000487_130.jpg
building_3,0000487,reference,dataset_splits/10_buildings/building_3/0000487/reference/0000487_139.jpg
building_3,0000487,reference,dataset_splits/10_buildings/building_3/0000487/reference/0000487_142.jpg
building_3,0000487,reference,dataset_splits/10_buildings/building_3/0000487/reference/0000487_156.jpg
building_3,0000487,reference,dataset_splits/10_buildings/building_3/0000487/reference/0000487_160.jpg
building_3,0000487,reference,dataset_splits/10_buildings/building_3/0000487/reference/0000487_174.jpg
building_3,0000487,reference,dataset_splits/10_buildings/building_3/0000487/reference/0000487_175.jpg
building_3,0000487,reference,dataset_splits/10_buildings/building_3/0000487/reference/0000487_179.jpg
building_3,0000487,test,dataset_splits/10_buildings/building_3/0000487/test/0000487_012.jpg
building_3,0000487,test,dataset_splits/10_buildings/building_3/0000487/test/0000487_017.jpg
building_3,0000487,test,dataset_splits/10_buildings/building_3/0000487/test/0000487_032.jpg
building_3,0000487,test,dataset_splits/10_buildings/building_3/0000487/test/0000487_039.jpg
building_3,0000487,test,dataset_splits/10_buildings/building_3/0000487/test/0000487_047.jpg
building_3,0000487,test,dataset_splits/10_buildings/building_3/0000487/test/0000487_066.jpg
building_3,0000487,test,dataset_splits/10_buildings/building_3/0000487/test/0000487_067.jpg
building_3,0000487,test,dataset_splits/10_buildings/building_3/0000487/test/0000487_078.jpg
building_3,0000487,test,dataset_splits/10_buildings/building_3/0000487/test/0000487_086.jpg
building_3,0000487,test,dataset_splits/10_buildings/building_3/0000487/test/0000487_094.jpg
building_3,0000487,test,dataset_splits/10_buildings/building_3/0000487/test/0000487_113.jpg
building_3,0000487,test,dataset_splits/10_buildings/building_3/0000487/test/0000487_116.jpg
building_3,0000487,test,dataset_splits/10_buildings/building_3/0000487/test/0000487_126.jpg
building_3,0000487,test,dataset_splits/10_buildings/building_3/0000487/test/0000487_127.jpg
building_3,0000487,test,dataset_splits/10_buildings/building_3/0000487/test/0000487_150.jpg
building_3,0000487,test,dataset_splits/10_buildings/building_3/0000487/test/0000487_155.jpg
building_3,0000487,test,dataset_splits/10_buildings/building_3/0000487/test/0000487_157.jpg
building_3,0000487,test,dataset_splits/10_buildings/building_3/0000487/test/0000487_164.jpg
building_3,0000487,test,dataset_splits/10_buildings/building_3/0000487/test/0000487_176.jpg
building_3,0000487,test,dataset_splits/10_buildings/building_3/0000487/test/0000487_183.jpg
building_3,0000633,reference,dataset_splits/10_buildings/building_3/0000633/reference/0000633_027.jpg
building_3,0000633,reference,dataset_splits/10_buildings/building_3/0000633/reference/0000633_029.jpg
building_3,0000633,reference,dataset_splits/10_buildings/building_3/0000633/reference/0000633_034.jpg
building_3,0000633,reference,dataset_splits/10_buildings/building_3/0000633/reference/0000633_045.jpg
building_3,0000633,reference,dataset_splits/10_buildings/building_3/0000633/reference/0000633_052.jpg
building_3,0000633,reference,dataset_splits/10_buildings/building_3/0000633/reference/0000633_061.jpg
building_3,0000633,reference,dataset_splits/10_buildings/building_3/0000633/reference/0000633_070.jpg
building_3,0000633,reference,dataset_splits/10_buildings/building_3/0000633/reference/0000633_081.jpg
building_3,0000633,reference,dataset_splits/10_buildings/building_3/0000633/reference/0000633_089.jpg
building_3,0000633,reference,dataset_splits/10_buildings/building_3/0000633/reference/0000633_090.jpg
building_3,0000633,reference,dataset_splits/10_buildings/building_3/0000633/reference/0000633_095.jpg
building_3,0000633,reference,dataset_splits/10_buildings/building_3/0000633/reference/0000633_106.jpg
building_3,0000633,reference,dataset_splits/10_buildings/building_3/0000633/reference/0000633_108.jpg
building_3,0000633,reference,dataset_splits/10_buildings/building_3/0000633/reference/0000633_114.jpg
building_3,0000633,reference,dataset_splits/10_buildings/building_3/0000633/reference/0000633_131.jpg
building_3,0000633,reference,dataset_splits/10_buildings/building_3/0000633/reference/0000633_141.jpg
building_3,0000633,reference,dataset_splits/10_buildings/building_3/0000633/reference/0000633_150.jpg
building_3,0000633,reference,dataset_splits/10_buildings/building_3/0000633/reference/0000633_154.jpg
building_3,0000633,reference,dataset_splits/10_buildings/building_3/0000633/reference/0000633_169.jpg
building_3,0000633,reference,dataset_splits/10_buildings/building_3/0000633/reference/0000633_185.jpg
building_3,0000633,test,dataset_splits/10_buildings/building_3/0000633/test/0000633_001.jpg
building_3,0000633,test,dataset_splits/10_buildings/building_3/0000633/test/0000633_005.jpg
building_3,0000633,test,dataset_splits/10_buildings/building_3/0000633/test/0000633_046.jpg
building_3,0000633,test,dataset_splits/10_buildings/building_3/0000633/test/0000633_047.jpg
building_3,0000633,test,dataset_splits/10_buildings/building_3/0000633/test/0000633_056.jpg
building_3,0000633,test,dataset_splits/10_buildings/building_3/0000633/test/0000633_069.jpg
building_3,0000633,test,dataset_splits/10_buildings/building_3/0000633/test/0000633_072.jpg
building_3,0000633,test,dataset_splits/10_buildings/building_3/0000633/test/0000633_093.jpg
building_3,0000633,test,dataset_splits/10_buildings/building_3/0000633/test/0000633_096.jpg
building_3,0000633,test,dataset_splits/10_buildings/building_3/0000633/test/0000633_098.jpg
building_3,0000633,test,dataset_splits/10_buildings/building_3/0000633/test/0000633_105.jpg
building_3,0000633,test,dataset_splits/10_buildings/building_3/0000633/test/0000633_110.jpg
building_3,0000633,test,dataset_splits/10_buildings/building_3/0000633/test/0000633_113.jpg
building_3,0000633,test,dataset_splits/10_buildings/building_3/0000633/test/0000633_139.jpg
building_3,0000633,test,dataset_splits/10_buildings/building_3/0000633/test/0000633_156.jpg
building_3,0000633,test,dataset_splits/10_buildings/building_3/0000633/test/0000633_160.jpg
building_3,0000633,test,dataset_splits/10_buildings/building_3/0000633/test/0000633_167.jpg
building_3,0000633,test,dataset_splits/10_buildings/building_3/0000633/test/0000633_174.jpg
building_3,0000633,test,dataset_splits/10_buildings/building_3/0000633/test/0000633_177.jpg
building_3,0000633,test,dataset_splits/10_buildings/building_3/0000633/test/0000633_188.jpg
building_3,0000662,reference,dataset_splits/10_buildings/building_3/0000662/reference/0000662_008.jpg
building_3,0000662,reference,dataset_splits/10_buildings/building_3/0000662/reference/0000662_012.jpg
building_3,0000662,reference,dataset_splits/10_buildings/building_3/0000662/reference/0000662_042.jpg
building_3,0000662,reference,dataset_splits/10_buildings/building_3/0000662/reference/0000662_048.jpg
building_3,0000662,reference,dataset_splits/10_buildings/building_3/0000662/reference/0000662_063.jpg
building_3,0000662,reference,dataset_splits/10_buildings/building_3/0000662/reference/0000662_112.jpg
building_3,0000662,reference,dataset_splits/10_buildings/building_3/0000662/reference/0000662_120.jpg
building_3,0000662,reference,dataset_splits/10_buildings/building_3/0000662/reference/0000662_122.jpg
building_3,0000662,reference,dataset_splits/10_buildings/building_3/0000662/reference/0000662_173.jpg
building_3,0000662,reference,dataset_splits/10_buildings/building_3/0000662/reference/0000662_204.jpg
building_3,0000662,reference,dataset_splits/10_buildings/building_3/0000662/reference/0000662_251.jpg
building_3,0000662,reference,dataset_splits/10_buildings/building_3/0000662/reference/0000662_255.jpg
building_3,0000662,reference,dataset_splits/10_buildings/building_3/0000662/reference/0000662_296.jpg
building_3,0000662,reference,dataset_splits/10_buildings/building_3/0000662/reference/0000662_313.jpg
building_3,0000662,reference,dataset_splits/10_buildings/building_3/0000662/reference/0000662_318.jpg
building_3,0000662,reference,dataset_splits/10_buildings/building_3/0000662/reference/0000662_371.jpg
building_3,0000662,reference,dataset_splits/10_buildings/building_3/0000662/reference/0000662_395.jpg
building_3,0000662,reference,dataset_splits/10_buildings/building_3/0000662/reference/0000662_439.jpg
building_3,0000662,reference,dataset_splits/10_buildings/building_3/0000662/reference/0000662_455.jpg
building_3,0000662,reference,dataset_splits/10_buildings/building_3/0000662/reference/0000662_456.jpg
building_3,0000662,test,dataset_splits/10_buildings/building_3/0000662/test/0000662_030.jpg
building_3,0000662,test,dataset_splits/10_buildings/building_3/0000662/test/0000662_068.jpg
building_3,0000662,test,dataset_splits/10_buildings/building_3/0000662/test/0000662_150.jpg
building_3,0000662,test,dataset_splits/10_buildings/building_3/0000662/test/0000662_153.jpg
building_3,0000662,test,dataset_splits/10_buildings/building_3/0000662/test/0000662_191.jpg
building_3,0000662,test,dataset_splits/10_buildings/building_3/0000662/test/0000662_215.jpg
building_3,0000662,test,dataset_splits/10_buildings/building_3/0000662/test/0000662_243.jpg
building_3,0000662,test,dataset_splits/10_buildings/building_3/0000662/test/0000662_265.jpg
building_3,0000662,test,dataset_splits/10_buildings/building_3/0000662/test/0000662_266.jpg
building_3,0000662,test,dataset_splits/10_buildings/building_3/0000662/test/0000662_281.jpg
building_3,0000662,test,dataset_splits/10_buildings/building_3/0000662/test/0000662_291.jpg
building_3,0000662,test,dataset_splits/10_buildings/building_3/0000662/test/0000662_335.jpg
building_3,0000662,test,dataset_splits/10_buildings/building_3/0000662/test/0000662_402.jpg
building_3,0000662,test,dataset_splits/10_buildings/building_3/0000662/test/0000662_433.jpg
building_3,0000662,test,dataset_splits/10_buildings/building_3/0000662/test/0000662_441.jpg
building_3,0000662,test,dataset_splits/10_buildings/building_3/0000662/test/0000662_443.jpg
building_3,0000662,test,dataset_splits/10_buildings/building_3/0000662/test/0000662_445.jpg
building_3,0000662,test,dataset_splits/10_buildings/building_3/0000662/test/0000662_448.jpg
building_3,0000662,test,dataset_splits/10_buildings/building_3/0000662/test/0000662_462.jpg
building_3,0000662,test,dataset_splits/10_buildings/building_3/0000662/test/0000662_471.jpg
building_3,0000700,reference,dataset_splits/10_buildings/building_3/0000700/reference/0000700_003.jpg
building_3,0000700,reference,dataset_splits/10_buildings/building_3/0000700/reference/0000700_007.jpg
building_3,0000700,reference,dataset_splits/10_buildings/building_3/0000700/reference/0000700_013.jpg
building_3,0000700,reference,dataset_splits/10_buildings/building_3/0000700/reference/0000700_014.jpg
building_3,0000700,reference,dataset_splits/10_buildings/building_3/0000700/reference/0000700_015.jpg
building_3,0000700,reference,dataset_splits/10_buildings/building_3/0000700/reference/0000700_018.jpg
building_3,0000700,reference,dataset_splits/10_buildings/building_3/0000700/reference/0000700_022.jpg
building_3,0000700,reference,dataset_splits/10_buildings/building_3/0000700/reference/0000700_026.jpg
building_3,0000700,reference,dataset_splits/10_buildings/building_3/0000700/reference/0000700_034.jpg
building_3,0000700,reference,dataset_splits/10_buildings/building_3/0000700/reference/0000700_045.jpg
building_3,0000700,reference,dataset_splits/10_buildings/building_3/0000700/reference/0000700_056.jpg
building_3,0000700,reference,dataset_splits/10_buildings/building_3/0000700/reference/0000700_059.jpg
building_3,0000700,reference,dataset_splits/10_buildings/building_3/0000700/reference/0000700_060.jpg
building_3,0000700,reference,dataset_splits/10_buildings/building_3/0000700/reference/0000700_061.jpg
building_3,0000700,reference,dataset_splits/10_buildings/building_3/0000700/reference/0000700_063.jpg
building_3,0000700,reference,dataset_splits/10_buildings/building_3/0000700/reference/0000700_067.jpg
building_3,0000700,reference,dataset_splits/10_buildings/building_3/0000700/reference/0000700_068.jpg
building_3,0000700,reference,dataset_splits/10_buildings/building_3/0000700/reference/0000700_069.jpg
building_3,0000700,reference,dataset_splits/10_buildings/building_3/0000700/reference/0000700_075.jpg
building_3,0000700,reference,dataset_splits/10_buildings/building_3/0000700/reference/0000700_086.jpg
building_3,0000700,test,dataset_splits/10_buildings/building_3/0000700/test/0000700_009.jpg
building_3,0000700,test,dataset_splits/10_buildings/building_3/0000700/test/0000700_020.jpg
building_3,0000700,test,dataset_splits/10_buildings/building_3/0000700/test/0000700_025.jpg
building_3,0000700,test,dataset_splits/10_buildings/building_3/0000700/test/0000700_030.jpg
building_3,0000700,test,dataset_splits/10_buildings/building_3/0000700/test/0000700_035.jpg
building_3,0000700,test,dataset_splits/10_buildings/building_3/0000700/test/0000700_036.jpg
building_3,0000700,test,dataset_splits/10_buildings/building_3/0000700/test/0000700_042.jpg
building_3,0000700,test,dataset_splits/10_buildings/building_3/0000700/test/0000700_050.jpg
building_3,0000700,test,dataset_splits/10_buildings/building_3/0000700/test/0000700_052.jpg
building_3,0000700,test,dataset_splits/10_buildings/building_3/0000700/test/0000700_053.jpg
building_3,0000700,test,dataset_splits/10_buildings/building_3/0000700/test/0000700_055.jpg
building_3,0000700,test,dataset_splits/10_buildings/building_3/0000700/test/0000700_057.jpg
building_3,0000700,test,dataset_splits/10_buildings/building_3/0000700/test/0000700_062.jpg
building_3,0000700,test,dataset_splits/10_buildings/building_3/0000700/test/0000700_065.jpg
building_3,0000700,test,dataset_splits/10_buildings/building_3/0000700/test/0000700_070.jpg
building_3,0000700,test,dataset_splits/10_buildings/building_3/0000700/test/0000700_074.jpg
building_3,0000700,test,dataset_splits/10_buildings/building_3/0000700/test/0000700_076.jpg
building_3,0000700,test,dataset_splits/10_buildings/building_3/0000700/test/0000700_079.jpg
building_3,0000700,test,dataset_splits/10_buildings/building_3/0000700/test/0000700_080.jpg
building_3,0000700,test,dataset_splits/10_buildings/building_3/0000700/test/0000700_084.jpg
building_3,0000707,reference,dataset_splits/10_buildings/building_3/0000707/reference/0000707_001.jpg
building_3,0000707,reference,dataset_splits/10_buildings/building_3/0000707/reference/0000707_003.jpg
building_3,0000707,reference,dataset_splits/10_buildings/building_3/0000707/reference/0000707_007.jpg
building_3,0000707,reference,dataset_splits/10_buildings/building_3/0000707/reference/0000707_008.jpg
building_3,0000707,reference,dataset_splits/10_buildings/building_3/0000707/reference/0000707_011.jpg
building_3,0000707,reference,dataset_splits/10_buildings/building_3/0000707/reference/0000707_015.jpg
building_3,0000707,reference,dataset_splits/10_buildings/building_3/0000707/reference/0000707_020.jpg
building_3,0000707,reference,dataset_splits/10_buildings/building_3/0000707/reference/0000707_021.jpg
building_3,0000707,reference,dataset_splits/10_buildings/building_3/0000707/reference/0000707_022.jpg
building_3,0000707,reference,dataset_splits/10_buildings/building_3/0000707/reference/0000707_026.jpg
building_3,0000707,reference,dataset_splits/10_buildings/building_3/0000707/reference/0000707_027.jpg
building_3,0000707,reference,dataset_splits/10_buildings/building_3/0000707/reference/0000707_028.jpg
building_3,0000707,reference,dataset_splits/10_buildings/building_3/0000707/reference/0000707_030.jpg
building_3,0000707,reference,dataset_splits/10_buildings/building_3/0000707/reference/0000707_032.jpg
building_3,0000707,reference,dataset_splits/10_buildings/building_3/0000707/reference/0000707_034.jpg
building_3,0000707,reference,dataset_splits/10_buildings/building_3/0000707/reference/0000707_039.jpg
building_3,0000707,reference,dataset_splits/10_buildings/building_3/0000707/reference/0000707_041.jpg
building_3,0000707,reference,dataset_splits/10_buildings/building_3/0000707/reference/0000707_043.jpg
building_3,0000707,reference,dataset_splits/10_buildings/building_3/0000707/reference/0000707_048.jpg
building_3,0000707,reference,dataset_splits/10_buildings/building_3/0000707/reference/0000707_053.jpg
building_3,0000707,test,dataset_splits/10_buildings/building_3/0000707/test/0000707_002.jpg
building_3,0000707,test,dataset_splits/10_buildings/building_3/0000707/test/0000707_005.jpg
building_3,0000707,test,dataset_splits/10_buildings/building_3/0000707/test/0000707_010.jpg
building_3,0000707,test,dataset_splits/10_buildings/building_3/0000707/test/0000707_012.jpg
building_3,0000707,test,dataset_splits/10_buildings/building_3/0000707/test/0000707_013.jpg
building_3,0000707,test,dataset_splits/10_buildings/building_3/0000707/test/0000707_014.jpg
building_3,0000707,test,dataset_splits/10_buildings/building_3/0000707/test/0000707_018.jpg
building_3,0000707,test,dataset_splits/10_buildings/building_3/0000707/test/0000707_019.jpg
building_3,0000707,test,dataset_splits/10_buildings/building_3/0000707/test/0000707_024.jpg
building_3,0000707,test,dataset_splits/10_buildings/building_3/0000707/test/0000707_029.jpg
building_3,0000707,test,dataset_splits/10_buildings/building_3/0000707/test/0000707_033.jpg
building_3,0000707,test,dataset_splits/10_buildings/building_3/0000707/test/0000707_037.jpg
building_3,0000707,test,dataset_splits/10_buildings/building_3/0000707/test/0000707_044.jpg
building_3,0000707,test,dataset_splits/10_buildings/building_3/0000707/test/0000707_047.jpg
building_3,0000707,test,dataset_splits/10_buildings/building_3/0000707/test/0000707_049.jpg
building_3,0000707,test,dataset_splits/10_buildings/building_3/0000707/test/0000707_052.jpg
building_3,0000707,test,dataset_splits/10_buildings/building_3/0000707/test/0000707_055.jpg
building_3,0000707,test,dataset_splits/10_buildings/building_3/0000707/test/0000707_056.jpg
building_3,0000707,test,dataset_splits/10_buildings/building_3/0000707/test/0000707_059.jpg
building_3,0000707,test,dataset_splits/10_buildings/building_3/0000707/test/0000707_060.jpg
building_3,0000782,reference,dataset_splits/10_buildings/building_3/0000782/reference/0000782_005.jpg
building_3,0000782,reference,dataset_splits/10_buildings/building_3/0000782/reference/0000782_008.jpg
building_3,0000782,reference,dataset_splits/10_buildings/building_3/0000782/reference/0000782_012.jpg
building_3,0000782,reference,dataset_splits/10_buildings/building_3/0000782/reference/0000782_017.jpg
building_3,0000782,reference,dataset_splits/10_buildings/building_3/0000782/reference/0000782_018.jpg
building_3,0000782,reference,dataset_splits/10_buildings/building_3/0000782/reference/0000782_019.jpg
building_3,0000782,reference,dataset_splits/10_buildings/building_3/0000782/reference/0000782_020.jpg
building_3,0000782,reference,dataset_splits/10_buildings/building_3/0000782/reference/0000782_028.jpg
building_3,0000782,reference,dataset_splits/10_buildings/building_3/0000782/reference/0000782_030.jpg
building_3,0000782,reference,dataset_splits/10_buildings/building_3/0000782/reference/0000782_031.jpg
building_3,0000782,reference,dataset_splits/10_buildings/building_3/0000782/reference/0000782_033.jpg
building_3,0000782,reference,dataset_splits/10_buildings/building_3/0000782/reference/0000782_035.jpg
building_3,0000782,reference,dataset_splits/10_buildings/building_3/0000782/reference/0000782_037.jpg
building_3,0000782,reference,dataset_splits/10_buildings/building_3/0000782/reference/0000782_039.jpg
building_3,0000782,reference,dataset_splits/10_buildings/building_3/0000782/reference/0000782_042.jpg
building_3,0000782,reference,dataset_splits/10_buildings/building_3/0000782/reference/0000782_045.jpg
building_3,0000782,reference,dataset_splits/10_buildings/building_3/0000782/reference/0000782_054.jpg
building_3,0000782,reference,dataset_splits/10_buildings/building_3/0000782/reference/0000782_061.jpg
building_3,0000782,reference,dataset_splits/10_buildings/building_3/0000782/reference/0000782_063.jpg
building_3,0000782,reference,dataset_splits/10_buildings/building_3/0000782/reference/0000782_068.jpg
building_3,0000782,test,dataset_splits/10_buildings/building_3/0000782/test/0000782_002.jpg
building_3,0000782,test,dataset_splits/10_buildings/building_3/0000782/test/0000782_007.jpg
building_3,0000782,test,dataset_splits/10_buildings/building_3/0000782/test/0000782_009.jpg
building_3,0000782,test,dataset_splits/10_buildings/building_3/0000782/test/0000782_010.jpg
building_3,0000782,test,dataset_splits/10_buildings/building_3/0000782/test/0000782_013.jpg
building_3,0000782,test,dataset_splits/10_buildings/building_3/0000782/test/0000782_014.jpg
building_3,0000782,test,dataset_splits/10_buildings/building_3/0000782/test/0000782_022.jpg
building_3,0000782,test,dataset_splits/10_buildings/building_3/0000782/test/0000782_023.jpg
building_3,0000782,test,dataset_splits/10_buildings/building_3/0000782/test/0000782_025.jpg
building_3,0000782,test,dataset_splits/10_buildings/building_3/0000782/test/0000782_027.jpg
building_3,0000782,test,dataset_splits/10_buildings/building_3/0000782/test/0000782_040.jpg
building_3,0000782,test,dataset_splits/10_buildings/building_3/0000782/test/0000782_044.jpg
building_3,0000782,test,dataset_splits/10_buildings/building_3/0000782/test/0000782_046.jpg
building_3,0000782,test,dataset_splits/10_buildings/building_3/0000782/test/0000782_049.jpg
building_3,0000782,test,dataset_splits/10_buildings/building_3/0000782/test/0000782_051.jpg
building_3,0000782,test,dataset_splits/10_buildings/building_3/0000782/test/0000782_052.jpg
building_3,0000782,test,dataset_splits/10_buildings/building_3/0000782/test/0000782_053.jpg
building_3,0000782,test,dataset_splits/10_buildings/building_3/0000782/test/0000782_055.jpg
building_3,0000782,test,dataset_splits/10_buildings/building_3/0000782/test/0000782_057.jpg
building_3,0000782,test,dataset_splits/10_buildings/building_3/0000782/test/0000782_060.jpg
building_3,0001081,reference,dataset_splits/10_buildings/building_3/0001081/reference/0001081_002.jpg
building_3,0001081,reference,dataset_splits/10_buildings/building_3/0001081/reference/0001081_003.jpg
building_3,0001081,reference,dataset_splits/10_buildings/building_3/0001081/reference/0001081_006.jpg
building_3,0001081,reference,dataset_splits/10_buildings/building_3/0001081/reference/0001081_008.jpg
building_3,0001081,reference,dataset_splits/10_buildings/building_3/0001081/reference/0001081_011.jpg
building_3,0001081,reference,dataset_splits/10_buildings/building_3/0001081/reference/0001081_012.jpg
building_3,0001081,reference,dataset_splits/10_buildings/building_3/0001081/reference/0001081_015.jpg
building_3,0001081,reference,dataset_splits/10_buildings/building_3/0001081/reference/0001081_020.jpg
building_3,0001081,reference,dataset_splits/10_buildings/building_3/0001081/reference/0001081_021.jpg
building_3,0001081,reference,dataset_splits/10_buildings/building_3/0001081/reference/0001081_022.jpg
building_3,0001081,reference,dataset_splits/10_buildings/building_3/0001081/reference/0001081_028.jpg
building_3,0001081,reference,dataset_splits/10_buildings/building_3/0001081/reference/0001081_030.jpg
building_3,0001081,reference,dataset_splits/10_buildings/building_3/0001081/reference/0001081_031.jpg
building_3,0001081,reference,dataset_splits/10_buildings/building_3/0001081/reference/0001081_036.jpg
building_3,0001081,reference,dataset_splits/10_buildings/building_3/0001081/reference/0001081_037.jpg
building_3,0001081,reference,dataset_splits/10_buildings/building_3/0001081/reference/0001081_039.jpg
building_3,0001081,reference,dataset_splits/10_buildings/building_3/0001081/reference/0001081_040.jpg
building_3,0001081,reference,dataset_splits/10_buildings/building_3/0001081/reference/0001081_044.jpg
building_3,0001081,reference,dataset_splits/10_buildings/building_3/0001081/reference/0001081_045.jpg
building_3,0001081,reference,dataset_splits/10_buildings/building_3/0001081/reference/0001081_050.jpg
building_3,0001081,test,dataset_splits/10_buildings/building_3/0001081/test/0001081_001.jpg
building_3,0001081,test,dataset_splits/10_buildings/building_3/0001081/test/0001081_004.jpg
building_3,0001081,test,dataset_splits/10_buildings/building_3/0001081/test/0001081_005.jpg
building_3,0001081,test,dataset_splits/10_buildings/building_3/0001081/test/0001081_007.jpg
building_3,0001081,test,dataset_splits/10_buildings/building_3/0001081/test/0001081_010.jpg
building_3,0001081,test,dataset_splits/10_buildings/building_3/0001081/test/0001081_013.jpg
building_3,0001081,test,dataset_splits/10_buildings/building_3/0001081/test/0001081_014.jpg
building_3,0001081,test,dataset_splits/10_buildings/building_3/0001081/test/0001081_016.jpg
building_3,0001081,test,dataset_splits/10_buildings/building_3/0001081/test/0001081_019.jpg
building_3,0001081,test,dataset_splits/10_buildings/building_3/0001081/test/0001081_023.jpg
building_3,0001081,test,dataset_splits/10_buildings/building_3/0001081/test/0001081_024.jpg
building_3,0001081,test,dataset_splits/10_buildings/building_3/0001081/test/0001081_029.jpg
building_3,0001081,test,dataset_splits/10_buildings/building_3/0001081/test/0001081_033.jpg
building_3,0001081,test,dataset_splits/10_buildings/building_3/0001081/test/0001081_034.jpg
building_3,0001081,test,dataset_splits/10_buildings/building_3/0001081/test/0001081_035.jpg
building_3,0001081,test,dataset_splits/10_buildings/building_3/0001081/test/0001081_038.jpg
building_3,0001081,test,dataset_splits/10_buildings/building_3/0001081/test/0001081_041.jpg
building_3,0001081,test,dataset_splits/10_buildings/building_3/0001081/test/0001081_046.jpg
building_3,0001081,test,dataset_splits/10_buildings/building_3/0001081/test/0001081_048.jpg
building_3,0001081,test,dataset_splits/10_buildings/building_3/0001081/test/0001081_049.jpg
building_3,0001151,reference,dataset_splits/10_buildings/building_3/0001151/reference/0001151_002.jpg
building_3,0001151,reference,dataset_splits/10_buildings/building_3/0001151/reference/0001151_014.jpg
building_3,0001151,reference,dataset_splits/10_buildings/building_3/0001151/reference/0001151_015.jpg
building_3,0001151,reference,dataset_splits/10_buildings/building_3/0001151/reference/0001151_023.jpg
building_3,0001151,reference,dataset_splits/10_buildings/building_3/0001151/reference/0001151_039.jpg
building_3,0001151,reference,dataset_splits/10_buildings/building_3/0001151/reference/0001151_045.jpg
building_3,0001151,reference,dataset_splits/10_buildings/building_3/0001151/reference/0001151_049.jpg
building_3,0001151,reference,dataset_splits/10_buildings/building_3/0001151/reference/0001151_069.jpg
building_3,0001151,reference,dataset_splits/10_buildings/building_3/0001151/reference/0001151_071.jpg
building_3,0001151,reference,dataset_splits/10_buildings/building_3/0001151/reference/0001151_081.jpg
building_3,0001151,reference,dataset_splits/10_buildings/building_3/0001151/reference/0001151_115.jpg
building_3,0001151,reference,dataset_splits/10_buildings/building_3/0001151/reference/0001151_118.jpg
building_3,0001151,reference,dataset_splits/10_buildings/building_3/0001151/reference/0001151_140.jpg
building_3,0001151,reference,dataset_splits/10_buildings/building_3/0001151/reference/0001151_152.jpg
building_3,0001151,reference,dataset_splits/10_buildings/building_3/0001151/reference/0001151_157.jpg
building_3,0001151,reference,dataset_splits/10_buildings/building_3/0001151/reference/0001151_160.jpg
building_3,0001151,reference,dataset_splits/10_buildings/building_3/0001151/reference/0001151_175.jpg
building_3,0001151,reference,dataset_splits/10_buildings/building_3/0001151/reference/0001151_181.jpg
building_3,0001151,reference,dataset_splits/10_buildings/building_3/0001151/reference/0001151_183.jpg
building_3,0001151,reference,dataset_splits/10_buildings/building_3/0001151/reference/0001151_185.jpg
building_3,0001151,test,dataset_splits/10_buildings/building_3/0001151/test/0001151_005.jpg
building_3,0001151,test,dataset_splits/10_buildings/building_3/0001151/test/0001151_020.jpg
building_3,0001151,test,dataset_splits/10_buildings/building_3/0001151/test/0001151_036.jpg
building_3,0001151,test,dataset_splits/10_buildings/building_3/0001151/test/0001151_046.jpg
building_3,0001151,test,dataset_splits/10_buildings/building_3/0001151/test/0001151_056.jpg
building_3,0001151,test,dataset_splits/10_buildings/building_3/0001151/test/0001151_059.jpg
building_3,0001151,test,dataset_splits/10_buildings/building_3/0001151/test/0001151_061.jpg
building_3,0001151,test,dataset_splits/10_buildings/building_3/0001151/test/0001151_065.jpg
building_3,0001151,test,dataset_splits/10_buildings/building_3/0001151/test/0001151_074.jpg
building_3,0001151,test,dataset_splits/10_buildings/building_3/0001151/test/0001151_080.jpg
building_3,0001151,test,dataset_splits/10_buildings/building_3/0001151/test/0001151_098.jpg
building_3,0001151,test,dataset_splits/10_buildings/building_3/0001151/test/0001151_103.jpg
building_3,0001151,test,dataset_splits/10_buildings/building_3/0001151/test/0001151_104.jpg
building_3,0001151,test,dataset_splits/10_buildings/building_3/0001151/test/0001151_119.jpg
building_3,0001151,test,dataset_splits/10_buildings/building_3/0001151/test/0001151_124.jpg
building_3,0001151,test,dataset_splits/10_buildings/building_3/0001151/test/0001151_144.jpg
building_3,0001151,test,dataset_splits/10_buildings/building_3/0001151/test/0001151_145.jpg
building_3,0001151,test,dataset_splits/10_buildings/building_3/0001151/test/0001151_148.jpg
building_3,0001151,test,dataset_splits/10_buildings/building_3/0001151/test/0001151_163.jpg
building_3,0001151,test,dataset_splits/10_buildings/building_3/0001151/test/0001151_169.jpg
building_3,0001209,reference,dataset_splits/10_buildings/building_3/0001209/reference/0001209_002.jpg
building_3,0001209,reference,dataset_splits/10_buildings/building_3/0001209/reference/0001209_006.jpg
building_3,0001209,reference,dataset_splits/10_buildings/building_3/0001209/reference/0001209_007.jpg
building_3,0001209,reference,dataset_splits/10_buildings/building_3/0001209/reference/0001209_020.jpg
building_3,0001209,reference,dataset_splits/10_buildings/building_3/0001209/reference/0001209_021.jpg
building_3,0001209,reference,dataset_splits/10_buildings/building_3/0001209/reference/0001209_025.jpg
building_3,0001209,reference,dataset_splits/10_buildings/building_3/0001209/reference/0001209_029.jpg
building_3,0001209,reference,dataset_splits/10_buildings/building_3/0001209/reference/0001209_032.jpg
building_3,0001209,reference,dataset_splits/10_buildings/building_3/0001209/reference/0001209_037.jpg
building_3,0001209,reference,dataset_splits/10_buildings/building_3/0001209/reference/0001209_041.jpg
building_3,0001209,reference,dataset_splits/10_buildings/building_3/0001209/reference/0001209_042.jpg
building_3,0001209,reference,dataset_splits/10_buildings/building_3/0001209/reference/0001209_043.jpg
building_3,0001209,reference,dataset_splits/10_buildings/building_3/0001209/reference/0001209_044.jpg
building_3,0001209,reference,dataset_splits/10_buildings/building_3/0001209/reference/0001209_049.jpg
building_3,0001209,reference,dataset_splits/10_buildings/building_3/0001209/reference/0001209_050.jpg
building_3,0001209,reference,dataset_splits/10_buildings/building_3/0001209/reference/0001209_052.jpg
building_3,0001209,reference,dataset_splits/10_buildings/building_3/0001209/reference/0001209_055.jpg
building_3,0001209,reference,dataset_splits/10_buildings/building_3/0001209/reference/0001209_056.jpg
building_3,0001209,reference,dataset_splits/10_buildings/building_3/0001209/reference/0001209_061.jpg
building_3,0001209,reference,dataset_splits/10_buildings/building_3/0001209/reference/0001209_063.jpg
building_3,0001209,test,dataset_splits/10_buildings/building_3/0001209/test/0001209_001.jpg
building_3,0001209,test,dataset_splits/10_buildings/building_3/0001209/test/0001209_003.jpg
building_3,0001209,test,dataset_splits/10_buildings/building_3/0001209/test/0001209_005.jpg
building_3,0001209,test,dataset_splits/10_buildings/building_3/0001209/test/0001209_008.jpg
building_3,0001209,test,dataset_splits/10_buildings/building_3/0001209/test/0001209_009.jpg
building_3,0001209,test,dataset_splits/10_buildings/building_3/0001209/test/0001209_011.jpg
building_3,0001209,test,dataset_splits/10_buildings/building_3/0001209/test/0001209_013.jpg
building_3,0001209,test,dataset_splits/10_buildings/building_3/0001209/test/0001209_017.jpg
building_3,0001209,test,dataset_splits/10_buildings/building_3/0001209/test/0001209_022.jpg
building_3,0001209,test,dataset_splits/10_buildings/building_3/0001209/test/0001209_031.jpg
building_3,0001209,test,dataset_splits/10_buildings/building_3/0001209/test/0001209_033.jpg
building_3,0001209,test,dataset_splits/10_buildings/building_3/0001209/test/0001209_034.jpg
building_3,0001209,test,dataset_splits/10_buildings/building_3/0001209/test/0001209_038.jpg
building_3,0001209,test,dataset_splits/10_buildings/building_3/0001209/test/0001209_040.jpg
building_3,0001209,test,dataset_splits/10_buildings/building_3/0001209/test/0001209_047.jpg
building_3,0001209,test,dataset_splits/10_buildings/building_3/0001209/test/0001209_051.jpg
building_3,0001209,test,dataset_splits/10_buildings/building_3/0001209/test/0001209_054.jpg
building_3,0001209,test,dataset_splits/10_buildings/building_3/0001209/test/0001209_059.jpg
building_3,0001209,test,dataset_splits/10_buildings/building_3/0001209/test/0001209_060.jpg
building_3,0001209,test,dataset_splits/10_buildings/building_3/0001209/test/0001209_065.jpg
building_3,0001387,reference,dataset_splits/10_buildings/building_3/0001387/reference/0001387_001.jpg
building_3,0001387,reference,dataset_splits/10_buildings/building_3/0001387/reference/0001387_003.jpg
building_3,0001387,reference,dataset_splits/10_buildings/building_3/0001387/reference/0001387_004.jpg
building_3,0001387,reference,dataset_splits/10_buildings/building_3/0001387/reference/0001387_005.jpg
building_3,0001387,reference,dataset_splits/10_buildings/building_3/0001387/reference/0001387_013.jpg
building_3,0001387,reference,dataset_splits/10_buildings/building_3/0001387/reference/0001387_015.jpg
building_3,0001387,reference,dataset_splits/10_buildings/building_3/0001387/reference/0001387_019.jpg
building_3,0001387,reference,dataset_splits/10_buildings/building_3/0001387/reference/0001387_020.jpg
building_3,0001387,reference,dataset_splits/10_buildings/building_3/0001387/reference/0001387_028.jpg
building_3,0001387,reference,dataset_splits/10_buildings/building_3/0001387/reference/0001387_030.jpg
building_3,0001387,reference,dataset_splits/10_buildings/building_3/0001387/reference/0001387_031.jpg
building_3,0001387,reference,dataset_splits/10_buildings/building_3/0001387/reference/0001387_033.jpg
building_3,0001387,reference,dataset_splits/10_buildings/building_3/0001387/reference/0001387_035.jpg
building_3,0001387,reference,dataset_splits/10_buildings/building_3/0001387/reference/0001387_053.jpg
building_3,0001387,reference,dataset_splits/10_buildings/building_3/0001387/reference/0001387_054.jpg
building_3,0001387,reference,dataset_splits/10_buildings/building_3/0001387/reference/0001387_055.jpg
building_3,0001387,reference,dataset_splits/10_buildings/building_3/0001387/reference/0001387_058.jpg
building_3,0001387,reference,dataset_splits/10_buildings/building_3/0001387/reference/0001387_061.jpg
building_3,0001387,reference,dataset_splits/10_buildings/building_3/0001387/reference/0001387_064.jpg
building_3,0001387,reference,dataset_splits/10_buildings/building_3/0001387/reference/0001387_073.jpg
building_3,0001387,test,dataset_splits/10_buildings/building_3/0001387/test/0001387_002.jpg
building_3,0001387,test,dataset_splits/10_buildings/building_3/0001387/test/0001387_006.jpg
building_3,0001387,test,dataset_splits/10_buildings/building_3/0001387/test/0001387_010.jpg
building_3,0001387,test,dataset_splits/10_buildings/building_3/0001387/test/0001387_016.jpg
building_3,0001387,test,dataset_splits/10_buildings/building_3/0001387/test/0001387_022.jpg
building_3,0001387,test,dataset_splits/10_buildings/building_3/0001387/test/0001387_023.jpg
building_3,0001387,test,dataset_splits/10_buildings/building_3/0001387/test/0001387_025.jpg
building_3,0001387,test,dataset_splits/10_buildings/building_3/0001387/test/0001387_027.jpg
building_3,0001387,test,dataset_splits/10_buildings/building_3/0001387/test/0001387_029.jpg
building_3,0001387,test,dataset_splits/10_buildings/building_3/0001387/test/0001387_032.jpg
building_3,0001387,test,dataset_splits/10_buildings/building_3/0001387/test/0001387_039.jpg
building_3,0001387,test,dataset_splits/10_buildings/building_3/0001387/test/0001387_041.jpg
building_3,0001387,test,dataset_splits/10_buildings/building_3/0001387/test/0001387_043.jpg
building_3,0001387,test,dataset_splits/10_buildings/building_3/0001387/test/0001387_047.jpg
building_3,0001387,test,dataset_splits/10_buildings/building_3/0001387/test/0001387_050.jpg
building_3,0001387,test,dataset_splits/10_buildings/building_3/0001387/test/0001387_051.jpg
building_3,0001387,test,dataset_splits/10_buildings/building_3/0001387/test/0001387_063.jpg
building_3,0001387,test,dataset_splits/10_buildings/building_3/0001387/test/0001387_066.jpg
building_3,0001387,test,dataset_splits/10_buildings/building_3/0001387/test/0001387_075.jpg
building_3,0001387,test,dataset_splits/10_buildings/building_3/0001387/test/0001387_078.jpg
building_3,0001444,reference,dataset_splits/10_buildings/building_3/0001444/reference/0001444_004.jpg
building_3,0001444,reference,dataset_splits/10_buildings/building_3/0001444/reference/0001444_008.jpg
building_3,0001444,reference,dataset_splits/10_buildings/building_3/0001444/reference/0001444_016.jpg
building_3,0001444,reference,dataset_splits/10_buildings/building_3/0001444/reference/0001444_017.jpg
building_3,0001444,reference,dataset_splits/10_buildings/building_3/0001444/reference/0001444_019.jpg
building_3,0001444,reference,dataset_splits/10_buildings/building_3/0001444/reference/0001444_022.jpg
building_3,0001444,reference,dataset_splits/10_buildings/building_3/0001444/reference/0001444_023.jpg
building_3,0001444,reference,dataset_splits/10_buildings/building_3/0001444/reference/0001444_027.jpg
building_3,0001444,reference,dataset_splits/10_buildings/building_3/0001444/reference/0001444_031.jpg
building_3,0001444,reference,dataset_splits/10_buildings/building_3/0001444/reference/0001444_045.jpg
building_3,0001444,reference,dataset_splits/10_buildings/building_3/0001444/reference/0001444_054.jpg
building_3,0001444,reference,dataset_splits/10_buildings/building_3/0001444/reference/0001444_060.jpg
building_3,0001444,reference,dataset_splits/10_buildings/building_3/0001444/reference/0001444_063.jpg
building_3,0001444,reference,dataset_splits/10_buildings/building_3/0001444/reference/0001444_068.jpg
building_3,0001444,reference,dataset_splits/10_buildings/building_3/0001444/reference/0001444_069.jpg
building_3,0001444,reference,dataset_splits/10_buildings/building_3/0001444/reference/0001444_072.jpg
building_3,0001444,reference,dataset_splits/10_buildings/building_3/0001444/reference/0001444_075.jpg
building_3,0001444,reference,dataset_splits/10_buildings/building_3/0001444/reference/0001444_088.jpg
building_3,0001444,reference,dataset_splits/10_buildings/building_3/0001444/reference/0001444_094.jpg
building_3,0001444,reference,dataset_splits/10_buildings/building_3/0001444/reference/0001444_107.jpg
building_3,0001444,test,dataset_splits/10_buildings/building_3/0001444/test/0001444_001.jpg
building_3,0001444,test,dataset_splits/10_buildings/building_3/0001444/test/0001444_007.jpg
building_3,0001444,test,dataset_splits/10_buildings/building_3/0001444/test/0001444_015.jpg
building_3,0001444,test,dataset_splits/10_buildings/building_3/0001444/test/0001444_043.jpg
building_3,0001444,test,dataset_splits/10_buildings/building_3/0001444/test/0001444_044.jpg
building_3,0001444,test,dataset_splits/10_buildings/building_3/0001444/test/0001444_047.jpg
building_3,0001444,test,dataset_splits/10_buildings/building_3/0001444/test/0001444_048.jpg
building_3,0001444,test,dataset_splits/10_buildings/building_3/0001444/test/0001444_049.jpg
building_3,0001444,test,dataset_splits/10_buildings/building_3/0001444/test/0001444_061.jpg
building_3,0001444,test,dataset_splits/10_buildings/building_3/0001444/test/0001444_070.jpg
building_3,0001444,test,dataset_splits/10_buildings/building_3/0001444/test/0001444_076.jpg
building_3,0001444,test,dataset_splits/10_buildings/building_3/0001444/test/0001444_079.jpg
building_3,0001444,test,dataset_splits/10_buildings/building_3/0001444/test/0001444_083.jpg
building_3,0001444,test,dataset_splits/10_buildings/building_3/0001444/test/0001444_085.jpg
building_3,0001444,test,dataset_splits/10_buildings/building_3/0001444/test/0001444_098.jpg
building_3,0001444,test,dataset_splits/10_buildings/building_3/0001444/test/0001444_104.jpg
building_3,0001444,test,dataset_splits/10_buildings/building_3/0001444/test/0001444_108.jpg
building_3,0001444,test,dataset_splits/10_buildings/building_3/0001444/test/0001444_110.jpg
building_3,0001444,test,dataset_splits/10_buildings/building_3/0001444/test/0001444_112.jpg
building_3,0001444,test,dataset_splits/10_buildings/building_3/0001444/test/0001444_117.jpg
building_3,0001459,reference,dataset_splits/10_buildings/building_3/0001459/reference/0001459_002.jpg
building_3,0001459,reference,dataset_splits/10_buildings/building_3/0001459/reference/0001459_005.jpg
building_3,0001459,reference,dataset_splits/10_buildings/building_3/0001459/reference/0001459_008.jpg
building_3,0001459,reference,dataset_splits/10_buildings/building_3/0001459/reference/0001459_035.jpg
building_3,0001459,reference,dataset_splits/10_buildings/building_3/0001459/reference/0001459_040.jpg
building_3,0001459,reference,dataset_splits/10_buildings/building_3/0001459/reference/0001459_042.jpg
building_3,0001459,reference,dataset_splits/10_buildings/building_3/0001459/reference/0001459_051.jpg
building_3,0001459,reference,dataset_splits/10_buildings/building_3/0001459/reference/0001459_068.jpg
building_3,0001459,reference,dataset_splits/10_buildings/building_3/0001459/reference/0001459_070.jpg
building_3,0001459,reference,dataset_splits/10_buildings/building_3/0001459/reference/0001459_082.jpg
building_3,0001459,reference,dataset_splits/10_buildings/building_3/0001459/reference/0001459_085.jpg
building_3,0001459,reference,dataset_splits/10_buildings/building_3/0001459/reference/0001459_088.jpg
building_3,0001459,reference,dataset_splits/10_buildings/building_3/0001459/reference/0001459_101.jpg
building_3,0001459,reference,dataset_splits/10_buildings/building_3/0001459/reference/0001459_110.jpg
building_3,0001459,reference,dataset_splits/10_buildings/building_3/0001459/reference/0001459_129.jpg
building_3,0001459,reference,dataset_splits/10_buildings/building_3/0001459/reference/0001459_132.jpg
building_3,0001459,reference,dataset_splits/10_buildings/building_3/0001459/reference/0001459_133.jpg
building_3,0001459,reference,dataset_splits/10_buildings/building_3/0001459/reference/0001459_136.jpg
building_3,0001459,reference,dataset_splits/10_buildings/building_3/0001459/reference/0001459_148.jpg
building_3,0001459,reference,dataset_splits/10_buildings/building_3/0001459/reference/0001459_149.jpg
building_3,0001459,test,dataset_splits/10_buildings/building_3/0001459/test/0001459_001.jpg
building_3,0001459,test,dataset_splits/10_buildings/building_3/0001459/test/0001459_004.jpg
building_3,0001459,test,dataset_splits/10_buildings/building_3/0001459/test/0001459_007.jpg
building_3,0001459,test,dataset_splits/10_buildings/building_3/0001459/test/0001459_014.jpg
building_3,0001459,test,dataset_splits/10_buildings/building_3/0001459/test/0001459_017.jpg
building_3,0001459,test,dataset_splits/10_buildings/building_3/0001459/test/0001459_023.jpg
building_3,0001459,test,dataset_splits/10_buildings/building_3/0001459/test/0001459_031.jpg
building_3,0001459,test,dataset_splits/10_buildings/building_3/0001459/test/0001459_033.jpg
building_3,0001459,test,dataset_splits/10_buildings/building_3/0001459/test/0001459_044.jpg
building_3,0001459,test,dataset_splits/10_buildings/building_3/0001459/test/0001459_059.jpg
building_3,0001459,test,dataset_splits/10_buildings/building_3/0001459/test/0001459_065.jpg
building_3,0001459,test,dataset_splits/10_buildings/building_3/0001459/test/0001459_075.jpg
building_3,0001459,test,dataset_splits/10_buildings/building_3/0001459/test/0001459_084.jpg
building_3,0001459,test,dataset_splits/10_buildings/building_3/0001459/test/0001459_086.jpg
building_3,0001459,test,dataset_splits/10_buildings/building_3/0001459/test/0001459_091.jpg
building_3,0001459,test,dataset_splits/10_buildings/building_3/0001459/test/0001459_095.jpg
building_3,0001459,test,dataset_splits/10_buildings/building_3/0001459/test/0001459_106.jpg
building_3,0001459,test,dataset_splits/10_buildings/building_3/0001459/test/0001459_114.jpg
building_3,0001459,test,dataset_splits/10_buildings/building_3/0001459/test/0001459_121.jpg
building_3,0001459,test,dataset_splits/10_buildings/building_3/0001459/test/0001459_144.jpg
building_3,0001488,reference,dataset_splits/10_buildings/building_3/0001488/reference/0001488_003.jpg
building_3,0001488,reference,dataset_splits/10_buildings/building_3/0001488/reference/0001488_006.jpg
building_3,0001488,reference,dataset_splits/10_buildings/building_3/0001488/reference/0001488_013.jpg
building_3,0001488,reference,dataset_splits/10_buildings/building_3/0001488/reference/0001488_019.jpg
building_3,0001488,reference,dataset_splits/10_buildings/building_3/0001488/reference/0001488_023.jpg
building_3,0001488,reference,dataset_splits/10_buildings/building_3/0001488/reference/0001488_036.jpg
building_3,0001488,reference,dataset_splits/10_buildings/building_3/0001488/reference/0001488_040.jpg
building_3,0001488,reference,dataset_splits/10_buildings/building_3/0001488/reference/0001488_044.jpg
building_3,0001488,reference,dataset_splits/10_buildings/building_3/0001488/reference/0001488_049.jpg
building_3,0001488,reference,dataset_splits/10_buildings/building_3/0001488/reference/0001488_050.jpg
building_3,0001488,reference,dataset_splits/10_buildings/building_3/0001488/reference/0001488_051.jpg
building_3,0001488,reference,dataset_splits/10_buildings/building_3/0001488/reference/0001488_077.jpg
building_3,0001488,reference,dataset_splits/10_buildings/building_3/0001488/reference/0001488_089.jpg
building_3,0001488,reference,dataset_splits/10_buildings/building_3/0001488/reference/0001488_095.jpg
building_3,0001488,reference,dataset_splits/10_buildings/building_3/0001488/reference/0001488_105.jpg
building_3,0001488,reference,dataset_splits/10_buildings/building_3/0001488/reference/0001488_113.jpg
building_3,0001488,reference,dataset_splits/10_buildings/building_3/0001488/reference/0001488_129.jpg
building_3,0001488,reference,dataset_splits/10_buildings/building_3/0001488/reference/0001488_135.jpg
building_3,0001488,reference,dataset_splits/10_buildings/building_3/0001488/reference/0001488_137.jpg
building_3,0001488,reference,dataset_splits/10_buildings/building_3/0001488/reference/0001488_143.jpg
building_3,0001488,test,dataset_splits/10_buildings/building_3/0001488/test/0001488_015.jpg
building_3,0001488,test,dataset_splits/10_buildings/building_3/0001488/test/0001488_032.jpg
building_3,0001488,test,dataset_splits/10_buildings/building_3/0001488/test/0001488_037.jpg
building_3,0001488,test,dataset_splits/10_buildings/building_3/0001488/test/0001488_041.jpg
building_3,0001488,test,dataset_splits/10_buildings/building_3/0001488/test/0001488_043.jpg
building_3,0001488,test,dataset_splits/10_buildings/building_3/0001488/test/0001488_048.jpg
building_3,0001488,test,dataset_splits/10_buildings/building_3/0001488/test/0001488_057.jpg
building_3,0001488,test,dataset_splits/10_buildings/building_3/0001488/test/0001488_065.jpg
building_3,0001488,test,dataset_splits/10_buildings/building_3/0001488/test/0001488_066.jpg
building_3,0001488,test,dataset_splits/10_buildings/building_3/0001488/test/0001488_075.jpg
building_3,0001488,test,dataset_splits/10_buildings/building_3/0001488/test/0001488_086.jpg
building_3,0001488,test,dataset_splits/10_buildings/building_3/0001488/test/0001488_102.jpg
building_3,0001488,test,dataset_splits/10_buildings/building_3/0001488/test/0001488_103.jpg
building_3,0001488,test,dataset_splits/10_buildings/building_3/0001488/test/0001488_107.jpg
building_3,0001488,test,dataset_splits/10_buildings/building_3/0001488/test/0001488_110.jpg
building_3,0001488,test,dataset_splits/10_buildings/building_3/0001488/test/0001488_112.jpg
building_3,0001488,test,dataset_splits/10_buildings/building_3/0001488/test/0001488_117.jpg
building_3,0001488,test,dataset_splits/10_buildings/building_3/0001488/test/0001488_118.jpg
building_3,0001488,test,dataset_splits/10_buildings/building_3/0001488/test/0001488_144.jpg
building_3,0001488,test,dataset_splits/10_buildings/building_3/0001488/test/0001488_151.jpg
building_3,0001533,reference,dataset_splits/10_buildings/building_3/0001533/reference/0001533_006.jpg
building_3,0001533,reference,dataset_splits/10_buildings/building_3/0001533/reference/0001533_008.jpg
building_3,0001533,reference,dataset_splits/10_buildings/building_3/0001533/reference/0001533_015.jpg
building_3,0001533,reference,dataset_splits/10_buildings/building_3/0001533/reference/0001533_022.jpg
building_3,0001533,reference,dataset_splits/10_buildings/building_3/0001533/reference/0001533_023.jpg
building_3,0001533,reference,dataset_splits/10_buildings/building_3/0001533/reference/0001533_024.jpg
building_3,0001533,reference,dataset_splits/10_buildings/building_3/0001533/reference/0001533_028.jpg
building_3,0001533,reference,dataset_splits/10_buildings/building_3/0001533/reference/0001533_030.jpg
building_3,0001533,reference,dataset_splits/10_buildings/building_3/0001533/reference/0001533_031.jpg
building_3,0001533,reference,dataset_splits/10_buildings/building_3/0001533/reference/0001533_033.jpg
building_3,0001533,reference,dataset_splits/10_buildings/building_3/0001533/reference/0001533_036.jpg
building_3,0001533,reference,dataset_splits/10_buildings/building_3/0001533/reference/0001533_041.jpg
building_3,0001533,reference,dataset_splits/10_buildings/building_3/0001533/reference/0001533_045.jpg
building_3,0001533,reference,dataset_splits/10_buildings/building_3/0001533/reference/0001533_046.jpg
building_3,0001533,reference,dataset_splits/10_buildings/building_3/0001533/reference/0001533_047.jpg
building_3,0001533,reference,dataset_splits/10_buildings/building_3/0001533/reference/0001533_048.jpg
building_3,0001533,reference,dataset_splits/10_buildings/building_3/0001533/reference/0001533_049.jpg
building_3,0001533,reference,dataset_splits/10_buildings/building_3/0001533/reference/0001533_050.jpg
building_3,0001533,reference,dataset_splits/10_buildings/building_3/0001533/reference/0001533_051.jpg
building_3,0001533,reference,dataset_splits/10_buildings/building_3/0001533/reference/0001533_052.jpg
building_3,0001533,test,dataset_splits/10_buildings/building_3/0001533/test/0001533_004.jpg
building_3,0001533,test,dataset_splits/10_buildings/building_3/0001533/test/0001533_005.jpg
building_3,0001533,test,dataset_splits/10_buildings/building_3/0001533/test/0001533_007.jpg
building_3,0001533,test,dataset_splits/10_buildings/building_3/0001533/test/0001533_009.jpg
building_3,0001533,test,dataset_splits/10_buildings/building_3/0001533/test/0001533_011.jpg
building_3,0001533,test,dataset_splits/10_buildings/building_3/0001533/test/0001533_012.jpg
building_3,0001533,test,dataset_splits/10_buildings/building_3/0001533/test/0001533_013.jpg
building_3,0001533,test,dataset_splits/10_buildings/building_3/0001533/test/0001533_016.jpg
building_3,0001533,test,dataset_splits/10_buildings/building_3/0001533/test/0001533_017.jpg
building_3,0001533,test,dataset_splits/10_buildings/building_3/0001533/test/0001533_018.jpg
building_3,0001533,test,dataset_splits/10_buildings/building_3/0001533/test/0001533_019.jpg
building_3,0001533,test,dataset_splits/10_buildings/building_3/0001533/test/0001533_021.jpg
building_3,0001533,test,dataset_splits/10_buildings/building_3/0001533/test/0001533_027.jpg
building_3,0001533,test,dataset_splits/10_buildings/building_3/0001533/test/0001533_032.jpg
building_3,0001533,test,dataset_splits/10_buildings/building_3/0001533/test/0001533_034.jpg
building_3,0001533,test,dataset_splits/10_buildings/building_3/0001533/test/0001533_038.jpg
building_3,0001533,test,dataset_splits/10_buildings/building_3/0001533/test/0001533_040.jpg
building_3,0001533,test,dataset_splits/10_buildings/building_3/0001533/test/0001533_042.jpg
building_3,0001533,test,dataset_splits/10_buildings/building_3/0001533/test/0001533_043.jpg
building_3,0001533,test,dataset_splits/10_buildings/building_3/0001533/test/0001533_044.jpg
building_3,0001661,reference,dataset_splits/10_buildings/building_3/0001661/reference/0001661_001.jpg
building_3,0001661,reference,dataset_splits/10_buildings/building_3/0001661/reference/0001661_003.jpg
building_3,0001661,reference,dataset_splits/10_buildings/building_3/0001661/reference/0001661_013.jpg
building_3,0001661,reference,dataset_splits/10_buildings/building_3/0001661/reference/0001661_019.jpg
building_3,0001661,reference,dataset_splits/10_buildings/building_3/0001661/reference/0001661_028.jpg
building_3,0001661,reference,dataset_splits/10_buildings/building_3/0001661/reference/0001661_030.jpg
building_3,0001661,reference,dataset_splits/10_buildings/building_3/0001661/reference/0001661_031.jpg
building_3,0001661,reference,dataset_splits/10_buildings/building_3/0001661/reference/0001661_041.jpg
building_3,0001661,reference,dataset_splits/10_buildings/building_3/0001661/reference/0001661_047.jpg
building_3,0001661,reference,dataset_splits/10_buildings/building_3/0001661/reference/0001661_053.jpg
building_3,0001661,reference,dataset_splits/10_buildings/building_3/0001661/reference/0001661_055.jpg
building_3,0001661,reference,dataset_splits/10_buildings/building_3/0001661/reference/0001661_056.jpg
building_3,0001661,reference,dataset_splits/10_buildings/building_3/0001661/reference/0001661_059.jpg
building_3,0001661,reference,dataset_splits/10_buildings/building_3/0001661/reference/0001661_070.jpg
building_3,0001661,reference,dataset_splits/10_buildings/building_3/0001661/reference/0001661_075.jpg
building_3,0001661,reference,dataset_splits/10_buildings/building_3/0001661/reference/0001661_081.jpg
building_3,0001661,reference,dataset_splits/10_buildings/building_3/0001661/reference/0001661_082.jpg
building_3,0001661,reference,dataset_splits/10_buildings/building_3/0001661/reference/0001661_091.jpg
building_3,0001661,reference,dataset_splits/10_buildings/building_3/0001661/reference/0001661_093.jpg
building_3,0001661,reference,dataset_splits/10_buildings/building_3/0001661/reference/0001661_109.jpg
building_3,0001661,test,dataset_splits/10_buildings/building_3/0001661/test/0001661_005.jpg
building_3,0001661,test,dataset_splits/10_buildings/building_3/0001661/test/0001661_008.jpg
building_3,0001661,test,dataset_splits/10_buildings/building_3/0001661/test/0001661_015.jpg
building_3,0001661,test,dataset_splits/10_buildings/building_3/0001661/test/0001661_023.jpg
building_3,0001661,test,dataset_splits/10_buildings/building_3/0001661/test/0001661_029.jpg
building_3,0001661,test,dataset_splits/10_buildings/building_3/0001661/test/0001661_034.jpg
building_3,0001661,test,dataset_splits/10_buildings/building_3/0001661/test/0001661_037.jpg
building_3,0001661,test,dataset_splits/10_buildings/building_3/0001661/test/0001661_038.jpg
building_3,0001661,test,dataset_splits/10_buildings/building_3/0001661/test/0001661_049.jpg
building_3,0001661,test,dataset_splits/10_buildings/building_3/0001661/test/0001661_050.jpg
building_3,0001661,test,dataset_splits/10_buildings/building_3/0001661/test/0001661_060.jpg
building_3,0001661,test,dataset_splits/10_buildings/building_3/0001661/test/0001661_067.jpg
building_3,0001661,test,dataset_splits/10_buildings/building_3/0001661/test/0001661_086.jpg
building_3,0001661,test,dataset_splits/10_buildings/building_3/0001661/test/0001661_089.jpg
building_3,0001661,test,dataset_splits/10_buildings/building_3/0001661/test/0001661_092.jpg
building_3,0001661,test,dataset_splits/10_buildings/building_3/0001661/test/0001661_095.jpg
building_3,0001661,test,dataset_splits/10_buildings/building_3/0001661/test/0001661_098.jpg
building_3,0001661,test,dataset_splits/10_buildings/building_3/0001661/test/0001661_099.jpg
building_3,0001661,test,dataset_splits/10_buildings/building_3/0001661/test/0001661_102.jpg
building_3,0001661,test,dataset_splits/10_buildings/building_3/0001661/test/0001661_108.jpg
building_3,0001806,reference,dataset_splits/10_buildings/building_3/0001806/reference/0001806_011.jpg
building_3,0001806,reference,dataset_splits/10_buildings/building_3/0001806/reference/0001806_014.jpg
building_3,0001806,reference,dataset_splits/10_buildings/building_3/0001806/reference/0001806_015.jpg
building_3,0001806,reference,dataset_splits/10_buildings/building_3/0001806/reference/0001806_016.jpg
building_3,0001806,reference,dataset_splits/10_buildings/building_3/0001806/reference/0001806_032.jpg
building_3,0001806,reference,dataset_splits/10_buildings/building_3/0001806/reference/0001806_043.jpg
building_3,0001806,reference,dataset_splits/10_buildings/building_3/0001806/reference/0001806_055.jpg
building_3,0001806,reference,dataset_splits/10_buildings/building_3/0001806/reference/0001806_056.jpg
building_3,0001806,reference,dataset_splits/10_buildings/building_3/0001806/reference/0001806_060.jpg
building_3,0001806,reference,dataset_splits/10_buildings/building_3/0001806/reference/0001806_063.jpg
building_3,0001806,reference,dataset_splits/10_buildings/building_3/0001806/reference/0001806_068.jpg
building_3,0001806,reference,dataset_splits/10_buildings/building_3/0001806/reference/0001806_071.jpg
building_3,0001806,reference,dataset_splits/10_buildings/building_3/0001806/reference/0001806_084.jpg
building_3,0001806,reference,dataset_splits/10_buildings/building_3/0001806/reference/0001806_095.jpg
building_3,0001806,reference,dataset_splits/10_buildings/building_3/0001806/reference/0001806_103.jpg
building_3,0001806,reference,dataset_splits/10_buildings/building_3/0001806/reference/0001806_107.jpg
building_3,0001806,reference,dataset_splits/10_buildings/building_3/0001806/reference/0001806_112.jpg
building_3,0001806,reference,dataset_splits/10_buildings/building_3/0001806/reference/0001806_114.jpg
building_3,0001806,reference,dataset_splits/10_buildings/building_3/0001806/reference/0001806_116.jpg
building_3,0001806,reference,dataset_splits/10_buildings/building_3/0001806/reference/0001806_125.jpg
building_3,0001806,test,dataset_splits/10_buildings/building_3/0001806/test/0001806_005.jpg
building_3,0001806,test,dataset_splits/10_buildings/building_3/0001806/test/0001806_009.jpg
building_3,0001806,test,dataset_splits/10_buildings/building_3/0001806/test/0001806_035.jpg
building_3,0001806,test,dataset_splits/10_buildings/building_3/0001806/test/0001806_036.jpg
building_3,0001806,test,dataset_splits/10_buildings/building_3/0001806/test/0001806_046.jpg
building_3,0001806,test,dataset_splits/10_buildings/building_3/0001806/test/0001806_050.jpg
building_3,0001806,test,dataset_splits/10_buildings/building_3/0001806/test/0001806_053.jpg
building_3,0001806,test,dataset_splits/10_buildings/building_3/0001806/test/0001806_070.jpg
building_3,0001806,test,dataset_splits/10_buildings/building_3/0001806/test/0001806_073.jpg
building_3,0001806,test,dataset_splits/10_buildings/building_3/0001806/test/0001806_077.jpg
building_3,0001806,test,dataset_splits/10_buildings/building_3/0001806/test/0001806_082.jpg
building_3,0001806,test,dataset_splits/10_buildings/building_3/0001806/test/0001806_093.jpg
building_3,0001806,test,dataset_splits/10_buildings/building_3/0001806/test/0001806_094.jpg
building_3,0001806,test,dataset_splits/10_buildings/building_3/0001806/test/0001806_097.jpg
building_3,0001806,test,dataset_splits/10_buildings/building_3/0001806/test/0001806_099.jpg
building_3,0001806,test,dataset_splits/10_buildings/building_3/0001806/test/0001806_110.jpg
building_3,0001806,test,dataset_splits/10_buildings/building_3/0001806/test/0001806_113.jpg
building_3,0001806,test,dataset_splits/10_buildings/building_3/0001806/test/0001806_121.jpg
building_3,0001806,test,dataset_splits/10_buildings/building_3/0001806/test/0001806_122.jpg
building_3,0001806,test,dataset_splits/10_buildings/building_3/0001806/test/0001806_126.jpg
building_3,0001834,reference,dataset_splits/10_buildings/building_3/0001834/reference/0001834_007.jpg
building_3,0001834,reference,dataset_splits/10_buildings/building_3/0001834/reference/0001834_019.jpg
building_3,0001834,reference,dataset_splits/10_buildings/building_3/0001834/reference/0001834_022.jpg
building_3,0001834,reference,dataset_splits/10_buildings/building_3/0001834/reference/0001834_024.jpg
building_3,0001834,reference,dataset_splits/10_buildings/building_3/0001834/reference/0001834_038.jpg
building_3,0001834,reference,dataset_splits/10_buildings/building_3/0001834/reference/0001834_042.jpg
building_3,0001834,reference,dataset_splits/10_buildings/building_3/0001834/reference/0001834_044.jpg
building_3,0001834,reference,dataset_splits/10_buildings/building_3/0001834/reference/0001834_048.jpg
building_3,0001834,reference,dataset_splits/10_buildings/building_3/0001834/reference/0001834_050.jpg
building_3,0001834,reference,dataset_splits/10_buildings/building_3/0001834/reference/0001834_054.jpg
building_3,0001834,reference,dataset_splits/10_buildings/building_3/0001834/reference/0001834_058.jpg
building_3,0001834,reference,dataset_splits/10_buildings/building_3/0001834/reference/0001834_059.jpg
building_3,0001834,reference,dataset_splits/10_buildings/building_3/0001834/reference/0001834_070.jpg
building_3,0001834,reference,dataset_splits/10_buildings/building_3/0001834/reference/0001834_072.jpg
building_3,0001834,reference,dataset_splits/10_buildings/building_3/0001834/reference/0001834_087.jpg
building_3,0001834,reference,dataset_splits/10_buildings/building_3/0001834/reference/0001834_090.jpg
building_3,0001834,reference,dataset_splits/10_buildings/building_3/0001834/reference/0001834_096.jpg
building_3,0001834,reference,dataset_splits/10_buildings/building_3/0001834/reference/0001834_105.jpg
building_3,0001834,reference,dataset_splits/10_buildings/building_3/0001834/reference/0001834_106.jpg
building_3,0001834,reference,dataset_splits/10_buildings/building_3/0001834/reference/0001834_109.jpg
building_3,0001834,test,dataset_splits/10_buildings/building_3/0001834/test/0001834_001.jpg
building_3,0001834,test,dataset_splits/10_buildings/building_3/0001834/test/0001834_010.jpg
building_3,0001834,test,dataset_splits/10_buildings/building_3/0001834/test/0001834_018.jpg
building_3,0001834,test,dataset_splits/10_buildings/building_3/0001834/test/0001834_020.jpg
building_3,0001834,test,dataset_splits/10_buildings/building_3/0001834/test/0001834_021.jpg
building_3,0001834,test,dataset_splits/10_buildings/building_3/0001834/test/0001834_031.jpg
building_3,0001834,test,dataset_splits/10_buildings/building_3/0001834/test/0001834_040.jpg
building_3,0001834,test,dataset_splits/10_buildings/building_3/0001834/test/0001834_047.jpg
building_3,0001834,test,dataset_splits/10_buildings/building_3/0001834/test/0001834_053.jpg
building_3,0001834,test,dataset_splits/10_buildings/building_3/0001834/test/0001834_061.jpg
building_3,0001834,test,dataset_splits/10_buildings/building_3/0001834/test/0001834_065.jpg
building_3,0001834,test,dataset_splits/10_buildings/building_3/0001834/test/0001834_071.jpg
building_3,0001834,test,dataset_splits/10_buildings/building_3/0001834/test/0001834_075.jpg
building_3,0001834,test,dataset_splits/10_buildings/building_3/0001834/test/0001834_079.jpg
building_3,0001834,test,dataset_splits/10_buildings/building_3/0001834/test/0001834_083.jpg
building_3,0001834,test,dataset_splits/10_buildings/building_3/0001834/test/0001834_095.jpg
building_3,0001834,test,dataset_splits/10_buildings/building_3/0001834/test/0001834_099.jpg
building_3,0001834,test,dataset_splits/10_buildings/building_3/0001834/test/0001834_103.jpg
building_3,0001834,test,dataset_splits/10_buildings/building_3/0001834/test/0001834_107.jpg
building_3,0001834,test,dataset_splits/10_buildings/building_3/0001834/test/0001834_110.jpg
building_3,0002003,reference,dataset_splits/10_buildings/building_3/0002003/reference/0002003_002.jpg
building_3,0002003,reference,dataset_splits/10_buildings/building_3/0002003/reference/0002003_003.jpg
building_3,0002003,reference,dataset_splits/10_buildings/building_3/0002003/reference/0002003_007.jpg
building_3,0002003,reference,dataset_splits/10_buildings/building_3/0002003/reference/0002003_011.jpg
building_3,0002003,reference,dataset_splits/10_buildings/building_3/0002003/reference/0002003_018.jpg
building_3,0002003,reference,dataset_splits/10_buildings/building_3/0002003/reference/0002003_019.jpg
building_3,0002003,reference,dataset_splits/10_buildings/building_3/0002003/reference/0002003_021.jpg
building_3,0002003,reference,dataset_splits/10_buildings/building_3/0002003/reference/0002003_022.jpg
building_3,0002003,reference,dataset_splits/10_buildings/building_3/0002003/reference/0002003_025.jpg
building_3,0002003,reference,dataset_splits/10_buildings/building_3/0002003/reference/0002003_026.jpg
building_3,0002003,reference,dataset_splits/10_buildings/building_3/0002003/reference/0002003_027.jpg
building_3,0002003,reference,dataset_splits/10_buildings/building_3/0002003/reference/0002003_031.jpg
building_3,0002003,reference,dataset_splits/10_buildings/building_3/0002003/reference/0002003_032.jpg
building_3,0002003,reference,dataset_splits/10_buildings/building_3/0002003/reference/0002003_035.jpg
building_3,0002003,reference,dataset_splits/10_buildings/building_3/0002003/reference/0002003_043.jpg
building_3,0002003,reference,dataset_splits/10_buildings/building_3/0002003/reference/0002003_044.jpg
building_3,0002003,reference,dataset_splits/10_buildings/building_3/0002003/reference/0002003_047.jpg
building_3,0002003,reference,dataset_splits/10_buildings/building_3/0002003/reference/0002003_048.jpg
building_3,0002003,reference,dataset_splits/10_buildings/building_3/0002003/reference/0002003_049.jpg
building_3,0002003,reference,dataset_splits/10_buildings/building_3/0002003/reference/0002003_050.jpg
building_3,0002003,test,dataset_splits/10_buildings/building_3/0002003/test/0002003_001.jpg
building_3,0002003,test,dataset_splits/10_buildings/building_3/0002003/test/0002003_006.jpg
building_3,0002003,test,dataset_splits/10_buildings/building_3/0002003/test/0002003_012.jpg
building_3,0002003,test,dataset_splits/10_buildings/building_3/0002003/test/0002003_013.jpg
building_3,0002003,test,dataset_splits/10_buildings/building_3/0002003/test/0002003_014.jpg
building_3,0002003,test,dataset_splits/10_buildings/building_3/0002003/test/0002003_015.jpg
building_3,0002003,test,dataset_splits/10_buildings/building_3/0002003/test/0002003_016.jpg
building_3,0002003,test,dataset_splits/10_buildings/building_3/0002003/test/0002003_017.jpg
building_3,0002003,test,dataset_splits/10_buildings/building_3/0002003/test/0002003_023.jpg
building_3,0002003,test,dataset_splits/10_buildings/building_3/0002003/test/0002003_024.jpg
building_3,0002003,test,dataset_splits/10_buildings/building_3/0002003/test/0002003_028.jpg
building_3,0002003,test,dataset_splits/10_buildings/building_3/0002003/test/0002003_029.jpg
building_3,0002003,test,dataset_splits/10_buildings/building_3/0002003/test/0002003_033.jpg
building_3,0002003,test,dataset_splits/10_buildings/building_3/0002003/test/0002003_038.jpg
building_3,0002003,test,dataset_splits/10_buildings/building_3/0002003/test/0002003_039.jpg
building_3,0002003,test,dataset_splits/10_buildings/building_3/0002003/test/0002003_040.jpg
building_3,0002003,test,dataset_splits/10_buildings/building_3/0002003/test/0002003_041.jpg
building_3,0002003,test,dataset_splits/10_buildings/building_3/0002003/test/0002003_042.jpg
building_3,0002003,test,dataset_splits/10_buildings/building_3/0002003/test/0002003_045.jpg
building_3,0002003,test,dataset_splits/10_buildings/building_3/0002003/test/0002003_046.jpg
building_3,0003620,reference,dataset_splits/10_buildings/building_3/0003620/reference/0003620_001.jpg
building_3,0003620,reference,dataset_splits/10_buildings/building_3/0003620/reference/0003620_002.jpg
building_3,0003620,reference,dataset_splits/10_buildings/building_3/0003620/reference/0003620_003.jpg
building_3,0003620,reference,dataset_splits/10_buildings/building_3/0003620/reference/0003620_011.jpg
building_3,0003620,reference,dataset_splits/10_buildings/building_3/0003620/reference/0003620_017.jpg
building_3,0003620,reference,dataset_splits/10_buildings/building_3/0003620/reference/0003620_019.jpg
building_3,0003620,reference,dataset_splits/10_buildings/building_3/0003620/reference/0003620_023.jpg
building_3,0003620,reference,dataset_splits/10_buildings/building_3/0003620/reference/0003620_034.jpg
building_3,0003620,reference,dataset_splits/10_buildings/building_3/0003620/reference/0003620_036.jpg
building_3,0003620,reference,dataset_splits/10_buildings/building_3/0003620/reference/0003620_063.jpg
building_3,0003620,reference,dataset_splits/10_buildings/building_3/0003620/reference/0003620_070.jpg
building_3,0003620,reference,dataset_splits/10_buildings/building_3/0003620/reference/0003620_073.jpg
building_3,0003620,reference,dataset_splits/10_buildings/building_3/0003620/reference/0003620_082.jpg
building_3,0003620,reference,dataset_splits/10_buildings/building_3/0003620/reference/0003620_084.jpg
building_3,0003620,reference,dataset_splits/10_buildings/building_3/0003620/reference/0003620_087.jpg
building_3,0003620,reference,dataset_splits/10_buildings/building_3/0003620/reference/0003620_090.jpg
building_3,0003620,reference,dataset_splits/10_buildings/building_3/0003620/reference/0003620_103.jpg
building_3,0003620,reference,dataset_splits/10_buildings/building_3/0003620/reference/0003620_104.jpg
building_3,0003620,reference,dataset_splits/10_buildings/building_3/0003620/reference/0003620_106.jpg
building_3,0003620,reference,dataset_splits/10_buildings/building_3/0003620/reference/0003620_112.jpg
building_3,0003620,test,dataset_splits/10_buildings/building_3/0003620/test/0003620_006.jpg
building_3,0003620,test,dataset_splits/10_buildings/building_3/0003620/test/0003620_009.jpg
building_3,0003620,test,dataset_splits/10_buildings/building_3/0003620/test/0003620_014.jpg
building_3,0003620,test,dataset_splits/10_buildings/building_3/0003620/test/0003620_015.jpg
building_3,0003620,test,dataset_splits/10_buildings/building_3/0003620/test/0003620_018.jpg
building_3,0003620,test,dataset_splits/10_buildings/building_3/0003620/test/0003620_026.jpg
building_3,0003620,test,dataset_splits/10_buildings/building_3/0003620/test/0003620_030.jpg
building_3,0003620,test,dataset_splits/10_buildings/building_3/0003620/test/0003620_031.jpg
building_3,0003620,test,dataset_splits/10_buildings/building_3/0003620/test/0003620_037.jpg
building_3,0003620,test,dataset_splits/10_buildings/building_3/0003620/test/0003620_042.jpg
building_3,0003620,test,dataset_splits/10_buildings/building_3/0003620/test/0003620_051.jpg
building_3,0003620,test,dataset_splits/10_buildings/building_3/0003620/test/0003620_075.jpg
building_3,0003620,test,dataset_splits/10_buildings/building_3/0003620/test/0003620_077.jpg
building_3,0003620,test,dataset_splits/10_buildings/building_3/0003620/test/0003620_078.jpg
building_3,0003620,test,dataset_splits/10_buildings/building_3/0003620/test/0003620_086.jpg
building_3,0003620,test,dataset_splits/10_buildings/building_3/0003620/test/0003620_088.jpg
building_3,0003620,test,dataset_splits/10_buildings/building_3/0003620/test/0003620_091.jpg
building_3,0003620,test,dataset_splits/10_buildings/building_3/0003620/test/0003620_098.jpg
building_3,0003620,test,dataset_splits/10_buildings/building_3/0003620/test/0003620_100.jpg
building_3,0003620,test,dataset_splits/10_buildings/building_3/0003620/test/0003620_105.jpg
building_3,0003941,reference,dataset_splits/10_buildings/building_3/0003941/reference/0003941_001.jpg
building_3,0003941,reference,dataset_splits/10_buildings/building_3/0003941/reference/0003941_004.jpg
building_3,0003941,reference,dataset_splits/10_buildings/building_3/0003941/reference/0003941_011.jpg
building_3,0003941,reference,dataset_splits/10_buildings/building_3/0003941/reference/0003941_020.jpg
building_3,0003941,reference,dataset_splits/10_buildings/building_3/0003941/reference/0003941_025.jpg
building_3,0003941,reference,dataset_splits/10_buildings/building_3/0003941/reference/0003941_035.jpg
building_3,0003941,reference,dataset_splits/10_buildings/building_3/0003941/reference/0003941_037.jpg
building_3,0003941,reference,dataset_splits/10_buildings/building_3/0003941/reference/0003941_039.jpg
building_3,0003941,reference,dataset_splits/10_buildings/building_3/0003941/reference/0003941_040.jpg
building_3,0003941,reference,dataset_splits/10_buildings/building_3/0003941/reference/0003941_048.jpg
building_3,0003941,reference,dataset_splits/10_buildings/building_3/0003941/reference/0003941_050.jpg
building_3,0003941,reference,dataset_splits/10_buildings/building_3/0003941/reference/0003941_062.jpg
building_3,0003941,reference,dataset_splits/10_buildings/building_3/0003941/reference/0003941_075.jpg
building_3,0003941,reference,dataset_splits/10_buildings/building_3/0003941/reference/0003941_077.jpg
building_3,0003941,reference,dataset_splits/10_buildings/building_3/0003941/reference/0003941_094.jpg
building_3,0003941,reference,dataset_splits/10_buildings/building_3/0003941/reference/0003941_096.jpg
building_3,0003941,reference,dataset_splits/10_buildings/building_3/0003941/reference/0003941_104.jpg
building_3,0003941,reference,dataset_splits/10_buildings/building_3/0003941/reference/0003941_105.jpg
building_3,0003941,reference,dataset_splits/10_buildings/building_3/0003941/reference/0003941_128.jpg
building_3,0003941,reference,dataset_splits/10_buildings/building_3/0003941/reference/0003941_130.jpg
building_3,0003941,test,dataset_splits/10_buildings/building_3/0003941/test/0003941_013.jpg
building_3,0003941,test,dataset_splits/10_buildings/building_3/0003941/test/0003941_014.jpg
building_3,0003941,test,dataset_splits/10_buildings/building_3/0003941/test/0003941_028.jpg
building_3,0003941,test,dataset_splits/10_buildings/building_3/0003941/test/0003941_029.jpg
building_3,0003941,test,dataset_splits/10_buildings/building_3/0003941/test/0003941_033.jpg
building_3,0003941,test,dataset_splits/10_buildings/building_3/0003941/test/0003941_034.jpg
building_3,0003941,test,dataset_splits/10_buildings/building_3/0003941/test/0003941_046.jpg
building_3,0003941,test,dataset_splits/10_buildings/building_3/0003941/test/0003941_053.jpg
building_3,0003941,test,dataset_splits/10_buildings/building_3/0003941/test/0003941_054.jpg
building_3,0003941,test,dataset_splits/10_buildings/building_3/0003941/test/0003941_060.jpg
building_3,0003941,test,dataset_splits/10_buildings/building_3/0003941/test/0003941_069.jpg
building_3,0003941,test,dataset_splits/10_buildings/building_3/0003941/test/0003941_080.jpg
building_3,0003941,test,dataset_splits/10_buildings/building_3/0003941/test/0003941_089.jpg
building_3,0003941,test,dataset_splits/10_buildings/building_3/0003941/test/0003941_101.jpg
building_3,0003941,test,dataset_splits/10_buildings/building_3/0003941/test/0003941_111.jpg
building_3,0003941,test,dataset_splits/10_buildings/building_3/0003941/test/0003941_117.jpg
building_3,0003941,test,dataset_splits/10_buildings/building_3/0003941/test/0003941_123.jpg
building_3,0003941,test,dataset_splits/10_buildings/building_3/0003941/test/0003941_127.jpg
building_3,0003941,test,dataset_splits/10_buildings/building_3/0003941/test/0003941_129.jpg
building_3,0003941,test,dataset_splits/10_buildings/building_3/0003941/test/0003941_134.jpg
building_3,0004715,reference,dataset_splits/10_buildings/building_3/0004715/reference/0004715_024.jpg
building_3,0004715,reference,dataset_splits/10_buildings/building_3/0004715/reference/0004715_038.jpg
building_3,0004715,reference,dataset_splits/10_buildings/building_3/0004715/reference/0004715_041.jpg
building_3,0004715,reference,dataset_splits/10_buildings/building_3/0004715/reference/0004715_042.jpg
building_3,0004715,reference,dataset_splits/10_buildings/building_3/0004715/reference/0004715_053.jpg
building_3,0004715,reference,dataset_splits/10_buildings/building_3/0004715/reference/0004715_054.jpg
building_3,0004715,reference,dataset_splits/10_buildings/building_3/0004715/reference/0004715_059.jpg
building_3,0004715,reference,dataset_splits/10_buildings/building_3/0004715/reference/0004715_068.jpg
building_3,0004715,reference,dataset_splits/10_buildings/building_3/0004715/reference/0004715_080.jpg
building_3,0004715,reference,dataset_splits/10_buildings/building_3/0004715/reference/0004715_116.jpg
building_3,0004715,reference,dataset_splits/10_buildings/building_3/0004715/reference/0004715_122.jpg
building_3,0004715,reference,dataset_splits/10_buildings/building_3/0004715/reference/0004715_123.jpg
building_3,0004715,reference,dataset_splits/10_buildings/building_3/0004715/reference/0004715_143.jpg
building_3,0004715,reference,dataset_splits/10_buildings/building_3/0004715/reference/0004715_145.jpg
building_3,0004715,reference,dataset_splits/10_buildings/building_3/0004715/reference/0004715_167.jpg
building_3,0004715,reference,dataset_splits/10_buildings/building_3/0004715/reference/0004715_180.jpg
building_3,0004715,reference,dataset_splits/10_buildings/building_3/0004715/reference/0004715_247.jpg
building_3,0004715,reference,dataset_splits/10_buildings/building_3/0004715/reference/0004715_265.jpg
building_3,0004715,reference,dataset_splits/10_buildings/building_3/0004715/reference/0004715_268.jpg
building_3,0004715,reference,dataset_splits/10_buildings/building_3/0004715/reference/0004715_270.jpg
building_3,0004715,test,dataset_splits/10_buildings/building_3/0004715/test/0004715_014.jpg
building_3,0004715,test,dataset_splits/10_buildings/building_3/0004715/test/0004715_020.jpg
building_3,0004715,test,dataset_splits/10_buildings/building_3/0004715/test/0004715_025.jpg
building_3,0004715,test,dataset_splits/10_buildings/building_3/0004715/test/0004715_035.jpg
building_3,0004715,test,dataset_splits/10_buildings/building_3/0004715/test/0004715_069.jpg
building_3,0004715,test,dataset_splits/10_buildings/building_3/0004715/test/0004715_107.jpg
building_3,0004715,test,dataset_splits/10_buildings/building_3/0004715/test/0004715_114.jpg
building_3,0004715,test,dataset_splits/10_buildings/building_3/0004715/test/0004715_141.jpg
building_3,0004715,test,dataset_splits/10_buildings/building_3/0004715/test/0004715_151.jpg
building_3,0004715,test,dataset_splits/10_buildings/building_3/0004715/test/0004715_157.jpg
building_3,0004715,test,dataset_splits/10_buildings/building_3/0004715/test/0004715_158.jpg
building_3,0004715,test,dataset_splits/10_buildings/building_3/0004715/test/0004715_165.jpg
building_3,0004715,test,dataset_splits/10_buildings/building_3/0004715/test/0004715_179.jpg
building_3,0004715,test,dataset_splits/10_buildings/building_3/0004715/test/0004715_187.jpg
building_3,0004715,test,dataset_splits/10_buildings/building_3/0004715/test/0004715_191.jpg
building_3,0004715,test,dataset_splits/10_buildings/building_3/0004715/test/0004715_194.jpg
building_3,0004715,test,dataset_splits/10_buildings/building_3/0004715/test/0004715_217.jpg
building_3,0004715,test,dataset_splits/10_buildings/building_3/0004715/test/0004715_250.jpg
building_3,0004715,test,dataset_splits/10_buildings/building_3/0004715/test/0004715_253.jpg
building_3,0004715,test,dataset_splits/10_buildings/building_3/0004715/test/0004715_256.jpg
building_3,0004716,reference,dataset_splits/10_buildings/building_3/0004716/reference/0004716_004.jpg
building_3,0004716,reference,dataset_splits/10_buildings/building_3/0004716/reference/0004716_005.jpg
building_3,0004716,reference,dataset_splits/10_buildings/building_3/0004716/reference/0004716_006.jpg
building_3,0004716,reference,dataset_splits/10_buildings/building_3/0004716/reference/0004716_012.jpg
building_3,0004716,reference,dataset_splits/10_buildings/building_3/0004716/reference/0004716_016.jpg
building_3,0004716,reference,dataset_splits/10_buildings/building_3/0004716/reference/0004716_018.jpg
building_3,0004716,reference,dataset_splits/10_buildings/building_3/0004716/reference/0004716_023.jpg
building_3,0004716,reference,dataset_splits/10_buildings/building_3/0004716/reference/0004716_027.jpg
building_3,0004716,reference,dataset_splits/10_buildings/building_3/0004716/reference/0004716_029.jpg
building_3,0004716,reference,dataset_splits/10_buildings/building_3/0004716/reference/0004716_033.jpg
building_3,0004716,reference,dataset_splits/10_buildings/building_3/0004716/reference/0004716_053.jpg
building_3,0004716,reference,dataset_splits/10_buildings/building_3/0004716/reference/0004716_065.jpg
building_3,0004716,reference,dataset_splits/10_buildings/building_3/0004716/reference/0004716_086.jpg
building_3,0004716,reference,dataset_splits/10_buildings/building_3/0004716/reference/0004716_088.jpg
building_3,0004716,reference,dataset_splits/10_buildings/building_3/0004716/reference/0004716_097.jpg
building_3,0004716,reference,dataset_splits/10_buildings/building_3/0004716/reference/0004716_104.jpg
building_3,0004716,reference,dataset_splits/10_buildings/building_3/0004716/reference/0004716_106.jpg
building_3,0004716,reference,dataset_splits/10_buildings/building_3/0004716/reference/0004716_117.jpg
building_3,0004716,reference,dataset_splits/10_buildings/building_3/0004716/reference/0004716_118.jpg
building_3,0004716,reference,dataset_splits/10_buildings/building_3/0004716/reference/0004716_126.jpg
building_3,0004716,test,dataset_splits/10_buildings/building_3/0004716/test/0004716_019.jpg
building_3,0004716,test,dataset_splits/10_buildings/building_3/0004716/test/0004716_032.jpg
building_3,0004716,test,dataset_splits/10_buildings/building_3/0004716/test/0004716_037.jpg
building_3,0004716,test,dataset_splits/10_buildings/building_3/0004716/test/0004716_040.jpg
building_3,0004716,test,dataset_splits/10_buildings/building_3/0004716/test/0004716_044.jpg
building_3,0004716,test,dataset_splits/10_buildings/building_3/0004716/test/0004716_046.jpg
building_3,0004716,test,dataset_splits/10_buildings/building_3/0004716/test/0004716_050.jpg
building_3,0004716,test,dataset_splits/10_buildings/building_3/0004716/test/0004716_052.jpg
building_3,0004716,test,dataset_splits/10_buildings/building_3/0004716/test/0004716_054.jpg
building_3,0004716,test,dataset_splits/10_buildings/building_3/0004716/test/0004716_058.jpg
building_3,0004716,test,dataset_splits/10_buildings/building_3/0004716/test/0004716_062.jpg
building_3,0004716,test,dataset_splits/10_buildings/building_3/0004716/test/0004716_071.jpg
building_3,0004716,test,dataset_splits/10_buildings/building_3/0004716/test/0004716_074.jpg
building_3,0004716,test,dataset_splits/10_buildings/building_3/0004716/test/0004716_082.jpg
building_3,0004716,test,dataset_splits/10_buildings/building_3/0004716/test/0004716_096.jpg
building_3,0004716,test,dataset_splits/10_buildings/building_3/0004716/test/0004716_100.jpg
building_3,0004716,test,dataset_splits/10_buildings/building_3/0004716/test/0004716_111.jpg
building_3,0004716,test,dataset_splits/10_buildings/building_3/0004716/test/0004716_114.jpg
building_3,0004716,test,dataset_splits/10_buildings/building_3/0004716/test/0004716_121.jpg
building_3,0004716,test,dataset_splits/10_buildings/building_3/0004716/test/0004716_124.jpg
building_3,0004741,reference,dataset_splits/10_buildings/building_3/0004741/reference/0004741_011.jpg
building_3,0004741,reference,dataset_splits/10_buildings/building_3/0004741/reference/0004741_012.jpg
building_3,0004741,reference,dataset_splits/10_buildings/building_3/0004741/reference/0004741_021.jpg
building_3,0004741,reference,dataset_splits/10_buildings/building_3/0004741/reference/0004741_037.jpg
building_3,0004741,reference,dataset_splits/10_buildings/building_3/0004741/reference/0004741_081.jpg
building_3,0004741,reference,dataset_splits/10_buildings/building_3/0004741/reference/0004741_089.jpg
building_3,0004741,reference,dataset_splits/10_buildings/building_3/0004741/reference/0004741_100.jpg
building_3,0004741,reference,dataset_splits/10_buildings/building_3/0004741/reference/0004741_101.jpg
building_3,0004741,reference,dataset_splits/10_buildings/building_3/0004741/reference/0004741_108.jpg
building_3,0004741,reference,dataset_splits/10_buildings/building_3/0004741/reference/0004741_116.jpg
building_3,0004741,reference,dataset_splits/10_buildings/building_3/0004741/reference/0004741_140.jpg
building_3,0004741,reference,dataset_splits/10_buildings/building_3/0004741/reference/0004741_143.jpg
building_3,0004741,reference,dataset_splits/10_buildings/building_3/0004741/reference/0004741_201.jpg
building_3,0004741,reference,dataset_splits/10_buildings/building_3/0004741/reference/0004741_203.jpg
building_3,0004741,reference,dataset_splits/10_buildings/building_3/0004741/reference/0004741_208.jpg
building_3,0004741,reference,dataset_splits/10_buildings/building_3/0004741/reference/0004741_209.jpg
building_3,0004741,reference,dataset_splits/10_buildings/building_3/0004741/reference/0004741_228.jpg
building_3,0004741,reference,dataset_splits/10_buildings/building_3/0004741/reference/0004741_232.jpg
building_3,0004741,reference,dataset_splits/10_buildings/building_3/0004741/reference/0004741_236.jpg
building_3,0004741,reference,dataset_splits/10_buildings/building_3/0004741/reference/0004741_238.jpg
building_3,0004741,test,dataset_splits/10_buildings/building_3/0004741/test/0004741_022.jpg
building_3,0004741,test,dataset_splits/10_buildings/building_3/0004741/test/0004741_026.jpg
building_3,0004741,test,dataset_splits/10_buildings/building_3/0004741/test/0004741_038.jpg
building_3,0004741,test,dataset_splits/10_buildings/building_3/0004741/test/0004741_045.jpg
building_3,0004741,test,dataset_splits/10_buildings/building_3/0004741/test/0004741_046.jpg
building_3,0004741,test,dataset_splits/10_buildings/building_3/0004741/test/0004741_077.jpg
building_3,0004741,test,dataset_splits/10_buildings/building_3/0004741/test/0004741_095.jpg
building_3,0004741,test,dataset_splits/10_buildings/building_3/0004741/test/0004741_103.jpg
building_3,0004741,test,dataset_splits/10_buildings/building_3/0004741/test/0004741_110.jpg
building_3,0004741,test,dataset_splits/10_buildings/building_3/0004741/test/0004741_121.jpg
building_3,0004741,test,dataset_splits/10_buildings/building_3/0004741/test/0004741_125.jpg
building_3,0004741,test,dataset_splits/10_buildings/building_3/0004741/test/0004741_150.jpg
building_3,0004741,test,dataset_splits/10_buildings/building_3/0004741/test/0004741_161.jpg
building_3,0004741,test,dataset_splits/10_buildings/building_3/0004741/test/0004741_170.jpg
building_3,0004741,test,dataset_splits/10_buildings/building_3/0004741/test/0004741_175.jpg
building_3,0004741,test,dataset_splits/10_buildings/building_3/0004741/test/0004741_194.jpg
building_3,0004741,test,dataset_splits/10_buildings/building_3/0004741/test/0004741_195.jpg
building_3,0004741,test,dataset_splits/10_buildings/building_3/0004741/test/0004741_220.jpg
building_3,0004741,test,dataset_splits/10_buildings/building_3/0004741/test/0004741_221.jpg
building_3,0004741,test,dataset_splits/10_buildings/building_3/0004741/test/0004741_222.jpg
building_3,0004744,reference,dataset_splits/10_buildings/building_3/0004744/reference/0004744_001.jpg
building_3,0004744,reference,dataset_splits/10_buildings/building_3/0004744/reference/0004744_002.jpg
building_3,0004744,reference,dataset_splits/10_buildings/building_3/0004744/reference/0004744_006.jpg
building_3,0004744,reference,dataset_splits/10_buildings/building_3/0004744/reference/0004744_009.jpg
building_3,0004744,reference,dataset_splits/10_buildings/building_3/0004744/reference/0004744_011.jpg
building_3,0004744,reference,dataset_splits/10_buildings/building_3/0004744/reference/0004744_014.jpg
building_3,0004744,reference,dataset_splits/10_buildings/building_3/0004744/reference/0004744_016.jpg
building_3,0004744,reference,dataset_splits/10_buildings/building_3/0004744/reference/0004744_017.jpg
building_3,0004744,reference,dataset_splits/10_buildings/building_3/0004744/reference/0004744_028.jpg
building_3,0004744,reference,dataset_splits/10_buildings/building_3/0004744/reference/0004744_030.jpg
building_3,0004744,reference,dataset_splits/10_buildings/building_3/0004744/reference/0004744_035.jpg
building_3,0004744,reference,dataset_splits/10_buildings/building_3/0004744/reference/0004744_039.jpg
building_3,0004744,reference,dataset_splits/10_buildings/building_3/0004744/reference/0004744_046.jpg
building_3,0004744,reference,dataset_splits/10_buildings/building_3/0004744/reference/0004744_056.jpg
building_3,0004744,reference,dataset_splits/10_buildings/building_3/0004744/reference/0004744_057.jpg
building_3,0004744,reference,dataset_splits/10_buildings/building_3/0004744/reference/0004744_058.jpg
building_3,0004744,reference,dataset_splits/10_buildings/building_3/0004744/reference/0004744_061.jpg
building_3,0004744,reference,dataset_splits/10_buildings/building_3/0004744/reference/0004744_064.jpg
building_3,0004744,reference,dataset_splits/10_buildings/building_3/0004744/reference/0004744_066.jpg
building_3,0004744,reference,dataset_splits/10_buildings/building_3/0004744/reference/0004744_067.jpg
building_3,0004744,test,dataset_splits/10_buildings/building_3/0004744/test/0004744_003.jpg
building_3,0004744,test,dataset_splits/10_buildings/building_3/0004744/test/0004744_007.jpg
building_3,0004744,test,dataset_splits/10_buildings/building_3/0004744/test/0004744_008.jpg
building_3,0004744,test,dataset_splits/10_buildings/building_3/0004744/test/0004744_012.jpg
building_3,0004744,test,dataset_splits/10_buildings/building_3/0004744/test/0004744_022.jpg
building_3,0004744,test,dataset_splits/10_buildings/building_3/0004744/test/0004744_023.jpg
building_3,0004744,test,dataset_splits/10_buildings/building_3/0004744/test/0004744_025.jpg
building_3,0004744,test,dataset_splits/10_buildings/building_3/0004744/test/0004744_033.jpg
building_3,0004744,test,dataset_splits/10_buildings/building_3/0004744/test/0004744_034.jpg
building_3,0004744,test,dataset_splits/10_buildings/building_3/0004744/test/0004744_040.jpg
building_3,0004744,test,dataset_splits/10_buildings/building_3/0004744/test/0004744_041.jpg
building_3,0004744,test,dataset_splits/10_buildings/building_3/0004744/test/0004744_042.jpg
building_3,0004744,test,dataset_splits/10_buildings/building_3/0004744/test/0004744_044.jpg
building_3,0004744,test,dataset_splits/10_buildings/building_3/0004744/test/0004744_045.jpg
building_3,0004744,test,dataset_splits/10_buildings/building_3/0004744/test/0004744_047.jpg
building_3,0004744,test,dataset_splits/10_buildings/building_3/0004744/test/0004744_049.jpg
building_3,0004744,test,dataset_splits/10_buildings/building_3/0004744/test/0004744_059.jpg
building_3,0004744,test,dataset_splits/10_buildings/building_3/0004744/test/0004744_063.jpg
building_3,0004744,test,dataset_splits/10_buildings/building_3/0004744/test/0004744_069.jpg
building_3,0004744,test,dataset_splits/10_buildings/building_3/0004744/test/0004744_071.jpg
building_3,0004757,reference,dataset_splits/10_buildings/building_3/0004757/reference/0004757_001.jpg
building_3,0004757,reference,dataset_splits/10_buildings/building_3/0004757/reference/0004757_029.jpg
building_3,0004757,reference,dataset_splits/10_buildings/building_3/0004757/reference/0004757_038.jpg
building_3,0004757,reference,dataset_splits/10_buildings/building_3/0004757/reference/0004757_065.jpg
building_3,0004757,reference,dataset_splits/10_buildings/building_3/0004757/reference/0004757_072.jpg
building_3,0004757,reference,dataset_splits/10_buildings/building_3/0004757/reference/0004757_088.jpg
building_3,0004757,reference,dataset_splits/10_buildings/building_3/0004757/reference/0004757_090.jpg
building_3,0004757,reference,dataset_splits/10_buildings/building_3/0004757/reference/0004757_093.jpg
building_3,0004757,reference,dataset_splits/10_buildings/building_3/0004757/reference/0004757_094.jpg
building_3,0004757,reference,dataset_splits/10_buildings/building_3/0004757/reference/0004757_105.jpg
building_3,0004757,reference,dataset_splits/10_buildings/building_3/0004757/reference/0004757_106.jpg
building_3,0004757,reference,dataset_splits/10_buildings/building_3/0004757/reference/0004757_117.jpg
building_3,0004757,reference,dataset_splits/10_buildings/building_3/0004757/reference/0004757_119.jpg
building_3,0004757,reference,dataset_splits/10_buildings/building_3/0004757/reference/0004757_122.jpg
building_3,0004757,reference,dataset_splits/10_buildings/building_3/0004757/reference/0004757_128.jpg
building_3,0004757,reference,dataset_splits/10_buildings/building_3/0004757/reference/0004757_147.jpg
building_3,0004757,reference,dataset_splits/10_buildings/building_3/0004757/reference/0004757_164.jpg
building_3,0004757,reference,dataset_splits/10_buildings/building_3/0004757/reference/0004757_170.jpg
building_3,0004757,reference,dataset_splits/10_buildings/building_3/0004757/reference/0004757_173.jpg
building_3,0004757,reference,dataset_splits/10_buildings/building_3/0004757/reference/0004757_181.jpg
building_3,0004757,test,dataset_splits/10_buildings/building_3/0004757/test/0004757_002.jpg
building_3,0004757,test,dataset_splits/10_buildings/building_3/0004757/test/0004757_005.jpg
building_3,0004757,test,dataset_splits/10_buildings/building_3/0004757/test/0004757_010.jpg
building_3,0004757,test,dataset_splits/10_buildings/building_3/0004757/test/0004757_015.jpg
building_3,0004757,test,dataset_splits/10_buildings/building_3/0004757/test/0004757_046.jpg
building_3,0004757,test,dataset_splits/10_buildings/building_3/0004757/test/0004757_066.jpg
building_3,0004757,test,dataset_splits/10_buildings/building_3/0004757/test/0004757_079.jpg
building_3,0004757,test,dataset_splits/10_buildings/building_3/0004757/test/0004757_082.jpg
building_3,0004757,test,dataset_splits/10_buildings/building_3/0004757/test/0004757_110.jpg
building_3,0004757,test,dataset_splits/10_buildings/building_3/0004757/test/0004757_112.jpg
building_3,0004757,test,dataset_splits/10_buildings/building_3/0004757/test/0004757_118.jpg
building_3,0004757,test,dataset_splits/10_buildings/building_3/0004757/test/0004757_123.jpg
building_3,0004757,test,dataset_splits/10_buildings/building_3/0004757/test/0004757_125.jpg
building_3,0004757,test,dataset_splits/10_buildings/building_3/0004757/test/0004757_127.jpg
building_3,0004757,test,dataset_splits/10_buildings/building_3/0004757/test/0004757_138.jpg
building_3,0004757,test,dataset_splits/10_buildings/building_3/0004757/test/0004757_150.jpg
building_3,0004757,test,dataset_splits/10_buildings/building_3/0004757/test/0004757_154.jpg
building_3,0004757,test,dataset_splits/10_buildings/building_3/0004757/test/0004757_171.jpg
building_3,0004757,test,dataset_splits/10_buildings/building_3/0004757/test/0004757_179.jpg
building_3,0004757,test,dataset_splits/10_buildings/building_3/0004757/test/0004757_184.jpg
building_3,0004779,reference,dataset_splits/10_buildings/building_3/0004779/reference/0004779_002.jpg
building_3,0004779,reference,dataset_splits/10_buildings/building_3/0004779/reference/0004779_003.jpg
building_3,0004779,reference,dataset_splits/10_buildings/building_3/0004779/reference/0004779_004.jpg
building_3,0004779,reference,dataset_splits/10_buildings/building_3/0004779/reference/0004779_013.jpg
building_3,0004779,reference,dataset_splits/10_buildings/building_3/0004779/reference/0004779_016.jpg
building_3,0004779,reference,dataset_splits/10_buildings/building_3/0004779/reference/0004779_018.jpg
building_3,0004779,reference,dataset_splits/10_buildings/building_3/0004779/reference/0004779_020.jpg
building_3,0004779,reference,dataset_splits/10_buildings/building_3/0004779/reference/0004779_021.jpg
building_3,0004779,reference,dataset_splits/10_buildings/building_3/0004779/reference/0004779_023.jpg
building_3,0004779,reference,dataset_splits/10_buildings/building_3/0004779/reference/0004779_025.jpg
building_3,0004779,reference,dataset_splits/10_buildings/building_3/0004779/reference/0004779_031.jpg
building_3,0004779,reference,dataset_splits/10_buildings/building_3/0004779/reference/0004779_034.jpg
building_3,0004779,reference,dataset_splits/10_buildings/building_3/0004779/reference/0004779_036.jpg
building_3,0004779,reference,dataset_splits/10_buildings/building_3/0004779/reference/0004779_037.jpg
building_3,0004779,reference,dataset_splits/10_buildings/building_3/0004779/reference/0004779_043.jpg
building_3,0004779,reference,dataset_splits/10_buildings/building_3/0004779/reference/0004779_044.jpg
building_3,0004779,reference,dataset_splits/10_buildings/building_3/0004779/reference/0004779_047.jpg
building_3,0004779,reference,dataset_splits/10_buildings/building_3/0004779/reference/0004779_048.jpg
building_3,0004779,reference,dataset_splits/10_buildings/building_3/0004779/reference/0004779_052.jpg
building_3,0004779,reference,dataset_splits/10_buildings/building_3/0004779/reference/0004779_053.jpg
building_3,0004779,test,dataset_splits/10_buildings/building_3/0004779/test/0004779_001.jpg
building_3,0004779,test,dataset_splits/10_buildings/building_3/0004779/test/0004779_006.jpg
building_3,0004779,test,dataset_splits/10_buildings/building_3/0004779/test/0004779_012.jpg
building_3,0004779,test,dataset_splits/10_buildings/building_3/0004779/test/0004779_014.jpg
building_3,0004779,test,dataset_splits/10_buildings/building_3/0004779/test/0004779_017.jpg
building_3,0004779,test,dataset_splits/10_buildings/building_3/0004779/test/0004779_019.jpg
building_3,0004779,test,dataset_splits/10_buildings/building_3/0004779/test/0004779_024.jpg
building_3,0004779,test,dataset_splits/10_buildings/building_3/0004779/test/0004779_026.jpg
building_3,0004779,test,dataset_splits/10_buildings/building_3/0004779/test/0004779_027.jpg
building_3,0004779,test,dataset_splits/10_buildings/building_3/0004779/test/0004779_028.jpg
building_3,0004779,test,dataset_splits/10_buildings/building_3/0004779/test/0004779_029.jpg
building_3,0004779,test,dataset_splits/10_buildings/building_3/0004779/test/0004779_030.jpg
building_3,0004779,test,dataset_splits/10_buildings/building_3/0004779/test/0004779_032.jpg
building_3,0004779,test,dataset_splits/10_buildings/building_3/0004779/test/0004779_035.jpg
building_3,0004779,test,dataset_splits/10_buildings/building_3/0004779/test/0004779_038.jpg
building_3,0004779,test,dataset_splits/10_buildings/building_3/0004779/test/0004779_039.jpg
building_3,0004779,test,dataset_splits/10_buildings/building_3/0004779/test/0004779_041.jpg
building_3,0004779,test,dataset_splits/10_buildings/building_3/0004779/test/0004779_046.jpg
building_3,0004779,test,dataset_splits/10_buildings/building_3/0004779/test/0004779_049.jpg
building_3,0004779,test,dataset_splits/10_buildings/building_3/0004779/test/0004779_051.jpg
building_3,0004806,reference,dataset_splits/10_buildings/building_3/0004806/reference/0004806_009.jpg
building_3,0004806,reference,dataset_splits/10_buildings/building_3/0004806/reference/0004806_010.jpg
building_3,0004806,reference,dataset_splits/10_buildings/building_3/0004806/reference/0004806_012.jpg
building_3,0004806,reference,dataset_splits/10_buildings/building_3/0004806/reference/0004806_015.jpg
building_3,0004806,reference,dataset_splits/10_buildings/building_3/0004806/reference/0004806_016.jpg
building_3,0004806,reference,dataset_splits/10_buildings/building_3/0004806/reference/0004806_021.jpg
building_3,0004806,reference,dataset_splits/10_buildings/building_3/0004806/reference/0004806_023.jpg
building_3,0004806,reference,dataset_splits/10_buildings/building_3/0004806/reference/0004806_024.jpg
building_3,0004806,reference,dataset_splits/10_buildings/building_3/0004806/reference/0004806_025.jpg
building_3,0004806,reference,dataset_splits/10_buildings/building_3/0004806/reference/0004806_027.jpg
building_3,0004806,reference,dataset_splits/10_buildings/building_3/0004806/reference/0004806_031.jpg
building_3,0004806,reference,dataset_splits/10_buildings/building_3/0004806/reference/0004806_041.jpg
building_3,0004806,reference,dataset_splits/10_buildings/building_3/0004806/reference/0004806_048.jpg
building_3,0004806,reference,dataset_splits/10_buildings/building_3/0004806/reference/0004806_049.jpg
building_3,0004806,reference,dataset_splits/10_buildings/building_3/0004806/reference/0004806_052.jpg
building_3,0004806,reference,dataset_splits/10_buildings/building_3/0004806/reference/0004806_053.jpg
building_3,0004806,reference,dataset_splits/10_buildings/building_3/0004806/reference/0004806_054.jpg
building_3,0004806,reference,dataset_splits/10_buildings/building_3/0004806/reference/0004806_057.jpg
building_3,0004806,reference,dataset_splits/10_buildings/building_3/0004806/reference/0004806_059.jpg
building_3,0004806,reference,dataset_splits/10_buildings/building_3/0004806/reference/0004806_062.jpg
building_3,0004806,test,dataset_splits/10_buildings/building_3/0004806/test/0004806_002.jpg
building_3,0004806,test,dataset_splits/10_buildings/building_3/0004806/test/0004806_003.jpg
building_3,0004806,test,dataset_splits/10_buildings/building_3/0004806/test/0004806_005.jpg
building_3,0004806,test,dataset_splits/10_buildings/building_3/0004806/test/0004806_007.jpg
building_3,0004806,test,dataset_splits/10_buildings/building_3/0004806/test/0004806_014.jpg
building_3,0004806,test,dataset_splits/10_buildings/building_3/0004806/test/0004806_030.jpg
building_3,0004806,test,dataset_splits/10_buildings/building_3/0004806/test/0004806_032.jpg
building_3,0004806,test,dataset_splits/10_buildings/building_3/0004806/test/0004806_035.jpg
building_3,0004806,test,dataset_splits/10_buildings/building_3/0004806/test/0004806_036.jpg
building_3,0004806,test,dataset_splits/10_buildings/building_3/0004806/test/0004806_037.jpg
building_3,0004806,test,dataset_splits/10_buildings/building_3/0004806/test/0004806_038.jpg
building_3,0004806,test,dataset_splits/10_buildings/building_3/0004806/test/0004806_039.jpg
building_3,0004806,test,dataset_splits/10_buildings/building_3/0004806/test/0004806_040.jpg
building_3,0004806,test,dataset_splits/10_buildings/building_3/0004806/test/0004806_043.jpg
building_3,0004806,test,dataset_splits/10_buildings/building_3/0004806/test/0004806_045.jpg
building_3,0004806,test,dataset_splits/10_buildings/building_3/0004806/test/0004806_046.jpg
building_3,0004806,test,dataset_splits/10_buildings/building_3/0004806/test/0004806_055.jpg
building_3,0004806,test,dataset_splits/10_buildings/building_3/0004806/test/0004806_060.jpg
building_3,0004806,test,dataset_splits/10_buildings/building_3/0004806/test/0004806_061.jpg
building_3,0004806,test,dataset_splits/10_buildings/building_3/0004806/test/0004806_063.jpg
building_3,0004809,reference,dataset_splits/10_buildings/building_3/0004809/reference/0004809_002.jpg
building_3,0004809,reference,dataset_splits/10_buildings/building_3/0004809/reference/0004809_004.jpg
building_3,0004809,reference,dataset_splits/10_buildings/building_3/0004809/reference/0004809_008.jpg
building_3,0004809,reference,dataset_splits/10_buildings/building_3/0004809/reference/0004809_012.jpg
building_3,0004809,reference,dataset_splits/10_buildings/building_3/0004809/reference/0004809_018.jpg
building_3,0004809,reference,dataset_splits/10_buildings/building_3/0004809/reference/0004809_019.jpg
building_3,0004809,reference,dataset_splits/10_buildings/building_3/0004809/reference/0004809_020.jpg
building_3,0004809,reference,dataset_splits/10_buildings/building_3/0004809/reference/0004809_023.jpg
building_3,0004809,reference,dataset_splits/10_buildings/building_3/0004809/reference/0004809_025.jpg
building_3,0004809,reference,dataset_splits/10_buildings/building_3/0004809/reference/0004809_026.jpg
building_3,0004809,reference,dataset_splits/10_buildings/building_3/0004809/reference/0004809_029.jpg
building_3,0004809,reference,dataset_splits/10_buildings/building_3/0004809/reference/0004809_034.jpg
building_3,0004809,reference,dataset_splits/10_buildings/building_3/0004809/reference/0004809_035.jpg
building_3,0004809,reference,dataset_splits/10_buildings/building_3/0004809/reference/0004809_045.jpg
building_3,0004809,reference,dataset_splits/10_buildings/building_3/0004809/reference/0004809_049.jpg
building_3,0004809,reference,dataset_splits/10_buildings/building_3/0004809/reference/0004809_057.jpg
building_3,0004809,reference,dataset_splits/10_buildings/building_3/0004809/reference/0004809_064.jpg
building_3,0004809,reference,dataset_splits/10_buildings/building_3/0004809/reference/0004809_065.jpg
building_3,0004809,reference,dataset_splits/10_buildings/building_3/0004809/reference/0004809_066.jpg
building_3,0004809,reference,dataset_splits/10_buildings/building_3/0004809/reference/0004809_067.jpg
building_3,0004809,test,dataset_splits/10_buildings/building_3/0004809/test/0004809_003.jpg
building_3,0004809,test,dataset_splits/10_buildings/building_3/0004809/test/0004809_007.jpg
building_3,0004809,test,dataset_splits/10_buildings/building_3/0004809/test/0004809_014.jpg
building_3,0004809,test,dataset_splits/10_buildings/building_3/0004809/test/0004809_016.jpg
building_3,0004809,test,dataset_splits/10_buildings/building_3/0004809/test/0004809_017.jpg
building_3,0004809,test,dataset_splits/10_buildings/building_3/0004809/test/0004809_024.jpg
building_3,0004809,test,dataset_splits/10_buildings/building_3/0004809/test/0004809_027.jpg
building_3,0004809,test,dataset_splits/10_buildings/building_3/0004809/test/0004809_028.jpg
building_3,0004809,test,dataset_splits/10_buildings/building_3/0004809/test/0004809_037.jpg
building_3,0004809,test,dataset_splits/10_buildings/building_3/0004809/test/0004809_038.jpg
building_3,0004809,test,dataset_splits/10_buildings/building_3/0004809/test/0004809_040.jpg
building_3,0004809,test,dataset_splits/10_buildings/building_3/0004809/test/0004809_043.jpg
building_3,0004809,test,dataset_splits/10_buildings/building_3/0004809/test/0004809_044.jpg
building_3,0004809,test,dataset_splits/10_buildings/building_3/0004809/test/0004809_047.jpg
building_3,0004809,test,dataset_splits/10_buildings/building_3/0004809/test/0004809_050.jpg
building_3,0004809,test,dataset_splits/10_buildings/building_3/0004809/test/0004809_051.jpg
building_3,0004809,test,dataset_splits/10_buildings/building_3/0004809/test/0004809_054.jpg
building_3,0004809,test,dataset_splits/10_buildings/building_3/0004809/test/0004809_056.jpg
building_3,0004809,test,dataset_splits/10_buildings/building_3/0004809/test/0004809_058.jpg
building_3,0004809,test,dataset_splits/10_buildings/building_3/0004809/test/0004809_059.jpg
building_3,0004857,reference,dataset_splits/10_buildings/building_3/0004857/reference/0004857_012.jpg
building_3,0004857,reference,dataset_splits/10_buildings/building_3/0004857/reference/0004857_017.jpg
building_3,0004857,reference,dataset_splits/10_buildings/building_3/0004857/reference/0004857_018.jpg
building_3,0004857,reference,dataset_splits/10_buildings/building_3/0004857/reference/0004857_033.jpg
building_3,0004857,reference,dataset_splits/10_buildings/building_3/0004857/reference/0004857_038.jpg
building_3,0004857,reference,dataset_splits/10_buildings/building_3/0004857/reference/0004857_039.jpg
building_3,0004857,reference,dataset_splits/10_buildings/building_3/0004857/reference/0004857_041.jpg
building_3,0004857,reference,dataset_splits/10_buildings/building_3/0004857/reference/0004857_042.jpg
building_3,0004857,reference,dataset_splits/10_buildings/building_3/0004857/reference/0004857_043.jpg
building_3,0004857,reference,dataset_splits/10_buildings/building_3/0004857/reference/0004857_057.jpg
building_3,0004857,reference,dataset_splits/10_buildings/building_3/0004857/reference/0004857_059.jpg
building_3,0004857,reference,dataset_splits/10_buildings/building_3/0004857/reference/0004857_063.jpg
building_3,0004857,reference,dataset_splits/10_buildings/building_3/0004857/reference/0004857_065.jpg
building_3,0004857,reference,dataset_splits/10_buildings/building_3/0004857/reference/0004857_068.jpg
building_3,0004857,reference,dataset_splits/10_buildings/building_3/0004857/reference/0004857_073.jpg
building_3,0004857,reference,dataset_splits/10_buildings/building_3/0004857/reference/0004857_077.jpg
building_3,0004857,reference,dataset_splits/10_buildings/building_3/0004857/reference/0004857_080.jpg
building_3,0004857,reference,dataset_splits/10_buildings/building_3/0004857/reference/0004857_092.jpg
building_3,0004857,reference,dataset_splits/10_buildings/building_3/0004857/reference/0004857_097.jpg
building_3,0004857,reference,dataset_splits/10_buildings/building_3/0004857/reference/0004857_114.jpg
building_3,0004857,test,dataset_splits/10_buildings/building_3/0004857/test/0004857_003.jpg
building_3,0004857,test,dataset_splits/10_buildings/building_3/0004857/test/0004857_005.jpg
building_3,0004857,test,dataset_splits/10_buildings/building_3/0004857/test/0004857_013.jpg
building_3,0004857,test,dataset_splits/10_buildings/building_3/0004857/test/0004857_015.jpg
building_3,0004857,test,dataset_splits/10_buildings/building_3/0004857/test/0004857_016.jpg
building_3,0004857,test,dataset_splits/10_buildings/building_3/0004857/test/0004857_024.jpg
building_3,0004857,test,dataset_splits/10_buildings/building_3/0004857/test/0004857_035.jpg
building_3,0004857,test,dataset_splits/10_buildings/building_3/0004857/test/0004857_040.jpg
building_3,0004857,test,dataset_splits/10_buildings/building_3/0004857/test/0004857_051.jpg
building_3,0004857,test,dataset_splits/10_buildings/building_3/0004857/test/0004857_066.jpg
building_3,0004857,test,dataset_splits/10_buildings/building_3/0004857/test/0004857_076.jpg
building_3,0004857,test,dataset_splits/10_buildings/building_3/0004857/test/0004857_084.jpg
building_3,0004857,test,dataset_splits/10_buildings/building_3/0004857/test/0004857_093.jpg
building_3,0004857,test,dataset_splits/10_buildings/building_3/0004857/test/0004857_096.jpg
building_3,0004857,test,dataset_splits/10_buildings/building_3/0004857/test/0004857_100.jpg
building_3,0004857,test,dataset_splits/10_buildings/building_3/0004857/test/0004857_105.jpg
building_3,0004857,test,dataset_splits/10_buildings/building_3/0004857/test/0004857_110.jpg
building_3,0004857,test,dataset_splits/10_buildings/building_3/0004857/test/0004857_112.jpg
building_3,0004857,test,dataset_splits/10_buildings/building_3/0004857/test/0004857_117.jpg
building_3,0004857,test,dataset_splits/10_buildings/building_3/0004857/test/0004857_121.jpg
building_3,0004909,reference,dataset_splits/10_buildings/building_3/0004909/reference/0004909_003.jpg
building_3,0004909,reference,dataset_splits/10_buildings/building_3/0004909/reference/0004909_004.jpg
building_3,0004909,reference,dataset_splits/10_buildings/building_3/0004909/reference/0004909_007.jpg
building_3,0004909,reference,dataset_splits/10_buildings/building_3/0004909/reference/0004909_017.jpg
building_3,0004909,reference,dataset_splits/10_buildings/building_3/0004909/reference/0004909_021.jpg
building_3,0004909,reference,dataset_splits/10_buildings/building_3/0004909/reference/0004909_025.jpg
building_3,0004909,reference,dataset_splits/10_buildings/building_3/0004909/reference/0004909_033.jpg
building_3,0004909,reference,dataset_splits/10_buildings/building_3/0004909/reference/0004909_036.jpg
building_3,0004909,reference,dataset_splits/10_buildings/building_3/0004909/reference/0004909_041.jpg
building_3,0004909,reference,dataset_splits/10_buildings/building_3/0004909/reference/0004909_043.jpg
building_3,0004909,reference,dataset_splits/10_buildings/building_3/0004909/reference/0004909_047.jpg
building_3,0004909,reference,dataset_splits/10_buildings/building_3/0004909/reference/0004909_048.jpg
building_3,0004909,reference,dataset_splits/10_buildings/building_3/0004909/reference/0004909_049.jpg
building_3,0004909,reference,dataset_splits/10_buildings/building_3/0004909/reference/0004909_059.jpg
building_3,0004909,reference,dataset_splits/10_buildings/building_3/0004909/reference/0004909_066.jpg
building_3,0004909,reference,dataset_splits/10_buildings/building_3/0004909/reference/0004909_071.jpg
building_3,0004909,reference,dataset_splits/10_buildings/building_3/0004909/reference/0004909_073.jpg
building_3,0004909,reference,dataset_splits/10_buildings/building_3/0004909/reference/0004909_078.jpg
building_3,0004909,reference,dataset_splits/10_buildings/building_3/0004909/reference/0004909_088.jpg
building_3,0004909,reference,dataset_splits/10_buildings/building_3/0004909/reference/0004909_100.jpg
building_3,0004909,test,dataset_splits/10_buildings/building_3/0004909/test/0004909_005.jpg
building_3,0004909,test,dataset_splits/10_buildings/building_3/0004909/test/0004909_008.jpg
building_3,0004909,test,dataset_splits/10_buildings/building_3/0004909/test/0004909_011.jpg
building_3,0004909,test,dataset_splits/10_buildings/building_3/0004909/test/0004909_023.jpg
building_3,0004909,test,dataset_splits/10_buildings/building_3/0004909/test/0004909_028.jpg
building_3,0004909,test,dataset_splits/10_buildings/building_3/0004909/test/0004909_031.jpg
building_3,0004909,test,dataset_splits/10_buildings/building_3/0004909/test/0004909_040.jpg
building_3,0004909,test,dataset_splits/10_buildings/building_3/0004909/test/0004909_042.jpg
building_3,0004909,test,dataset_splits/10_buildings/building_3/0004909/test/0004909_052.jpg
building_3,0004909,test,dataset_splits/10_buildings/building_3/0004909/test/0004909_053.jpg
building_3,0004909,test,dataset_splits/10_buildings/building_3/0004909/test/0004909_054.jpg
building_3,0004909,test,dataset_splits/10_buildings/building_3/0004909/test/0004909_056.jpg
building_3,0004909,test,dataset_splits/10_buildings/building_3/0004909/test/0004909_062.jpg
building_3,0004909,test,dataset_splits/10_buildings/building_3/0004909/test/0004909_064.jpg
building_3,0004909,test,dataset_splits/10_buildings/building_3/0004909/test/0004909_065.jpg
building_3,0004909,test,dataset_splits/10_buildings/building_3/0004909/test/0004909_075.jpg
building_3,0004909,test,dataset_splits/10_buildings/building_3/0004909/test/0004909_090.jpg
building_3,0004909,test,dataset_splits/10_buildings/building_3/0004909/test/0004909_096.jpg
building_3,0004909,test,dataset_splits/10_buildings/building_3/0004909/test/0004909_099.jpg
building_3,0004909,test,dataset_splits/10_buildings/building_3/0004909/test/0004909_104.jpg
building_3,0004921,reference,dataset_splits/10_buildings/building_3/0004921/reference/0004921_001.jpg
building_3,0004921,reference,dataset_splits/10_buildings/building_3/0004921/reference/0004921_005.jpg
building_3,0004921,reference,dataset_splits/10_buildings/building_3/0004921/reference/0004921_008.jpg
building_3,0004921,reference,dataset_splits/10_buildings/building_3/0004921/reference/0004921_016.jpg
building_3,0004921,reference,dataset_splits/10_buildings/building_3/0004921/reference/0004921_018.jpg
building_3,0004921,reference,dataset_splits/10_buildings/building_3/0004921/reference/0004921_023.jpg
building_3,0004921,reference,dataset_splits/10_buildings/building_3/0004921/reference/0004921_027.jpg
building_3,0004921,reference,dataset_splits/10_buildings/building_3/0004921/reference/0004921_033.jpg
building_3,0004921,reference,dataset_splits/10_buildings/building_3/0004921/reference/0004921_053.jpg
building_3,0004921,reference,dataset_splits/10_buildings/building_3/0004921/reference/0004921_059.jpg
building_3,0004921,reference,dataset_splits/10_buildings/building_3/0004921/reference/0004921_060.jpg
building_3,0004921,reference,dataset_splits/10_buildings/building_3/0004921/reference/0004921_071.jpg
building_3,0004921,reference,dataset_splits/10_buildings/building_3/0004921/reference/0004921_072.jpg
building_3,0004921,reference,dataset_splits/10_buildings/building_3/0004921/reference/0004921_079.jpg
building_3,0004921,reference,dataset_splits/10_buildings/building_3/0004921/reference/0004921_081.jpg
building_3,0004921,reference,dataset_splits/10_buildings/building_3/0004921/reference/0004921_088.jpg
building_3,0004921,reference,dataset_splits/10_buildings/building_3/0004921/reference/0004921_090.jpg
building_3,0004921,reference,dataset_splits/10_buildings/building_3/0004921/reference/0004921_096.jpg
building_3,0004921,reference,dataset_splits/10_buildings/building_3/0004921/reference/0004921_102.jpg
building_3,0004921,reference,dataset_splits/10_buildings/building_3/0004921/reference/0004921_121.jpg
building_3,0004921,test,dataset_splits/10_buildings/building_3/0004921/test/0004921_004.jpg
building_3,0004921,test,dataset_splits/10_buildings/building_3/0004921/test/0004921_017.jpg
building_3,0004921,test,dataset_splits/10_buildings/building_3/0004921/test/0004921_021.jpg
building_3,0004921,test,dataset_splits/10_buildings/building_3/0004921/test/0004921_026.jpg
building_3,0004921,test,dataset_splits/10_buildings/building_3/0004921/test/0004921_040.jpg
building_3,0004921,test,dataset_splits/10_buildings/building_3/0004921/test/0004921_049.jpg
building_3,0004921,test,dataset_splits/10_buildings/building_3/0004921/test/0004921_055.jpg
building_3,0004921,test,dataset_splits/10_buildings/building_3/0004921/test/0004921_062.jpg
building_3,0004921,test,dataset_splits/10_buildings/building_3/0004921/test/0004921_070.jpg
building_3,0004921,test,dataset_splits/10_buildings/building_3/0004921/test/0004921_076.jpg
building_3,0004921,test,dataset_splits/10_buildings/building_3/0004921/test/0004921_084.jpg
building_3,0004921,test,dataset_splits/10_buildings/building_3/0004921/test/0004921_085.jpg
building_3,0004921,test,dataset_splits/10_buildings/building_3/0004921/test/0004921_087.jpg
building_3,0004921,test,dataset_splits/10_buildings/building_3/0004921/test/0004921_099.jpg
building_3,0004921,test,dataset_splits/10_buildings/building_3/0004921/test/0004921_105.jpg
building_3,0004921,test,dataset_splits/10_buildings/building_3/0004921/test/0004921_107.jpg
building_3,0004921,test,dataset_splits/10_buildings/building_3/0004921/test/0004921_109.jpg
building_3,0004921,test,dataset_splits/10_buildings/building_3/0004921/test/0004921_114.jpg
building_3,0004921,test,dataset_splits/10_buildings/building_3/0004921/test/0004921_126.jpg
building_3,0004921,test,dataset_splits/10_buildings/building_3/0004921/test/0004921_127.jpg
building_3,0004930,reference,dataset_splits/10_buildings/building_3/0004930/reference/0004930_003.jpg
building_3,0004930,reference,dataset_splits/10_buildings/building_3/0004930/reference/0004930_010.jpg
building_3,0004930,reference,dataset_splits/10_buildings/building_3/0004930/reference/0004930_022.jpg
building_3,0004930,reference,dataset_splits/10_buildings/building_3/0004930/reference/0004930_024.jpg
building_3,0004930,reference,dataset_splits/10_buildings/building_3/0004930/reference/0004930_025.jpg
building_3,0004930,reference,dataset_splits/10_buildings/building_3/0004930/reference/0004930_033.jpg
building_3,0004930,reference,dataset_splits/10_buildings/building_3/0004930/reference/0004930_034.jpg
building_3,0004930,reference,dataset_splits/10_buildings/building_3/0004930/reference/0004930_039.jpg
building_3,0004930,reference,dataset_splits/10_buildings/building_3/0004930/reference/0004930_042.jpg
building_3,0004930,reference,dataset_splits/10_buildings/building_3/0004930/reference/0004930_045.jpg
building_3,0004930,reference,dataset_splits/10_buildings/building_3/0004930/reference/0004930_051.jpg
building_3,0004930,reference,dataset_splits/10_buildings/building_3/0004930/reference/0004930_056.jpg
building_3,0004930,reference,dataset_splits/10_buildings/building_3/0004930/reference/0004930_060.jpg
building_3,0004930,reference,dataset_splits/10_buildings/building_3/0004930/reference/0004930_069.jpg
building_3,0004930,reference,dataset_splits/10_buildings/building_3/0004930/reference/0004930_071.jpg
building_3,0004930,reference,dataset_splits/10_buildings/building_3/0004930/reference/0004930_075.jpg
building_3,0004930,reference,dataset_splits/10_buildings/building_3/0004930/reference/0004930_077.jpg
building_3,0004930,reference,dataset_splits/10_buildings/building_3/0004930/reference/0004930_079.jpg
building_3,0004930,reference,dataset_splits/10_buildings/building_3/0004930/reference/0004930_097.jpg
building_3,0004930,reference,dataset_splits/10_buildings/building_3/0004930/reference/0004930_101.jpg
building_3,0004930,test,dataset_splits/10_buildings/building_3/0004930/test/0004930_007.jpg
building_3,0004930,test,dataset_splits/10_buildings/building_3/0004930/test/0004930_011.jpg
building_3,0004930,test,dataset_splits/10_buildings/building_3/0004930/test/0004930_015.jpg
building_3,0004930,test,dataset_splits/10_buildings/building_3/0004930/test/0004930_023.jpg
building_3,0004930,test,dataset_splits/10_buildings/building_3/0004930/test/0004930_031.jpg
building_3,0004930,test,dataset_splits/10_buildings/building_3/0004930/test/0004930_035.jpg
building_3,0004930,test,dataset_splits/10_buildings/building_3/0004930/test/0004930_038.jpg
building_3,0004930,test,dataset_splits/10_buildings/building_3/0004930/test/0004930_040.jpg
building_3,0004930,test,dataset_splits/10_buildings/building_3/0004930/test/0004930_041.jpg
building_3,0004930,test,dataset_splits/10_buildings/building_3/0004930/test/0004930_047.jpg
building_3,0004930,test,dataset_splits/10_buildings/building_3/0004930/test/0004930_050.jpg
building_3,0004930,test,dataset_splits/10_buildings/building_3/0004930/test/0004930_058.jpg
building_3,0004930,test,dataset_splits/10_buildings/building_3/0004930/test/0004930_073.jpg
building_3,0004930,test,dataset_splits/10_buildings/building_3/0004930/test/0004930_078.jpg
building_3,0004930,test,dataset_splits/10_buildings/building_3/0004930/test/0004930_087.jpg
building_3,0004930,test,dataset_splits/10_buildings/building_3/0004930/test/0004930_088.jpg
building_3,0004930,test,dataset_splits/10_buildings/building_3/0004930/test/0004930_094.jpg
building_3,0004930,test,dataset_splits/10_buildings/building_3/0004930/test/0004930_095.jpg
building_3,0004930,test,dataset_splits/10_buildings/building_3/0004930/test/0004930_096.jpg
building_3,0004930,test,dataset_splits/10_buildings/building_3/0004930/test/0004930_102.jpg
building_3,0004977,reference,dataset_splits/10_buildings/building_3/0004977/reference/0004977_005.jpg
building_3,0004977,reference,dataset_splits/10_buildings/building_3/0004977/reference/0004977_006.jpg
building_3,0004977,reference,dataset_splits/10_buildings/building_3/0004977/reference/0004977_007.jpg
building_3,0004977,reference,dataset_splits/10_buildings/building_3/0004977/reference/0004977_012.jpg
building_3,0004977,reference,dataset_splits/10_buildings/building_3/0004977/reference/0004977_018.jpg
building_3,0004977,reference,dataset_splits/10_buildings/building_3/0004977/reference/0004977_019.jpg
building_3,0004977,reference,dataset_splits/10_buildings/building_3/0004977/reference/0004977_025.jpg
building_3,0004977,reference,dataset_splits/10_buildings/building_3/0004977/reference/0004977_026.jpg
building_3,0004977,reference,dataset_splits/10_buildings/building_3/0004977/reference/0004977_028.jpg
building_3,0004977,reference,dataset_splits/10_buildings/building_3/0004977/reference/0004977_030.jpg
building_3,0004977,reference,dataset_splits/10_buildings/building_3/0004977/reference/0004977_033.jpg
building_3,0004977,reference,dataset_splits/10_buildings/building_3/0004977/reference/0004977_035.jpg
building_3,0004977,reference,dataset_splits/10_buildings/building_3/0004977/reference/0004977_037.jpg
building_3,0004977,reference,dataset_splits/10_buildings/building_3/0004977/reference/0004977_042.jpg
building_3,0004977,reference,dataset_splits/10_buildings/building_3/0004977/reference/0004977_047.jpg
building_3,0004977,reference,dataset_splits/10_buildings/building_3/0004977/reference/0004977_057.jpg
building_3,0004977,reference,dataset_splits/10_buildings/building_3/0004977/reference/0004977_064.jpg
building_3,0004977,reference,dataset_splits/10_buildings/building_3/0004977/reference/0004977_069.jpg
building_3,0004977,reference,dataset_splits/10_buildings/building_3/0004977/reference/0004977_072.jpg
building_3,0004977,reference,dataset_splits/10_buildings/building_3/0004977/reference/0004977_073.jpg
building_3,0004977,test,dataset_splits/10_buildings/building_3/0004977/test/0004977_001.jpg
building_3,0004977,test,dataset_splits/10_buildings/building_3/0004977/test/0004977_014.jpg
building_3,0004977,test,dataset_splits/10_buildings/building_3/0004977/test/0004977_015.jpg
building_3,0004977,test,dataset_splits/10_buildings/building_3/0004977/test/0004977_017.jpg
building_3,0004977,test,dataset_splits/10_buildings/building_3/0004977/test/0004977_020.jpg
building_3,0004977,test,dataset_splits/10_buildings/building_3/0004977/test/0004977_022.jpg
building_3,0004977,test,dataset_splits/10_buildings/building_3/0004977/test/0004977_024.jpg
building_3,0004977,test,dataset_splits/10_buildings/building_3/0004977/test/0004977_029.jpg
building_3,0004977,test,dataset_splits/10_buildings/building_3/0004977/test/0004977_036.jpg
building_3,0004977,test,dataset_splits/10_buildings/building_3/0004977/test/0004977_039.jpg
building_3,0004977,test,dataset_splits/10_buildings/building_3/0004977/test/0004977_041.jpg
building_3,0004977,test,dataset_splits/10_buildings/building_3/0004977/test/0004977_043.jpg
building_3,0004977,test,dataset_splits/10_buildings/building_3/0004977/test/0004977_045.jpg
building_3,0004977,test,dataset_splits/10_buildings/building_3/0004977/test/0004977_046.jpg
building_3,0004977,test,dataset_splits/10_buildings/building_3/0004977/test/0004977_052.jpg
building_3,0004977,test,dataset_splits/10_buildings/building_3/0004977/test/0004977_063.jpg
building_3,0004977,test,dataset_splits/10_buildings/building_3/0004977/test/0004977_066.jpg
building_3,0004977,test,dataset_splits/10_buildings/building_3/0004977/test/0004977_070.jpg
building_3,0004977,test,dataset_splits/10_buildings/building_3/0004977/test/0004977_074.jpg
building_3,0004977,test,dataset_splits/10_buildings/building_3/0004977/test/0004977_075.jpg
building_3,0005007,reference,dataset_splits/10_buildings/building_3/0005007/reference/0005007_021.jpg
building_3,0005007,reference,dataset_splits/10_buildings/building_3/0005007/reference/0005007_031.jpg
building_3,0005007,reference,dataset_splits/10_buildings/building_3/0005007/reference/0005007_033.jpg
building_3,0005007,reference,dataset_splits/10_buildings/building_3/0005007/reference/0005007_037.jpg
building_3,0005007,reference,dataset_splits/10_buildings/building_3/0005007/reference/0005007_042.jpg
building_3,0005007,reference,dataset_splits/10_buildings/building_3/0005007/reference/0005007_050.jpg
building_3,0005007,reference,dataset_splits/10_buildings/building_3/0005007/reference/0005007_052.jpg
building_3,0005007,reference,dataset_splits/10_buildings/building_3/0005007/reference/0005007_053.jpg
building_3,0005007,reference,dataset_splits/10_buildings/building_3/0005007/reference/0005007_055.jpg
building_3,0005007,reference,dataset_splits/10_buildings/building_3/0005007/reference/0005007_057.jpg
building_3,0005007,reference,dataset_splits/10_buildings/building_3/0005007/reference/0005007_058.jpg
building_3,0005007,reference,dataset_splits/10_buildings/building_3/0005007/reference/0005007_059.jpg
building_3,0005007,reference,dataset_splits/10_buildings/building_3/0005007/reference/0005007_060.jpg
building_3,0005007,reference,dataset_splits/10_buildings/building_3/0005007/reference/0005007_062.jpg
building_3,0005007,reference,dataset_splits/10_buildings/building_3/0005007/reference/0005007_065.jpg
building_3,0005007,reference,dataset_splits/10_buildings/building_3/0005007/reference/0005007_076.jpg
building_3,0005007,reference,dataset_splits/10_buildings/building_3/0005007/reference/0005007_078.jpg
building_3,0005007,reference,dataset_splits/10_buildings/building_3/0005007/reference/0005007_080.jpg
building_3,0005007,reference,dataset_splits/10_buildings/building_3/0005007/reference/0005007_082.jpg
building_3,0005007,reference,dataset_splits/10_buildings/building_3/0005007/reference/0005007_091.jpg
building_3,0005007,test,dataset_splits/10_buildings/building_3/0005007/test/0005007_004.jpg
building_3,0005007,test,dataset_splits/10_buildings/building_3/0005007/test/0005007_012.jpg
building_3,0005007,test,dataset_splits/10_buildings/building_3/0005007/test/0005007_029.jpg
building_3,0005007,test,dataset_splits/10_buildings/building_3/0005007/test/0005007_035.jpg
building_3,0005007,test,dataset_splits/10_buildings/building_3/0005007/test/0005007_038.jpg
building_3,0005007,test,dataset_splits/10_buildings/building_3/0005007/test/0005007_043.jpg
building_3,0005007,test,dataset_splits/10_buildings/building_3/0005007/test/0005007_054.jpg
building_3,0005007,test,dataset_splits/10_buildings/building_3/0005007/test/0005007_064.jpg
building_3,0005007,test,dataset_splits/10_buildings/building_3/0005007/test/0005007_079.jpg
building_3,0005007,test,dataset_splits/10_buildings/building_3/0005007/test/0005007_084.jpg
building_3,0005007,test,dataset_splits/10_buildings/building_3/0005007/test/0005007_087.jpg
building_3,0005007,test,dataset_splits/10_buildings/building_3/0005007/test/0005007_089.jpg
building_3,0005007,test,dataset_splits/10_buildings/building_3/0005007/test/0005007_092.jpg
building_3,0005007,test,dataset_splits/10_buildings/building_3/0005007/test/0005007_103.jpg
building_3,0005007,test,dataset_splits/10_buildings/building_3/0005007/test/0005007_113.jpg
building_3,0005007,test,dataset_splits/10_buildings/building_3/0005007/test/0005007_115.jpg
building_3,0005007,test,dataset_splits/10_buildings/building_3/0005007/test/0005007_121.jpg
building_3,0005007,test,dataset_splits/10_buildings/building_3/0005007/test/0005007_127.jpg
building_3,0005007,test,dataset_splits/10_buildings/building_3/0005007/test/0005007_133.jpg
building_3,0005007,test,dataset_splits/10_buildings/building_3/0005007/test/0005007_143.jpg
building_3,0005059,reference,dataset_splits/10_buildings/building_3/0005059/reference/0005059_004.jpg
building_3,0005059,reference,dataset_splits/10_buildings/building_3/0005059/reference/0005059_005.jpg
building_3,0005059,reference,dataset_splits/10_buildings/building_3/0005059/reference/0005059_006.jpg
building_3,0005059,reference,dataset_splits/10_buildings/building_3/0005059/reference/0005059_010.jpg
building_3,0005059,reference,dataset_splits/10_buildings/building_3/0005059/reference/0005059_011.jpg
building_3,0005059,reference,dataset_splits/10_buildings/building_3/0005059/reference/0005059_016.jpg
building_3,0005059,reference,dataset_splits/10_buildings/building_3/0005059/reference/0005059_017.jpg
building_3,0005059,reference,dataset_splits/10_buildings/building_3/0005059/reference/0005059_020.jpg
building_3,0005059,reference,dataset_splits/10_buildings/building_3/0005059/reference/0005059_021.jpg
building_3,0005059,reference,dataset_splits/10_buildings/building_3/0005059/reference/0005059_022.jpg
building_3,0005059,reference,dataset_splits/10_buildings/building_3/0005059/reference/0005059_025.jpg
building_3,0005059,reference,dataset_splits/10_buildings/building_3/0005059/reference/0005059_026.jpg
building_3,0005059,reference,dataset_splits/10_buildings/building_3/0005059/reference/0005059_030.jpg
building_3,0005059,reference,dataset_splits/10_buildings/building_3/0005059/reference/0005059_032.jpg
building_3,0005059,reference,dataset_splits/10_buildings/building_3/0005059/reference/0005059_038.jpg
building_3,0005059,reference,dataset_splits/10_buildings/building_3/0005059/reference/0005059_040.jpg
building_3,0005059,reference,dataset_splits/10_buildings/building_3/0005059/reference/0005059_047.jpg
building_3,0005059,reference,dataset_splits/10_buildings/building_3/0005059/reference/0005059_054.jpg
building_3,0005059,reference,dataset_splits/10_buildings/building_3/0005059/reference/0005059_061.jpg
building_3,0005059,reference,dataset_splits/10_buildings/building_3/0005059/reference/0005059_062.jpg
building_3,0005059,test,dataset_splits/10_buildings/building_3/0005059/test/0005059_001.jpg
building_3,0005059,test,dataset_splits/10_buildings/building_3/0005059/test/0005059_002.jpg
building_3,0005059,test,dataset_splits/10_buildings/building_3/0005059/test/0005059_003.jpg
building_3,0005059,test,dataset_splits/10_buildings/building_3/0005059/test/0005059_009.jpg
building_3,0005059,test,dataset_splits/10_buildings/building_3/0005059/test/0005059_013.jpg
building_3,0005059,test,dataset_splits/10_buildings/building_3/0005059/test/0005059_015.jpg
building_3,0005059,test,dataset_splits/10_buildings/building_3/0005059/test/0005059_023.jpg
building_3,0005059,test,dataset_splits/10_buildings/building_3/0005059/test/0005059_024.jpg
building_3,0005059,test,dataset_splits/10_buildings/building_3/0005059/test/0005059_027.jpg
building_3,0005059,test,dataset_splits/10_buildings/building_3/0005059/test/0005059_028.jpg
building_3,0005059,test,dataset_splits/10_buildings/building_3/0005059/test/0005059_029.jpg
building_3,0005059,test,dataset_splits/10_buildings/building_3/0005059/test/0005059_033.jpg
building_3,0005059,test,dataset_splits/10_buildings/building_3/0005059/test/0005059_034.jpg
building_3,0005059,test,dataset_splits/10_buildings/building_3/0005059/test/0005059_039.jpg
building_3,0005059,test,dataset_splits/10_buildings/building_3/0005059/test/0005059_046.jpg
building_3,0005059,test,dataset_splits/10_buildings/building_3/0005059/test/0005059_048.jpg
building_3,0005059,test,dataset_splits/10_buildings/building_3/0005059/test/0005059_052.jpg
building_3,0005059,test,dataset_splits/10_buildings/building_3/0005059/test/0005059_055.jpg
building_3,0005059,test,dataset_splits/10_buildings/building_3/0005059/test/0005059_056.jpg
building_3,0005059,test,dataset_splits/10_buildings/building_3/0005059/test/0005059_060.jpg
building_3,0005121,reference,dataset_splits/10_buildings/building_3/0005121/reference/0005121_004.jpg
building_3,0005121,reference,dataset_splits/10_buildings/building_3/0005121/reference/0005121_006.jpg
building_3,0005121,reference,dataset_splits/10_buildings/building_3/0005121/reference/0005121_007.jpg
building_3,0005121,reference,dataset_splits/10_buildings/building_3/0005121/reference/0005121_010.jpg
building_3,0005121,reference,dataset_splits/10_buildings/building_3/0005121/reference/0005121_014.jpg
building_3,0005121,reference,dataset_splits/10_buildings/building_3/0005121/reference/0005121_017.jpg
building_3,0005121,reference,dataset_splits/10_buildings/building_3/0005121/reference/0005121_023.jpg
building_3,0005121,reference,dataset_splits/10_buildings/building_3/0005121/reference/0005121_025.jpg
building_3,0005121,reference,dataset_splits/10_buildings/building_3/0005121/reference/0005121_028.jpg
building_3,0005121,reference,dataset_splits/10_buildings/building_3/0005121/reference/0005121_031.jpg
building_3,0005121,reference,dataset_splits/10_buildings/building_3/0005121/reference/0005121_032.jpg
building_3,0005121,reference,dataset_splits/10_buildings/building_3/0005121/reference/0005121_037.jpg
building_3,0005121,reference,dataset_splits/10_buildings/building_3/0005121/reference/0005121_043.jpg
building_3,0005121,reference,dataset_splits/10_buildings/building_3/0005121/reference/0005121_048.jpg
building_3,0005121,reference,dataset_splits/10_buildings/building_3/0005121/reference/0005121_052.jpg
building_3,0005121,reference,dataset_splits/10_buildings/building_3/0005121/reference/0005121_059.jpg
building_3,0005121,reference,dataset_splits/10_buildings/building_3/0005121/reference/0005121_062.jpg
building_3,0005121,reference,dataset_splits/10_buildings/building_3/0005121/reference/0005121_064.jpg
building_3,0005121,reference,dataset_splits/10_buildings/building_3/0005121/reference/0005121_068.jpg
building_3,0005121,reference,dataset_splits/10_buildings/building_3/0005121/reference/0005121_070.jpg
building_3,0005121,test,dataset_splits/10_buildings/building_3/0005121/test/0005121_003.jpg
building_3,0005121,test,dataset_splits/10_buildings/building_3/0005121/test/0005121_005.jpg
building_3,0005121,test,dataset_splits/10_buildings/building_3/0005121/test/0005121_009.jpg
building_3,0005121,test,dataset_splits/10_buildings/building_3/0005121/test/0005121_012.jpg
building_3,0005121,test,dataset_splits/10_buildings/building_3/0005121/test/0005121_013.jpg
building_3,0005121,test,dataset_splits/10_buildings/building_3/0005121/test/0005121_016.jpg
building_3,0005121,test,dataset_splits/10_buildings/building_3/0005121/test/0005121_020.jpg
building_3,0005121,test,dataset_splits/10_buildings/building_3/0005121/test/0005121_024.jpg
building_3,0005121,test,dataset_splits/10_buildings/building_3/0005121/test/0005121_033.jpg
building_3,0005121,test,dataset_splits/10_buildings/building_3/0005121/test/0005121_034.jpg
building_3,0005121,test,dataset_splits/10_buildings/building_3/0005121/test/0005121_035.jpg
building_3,0005121,test,dataset_splits/10_buildings/building_3/0005121/test/0005121_038.jpg
building_3,0005121,test,dataset_splits/10_buildings/building_3/0005121/test/0005121_040.jpg
building_3,0005121,test,dataset_splits/10_buildings/building_3/0005121/test/0005121_045.jpg
building_3,0005121,test,dataset_splits/10_buildings/building_3/0005121/test/0005121_046.jpg
building_3,0005121,test,dataset_splits/10_buildings/building_3/0005121/test/0005121_055.jpg
building_3,0005121,test,dataset_splits/10_buildings/building_3/0005121/test/0005121_058.jpg
building_3,0005121,test,dataset_splits/10_buildings/building_3/0005121/test/0005121_060.jpg
building_3,0005121,test,dataset_splits/10_buildings/building_3/0005121/test/0005121_061.jpg
building_3,0005121,test,dataset_splits/10_buildings/building_3/0005121/test/0005121_069.jpg
building_3,0005124,reference,dataset_splits/10_buildings/building_3/0005124/reference/0005124_002.jpg
building_3,0005124,reference,dataset_splits/10_buildings/building_3/0005124/reference/0005124_007.jpg
building_3,0005124,reference,dataset_splits/10_buildings/building_3/0005124/reference/0005124_010.jpg
building_3,0005124,reference,dataset_splits/10_buildings/building_3/0005124/reference/0005124_012.jpg
building_3,0005124,reference,dataset_splits/10_buildings/building_3/0005124/reference/0005124_013.jpg
building_3,0005124,reference,dataset_splits/10_buildings/building_3/0005124/reference/0005124_019.jpg
building_3,0005124,reference,dataset_splits/10_buildings/building_3/0005124/reference/0005124_020.jpg
building_3,0005124,reference,dataset_splits/10_buildings/building_3/0005124/reference/0005124_023.jpg
building_3,0005124,reference,dataset_splits/10_buildings/building_3/0005124/reference/0005124_034.jpg
building_3,0005124,reference,dataset_splits/10_buildings/building_3/0005124/reference/0005124_041.jpg
building_3,0005124,reference,dataset_splits/10_buildings/building_3/0005124/reference/0005124_043.jpg
building_3,0005124,reference,dataset_splits/10_buildings/building_3/0005124/reference/0005124_046.jpg
building_3,0005124,reference,dataset_splits/10_buildings/building_3/0005124/reference/0005124_049.jpg
building_3,0005124,reference,dataset_splits/10_buildings/building_3/0005124/reference/0005124_051.jpg
building_3,0005124,reference,dataset_splits/10_buildings/building_3/0005124/reference/0005124_057.jpg
building_3,0005124,reference,dataset_splits/10_buildings/building_3/0005124/reference/0005124_062.jpg
building_3,0005124,reference,dataset_splits/10_buildings/building_3/0005124/reference/0005124_071.jpg
building_3,0005124,reference,dataset_splits/10_buildings/building_3/0005124/reference/0005124_080.jpg
building_3,0005124,reference,dataset_splits/10_buildings/building_3/0005124/reference/0005124_082.jpg
building_3,0005124,reference,dataset_splits/10_buildings/building_3/0005124/reference/0005124_086.jpg
building_3,0005124,test,dataset_splits/10_buildings/building_3/0005124/test/0005124_004.jpg
building_3,0005124,test,dataset_splits/10_buildings/building_3/0005124/test/0005124_005.jpg
building_3,0005124,test,dataset_splits/10_buildings/building_3/0005124/test/0005124_006.jpg
building_3,0005124,test,dataset_splits/10_buildings/building_3/0005124/test/0005124_014.jpg
building_3,0005124,test,dataset_splits/10_buildings/building_3/0005124/test/0005124_015.jpg
building_3,0005124,test,dataset_splits/10_buildings/building_3/0005124/test/0005124_021.jpg
building_3,0005124,test,dataset_splits/10_buildings/building_3/0005124/test/0005124_025.jpg
building_3,0005124,test,dataset_splits/10_buildings/building_3/0005124/test/0005124_032.jpg
building_3,0005124,test,dataset_splits/10_buildings/building_3/0005124/test/0005124_040.jpg
building_3,0005124,test,dataset_splits/10_buildings/building_3/0005124/test/0005124_042.jpg
building_3,0005124,test,dataset_splits/10_buildings/building_3/0005124/test/0005124_050.jpg
building_3,0005124,test,dataset_splits/10_buildings/building_3/0005124/test/0005124_053.jpg
building_3,0005124,test,dataset_splits/10_buildings/building_3/0005124/test/0005124_060.jpg
building_3,0005124,test,dataset_splits/10_buildings/building_3/0005124/test/0005124_061.jpg
building_3,0005124,test,dataset_splits/10_buildings/building_3/0005124/test/0005124_063.jpg
building_3,0005124,test,dataset_splits/10_buildings/building_3/0005124/test/0005124_066.jpg
building_3,0005124,test,dataset_splits/10_buildings/building_3/0005124/test/0005124_067.jpg
building_3,0005124,test,dataset_splits/10_buildings/building_3/0005124/test/0005124_072.jpg
building_3,0005124,test,dataset_splits/10_buildings/building_3/0005124/test/0005124_075.jpg
building_3,0005124,test,dataset_splits/10_buildings/building_3/0005124/test/0005124_077.jpg
building_3,0005209,reference,dataset_splits/10_buildings/building_3/0005209/reference/0005209_001.jpg
building_3,0005209,reference,dataset_splits/10_buildings/building_3/0005209/reference/0005209_006.jpg
building_3,0005209,reference,dataset_splits/10_buildings/building_3/0005209/reference/0005209_007.jpg
building_3,0005209,reference,dataset_splits/10_buildings/building_3/0005209/reference/0005209_008.jpg
building_3,0005209,reference,dataset_splits/10_buildings/building_3/0005209/reference/0005209_010.jpg
building_3,0005209,reference,dataset_splits/10_buildings/building_3/0005209/reference/0005209_011.jpg
building_3,0005209,reference,dataset_splits/10_buildings/building_3/0005209/reference/0005209_013.jpg
building_3,0005209,reference,dataset_splits/10_buildings/building_3/0005209/reference/0005209_018.jpg
building_3,0005209,reference,dataset_splits/10_buildings/building_3/0005209/reference/0005209_020.jpg
building_3,0005209,reference,dataset_splits/10_buildings/building_3/0005209/reference/0005209_022.jpg
building_3,0005209,reference,dataset_splits/10_buildings/building_3/0005209/reference/0005209_031.jpg
building_3,0005209,reference,dataset_splits/10_buildings/building_3/0005209/reference/0005209_039.jpg
building_3,0005209,reference,dataset_splits/10_buildings/building_3/0005209/reference/0005209_044.jpg
building_3,0005209,reference,dataset_splits/10_buildings/building_3/0005209/reference/0005209_050.jpg
building_3,0005209,reference,dataset_splits/10_buildings/building_3/0005209/reference/0005209_054.jpg
building_3,0005209,reference,dataset_splits/10_buildings/building_3/0005209/reference/0005209_059.jpg
building_3,0005209,reference,dataset_splits/10_buildings/building_3/0005209/reference/0005209_061.jpg
building_3,0005209,reference,dataset_splits/10_buildings/building_3/0005209/reference/0005209_066.jpg
building_3,0005209,reference,dataset_splits/10_buildings/building_3/0005209/reference/0005209_067.jpg
building_3,0005209,reference,dataset_splits/10_buildings/building_3/0005209/reference/0005209_071.jpg
building_3,0005209,test,dataset_splits/10_buildings/building_3/0005209/test/0005209_002.jpg
building_3,0005209,test,dataset_splits/10_buildings/building_3/0005209/test/0005209_009.jpg
building_3,0005209,test,dataset_splits/10_buildings/building_3/0005209/test/0005209_012.jpg
building_3,0005209,test,dataset_splits/10_buildings/building_3/0005209/test/0005209_014.jpg
building_3,0005209,test,dataset_splits/10_buildings/building_3/0005209/test/0005209_017.jpg
building_3,0005209,test,dataset_splits/10_buildings/building_3/0005209/test/0005209_021.jpg
building_3,0005209,test,dataset_splits/10_buildings/building_3/0005209/test/0005209_023.jpg
building_3,0005209,test,dataset_splits/10_buildings/building_3/0005209/test/0005209_024.jpg
building_3,0005209,test,dataset_splits/10_buildings/building_3/0005209/test/0005209_025.jpg
building_3,0005209,test,dataset_splits/10_buildings/building_3/0005209/test/0005209_026.jpg
building_3,0005209,test,dataset_splits/10_buildings/building_3/0005209/test/0005209_028.jpg
building_3,0005209,test,dataset_splits/10_buildings/building_3/0005209/test/0005209_032.jpg
building_3,0005209,test,dataset_splits/10_buildings/building_3/0005209/test/0005209_034.jpg
building_3,0005209,test,dataset_splits/10_buildings/building_3/0005209/test/0005209_035.jpg
building_3,0005209,test,dataset_splits/10_buildings/building_3/0005209/test/0005209_037.jpg
building_3,0005209,test,dataset_splits/10_buildings/building_3/0005209/test/0005209_038.jpg
building_3,0005209,test,dataset_splits/10_buildings/building_3/0005209/test/0005209_045.jpg
building_3,0005209,test,dataset_splits/10_buildings/building_3/0005209/test/0005209_046.jpg
building_3,0005209,test,dataset_splits/10_buildings/building_3/0005209/test/0005209_047.jpg
building_3,0005209,test,dataset_splits/10_buildings/building_3/0005209/test/0005209_065.jpg
building_3,0005286,reference,dataset_splits/10_buildings/building_3/0005286/reference/0005286_005.jpg
building_3,0005286,reference,dataset_splits/10_buildings/building_3/0005286/reference/0005286_010.jpg
building_3,0005286,reference,dataset_splits/10_buildings/building_3/0005286/reference/0005286_011.jpg
building_3,0005286,reference,dataset_splits/10_buildings/building_3/0005286/reference/0005286_015.jpg
building_3,0005286,reference,dataset_splits/10_buildings/building_3/0005286/reference/0005286_017.jpg
building_3,0005286,reference,dataset_splits/10_buildings/building_3/0005286/reference/0005286_025.jpg
building_3,0005286,reference,dataset_splits/10_buildings/building_3/0005286/reference/0005286_027.jpg
building_3,0005286,reference,dataset_splits/10_buildings/building_3/0005286/reference/0005286_028.jpg
building_3,0005286,reference,dataset_splits/10_buildings/building_3/0005286/reference/0005286_030.jpg
building_3,0005286,reference,dataset_splits/10_buildings/building_3/0005286/reference/0005286_032.jpg
building_3,0005286,reference,dataset_splits/10_buildings/building_3/0005286/reference/0005286_034.jpg
building_3,0005286,reference,dataset_splits/10_buildings/building_3/0005286/reference/0005286_042.jpg
building_3,0005286,reference,dataset_splits/10_buildings/building_3/0005286/reference/0005286_043.jpg
building_3,0005286,reference,dataset_splits/10_buildings/building_3/0005286/reference/0005286_045.jpg
building_3,0005286,reference,dataset_splits/10_buildings/building_3/0005286/reference/0005286_046.jpg
building_3,0005286,reference,dataset_splits/10_buildings/building_3/0005286/reference/0005286_048.jpg
building_3,0005286,reference,dataset_splits/10_buildings/building_3/0005286/reference/0005286_052.jpg
building_3,0005286,reference,dataset_splits/10_buildings/building_3/0005286/reference/0005286_053.jpg
building_3,0005286,reference,dataset_splits/10_buildings/building_3/0005286/reference/0005286_060.jpg
building_3,0005286,reference,dataset_splits/10_buildings/building_3/0005286/reference/0005286_063.jpg
building_3,0005286,test,dataset_splits/10_buildings/building_3/0005286/test/0005286_007.jpg
building_3,0005286,test,dataset_splits/10_buildings/building_3/0005286/test/0005286_012.jpg
building_3,0005286,test,dataset_splits/10_buildings/building_3/0005286/test/0005286_018.jpg
building_3,0005286,test,dataset_splits/10_buildings/building_3/0005286/test/0005286_020.jpg
building_3,0005286,test,dataset_splits/10_buildings/building_3/0005286/test/0005286_023.jpg
building_3,0005286,test,dataset_splits/10_buildings/building_3/0005286/test/0005286_026.jpg
building_3,0005286,test,dataset_splits/10_buildings/building_3/0005286/test/0005286_031.jpg
building_3,0005286,test,dataset_splits/10_buildings/building_3/0005286/test/0005286_033.jpg
building_3,0005286,test,dataset_splits/10_buildings/building_3/0005286/test/0005286_036.jpg
building_3,0005286,test,dataset_splits/10_buildings/building_3/0005286/test/0005286_037.jpg
building_3,0005286,test,dataset_splits/10_buildings/building_3/0005286/test/0005286_039.jpg
building_3,0005286,test,dataset_splits/10_buildings/building_3/0005286/test/0005286_044.jpg
building_3,0005286,test,dataset_splits/10_buildings/building_3/0005286/test/0005286_056.jpg
building_3,0005286,test,dataset_splits/10_buildings/building_3/0005286/test/0005286_061.jpg
building_3,0005286,test,dataset_splits/10_buildings/building_3/0005286/test/0005286_062.jpg
building_3,0005286,test,dataset_splits/10_buildings/building_3/0005286/test/0005286_065.jpg
building_3,0005286,test,dataset_splits/10_buildings/building_3/0005286/test/0005286_071.jpg
building_3,0005286,test,dataset_splits/10_buildings/building_3/0005286/test/0005286_075.jpg
building_3,0005286,test,dataset_splits/10_buildings/building_3/0005286/test/0005286_076.jpg
building_3,0005286,test,dataset_splits/10_buildings/building_3/0005286/test/0005286_080.jpg
building_3,0005373,reference,dataset_splits/10_buildings/building_3/0005373/reference/0005373_007.jpg
building_3,0005373,reference,dataset_splits/10_buildings/building_3/0005373/reference/0005373_009.jpg
building_3,0005373,reference,dataset_splits/10_buildings/building_3/0005373/reference/0005373_010.jpg
building_3,0005373,reference,dataset_splits/10_buildings/building_3/0005373/reference/0005373_014.jpg
building_3,0005373,reference,dataset_splits/10_buildings/building_3/0005373/reference/0005373_017.jpg
building_3,0005373,reference,dataset_splits/10_buildings/building_3/0005373/reference/0005373_021.jpg
building_3,0005373,reference,dataset_splits/10_buildings/building_3/0005373/reference/0005373_023.jpg
building_3,0005373,reference,dataset_splits/10_buildings/building_3/0005373/reference/0005373_024.jpg
building_3,0005373,reference,dataset_splits/10_buildings/building_3/0005373/reference/0005373_026.jpg
building_3,0005373,reference,dataset_splits/10_buildings/building_3/0005373/reference/0005373_028.jpg
building_3,0005373,reference,dataset_splits/10_buildings/building_3/0005373/reference/0005373_044.jpg
building_3,0005373,reference,dataset_splits/10_buildings/building_3/0005373/reference/0005373_045.jpg
building_3,0005373,reference,dataset_splits/10_buildings/building_3/0005373/reference/0005373_046.jpg
building_3,0005373,reference,dataset_splits/10_buildings/building_3/0005373/reference/0005373_051.jpg
building_3,0005373,reference,dataset_splits/10_buildings/building_3/0005373/reference/0005373_052.jpg
building_3,0005373,reference,dataset_splits/10_buildings/building_3/0005373/reference/0005373_053.jpg
building_3,0005373,reference,dataset_splits/10_buildings/building_3/0005373/reference/0005373_057.jpg
building_3,0005373,reference,dataset_splits/10_buildings/building_3/0005373/reference/0005373_059.jpg
building_3,0005373,reference,dataset_splits/10_buildings/building_3/0005373/reference/0005373_061.jpg
building_3,0005373,reference,dataset_splits/10_buildings/building_3/0005373/reference/0005373_062.jpg
building_3,0005373,test,dataset_splits/10_buildings/building_3/0005373/test/0005373_003.jpg
building_3,0005373,test,dataset_splits/10_buildings/building_3/0005373/test/0005373_004.jpg
building_3,0005373,test,dataset_splits/10_buildings/building_3/0005373/test/0005373_008.jpg
building_3,0005373,test,dataset_splits/10_buildings/building_3/0005373/test/0005373_012.jpg
building_3,0005373,test,dataset_splits/10_buildings/building_3/0005373/test/0005373_015.jpg
building_3,0005373,test,dataset_splits/10_buildings/building_3/0005373/test/0005373_016.jpg
building_3,0005373,test,dataset_splits/10_buildings/building_3/0005373/test/0005373_018.jpg
building_3,0005373,test,dataset_splits/10_buildings/building_3/0005373/test/0005373_019.jpg
building_3,0005373,test,dataset_splits/10_buildings/building_3/0005373/test/0005373_022.jpg
building_3,0005373,test,dataset_splits/10_buildings/building_3/0005373/test/0005373_027.jpg
building_3,0005373,test,dataset_splits/10_buildings/building_3/0005373/test/0005373_029.jpg
building_3,0005373,test,dataset_splits/10_buildings/building_3/0005373/test/0005373_030.jpg
building_3,0005373,test,dataset_splits/10_buildings/building_3/0005373/test/0005373_032.jpg
building_3,0005373,test,dataset_splits/10_buildings/building_3/0005373/test/0005373_034.jpg
building_3,0005373,test,dataset_splits/10_buildings/building_3/0005373/test/0005373_036.jpg
building_3,0005373,test,dataset_splits/10_buildings/building_3/0005373/test/0005373_041.jpg
building_3,0005373,test,dataset_splits/10_buildings/building_3/0005373/test/0005373_047.jpg
building_3,0005373,test,dataset_splits/10_buildings/building_3/0005373/test/0005373_048.jpg
building_3,0005373,test,dataset_splits/10_buildings/building_3/0005373/test/0005373_056.jpg
building_3,0005373,test,dataset_splits/10_buildings/building_3/0005373/test/0005373_058.jpg
