building,occupant_id,split,image_path
building_2,0000159,reference,dataset_splits/10_buildings/building_2/0000159/reference/0000159_001.jpg
building_2,0000159,reference,dataset_splits/10_buildings/building_2/0000159/reference/0000159_050.jpg
building_2,0000159,reference,dataset_splits/10_buildings/building_2/0000159/reference/0000159_127.jpg
building_2,0000159,reference,dataset_splits/10_buildings/building_2/0000159/reference/0000159_157.jpg
building_2,0000159,reference,dataset_splits/10_buildings/building_2/0000159/reference/0000159_163.jpg
building_2,0000159,reference,dataset_splits/10_buildings/building_2/0000159/reference/0000159_194.jpg
building_2,0000159,reference,dataset_splits/10_buildings/building_2/0000159/reference/0000159_208.jpg
building_2,0000159,reference,dataset_splits/10_buildings/building_2/0000159/reference/0000159_230.jpg
building_2,0000159,reference,dataset_splits/10_buildings/building_2/0000159/reference/0000159_236.jpg
building_2,0000159,reference,dataset_splits/10_buildings/building_2/0000159/reference/0000159_244.jpg
building_2,0000159,reference,dataset_splits/10_buildings/building_2/0000159/reference/0000159_250.jpg
building_2,0000159,reference,dataset_splits/10_buildings/building_2/0000159/reference/0000159_272.jpg
building_2,0000159,reference,dataset_splits/10_buildings/building_2/0000159/reference/0000159_282.jpg
building_2,0000159,reference,dataset_splits/10_buildings/building_2/0000159/reference/0000159_284.jpg
building_2,0000159,reference,dataset_splits/10_buildings/building_2/0000159/reference/0000159_317.jpg
building_2,0000159,reference,dataset_splits/10_buildings/building_2/0000159/reference/0000159_334.jpg
building_2,0000159,reference,dataset_splits/10_buildings/building_2/0000159/reference/0000159_352.jpg
building_2,0000159,reference,dataset_splits/10_buildings/building_2/0000159/reference/0000159_379.jpg
building_2,0000159,reference,dataset_splits/10_buildings/building_2/0000159/reference/0000159_402.jpg
building_2,0000159,reference,dataset_splits/10_buildings/building_2/0000159/reference/0000159_407.jpg
building_2,0000159,test,dataset_splits/10_buildings/building_2/0000159/test/0000159_031.jpg
building_2,0000159,test,dataset_splits/10_buildings/building_2/0000159/test/0000159_056.jpg
building_2,0000159,test,dataset_splits/10_buildings/building_2/0000159/test/0000159_083.jpg
building_2,0000159,test,dataset_splits/10_buildings/building_2/0000159/test/0000159_098.jpg
building_2,0000159,test,dataset_splits/10_buildings/building_2/0000159/test/0000159_137.jpg
building_2,0000159,test,dataset_splits/10_buildings/building_2/0000159/test/0000159_151.jpg
building_2,0000159,test,dataset_splits/10_buildings/building_2/0000159/test/0000159_160.jpg
building_2,0000159,test,dataset_splits/10_buildings/building_2/0000159/test/0000159_166.jpg
building_2,0000159,test,dataset_splits/10_buildings/building_2/0000159/test/0000159_169.jpg
building_2,0000159,test,dataset_splits/10_buildings/building_2/0000159/test/0000159_190.jpg
building_2,0000159,test,dataset_splits/10_buildings/building_2/0000159/test/0000159_191.jpg
building_2,0000159,test,dataset_splits/10_buildings/building_2/0000159/test/0000159_225.jpg
building_2,0000159,test,dataset_splits/10_buildings/building_2/0000159/test/0000159_233.jpg
building_2,0000159,test,dataset_splits/10_buildings/building_2/0000159/test/0000159_258.jpg
building_2,0000159,test,dataset_splits/10_buildings/building_2/0000159/test/0000159_270.jpg
building_2,0000159,test,dataset_splits/10_buildings/building_2/0000159/test/0000159_276.jpg
building_2,0000159,test,dataset_splits/10_buildings/building_2/0000159/test/0000159_287.jpg
building_2,0000159,test,dataset_splits/10_buildings/building_2/0000159/test/0000159_295.jpg
building_2,0000159,test,dataset_splits/10_buildings/building_2/0000159/test/0000159_363.jpg
building_2,0000159,test,dataset_splits/10_buildings/building_2/0000159/test/0000159_376.jpg
building_2,0000346,reference,dataset_splits/10_buildings/building_2/0000346/reference/0000346_001.jpg
building_2,0000346,reference,dataset_splits/10_buildings/building_2/0000346/reference/0000346_004.jpg
building_2,0000346,reference,dataset_splits/10_buildings/building_2/0000346/reference/0000346_005.jpg
building_2,0000346,reference,dataset_splits/10_buildings/building_2/0000346/reference/0000346_007.jpg
building_2,0000346,reference,dataset_splits/10_buildings/building_2/0000346/reference/0000346_008.jpg
building_2,0000346,reference,dataset_splits/10_buildings/building_2/0000346/reference/0000346_009.jpg
building_2,0000346,reference,dataset_splits/10_buildings/building_2/0000346/reference/0000346_012.jpg
building_2,0000346,reference,dataset_splits/10_buildings/building_2/0000346/reference/0000346_021.jpg
building_2,0000346,reference,dataset_splits/10_buildings/building_2/0000346/reference/0000346_026.jpg
building_2,0000346,reference,dataset_splits/10_buildings/building_2/0000346/reference/0000346_028.jpg
building_2,0000346,reference,dataset_splits/10_buildings/building_2/0000346/reference/0000346_030.jpg
building_2,0000346,reference,dataset_splits/10_buildings/building_2/0000346/reference/0000346_031.jpg
building_2,0000346,reference,dataset_splits/10_buildings/building_2/0000346/reference/0000346_035.jpg
building_2,0000346,reference,dataset_splits/10_buildings/building_2/0000346/reference/0000346_036.jpg
building_2,0000346,reference,dataset_splits/10_buildings/building_2/0000346/reference/0000346_037.jpg
building_2,0000346,reference,dataset_splits/10_buildings/building_2/0000346/reference/0000346_040.jpg
building_2,0000346,reference,dataset_splits/10_buildings/building_2/0000346/reference/0000346_046.jpg
building_2,0000346,reference,dataset_splits/10_buildings/building_2/0000346/reference/0000346_048.jpg
building_2,0000346,reference,dataset_splits/10_buildings/building_2/0000346/reference/0000346_049.jpg
building_2,0000346,reference,dataset_splits/10_buildings/building_2/0000346/reference/0000346_050.jpg
building_2,0000346,test,dataset_splits/10_buildings/building_2/0000346/test/0000346_002.jpg
building_2,0000346,test,dataset_splits/10_buildings/building_2/0000346/test/0000346_003.jpg
building_2,0000346,test,dataset_splits/10_buildings/building_2/0000346/test/0000346_010.jpg
building_2,0000346,test,dataset_splits/10_buildings/building_2/0000346/test/0000346_013.jpg
building_2,0000346,test,dataset_splits/10_buildings/building_2/0000346/test/0000346_014.jpg
building_2,0000346,test,dataset_splits/10_buildings/building_2/0000346/test/0000346_016.jpg
building_2,0000346,test,dataset_splits/10_buildings/building_2/0000346/test/0000346_017.jpg
building_2,0000346,test,dataset_splits/10_buildings/building_2/0000346/test/0000346_019.jpg
building_2,0000346,test,dataset_splits/10_buildings/building_2/0000346/test/0000346_020.jpg
building_2,0000346,test,dataset_splits/10_buildings/building_2/0000346/test/0000346_022.jpg
building_2,0000346,test,dataset_splits/10_buildings/building_2/0000346/test/0000346_023.jpg
building_2,0000346,test,dataset_splits/10_buildings/building_2/0000346/test/0000346_027.jpg
building_2,0000346,test,dataset_splits/10_buildings/building_2/0000346/test/0000346_032.jpg
building_2,0000346,test,dataset_splits/10_buildings/building_2/0000346/test/0000346_033.jpg
building_2,0000346,test,dataset_splits/10_buildings/building_2/0000346/test/0000346_034.jpg
building_2,0000346,test,dataset_splits/10_buildings/building_2/0000346/test/0000346_038.jpg
building_2,0000346,test,dataset_splits/10_buildings/building_2/0000346/test/0000346_039.jpg
building_2,0000346,test,dataset_splits/10_buildings/building_2/0000346/test/0000346_042.jpg
building_2,0000346,test,dataset_splits/10_buildings/building_2/0000346/test/0000346_045.jpg
building_2,0000346,test,dataset_splits/10_buildings/building_2/0000346/test/0000346_051.jpg
building_2,0000381,reference,dataset_splits/10_buildings/building_2/0000381/reference/0000381_005.jpg
building_2,0000381,reference,dataset_splits/10_buildings/building_2/0000381/reference/0000381_006.jpg
building_2,0000381,reference,dataset_splits/10_buildings/building_2/0000381/reference/0000381_007.jpg
building_2,0000381,reference,dataset_splits/10_buildings/building_2/0000381/reference/0000381_010.jpg
building_2,0000381,reference,dataset_splits/10_buildings/building_2/0000381/reference/0000381_013.jpg
building_2,0000381,reference,dataset_splits/10_buildings/building_2/0000381/reference/0000381_014.jpg
building_2,0000381,reference,dataset_splits/10_buildings/building_2/0000381/reference/0000381_017.jpg
building_2,0000381,reference,dataset_splits/10_buildings/building_2/0000381/reference/0000381_020.jpg
building_2,0000381,reference,dataset_splits/10_buildings/building_2/0000381/reference/0000381_024.jpg
building_2,0000381,reference,dataset_splits/10_buildings/building_2/0000381/reference/0000381_029.jpg
building_2,0000381,reference,dataset_splits/10_buildings/building_2/0000381/reference/0000381_032.jpg
building_2,0000381,reference,dataset_splits/10_buildings/building_2/0000381/reference/0000381_038.jpg
building_2,0000381,reference,dataset_splits/10_buildings/building_2/0000381/reference/0000381_050.jpg
building_2,0000381,reference,dataset_splits/10_buildings/building_2/0000381/reference/0000381_052.jpg
building_2,0000381,reference,dataset_splits/10_buildings/building_2/0000381/reference/0000381_056.jpg
building_2,0000381,reference,dataset_splits/10_buildings/building_2/0000381/reference/0000381_062.jpg
building_2,0000381,reference,dataset_splits/10_buildings/building_2/0000381/reference/0000381_070.jpg
building_2,0000381,reference,dataset_splits/10_buildings/building_2/0000381/reference/0000381_075.jpg
building_2,0000381,reference,dataset_splits/10_buildings/building_2/0000381/reference/0000381_084.jpg
building_2,0000381,reference,dataset_splits/10_buildings/building_2/0000381/reference/0000381_088.jpg
building_2,0000381,test,dataset_splits/10_buildings/building_2/0000381/test/0000381_002.jpg
building_2,0000381,test,dataset_splits/10_buildings/building_2/0000381/test/0000381_018.jpg
building_2,0000381,test,dataset_splits/10_buildings/building_2/0000381/test/0000381_019.jpg
building_2,0000381,test,dataset_splits/10_buildings/building_2/0000381/test/0000381_022.jpg
building_2,0000381,test,dataset_splits/10_buildings/building_2/0000381/test/0000381_023.jpg
building_2,0000381,test,dataset_splits/10_buildings/building_2/0000381/test/0000381_026.jpg
building_2,0000381,test,dataset_splits/10_buildings/building_2/0000381/test/0000381_027.jpg
building_2,0000381,test,dataset_splits/10_buildings/building_2/0000381/test/0000381_030.jpg
building_2,0000381,test,dataset_splits/10_buildings/building_2/0000381/test/0000381_035.jpg
building_2,0000381,test,dataset_splits/10_buildings/building_2/0000381/test/0000381_045.jpg
building_2,0000381,test,dataset_splits/10_buildings/building_2/0000381/test/0000381_047.jpg
building_2,0000381,test,dataset_splits/10_buildings/building_2/0000381/test/0000381_048.jpg
building_2,0000381,test,dataset_splits/10_buildings/building_2/0000381/test/0000381_051.jpg
building_2,0000381,test,dataset_splits/10_buildings/building_2/0000381/test/0000381_054.jpg
building_2,0000381,test,dataset_splits/10_buildings/building_2/0000381/test/0000381_057.jpg
building_2,0000381,test,dataset_splits/10_buildings/building_2/0000381/test/0000381_060.jpg
building_2,0000381,test,dataset_splits/10_buildings/building_2/0000381/test/0000381_067.jpg
building_2,0000381,test,dataset_splits/10_buildings/building_2/0000381/test/0000381_079.jpg
building_2,0000381,test,dataset_splits/10_buildings/building_2/0000381/test/0000381_087.jpg
building_2,0000381,test,dataset_splits/10_buildings/building_2/0000381/test/0000381_089.jpg
building_2,0000426,reference,dataset_splits/10_buildings/building_2/0000426/reference/0000426_002.jpg
building_2,0000426,reference,dataset_splits/10_buildings/building_2/0000426/reference/0000426_008.jpg
building_2,0000426,reference,dataset_splits/10_buildings/building_2/0000426/reference/0000426_009.jpg
building_2,0000426,reference,dataset_splits/10_buildings/building_2/0000426/reference/0000426_011.jpg
building_2,0000426,reference,dataset_splits/10_buildings/building_2/0000426/reference/0000426_040.jpg
building_2,0000426,reference,dataset_splits/10_buildings/building_2/0000426/reference/0000426_047.jpg
building_2,0000426,reference,dataset_splits/10_buildings/building_2/0000426/reference/0000426_050.jpg
building_2,0000426,reference,dataset_splits/10_buildings/building_2/0000426/reference/0000426_053.jpg
building_2,0000426,reference,dataset_splits/10_buildings/building_2/0000426/reference/0000426_056.jpg
building_2,0000426,reference,dataset_splits/10_buildings/building_2/0000426/reference/0000426_059.jpg
building_2,0000426,reference,dataset_splits/10_buildings/building_2/0000426/reference/0000426_060.jpg
building_2,0000426,reference,dataset_splits/10_buildings/building_2/0000426/reference/0000426_061.jpg
building_2,0000426,reference,dataset_splits/10_buildings/building_2/0000426/reference/0000426_062.jpg
building_2,0000426,reference,dataset_splits/10_buildings/building_2/0000426/reference/0000426_069.jpg
building_2,0000426,reference,dataset_splits/10_buildings/building_2/0000426/reference/0000426_080.jpg
building_2,0000426,reference,dataset_splits/10_buildings/building_2/0000426/reference/0000426_081.jpg
building_2,0000426,reference,dataset_splits/10_buildings/building_2/0000426/reference/0000426_094.jpg
building_2,0000426,reference,dataset_splits/10_buildings/building_2/0000426/reference/0000426_106.jpg
building_2,0000426,reference,dataset_splits/10_buildings/building_2/0000426/reference/0000426_114.jpg
building_2,0000426,reference,dataset_splits/10_buildings/building_2/0000426/reference/0000426_119.jpg
building_2,0000426,test,dataset_splits/10_buildings/building_2/0000426/test/0000426_001.jpg
building_2,0000426,test,dataset_splits/10_buildings/building_2/0000426/test/0000426_004.jpg
building_2,0000426,test,dataset_splits/10_buildings/building_2/0000426/test/0000426_005.jpg
building_2,0000426,test,dataset_splits/10_buildings/building_2/0000426/test/0000426_007.jpg
building_2,0000426,test,dataset_splits/10_buildings/building_2/0000426/test/0000426_023.jpg
building_2,0000426,test,dataset_splits/10_buildings/building_2/0000426/test/0000426_037.jpg
building_2,0000426,test,dataset_splits/10_buildings/building_2/0000426/test/0000426_039.jpg
building_2,0000426,test,dataset_splits/10_buildings/building_2/0000426/test/0000426_043.jpg
building_2,0000426,test,dataset_splits/10_buildings/building_2/0000426/test/0000426_044.jpg
building_2,0000426,test,dataset_splits/10_buildings/building_2/0000426/test/0000426_049.jpg
building_2,0000426,test,dataset_splits/10_buildings/building_2/0000426/test/0000426_052.jpg
building_2,0000426,test,dataset_splits/10_buildings/building_2/0000426/test/0000426_065.jpg
building_2,0000426,test,dataset_splits/10_buildings/building_2/0000426/test/0000426_066.jpg
building_2,0000426,test,dataset_splits/10_buildings/building_2/0000426/test/0000426_074.jpg
building_2,0000426,test,dataset_splits/10_buildings/building_2/0000426/test/0000426_085.jpg
building_2,0000426,test,dataset_splits/10_buildings/building_2/0000426/test/0000426_096.jpg
building_2,0000426,test,dataset_splits/10_buildings/building_2/0000426/test/0000426_099.jpg
building_2,0000426,test,dataset_splits/10_buildings/building_2/0000426/test/0000426_103.jpg
building_2,0000426,test,dataset_splits/10_buildings/building_2/0000426/test/0000426_113.jpg
building_2,0000426,test,dataset_splits/10_buildings/building_2/0000426/test/0000426_118.jpg
building_2,0000480,reference,dataset_splits/10_buildings/building_2/0000480/reference/0000480_001.jpg
building_2,0000480,reference,dataset_splits/10_buildings/building_2/0000480/reference/0000480_003.jpg
building_2,0000480,reference,dataset_splits/10_buildings/building_2/0000480/reference/0000480_005.jpg
building_2,0000480,reference,dataset_splits/10_buildings/building_2/0000480/reference/0000480_013.jpg
building_2,0000480,reference,dataset_splits/10_buildings/building_2/0000480/reference/0000480_018.jpg
building_2,0000480,reference,dataset_splits/10_buildings/building_2/0000480/reference/0000480_020.jpg
building_2,0000480,reference,dataset_splits/10_buildings/building_2/0000480/reference/0000480_024.jpg
building_2,0000480,reference,dataset_splits/10_buildings/building_2/0000480/reference/0000480_027.jpg
building_2,0000480,reference,dataset_splits/10_buildings/building_2/0000480/reference/0000480_031.jpg
building_2,0000480,reference,dataset_splits/10_buildings/building_2/0000480/reference/0000480_032.jpg
building_2,0000480,reference,dataset_splits/10_buildings/building_2/0000480/reference/0000480_036.jpg
building_2,0000480,reference,dataset_splits/10_buildings/building_2/0000480/reference/0000480_037.jpg
building_2,0000480,reference,dataset_splits/10_buildings/building_2/0000480/reference/0000480_041.jpg
building_2,0000480,reference,dataset_splits/10_buildings/building_2/0000480/reference/0000480_042.jpg
building_2,0000480,reference,dataset_splits/10_buildings/building_2/0000480/reference/0000480_055.jpg
building_2,0000480,reference,dataset_splits/10_buildings/building_2/0000480/reference/0000480_057.jpg
building_2,0000480,reference,dataset_splits/10_buildings/building_2/0000480/reference/0000480_058.jpg
building_2,0000480,reference,dataset_splits/10_buildings/building_2/0000480/reference/0000480_059.jpg
building_2,0000480,reference,dataset_splits/10_buildings/building_2/0000480/reference/0000480_060.jpg
building_2,0000480,reference,dataset_splits/10_buildings/building_2/0000480/reference/0000480_062.jpg
building_2,0000480,test,dataset_splits/10_buildings/building_2/0000480/test/0000480_004.jpg
building_2,0000480,test,dataset_splits/10_buildings/building_2/0000480/test/0000480_006.jpg
building_2,0000480,test,dataset_splits/10_buildings/building_2/0000480/test/0000480_007.jpg
building_2,0000480,test,dataset_splits/10_buildings/building_2/0000480/test/0000480_011.jpg
building_2,0000480,test,dataset_splits/10_buildings/building_2/0000480/test/0000480_012.jpg
building_2,0000480,test,dataset_splits/10_buildings/building_2/0000480/test/0000480_015.jpg
building_2,0000480,test,dataset_splits/10_buildings/building_2/0000480/test/0000480_016.jpg
building_2,0000480,test,dataset_splits/10_buildings/building_2/0000480/test/0000480_019.jpg
building_2,0000480,test,dataset_splits/10_buildings/building_2/0000480/test/0000480_026.jpg
building_2,0000480,test,dataset_splits/10_buildings/building_2/0000480/test/0000480_028.jpg
building_2,0000480,test,dataset_splits/10_buildings/building_2/0000480/test/0000480_029.jpg
building_2,0000480,test,dataset_splits/10_buildings/building_2/0000480/test/0000480_030.jpg
building_2,0000480,test,dataset_splits/10_buildings/building_2/0000480/test/0000480_035.jpg
building_2,0000480,test,dataset_splits/10_buildings/building_2/0000480/test/0000480_038.jpg
building_2,0000480,test,dataset_splits/10_buildings/building_2/0000480/test/0000480_039.jpg
building_2,0000480,test,dataset_splits/10_buildings/building_2/0000480/test/0000480_040.jpg
building_2,0000480,test,dataset_splits/10_buildings/building_2/0000480/test/0000480_047.jpg
building_2,0000480,test,dataset_splits/10_buildings/building_2/0000480/test/0000480_049.jpg
building_2,0000480,test,dataset_splits/10_buildings/building_2/0000480/test/0000480_050.jpg
building_2,0000480,test,dataset_splits/10_buildings/building_2/0000480/test/0000480_061.jpg
building_2,0000513,reference,dataset_splits/10_buildings/building_2/0000513/reference/0000513_016.jpg
building_2,0000513,reference,dataset_splits/10_buildings/building_2/0000513/reference/0000513_040.jpg
building_2,0000513,reference,dataset_splits/10_buildings/building_2/0000513/reference/0000513_050.jpg
building_2,0000513,reference,dataset_splits/10_buildings/building_2/0000513/reference/0000513_056.jpg
building_2,0000513,reference,dataset_splits/10_buildings/building_2/0000513/reference/0000513_107.jpg
building_2,0000513,reference,dataset_splits/10_buildings/building_2/0000513/reference/0000513_131.jpg
building_2,0000513,reference,dataset_splits/10_buildings/building_2/0000513/reference/0000513_139.jpg
building_2,0000513,reference,dataset_splits/10_buildings/building_2/0000513/reference/0000513_155.jpg
building_2,0000513,reference,dataset_splits/10_buildings/building_2/0000513/reference/0000513_177.jpg
building_2,0000513,reference,dataset_splits/10_buildings/building_2/0000513/reference/0000513_184.jpg
building_2,0000513,reference,dataset_splits/10_buildings/building_2/0000513/reference/0000513_234.jpg
building_2,0000513,reference,dataset_splits/10_buildings/building_2/0000513/reference/0000513_239.jpg
building_2,0000513,reference,dataset_splits/10_buildings/building_2/0000513/reference/0000513_245.jpg
building_2,0000513,reference,dataset_splits/10_buildings/building_2/0000513/reference/0000513_253.jpg
building_2,0000513,reference,dataset_splits/10_buildings/building_2/0000513/reference/0000513_262.jpg
building_2,0000513,reference,dataset_splits/10_buildings/building_2/0000513/reference/0000513_265.jpg
building_2,0000513,reference,dataset_splits/10_buildings/building_2/0000513/reference/0000513_280.jpg
building_2,0000513,reference,dataset_splits/10_buildings/building_2/0000513/reference/0000513_298.jpg
building_2,0000513,reference,dataset_splits/10_buildings/building_2/0000513/reference/0000513_325.jpg
building_2,0000513,reference,dataset_splits/10_buildings/building_2/0000513/reference/0000513_339.jpg
building_2,0000513,test,dataset_splits/10_buildings/building_2/0000513/test/0000513_022.jpg
building_2,0000513,test,dataset_splits/10_buildings/building_2/0000513/test/0000513_034.jpg
building_2,0000513,test,dataset_splits/10_buildings/building_2/0000513/test/0000513_049.jpg
building_2,0000513,test,dataset_splits/10_buildings/building_2/0000513/test/0000513_090.jpg
building_2,0000513,test,dataset_splits/10_buildings/building_2/0000513/test/0000513_094.jpg
building_2,0000513,test,dataset_splits/10_buildings/building_2/0000513/test/0000513_095.jpg
building_2,0000513,test,dataset_splits/10_buildings/building_2/0000513/test/0000513_096.jpg
building_2,0000513,test,dataset_splits/10_buildings/building_2/0000513/test/0000513_122.jpg
building_2,0000513,test,dataset_splits/10_buildings/building_2/0000513/test/0000513_127.jpg
building_2,0000513,test,dataset_splits/10_buildings/building_2/0000513/test/0000513_147.jpg
building_2,0000513,test,dataset_splits/10_buildings/building_2/0000513/test/0000513_193.jpg
building_2,0000513,test,dataset_splits/10_buildings/building_2/0000513/test/0000513_198.jpg
building_2,0000513,test,dataset_splits/10_buildings/building_2/0000513/test/0000513_207.jpg
building_2,0000513,test,dataset_splits/10_buildings/building_2/0000513/test/0000513_216.jpg
building_2,0000513,test,dataset_splits/10_buildings/building_2/0000513/test/0000513_231.jpg
building_2,0000513,test,dataset_splits/10_buildings/building_2/0000513/test/0000513_243.jpg
building_2,0000513,test,dataset_splits/10_buildings/building_2/0000513/test/0000513_254.jpg
building_2,0000513,test,dataset_splits/10_buildings/building_2/0000513/test/0000513_271.jpg
building_2,0000513,test,dataset_splits/10_buildings/building_2/0000513/test/0000513_275.jpg
building_2,0000513,test,dataset_splits/10_buildings/building_2/0000513/test/0000513_291.jpg
building_2,0000514,reference,dataset_splits/10_buildings/building_2/0000514/reference/0000514_004.jpg
building_2,0000514,reference,dataset_splits/10_buildings/building_2/0000514/reference/0000514_011.jpg
building_2,0000514,reference,dataset_splits/10_buildings/building_2/0000514/reference/0000514_013.jpg
building_2,0000514,reference,dataset_splits/10_buildings/building_2/0000514/reference/0000514_025.jpg
building_2,0000514,reference,dataset_splits/10_buildings/building_2/0000514/reference/0000514_026.jpg
building_2,0000514,reference,dataset_splits/10_buildings/building_2/0000514/reference/0000514_030.jpg
building_2,0000514,reference,dataset_splits/10_buildings/building_2/0000514/reference/0000514_034.jpg
building_2,0000514,reference,dataset_splits/10_buildings/building_2/0000514/reference/0000514_038.jpg
building_2,0000514,reference,dataset_splits/10_buildings/building_2/0000514/reference/0000514_048.jpg
building_2,0000514,reference,dataset_splits/10_buildings/building_2/0000514/reference/0000514_050.jpg
building_2,0000514,reference,dataset_splits/10_buildings/building_2/0000514/reference/0000514_055.jpg
building_2,0000514,reference,dataset_splits/10_buildings/building_2/0000514/reference/0000514_056.jpg
building_2,0000514,reference,dataset_splits/10_buildings/building_2/0000514/reference/0000514_057.jpg
building_2,0000514,reference,dataset_splits/10_buildings/building_2/0000514/reference/0000514_062.jpg
building_2,0000514,reference,dataset_splits/10_buildings/building_2/0000514/reference/0000514_065.jpg
building_2,0000514,reference,dataset_splits/10_buildings/building_2/0000514/reference/0000514_075.jpg
building_2,0000514,reference,dataset_splits/10_buildings/building_2/0000514/reference/0000514_078.jpg
building_2,0000514,reference,dataset_splits/10_buildings/building_2/0000514/reference/0000514_081.jpg
building_2,0000514,reference,dataset_splits/10_buildings/building_2/0000514/reference/0000514_085.jpg
building_2,0000514,reference,dataset_splits/10_buildings/building_2/0000514/reference/0000514_089.jpg
building_2,0000514,test,dataset_splits/10_buildings/building_2/0000514/test/0000514_001.jpg
building_2,0000514,test,dataset_splits/10_buildings/building_2/0000514/test/0000514_009.jpg
building_2,0000514,test,dataset_splits/10_buildings/building_2/0000514/test/0000514_019.jpg
building_2,0000514,test,dataset_splits/10_buildings/building_2/0000514/test/0000514_021.jpg
building_2,0000514,test,dataset_splits/10_buildings/building_2/0000514/test/0000514_028.jpg
building_2,0000514,test,dataset_splits/10_buildings/building_2/0000514/test/0000514_029.jpg
building_2,0000514,test,dataset_splits/10_buildings/building_2/0000514/test/0000514_037.jpg
building_2,0000514,test,dataset_splits/10_buildings/building_2/0000514/test/0000514_039.jpg
building_2,0000514,test,dataset_splits/10_buildings/building_2/0000514/test/0000514_053.jpg
building_2,0000514,test,dataset_splits/10_buildings/building_2/0000514/test/0000514_054.jpg
building_2,0000514,test,dataset_splits/10_buildings/building_2/0000514/test/0000514_058.jpg
building_2,0000514,test,dataset_splits/10_buildings/building_2/0000514/test/0000514_060.jpg
building_2,0000514,test,dataset_splits/10_buildings/building_2/0000514/test/0000514_067.jpg
building_2,0000514,test,dataset_splits/10_buildings/building_2/0000514/test/0000514_070.jpg
building_2,0000514,test,dataset_splits/10_buildings/building_2/0000514/test/0000514_071.jpg
building_2,0000514,test,dataset_splits/10_buildings/building_2/0000514/test/0000514_072.jpg
building_2,0000514,test,dataset_splits/10_buildings/building_2/0000514/test/0000514_073.jpg
building_2,0000514,test,dataset_splits/10_buildings/building_2/0000514/test/0000514_087.jpg
building_2,0000514,test,dataset_splits/10_buildings/building_2/0000514/test/0000514_088.jpg
building_2,0000514,test,dataset_splits/10_buildings/building_2/0000514/test/0000514_090.jpg
building_2,0000541,reference,dataset_splits/10_buildings/building_2/0000541/reference/0000541_003.jpg
building_2,0000541,reference,dataset_splits/10_buildings/building_2/0000541/reference/0000541_005.jpg
building_2,0000541,reference,dataset_splits/10_buildings/building_2/0000541/reference/0000541_007.jpg
building_2,0000541,reference,dataset_splits/10_buildings/building_2/0000541/reference/0000541_011.jpg
building_2,0000541,reference,dataset_splits/10_buildings/building_2/0000541/reference/0000541_019.jpg
building_2,0000541,reference,dataset_splits/10_buildings/building_2/0000541/reference/0000541_051.jpg
building_2,0000541,reference,dataset_splits/10_buildings/building_2/0000541/reference/0000541_057.jpg
building_2,0000541,reference,dataset_splits/10_buildings/building_2/0000541/reference/0000541_066.jpg
building_2,0000541,reference,dataset_splits/10_buildings/building_2/0000541/reference/0000541_069.jpg
building_2,0000541,reference,dataset_splits/10_buildings/building_2/0000541/reference/0000541_075.jpg
building_2,0000541,reference,dataset_splits/10_buildings/building_2/0000541/reference/0000541_076.jpg
building_2,0000541,reference,dataset_splits/10_buildings/building_2/0000541/reference/0000541_079.jpg
building_2,0000541,reference,dataset_splits/10_buildings/building_2/0000541/reference/0000541_093.jpg
building_2,0000541,reference,dataset_splits/10_buildings/building_2/0000541/reference/0000541_096.jpg
building_2,0000541,reference,dataset_splits/10_buildings/building_2/0000541/reference/0000541_102.jpg
building_2,0000541,reference,dataset_splits/10_buildings/building_2/0000541/reference/0000541_107.jpg
building_2,0000541,reference,dataset_splits/10_buildings/building_2/0000541/reference/0000541_113.jpg
building_2,0000541,reference,dataset_splits/10_buildings/building_2/0000541/reference/0000541_115.jpg
building_2,0000541,reference,dataset_splits/10_buildings/building_2/0000541/reference/0000541_118.jpg
building_2,0000541,reference,dataset_splits/10_buildings/building_2/0000541/reference/0000541_119.jpg
building_2,0000541,test,dataset_splits/10_buildings/building_2/0000541/test/0000541_001.jpg
building_2,0000541,test,dataset_splits/10_buildings/building_2/0000541/test/0000541_004.jpg
building_2,0000541,test,dataset_splits/10_buildings/building_2/0000541/test/0000541_012.jpg
building_2,0000541,test,dataset_splits/10_buildings/building_2/0000541/test/0000541_020.jpg
building_2,0000541,test,dataset_splits/10_buildings/building_2/0000541/test/0000541_023.jpg
building_2,0000541,test,dataset_splits/10_buildings/building_2/0000541/test/0000541_030.jpg
building_2,0000541,test,dataset_splits/10_buildings/building_2/0000541/test/0000541_038.jpg
building_2,0000541,test,dataset_splits/10_buildings/building_2/0000541/test/0000541_046.jpg
building_2,0000541,test,dataset_splits/10_buildings/building_2/0000541/test/0000541_052.jpg
building_2,0000541,test,dataset_splits/10_buildings/building_2/0000541/test/0000541_055.jpg
building_2,0000541,test,dataset_splits/10_buildings/building_2/0000541/test/0000541_064.jpg
building_2,0000541,test,dataset_splits/10_buildings/building_2/0000541/test/0000541_065.jpg
building_2,0000541,test,dataset_splits/10_buildings/building_2/0000541/test/0000541_070.jpg
building_2,0000541,test,dataset_splits/10_buildings/building_2/0000541/test/0000541_071.jpg
building_2,0000541,test,dataset_splits/10_buildings/building_2/0000541/test/0000541_081.jpg
building_2,0000541,test,dataset_splits/10_buildings/building_2/0000541/test/0000541_085.jpg
building_2,0000541,test,dataset_splits/10_buildings/building_2/0000541/test/0000541_090.jpg
building_2,0000541,test,dataset_splits/10_buildings/building_2/0000541/test/0000541_097.jpg
building_2,0000541,test,dataset_splits/10_buildings/building_2/0000541/test/0000541_101.jpg
building_2,0000541,test,dataset_splits/10_buildings/building_2/0000541/test/0000541_108.jpg
building_2,0000598,reference,dataset_splits/10_buildings/building_2/0000598/reference/0000598_016.jpg
building_2,0000598,reference,dataset_splits/10_buildings/building_2/0000598/reference/0000598_017.jpg
building_2,0000598,reference,dataset_splits/10_buildings/building_2/0000598/reference/0000598_018.jpg
building_2,0000598,reference,dataset_splits/10_buildings/building_2/0000598/reference/0000598_032.jpg
building_2,0000598,reference,dataset_splits/10_buildings/building_2/0000598/reference/0000598_040.jpg
building_2,0000598,reference,dataset_splits/10_buildings/building_2/0000598/reference/0000598_054.jpg
building_2,0000598,reference,dataset_splits/10_buildings/building_2/0000598/reference/0000598_075.jpg
building_2,0000598,reference,dataset_splits/10_buildings/building_2/0000598/reference/0000598_115.jpg
building_2,0000598,reference,dataset_splits/10_buildings/building_2/0000598/reference/0000598_121.jpg
building_2,0000598,reference,dataset_splits/10_buildings/building_2/0000598/reference/0000598_131.jpg
building_2,0000598,reference,dataset_splits/10_buildings/building_2/0000598/reference/0000598_152.jpg
building_2,0000598,reference,dataset_splits/10_buildings/building_2/0000598/reference/0000598_193.jpg
building_2,0000598,reference,dataset_splits/10_buildings/building_2/0000598/reference/0000598_197.jpg
building_2,0000598,reference,dataset_splits/10_buildings/building_2/0000598/reference/0000598_207.jpg
building_2,0000598,reference,dataset_splits/10_buildings/building_2/0000598/reference/0000598_209.jpg
building_2,0000598,reference,dataset_splits/10_buildings/building_2/0000598/reference/0000598_253.jpg
building_2,0000598,reference,dataset_splits/10_buildings/building_2/0000598/reference/0000598_265.jpg
building_2,0000598,reference,dataset_splits/10_buildings/building_2/0000598/reference/0000598_274.jpg
building_2,0000598,reference,dataset_splits/10_buildings/building_2/0000598/reference/0000598_304.jpg
building_2,0000598,reference,dataset_splits/10_buildings/building_2/0000598/reference/0000598_318.jpg
building_2,0000598,test,dataset_splits/10_buildings/building_2/0000598/test/0000598_068.jpg
building_2,0000598,test,dataset_splits/10_buildings/building_2/0000598/test/0000598_088.jpg
building_2,0000598,test,dataset_splits/10_buildings/building_2/0000598/test/0000598_097.jpg
building_2,0000598,test,dataset_splits/10_buildings/building_2/0000598/test/0000598_105.jpg
building_2,0000598,test,dataset_splits/10_buildings/building_2/0000598/test/0000598_111.jpg
building_2,0000598,test,dataset_splits/10_buildings/building_2/0000598/test/0000598_122.jpg
building_2,0000598,test,dataset_splits/10_buildings/building_2/0000598/test/0000598_139.jpg
building_2,0000598,test,dataset_splits/10_buildings/building_2/0000598/test/0000598_153.jpg
building_2,0000598,test,dataset_splits/10_buildings/building_2/0000598/test/0000598_172.jpg
building_2,0000598,test,dataset_splits/10_buildings/building_2/0000598/test/0000598_189.jpg
building_2,0000598,test,dataset_splits/10_buildings/building_2/0000598/test/0000598_221.jpg
building_2,0000598,test,dataset_splits/10_buildings/building_2/0000598/test/0000598_232.jpg
building_2,0000598,test,dataset_splits/10_buildings/building_2/0000598/test/0000598_248.jpg
building_2,0000598,test,dataset_splits/10_buildings/building_2/0000598/test/0000598_267.jpg
building_2,0000598,test,dataset_splits/10_buildings/building_2/0000598/test/0000598_275.jpg
building_2,0000598,test,dataset_splits/10_buildings/building_2/0000598/test/0000598_283.jpg
building_2,0000598,test,dataset_splits/10_buildings/building_2/0000598/test/0000598_291.jpg
building_2,0000598,test,dataset_splits/10_buildings/building_2/0000598/test/0000598_292.jpg
building_2,0000598,test,dataset_splits/10_buildings/building_2/0000598/test/0000598_316.jpg
building_2,0000598,test,dataset_splits/10_buildings/building_2/0000598/test/0000598_324.jpg
building_2,0000614,reference,dataset_splits/10_buildings/building_2/0000614/reference/0000614_005.jpg
building_2,0000614,reference,dataset_splits/10_buildings/building_2/0000614/reference/0000614_022.jpg
building_2,0000614,reference,dataset_splits/10_buildings/building_2/0000614/reference/0000614_023.jpg
building_2,0000614,reference,dataset_splits/10_buildings/building_2/0000614/reference/0000614_026.jpg
building_2,0000614,reference,dataset_splits/10_buildings/building_2/0000614/reference/0000614_029.jpg
building_2,0000614,reference,dataset_splits/10_buildings/building_2/0000614/reference/0000614_030.jpg
building_2,0000614,reference,dataset_splits/10_buildings/building_2/0000614/reference/0000614_035.jpg
building_2,0000614,reference,dataset_splits/10_buildings/building_2/0000614/reference/0000614_036.jpg
building_2,0000614,reference,dataset_splits/10_buildings/building_2/0000614/reference/0000614_037.jpg
building_2,0000614,reference,dataset_splits/10_buildings/building_2/0000614/reference/0000614_039.jpg
building_2,0000614,reference,dataset_splits/10_buildings/building_2/0000614/reference/0000614_044.jpg
building_2,0000614,reference,dataset_splits/10_buildings/building_2/0000614/reference/0000614_047.jpg
building_2,0000614,reference,dataset_splits/10_buildings/building_2/0000614/reference/0000614_049.jpg
building_2,0000614,reference,dataset_splits/10_buildings/building_2/0000614/reference/0000614_051.jpg
building_2,0000614,reference,dataset_splits/10_buildings/building_2/0000614/reference/0000614_052.jpg
building_2,0000614,reference,dataset_splits/10_buildings/building_2/0000614/reference/0000614_070.jpg
building_2,0000614,reference,dataset_splits/10_buildings/building_2/0000614/reference/0000614_075.jpg
building_2,0000614,reference,dataset_splits/10_buildings/building_2/0000614/reference/0000614_076.jpg
building_2,0000614,reference,dataset_splits/10_buildings/building_2/0000614/reference/0000614_077.jpg
building_2,0000614,reference,dataset_splits/10_buildings/building_2/0000614/reference/0000614_085.jpg
building_2,0000614,test,dataset_splits/10_buildings/building_2/0000614/test/0000614_006.jpg
building_2,0000614,test,dataset_splits/10_buildings/building_2/0000614/test/0000614_008.jpg
building_2,0000614,test,dataset_splits/10_buildings/building_2/0000614/test/0000614_009.jpg
building_2,0000614,test,dataset_splits/10_buildings/building_2/0000614/test/0000614_010.jpg
building_2,0000614,test,dataset_splits/10_buildings/building_2/0000614/test/0000614_013.jpg
building_2,0000614,test,dataset_splits/10_buildings/building_2/0000614/test/0000614_015.jpg
building_2,0000614,test,dataset_splits/10_buildings/building_2/0000614/test/0000614_016.jpg
building_2,0000614,test,dataset_splits/10_buildings/building_2/0000614/test/0000614_024.jpg
building_2,0000614,test,dataset_splits/10_buildings/building_2/0000614/test/0000614_040.jpg
building_2,0000614,test,dataset_splits/10_buildings/building_2/0000614/test/0000614_043.jpg
building_2,0000614,test,dataset_splits/10_buildings/building_2/0000614/test/0000614_045.jpg
building_2,0000614,test,dataset_splits/10_buildings/building_2/0000614/test/0000614_046.jpg
building_2,0000614,test,dataset_splits/10_buildings/building_2/0000614/test/0000614_050.jpg
building_2,0000614,test,dataset_splits/10_buildings/building_2/0000614/test/0000614_055.jpg
building_2,0000614,test,dataset_splits/10_buildings/building_2/0000614/test/0000614_056.jpg
building_2,0000614,test,dataset_splits/10_buildings/building_2/0000614/test/0000614_064.jpg
building_2,0000614,test,dataset_splits/10_buildings/building_2/0000614/test/0000614_066.jpg
building_2,0000614,test,dataset_splits/10_buildings/building_2/0000614/test/0000614_071.jpg
building_2,0000614,test,dataset_splits/10_buildings/building_2/0000614/test/0000614_079.jpg
building_2,0000614,test,dataset_splits/10_buildings/building_2/0000614/test/0000614_081.jpg
building_2,0000652,reference,dataset_splits/10_buildings/building_2/0000652/reference/0000652_009.jpg
building_2,0000652,reference,dataset_splits/10_buildings/building_2/0000652/reference/0000652_010.jpg
building_2,0000652,reference,dataset_splits/10_buildings/building_2/0000652/reference/0000652_022.jpg
building_2,0000652,reference,dataset_splits/10_buildings/building_2/0000652/reference/0000652_028.jpg
building_2,0000652,reference,dataset_splits/10_buildings/building_2/0000652/reference/0000652_036.jpg
building_2,0000652,reference,dataset_splits/10_buildings/building_2/0000652/reference/0000652_063.jpg
building_2,0000652,reference,dataset_splits/10_buildings/building_2/0000652/reference/0000652_066.jpg
building_2,0000652,reference,dataset_splits/10_buildings/building_2/0000652/reference/0000652_082.jpg
building_2,0000652,reference,dataset_splits/10_buildings/building_2/0000652/reference/0000652_083.jpg
building_2,0000652,reference,dataset_splits/10_buildings/building_2/0000652/reference/0000652_095.jpg
building_2,0000652,reference,dataset_splits/10_buildings/building_2/0000652/reference/0000652_100.jpg
building_2,0000652,reference,dataset_splits/10_buildings/building_2/0000652/reference/0000652_103.jpg
building_2,0000652,reference,dataset_splits/10_buildings/building_2/0000652/reference/0000652_116.jpg
building_2,0000652,reference,dataset_splits/10_buildings/building_2/0000652/reference/0000652_136.jpg
building_2,0000652,reference,dataset_splits/10_buildings/building_2/0000652/reference/0000652_137.jpg
building_2,0000652,reference,dataset_splits/10_buildings/building_2/0000652/reference/0000652_162.jpg
building_2,0000652,reference,dataset_splits/10_buildings/building_2/0000652/reference/0000652_176.jpg
building_2,0000652,reference,dataset_splits/10_buildings/building_2/0000652/reference/0000652_185.jpg
building_2,0000652,reference,dataset_splits/10_buildings/building_2/0000652/reference/0000652_191.jpg
building_2,0000652,reference,dataset_splits/10_buildings/building_2/0000652/reference/0000652_193.jpg
building_2,0000652,test,dataset_splits/10_buildings/building_2/0000652/test/0000652_003.jpg
building_2,0000652,test,dataset_splits/10_buildings/building_2/0000652/test/0000652_012.jpg
building_2,0000652,test,dataset_splits/10_buildings/building_2/0000652/test/0000652_026.jpg
building_2,0000652,test,dataset_splits/10_buildings/building_2/0000652/test/0000652_033.jpg
building_2,0000652,test,dataset_splits/10_buildings/building_2/0000652/test/0000652_037.jpg
building_2,0000652,test,dataset_splits/10_buildings/building_2/0000652/test/0000652_038.jpg
building_2,0000652,test,dataset_splits/10_buildings/building_2/0000652/test/0000652_047.jpg
building_2,0000652,test,dataset_splits/10_buildings/building_2/0000652/test/0000652_049.jpg
building_2,0000652,test,dataset_splits/10_buildings/building_2/0000652/test/0000652_070.jpg
building_2,0000652,test,dataset_splits/10_buildings/building_2/0000652/test/0000652_077.jpg
building_2,0000652,test,dataset_splits/10_buildings/building_2/0000652/test/0000652_078.jpg
building_2,0000652,test,dataset_splits/10_buildings/building_2/0000652/test/0000652_119.jpg
building_2,0000652,test,dataset_splits/10_buildings/building_2/0000652/test/0000652_120.jpg
building_2,0000652,test,dataset_splits/10_buildings/building_2/0000652/test/0000652_129.jpg
building_2,0000652,test,dataset_splits/10_buildings/building_2/0000652/test/0000652_134.jpg
building_2,0000652,test,dataset_splits/10_buildings/building_2/0000652/test/0000652_139.jpg
building_2,0000652,test,dataset_splits/10_buildings/building_2/0000652/test/0000652_141.jpg
building_2,0000652,test,dataset_splits/10_buildings/building_2/0000652/test/0000652_166.jpg
building_2,0000652,test,dataset_splits/10_buildings/building_2/0000652/test/0000652_167.jpg
building_2,0000652,test,dataset_splits/10_buildings/building_2/0000652/test/0000652_169.jpg
building_2,0000708,reference,dataset_splits/10_buildings/building_2/0000708/reference/0000708_010.jpg
building_2,0000708,reference,dataset_splits/10_buildings/building_2/0000708/reference/0000708_012.jpg
building_2,0000708,reference,dataset_splits/10_buildings/building_2/0000708/reference/0000708_014.jpg
building_2,0000708,reference,dataset_splits/10_buildings/building_2/0000708/reference/0000708_018.jpg
building_2,0000708,reference,dataset_splits/10_buildings/building_2/0000708/reference/0000708_026.jpg
building_2,0000708,reference,dataset_splits/10_buildings/building_2/0000708/reference/0000708_032.jpg
building_2,0000708,reference,dataset_splits/10_buildings/building_2/0000708/reference/0000708_035.jpg
building_2,0000708,reference,dataset_splits/10_buildings/building_2/0000708/reference/0000708_038.jpg
building_2,0000708,reference,dataset_splits/10_buildings/building_2/0000708/reference/0000708_043.jpg
building_2,0000708,reference,dataset_splits/10_buildings/building_2/0000708/reference/0000708_045.jpg
building_2,0000708,reference,dataset_splits/10_buildings/building_2/0000708/reference/0000708_050.jpg
building_2,0000708,reference,dataset_splits/10_buildings/building_2/0000708/reference/0000708_053.jpg
building_2,0000708,reference,dataset_splits/10_buildings/building_2/0000708/reference/0000708_057.jpg
building_2,0000708,reference,dataset_splits/10_buildings/building_2/0000708/reference/0000708_063.jpg
building_2,0000708,reference,dataset_splits/10_buildings/building_2/0000708/reference/0000708_068.jpg
building_2,0000708,reference,dataset_splits/10_buildings/building_2/0000708/reference/0000708_077.jpg
building_2,0000708,reference,dataset_splits/10_buildings/building_2/0000708/reference/0000708_085.jpg
building_2,0000708,reference,dataset_splits/10_buildings/building_2/0000708/reference/0000708_087.jpg
building_2,0000708,reference,dataset_splits/10_buildings/building_2/0000708/reference/0000708_088.jpg
building_2,0000708,reference,dataset_splits/10_buildings/building_2/0000708/reference/0000708_090.jpg
building_2,0000708,test,dataset_splits/10_buildings/building_2/0000708/test/0000708_008.jpg
building_2,0000708,test,dataset_splits/10_buildings/building_2/0000708/test/0000708_013.jpg
building_2,0000708,test,dataset_splits/10_buildings/building_2/0000708/test/0000708_015.jpg
building_2,0000708,test,dataset_splits/10_buildings/building_2/0000708/test/0000708_019.jpg
building_2,0000708,test,dataset_splits/10_buildings/building_2/0000708/test/0000708_020.jpg
building_2,0000708,test,dataset_splits/10_buildings/building_2/0000708/test/0000708_024.jpg
building_2,0000708,test,dataset_splits/10_buildings/building_2/0000708/test/0000708_039.jpg
building_2,0000708,test,dataset_splits/10_buildings/building_2/0000708/test/0000708_040.jpg
building_2,0000708,test,dataset_splits/10_buildings/building_2/0000708/test/0000708_041.jpg
building_2,0000708,test,dataset_splits/10_buildings/building_2/0000708/test/0000708_042.jpg
building_2,0000708,test,dataset_splits/10_buildings/building_2/0000708/test/0000708_047.jpg
building_2,0000708,test,dataset_splits/10_buildings/building_2/0000708/test/0000708_054.jpg
building_2,0000708,test,dataset_splits/10_buildings/building_2/0000708/test/0000708_055.jpg
building_2,0000708,test,dataset_splits/10_buildings/building_2/0000708/test/0000708_058.jpg
building_2,0000708,test,dataset_splits/10_buildings/building_2/0000708/test/0000708_062.jpg
building_2,0000708,test,dataset_splits/10_buildings/building_2/0000708/test/0000708_066.jpg
building_2,0000708,test,dataset_splits/10_buildings/building_2/0000708/test/0000708_078.jpg
building_2,0000708,test,dataset_splits/10_buildings/building_2/0000708/test/0000708_083.jpg
building_2,0000708,test,dataset_splits/10_buildings/building_2/0000708/test/0000708_089.jpg
building_2,0000708,test,dataset_splits/10_buildings/building_2/0000708/test/0000708_095.jpg
building_2,0000725,reference,dataset_splits/10_buildings/building_2/0000725/reference/0000725_006.jpg
building_2,0000725,reference,dataset_splits/10_buildings/building_2/0000725/reference/0000725_010.jpg
building_2,0000725,reference,dataset_splits/10_buildings/building_2/0000725/reference/0000725_013.jpg
building_2,0000725,reference,dataset_splits/10_buildings/building_2/0000725/reference/0000725_014.jpg
building_2,0000725,reference,dataset_splits/10_buildings/building_2/0000725/reference/0000725_019.jpg
building_2,0000725,reference,dataset_splits/10_buildings/building_2/0000725/reference/0000725_020.jpg
building_2,0000725,reference,dataset_splits/10_buildings/building_2/0000725/reference/0000725_021.jpg
building_2,0000725,reference,dataset_splits/10_buildings/building_2/0000725/reference/0000725_022.jpg
building_2,0000725,reference,dataset_splits/10_buildings/building_2/0000725/reference/0000725_023.jpg
building_2,0000725,reference,dataset_splits/10_buildings/building_2/0000725/reference/0000725_024.jpg
building_2,0000725,reference,dataset_splits/10_buildings/building_2/0000725/reference/0000725_033.jpg
building_2,0000725,reference,dataset_splits/10_buildings/building_2/0000725/reference/0000725_034.jpg
building_2,0000725,reference,dataset_splits/10_buildings/building_2/0000725/reference/0000725_037.jpg
building_2,0000725,reference,dataset_splits/10_buildings/building_2/0000725/reference/0000725_040.jpg
building_2,0000725,reference,dataset_splits/10_buildings/building_2/0000725/reference/0000725_041.jpg
building_2,0000725,reference,dataset_splits/10_buildings/building_2/0000725/reference/0000725_043.jpg
building_2,0000725,reference,dataset_splits/10_buildings/building_2/0000725/reference/0000725_045.jpg
building_2,0000725,reference,dataset_splits/10_buildings/building_2/0000725/reference/0000725_046.jpg
building_2,0000725,reference,dataset_splits/10_buildings/building_2/0000725/reference/0000725_053.jpg
building_2,0000725,reference,dataset_splits/10_buildings/building_2/0000725/reference/0000725_056.jpg
building_2,0000725,test,dataset_splits/10_buildings/building_2/0000725/test/0000725_001.jpg
building_2,0000725,test,dataset_splits/10_buildings/building_2/0000725/test/0000725_002.jpg
building_2,0000725,test,dataset_splits/10_buildings/building_2/0000725/test/0000725_004.jpg
building_2,0000725,test,dataset_splits/10_buildings/building_2/0000725/test/0000725_007.jpg
building_2,0000725,test,dataset_splits/10_buildings/building_2/0000725/test/0000725_008.jpg
building_2,0000725,test,dataset_splits/10_buildings/building_2/0000725/test/0000725_011.jpg
building_2,0000725,test,dataset_splits/10_buildings/building_2/0000725/test/0000725_015.jpg
building_2,0000725,test,dataset_splits/10_buildings/building_2/0000725/test/0000725_025.jpg
building_2,0000725,test,dataset_splits/10_buildings/building_2/0000725/test/0000725_027.jpg
building_2,0000725,test,dataset_splits/10_buildings/building_2/0000725/test/0000725_030.jpg
building_2,0000725,test,dataset_splits/10_buildings/building_2/0000725/test/0000725_032.jpg
building_2,0000725,test,dataset_splits/10_buildings/building_2/0000725/test/0000725_035.jpg
building_2,0000725,test,dataset_splits/10_buildings/building_2/0000725/test/0000725_036.jpg
building_2,0000725,test,dataset_splits/10_buildings/building_2/0000725/test/0000725_038.jpg
building_2,0000725,test,dataset_splits/10_buildings/building_2/0000725/test/0000725_047.jpg
building_2,0000725,test,dataset_splits/10_buildings/building_2/0000725/test/0000725_048.jpg
building_2,0000725,test,dataset_splits/10_buildings/building_2/0000725/test/0000725_051.jpg
building_2,0000725,test,dataset_splits/10_buildings/building_2/0000725/test/0000725_052.jpg
building_2,0000725,test,dataset_splits/10_buildings/building_2/0000725/test/0000725_054.jpg
building_2,0000725,test,dataset_splits/10_buildings/building_2/0000725/test/0000725_055.jpg
building_2,0000884,reference,dataset_splits/10_buildings/building_2/0000884/reference/0000884_007.jpg
building_2,0000884,reference,dataset_splits/10_buildings/building_2/0000884/reference/0000884_011.jpg
building_2,0000884,reference,dataset_splits/10_buildings/building_2/0000884/reference/0000884_020.jpg
building_2,0000884,reference,dataset_splits/10_buildings/building_2/0000884/reference/0000884_022.jpg
building_2,0000884,reference,dataset_splits/10_buildings/building_2/0000884/reference/0000884_023.jpg
building_2,0000884,reference,dataset_splits/10_buildings/building_2/0000884/reference/0000884_024.jpg
building_2,0000884,reference,dataset_splits/10_buildings/building_2/0000884/reference/0000884_025.jpg
building_2,0000884,reference,dataset_splits/10_buildings/building_2/0000884/reference/0000884_031.jpg
building_2,0000884,reference,dataset_splits/10_buildings/building_2/0000884/reference/0000884_035.jpg
building_2,0000884,reference,dataset_splits/10_buildings/building_2/0000884/reference/0000884_040.jpg
building_2,0000884,reference,dataset_splits/10_buildings/building_2/0000884/reference/0000884_047.jpg
building_2,0000884,reference,dataset_splits/10_buildings/building_2/0000884/reference/0000884_059.jpg
building_2,0000884,reference,dataset_splits/10_buildings/building_2/0000884/reference/0000884_060.jpg
building_2,0000884,reference,dataset_splits/10_buildings/building_2/0000884/reference/0000884_063.jpg
building_2,0000884,reference,dataset_splits/10_buildings/building_2/0000884/reference/0000884_064.jpg
building_2,0000884,reference,dataset_splits/10_buildings/building_2/0000884/reference/0000884_074.jpg
building_2,0000884,reference,dataset_splits/10_buildings/building_2/0000884/reference/0000884_078.jpg
building_2,0000884,reference,dataset_splits/10_buildings/building_2/0000884/reference/0000884_125.jpg
building_2,0000884,reference,dataset_splits/10_buildings/building_2/0000884/reference/0000884_129.jpg
building_2,0000884,reference,dataset_splits/10_buildings/building_2/0000884/reference/0000884_133.jpg
building_2,0000884,test,dataset_splits/10_buildings/building_2/0000884/test/0000884_001.jpg
building_2,0000884,test,dataset_splits/10_buildings/building_2/0000884/test/0000884_004.jpg
building_2,0000884,test,dataset_splits/10_buildings/building_2/0000884/test/0000884_019.jpg
building_2,0000884,test,dataset_splits/10_buildings/building_2/0000884/test/0000884_030.jpg
building_2,0000884,test,dataset_splits/10_buildings/building_2/0000884/test/0000884_037.jpg
building_2,0000884,test,dataset_splits/10_buildings/building_2/0000884/test/0000884_038.jpg
building_2,0000884,test,dataset_splits/10_buildings/building_2/0000884/test/0000884_041.jpg
building_2,0000884,test,dataset_splits/10_buildings/building_2/0000884/test/0000884_048.jpg
building_2,0000884,test,dataset_splits/10_buildings/building_2/0000884/test/0000884_050.jpg
building_2,0000884,test,dataset_splits/10_buildings/building_2/0000884/test/0000884_053.jpg
building_2,0000884,test,dataset_splits/10_buildings/building_2/0000884/test/0000884_056.jpg
building_2,0000884,test,dataset_splits/10_buildings/building_2/0000884/test/0000884_066.jpg
building_2,0000884,test,dataset_splits/10_buildings/building_2/0000884/test/0000884_072.jpg
building_2,0000884,test,dataset_splits/10_buildings/building_2/0000884/test/0000884_092.jpg
building_2,0000884,test,dataset_splits/10_buildings/building_2/0000884/test/0000884_112.jpg
building_2,0000884,test,dataset_splits/10_buildings/building_2/0000884/test/0000884_114.jpg
building_2,0000884,test,dataset_splits/10_buildings/building_2/0000884/test/0000884_115.jpg
building_2,0000884,test,dataset_splits/10_buildings/building_2/0000884/test/0000884_120.jpg
building_2,0000884,test,dataset_splits/10_buildings/building_2/0000884/test/0000884_139.jpg
building_2,0000884,test,dataset_splits/10_buildings/building_2/0000884/test/0000884_141.jpg
building_2,0000965,reference,dataset_splits/10_buildings/building_2/0000965/reference/0000965_012.jpg
building_2,0000965,reference,dataset_splits/10_buildings/building_2/0000965/reference/0000965_013.jpg
building_2,0000965,reference,dataset_splits/10_buildings/building_2/0000965/reference/0000965_027.jpg
building_2,0000965,reference,dataset_splits/10_buildings/building_2/0000965/reference/0000965_033.jpg
building_2,0000965,reference,dataset_splits/10_buildings/building_2/0000965/reference/0000965_036.jpg
building_2,0000965,reference,dataset_splits/10_buildings/building_2/0000965/reference/0000965_040.jpg
building_2,0000965,reference,dataset_splits/10_buildings/building_2/0000965/reference/0000965_041.jpg
building_2,0000965,reference,dataset_splits/10_buildings/building_2/0000965/reference/0000965_042.jpg
building_2,0000965,reference,dataset_splits/10_buildings/building_2/0000965/reference/0000965_043.jpg
building_2,0000965,reference,dataset_splits/10_buildings/building_2/0000965/reference/0000965_051.jpg
building_2,0000965,reference,dataset_splits/10_buildings/building_2/0000965/reference/0000965_053.jpg
building_2,0000965,reference,dataset_splits/10_buildings/building_2/0000965/reference/0000965_056.jpg
building_2,0000965,reference,dataset_splits/10_buildings/building_2/0000965/reference/0000965_059.jpg
building_2,0000965,reference,dataset_splits/10_buildings/building_2/0000965/reference/0000965_070.jpg
building_2,0000965,reference,dataset_splits/10_buildings/building_2/0000965/reference/0000965_082.jpg
building_2,0000965,reference,dataset_splits/10_buildings/building_2/0000965/reference/0000965_090.jpg
building_2,0000965,reference,dataset_splits/10_buildings/building_2/0000965/reference/0000965_091.jpg
building_2,0000965,reference,dataset_splits/10_buildings/building_2/0000965/reference/0000965_097.jpg
building_2,0000965,reference,dataset_splits/10_buildings/building_2/0000965/reference/0000965_105.jpg
building_2,0000965,reference,dataset_splits/10_buildings/building_2/0000965/reference/0000965_110.jpg
building_2,0000965,test,dataset_splits/10_buildings/building_2/0000965/test/0000965_005.jpg
building_2,0000965,test,dataset_splits/10_buildings/building_2/0000965/test/0000965_019.jpg
building_2,0000965,test,dataset_splits/10_buildings/building_2/0000965/test/0000965_028.jpg
building_2,0000965,test,dataset_splits/10_buildings/building_2/0000965/test/0000965_044.jpg
building_2,0000965,test,dataset_splits/10_buildings/building_2/0000965/test/0000965_045.jpg
building_2,0000965,test,dataset_splits/10_buildings/building_2/0000965/test/0000965_046.jpg
building_2,0000965,test,dataset_splits/10_buildings/building_2/0000965/test/0000965_050.jpg
building_2,0000965,test,dataset_splits/10_buildings/building_2/0000965/test/0000965_055.jpg
building_2,0000965,test,dataset_splits/10_buildings/building_2/0000965/test/0000965_061.jpg
building_2,0000965,test,dataset_splits/10_buildings/building_2/0000965/test/0000965_062.jpg
building_2,0000965,test,dataset_splits/10_buildings/building_2/0000965/test/0000965_063.jpg
building_2,0000965,test,dataset_splits/10_buildings/building_2/0000965/test/0000965_066.jpg
building_2,0000965,test,dataset_splits/10_buildings/building_2/0000965/test/0000965_073.jpg
building_2,0000965,test,dataset_splits/10_buildings/building_2/0000965/test/0000965_074.jpg
building_2,0000965,test,dataset_splits/10_buildings/building_2/0000965/test/0000965_083.jpg
building_2,0000965,test,dataset_splits/10_buildings/building_2/0000965/test/0000965_095.jpg
building_2,0000965,test,dataset_splits/10_buildings/building_2/0000965/test/0000965_098.jpg
building_2,0000965,test,dataset_splits/10_buildings/building_2/0000965/test/0000965_101.jpg
building_2,0000965,test,dataset_splits/10_buildings/building_2/0000965/test/0000965_103.jpg
building_2,0000965,test,dataset_splits/10_buildings/building_2/0000965/test/0000965_104.jpg
building_2,0001035,reference,dataset_splits/10_buildings/building_2/0001035/reference/0001035_001.jpg
building_2,0001035,reference,dataset_splits/10_buildings/building_2/0001035/reference/0001035_013.jpg
building_2,0001035,reference,dataset_splits/10_buildings/building_2/0001035/reference/0001035_015.jpg
building_2,0001035,reference,dataset_splits/10_buildings/building_2/0001035/reference/0001035_016.jpg
building_2,0001035,reference,dataset_splits/10_buildings/building_2/0001035/reference/0001035_017.jpg
building_2,0001035,reference,dataset_splits/10_buildings/building_2/0001035/reference/0001035_018.jpg
building_2,0001035,reference,dataset_splits/10_buildings/building_2/0001035/reference/0001035_019.jpg
building_2,0001035,reference,dataset_splits/10_buildings/building_2/0001035/reference/0001035_021.jpg
building_2,0001035,reference,dataset_splits/10_buildings/building_2/0001035/reference/0001035_022.jpg
building_2,0001035,reference,dataset_splits/10_buildings/building_2/0001035/reference/0001035_024.jpg
building_2,0001035,reference,dataset_splits/10_buildings/building_2/0001035/reference/0001035_027.jpg
building_2,0001035,reference,dataset_splits/10_buildings/building_2/0001035/reference/0001035_028.jpg
building_2,0001035,reference,dataset_splits/10_buildings/building_2/0001035/reference/0001035_029.jpg
building_2,0001035,reference,dataset_splits/10_buildings/building_2/0001035/reference/0001035_034.jpg
building_2,0001035,reference,dataset_splits/10_buildings/building_2/0001035/reference/0001035_041.jpg
building_2,0001035,reference,dataset_splits/10_buildings/building_2/0001035/reference/0001035_045.jpg
building_2,0001035,reference,dataset_splits/10_buildings/building_2/0001035/reference/0001035_047.jpg
building_2,0001035,reference,dataset_splits/10_buildings/building_2/0001035/reference/0001035_052.jpg
building_2,0001035,reference,dataset_splits/10_buildings/building_2/0001035/reference/0001035_055.jpg
building_2,0001035,reference,dataset_splits/10_buildings/building_2/0001035/reference/0001035_062.jpg
building_2,0001035,test,dataset_splits/10_buildings/building_2/0001035/test/0001035_003.jpg
building_2,0001035,test,dataset_splits/10_buildings/building_2/0001035/test/0001035_007.jpg
building_2,0001035,test,dataset_splits/10_buildings/building_2/0001035/test/0001035_009.jpg
building_2,0001035,test,dataset_splits/10_buildings/building_2/0001035/test/0001035_010.jpg
building_2,0001035,test,dataset_splits/10_buildings/building_2/0001035/test/0001035_011.jpg
building_2,0001035,test,dataset_splits/10_buildings/building_2/0001035/test/0001035_014.jpg
building_2,0001035,test,dataset_splits/10_buildings/building_2/0001035/test/0001035_026.jpg
building_2,0001035,test,dataset_splits/10_buildings/building_2/0001035/test/0001035_033.jpg
building_2,0001035,test,dataset_splits/10_buildings/building_2/0001035/test/0001035_038.jpg
building_2,0001035,test,dataset_splits/10_buildings/building_2/0001035/test/0001035_039.jpg
building_2,0001035,test,dataset_splits/10_buildings/building_2/0001035/test/0001035_040.jpg
building_2,0001035,test,dataset_splits/10_buildings/building_2/0001035/test/0001035_044.jpg
building_2,0001035,test,dataset_splits/10_buildings/building_2/0001035/test/0001035_046.jpg
building_2,0001035,test,dataset_splits/10_buildings/building_2/0001035/test/0001035_049.jpg
building_2,0001035,test,dataset_splits/10_buildings/building_2/0001035/test/0001035_050.jpg
building_2,0001035,test,dataset_splits/10_buildings/building_2/0001035/test/0001035_053.jpg
building_2,0001035,test,dataset_splits/10_buildings/building_2/0001035/test/0001035_054.jpg
building_2,0001035,test,dataset_splits/10_buildings/building_2/0001035/test/0001035_059.jpg
building_2,0001035,test,dataset_splits/10_buildings/building_2/0001035/test/0001035_063.jpg
building_2,0001035,test,dataset_splits/10_buildings/building_2/0001035/test/0001035_065.jpg
building_2,0001143,reference,dataset_splits/10_buildings/building_2/0001143/reference/0001143_010.jpg
building_2,0001143,reference,dataset_splits/10_buildings/building_2/0001143/reference/0001143_011.jpg
building_2,0001143,reference,dataset_splits/10_buildings/building_2/0001143/reference/0001143_012.jpg
building_2,0001143,reference,dataset_splits/10_buildings/building_2/0001143/reference/0001143_027.jpg
building_2,0001143,reference,dataset_splits/10_buildings/building_2/0001143/reference/0001143_036.jpg
building_2,0001143,reference,dataset_splits/10_buildings/building_2/0001143/reference/0001143_044.jpg
building_2,0001143,reference,dataset_splits/10_buildings/building_2/0001143/reference/0001143_046.jpg
building_2,0001143,reference,dataset_splits/10_buildings/building_2/0001143/reference/0001143_055.jpg
building_2,0001143,reference,dataset_splits/10_buildings/building_2/0001143/reference/0001143_059.jpg
building_2,0001143,reference,dataset_splits/10_buildings/building_2/0001143/reference/0001143_070.jpg
building_2,0001143,reference,dataset_splits/10_buildings/building_2/0001143/reference/0001143_077.jpg
building_2,0001143,reference,dataset_splits/10_buildings/building_2/0001143/reference/0001143_078.jpg
building_2,0001143,reference,dataset_splits/10_buildings/building_2/0001143/reference/0001143_092.jpg
building_2,0001143,reference,dataset_splits/10_buildings/building_2/0001143/reference/0001143_099.jpg
building_2,0001143,reference,dataset_splits/10_buildings/building_2/0001143/reference/0001143_101.jpg
building_2,0001143,reference,dataset_splits/10_buildings/building_2/0001143/reference/0001143_104.jpg
building_2,0001143,reference,dataset_splits/10_buildings/building_2/0001143/reference/0001143_107.jpg
building_2,0001143,reference,dataset_splits/10_buildings/building_2/0001143/reference/0001143_108.jpg
building_2,0001143,reference,dataset_splits/10_buildings/building_2/0001143/reference/0001143_113.jpg
building_2,0001143,reference,dataset_splits/10_buildings/building_2/0001143/reference/0001143_117.jpg
building_2,0001143,test,dataset_splits/10_buildings/building_2/0001143/test/0001143_002.jpg
building_2,0001143,test,dataset_splits/10_buildings/building_2/0001143/test/0001143_013.jpg
building_2,0001143,test,dataset_splits/10_buildings/building_2/0001143/test/0001143_028.jpg
building_2,0001143,test,dataset_splits/10_buildings/building_2/0001143/test/0001143_032.jpg
building_2,0001143,test,dataset_splits/10_buildings/building_2/0001143/test/0001143_043.jpg
building_2,0001143,test,dataset_splits/10_buildings/building_2/0001143/test/0001143_050.jpg
building_2,0001143,test,dataset_splits/10_buildings/building_2/0001143/test/0001143_056.jpg
building_2,0001143,test,dataset_splits/10_buildings/building_2/0001143/test/0001143_060.jpg
building_2,0001143,test,dataset_splits/10_buildings/building_2/0001143/test/0001143_061.jpg
building_2,0001143,test,dataset_splits/10_buildings/building_2/0001143/test/0001143_065.jpg
building_2,0001143,test,dataset_splits/10_buildings/building_2/0001143/test/0001143_066.jpg
building_2,0001143,test,dataset_splits/10_buildings/building_2/0001143/test/0001143_072.jpg
building_2,0001143,test,dataset_splits/10_buildings/building_2/0001143/test/0001143_076.jpg
building_2,0001143,test,dataset_splits/10_buildings/building_2/0001143/test/0001143_079.jpg
building_2,0001143,test,dataset_splits/10_buildings/building_2/0001143/test/0001143_083.jpg
building_2,0001143,test,dataset_splits/10_buildings/building_2/0001143/test/0001143_084.jpg
building_2,0001143,test,dataset_splits/10_buildings/building_2/0001143/test/0001143_096.jpg
building_2,0001143,test,dataset_splits/10_buildings/building_2/0001143/test/0001143_098.jpg
building_2,0001143,test,dataset_splits/10_buildings/building_2/0001143/test/0001143_106.jpg
building_2,0001143,test,dataset_splits/10_buildings/building_2/0001143/test/0001143_118.jpg
building_2,0001223,reference,dataset_splits/10_buildings/building_2/0001223/reference/0001223_005.jpg
building_2,0001223,reference,dataset_splits/10_buildings/building_2/0001223/reference/0001223_010.jpg
building_2,0001223,reference,dataset_splits/10_buildings/building_2/0001223/reference/0001223_017.jpg
building_2,0001223,reference,dataset_splits/10_buildings/building_2/0001223/reference/0001223_025.jpg
building_2,0001223,reference,dataset_splits/10_buildings/building_2/0001223/reference/0001223_026.jpg
building_2,0001223,reference,dataset_splits/10_buildings/building_2/0001223/reference/0001223_030.jpg
building_2,0001223,reference,dataset_splits/10_buildings/building_2/0001223/reference/0001223_032.jpg
building_2,0001223,reference,dataset_splits/10_buildings/building_2/0001223/reference/0001223_033.jpg
building_2,0001223,reference,dataset_splits/10_buildings/building_2/0001223/reference/0001223_035.jpg
building_2,0001223,reference,dataset_splits/10_buildings/building_2/0001223/reference/0001223_058.jpg
building_2,0001223,reference,dataset_splits/10_buildings/building_2/0001223/reference/0001223_060.jpg
building_2,0001223,reference,dataset_splits/10_buildings/building_2/0001223/reference/0001223_068.jpg
building_2,0001223,reference,dataset_splits/10_buildings/building_2/0001223/reference/0001223_069.jpg
building_2,0001223,reference,dataset_splits/10_buildings/building_2/0001223/reference/0001223_070.jpg
building_2,0001223,reference,dataset_splits/10_buildings/building_2/0001223/reference/0001223_077.jpg
building_2,0001223,reference,dataset_splits/10_buildings/building_2/0001223/reference/0001223_079.jpg
building_2,0001223,reference,dataset_splits/10_buildings/building_2/0001223/reference/0001223_080.jpg
building_2,0001223,reference,dataset_splits/10_buildings/building_2/0001223/reference/0001223_082.jpg
building_2,0001223,reference,dataset_splits/10_buildings/building_2/0001223/reference/0001223_089.jpg
building_2,0001223,reference,dataset_splits/10_buildings/building_2/0001223/reference/0001223_094.jpg
building_2,0001223,test,dataset_splits/10_buildings/building_2/0001223/test/0001223_009.jpg
building_2,0001223,test,dataset_splits/10_buildings/building_2/0001223/test/0001223_015.jpg
building_2,0001223,test,dataset_splits/10_buildings/building_2/0001223/test/0001223_016.jpg
building_2,0001223,test,dataset_splits/10_buildings/building_2/0001223/test/0001223_019.jpg
building_2,0001223,test,dataset_splits/10_buildings/building_2/0001223/test/0001223_020.jpg
building_2,0001223,test,dataset_splits/10_buildings/building_2/0001223/test/0001223_023.jpg
building_2,0001223,test,dataset_splits/10_buildings/building_2/0001223/test/0001223_034.jpg
building_2,0001223,test,dataset_splits/10_buildings/building_2/0001223/test/0001223_044.jpg
building_2,0001223,test,dataset_splits/10_buildings/building_2/0001223/test/0001223_045.jpg
building_2,0001223,test,dataset_splits/10_buildings/building_2/0001223/test/0001223_050.jpg
building_2,0001223,test,dataset_splits/10_buildings/building_2/0001223/test/0001223_053.jpg
building_2,0001223,test,dataset_splits/10_buildings/building_2/0001223/test/0001223_064.jpg
building_2,0001223,test,dataset_splits/10_buildings/building_2/0001223/test/0001223_065.jpg
building_2,0001223,test,dataset_splits/10_buildings/building_2/0001223/test/0001223_067.jpg
building_2,0001223,test,dataset_splits/10_buildings/building_2/0001223/test/0001223_071.jpg
building_2,0001223,test,dataset_splits/10_buildings/building_2/0001223/test/0001223_073.jpg
building_2,0001223,test,dataset_splits/10_buildings/building_2/0001223/test/0001223_076.jpg
building_2,0001223,test,dataset_splits/10_buildings/building_2/0001223/test/0001223_078.jpg
building_2,0001223,test,dataset_splits/10_buildings/building_2/0001223/test/0001223_090.jpg
building_2,0001223,test,dataset_splits/10_buildings/building_2/0001223/test/0001223_092.jpg
building_2,0001251,reference,dataset_splits/10_buildings/building_2/0001251/reference/0001251_005.jpg
building_2,0001251,reference,dataset_splits/10_buildings/building_2/0001251/reference/0001251_009.jpg
building_2,0001251,reference,dataset_splits/10_buildings/building_2/0001251/reference/0001251_015.jpg
building_2,0001251,reference,dataset_splits/10_buildings/building_2/0001251/reference/0001251_023.jpg
building_2,0001251,reference,dataset_splits/10_buildings/building_2/0001251/reference/0001251_038.jpg
building_2,0001251,reference,dataset_splits/10_buildings/building_2/0001251/reference/0001251_042.jpg
building_2,0001251,reference,dataset_splits/10_buildings/building_2/0001251/reference/0001251_043.jpg
building_2,0001251,reference,dataset_splits/10_buildings/building_2/0001251/reference/0001251_047.jpg
building_2,0001251,reference,dataset_splits/10_buildings/building_2/0001251/reference/0001251_061.jpg
building_2,0001251,reference,dataset_splits/10_buildings/building_2/0001251/reference/0001251_064.jpg
building_2,0001251,reference,dataset_splits/10_buildings/building_2/0001251/reference/0001251_066.jpg
building_2,0001251,reference,dataset_splits/10_buildings/building_2/0001251/reference/0001251_067.jpg
building_2,0001251,reference,dataset_splits/10_buildings/building_2/0001251/reference/0001251_070.jpg
building_2,0001251,reference,dataset_splits/10_buildings/building_2/0001251/reference/0001251_081.jpg
building_2,0001251,reference,dataset_splits/10_buildings/building_2/0001251/reference/0001251_084.jpg
building_2,0001251,reference,dataset_splits/10_buildings/building_2/0001251/reference/0001251_086.jpg
building_2,0001251,reference,dataset_splits/10_buildings/building_2/0001251/reference/0001251_088.jpg
building_2,0001251,reference,dataset_splits/10_buildings/building_2/0001251/reference/0001251_089.jpg
building_2,0001251,reference,dataset_splits/10_buildings/building_2/0001251/reference/0001251_103.jpg
building_2,0001251,reference,dataset_splits/10_buildings/building_2/0001251/reference/0001251_105.jpg
building_2,0001251,test,dataset_splits/10_buildings/building_2/0001251/test/0001251_001.jpg
building_2,0001251,test,dataset_splits/10_buildings/building_2/0001251/test/0001251_002.jpg
building_2,0001251,test,dataset_splits/10_buildings/building_2/0001251/test/0001251_011.jpg
building_2,0001251,test,dataset_splits/10_buildings/building_2/0001251/test/0001251_012.jpg
building_2,0001251,test,dataset_splits/10_buildings/building_2/0001251/test/0001251_014.jpg
building_2,0001251,test,dataset_splits/10_buildings/building_2/0001251/test/0001251_019.jpg
building_2,0001251,test,dataset_splits/10_buildings/building_2/0001251/test/0001251_022.jpg
building_2,0001251,test,dataset_splits/10_buildings/building_2/0001251/test/0001251_026.jpg
building_2,0001251,test,dataset_splits/10_buildings/building_2/0001251/test/0001251_028.jpg
building_2,0001251,test,dataset_splits/10_buildings/building_2/0001251/test/0001251_029.jpg
building_2,0001251,test,dataset_splits/10_buildings/building_2/0001251/test/0001251_040.jpg
building_2,0001251,test,dataset_splits/10_buildings/building_2/0001251/test/0001251_045.jpg
building_2,0001251,test,dataset_splits/10_buildings/building_2/0001251/test/0001251_049.jpg
building_2,0001251,test,dataset_splits/10_buildings/building_2/0001251/test/0001251_056.jpg
building_2,0001251,test,dataset_splits/10_buildings/building_2/0001251/test/0001251_065.jpg
building_2,0001251,test,dataset_splits/10_buildings/building_2/0001251/test/0001251_074.jpg
building_2,0001251,test,dataset_splits/10_buildings/building_2/0001251/test/0001251_082.jpg
building_2,0001251,test,dataset_splits/10_buildings/building_2/0001251/test/0001251_090.jpg
building_2,0001251,test,dataset_splits/10_buildings/building_2/0001251/test/0001251_096.jpg
building_2,0001251,test,dataset_splits/10_buildings/building_2/0001251/test/0001251_098.jpg
building_2,0001272,reference,dataset_splits/10_buildings/building_2/0001272/reference/0001272_001.jpg
building_2,0001272,reference,dataset_splits/10_buildings/building_2/0001272/reference/0001272_003.jpg
building_2,0001272,reference,dataset_splits/10_buildings/building_2/0001272/reference/0001272_010.jpg
building_2,0001272,reference,dataset_splits/10_buildings/building_2/0001272/reference/0001272_026.jpg
building_2,0001272,reference,dataset_splits/10_buildings/building_2/0001272/reference/0001272_028.jpg
building_2,0001272,reference,dataset_splits/10_buildings/building_2/0001272/reference/0001272_030.jpg
building_2,0001272,reference,dataset_splits/10_buildings/building_2/0001272/reference/0001272_032.jpg
building_2,0001272,reference,dataset_splits/10_buildings/building_2/0001272/reference/0001272_035.jpg
building_2,0001272,reference,dataset_splits/10_buildings/building_2/0001272/reference/0001272_039.jpg
building_2,0001272,reference,dataset_splits/10_buildings/building_2/0001272/reference/0001272_042.jpg
building_2,0001272,reference,dataset_splits/10_buildings/building_2/0001272/reference/0001272_049.jpg
building_2,0001272,reference,dataset_splits/10_buildings/building_2/0001272/reference/0001272_051.jpg
building_2,0001272,reference,dataset_splits/10_buildings/building_2/0001272/reference/0001272_053.jpg
building_2,0001272,reference,dataset_splits/10_buildings/building_2/0001272/reference/0001272_054.jpg
building_2,0001272,reference,dataset_splits/10_buildings/building_2/0001272/reference/0001272_061.jpg
building_2,0001272,reference,dataset_splits/10_buildings/building_2/0001272/reference/0001272_063.jpg
building_2,0001272,reference,dataset_splits/10_buildings/building_2/0001272/reference/0001272_066.jpg
building_2,0001272,reference,dataset_splits/10_buildings/building_2/0001272/reference/0001272_068.jpg
building_2,0001272,reference,dataset_splits/10_buildings/building_2/0001272/reference/0001272_080.jpg
building_2,0001272,reference,dataset_splits/10_buildings/building_2/0001272/reference/0001272_083.jpg
building_2,0001272,test,dataset_splits/10_buildings/building_2/0001272/test/0001272_005.jpg
building_2,0001272,test,dataset_splits/10_buildings/building_2/0001272/test/0001272_007.jpg
building_2,0001272,test,dataset_splits/10_buildings/building_2/0001272/test/0001272_009.jpg
building_2,0001272,test,dataset_splits/10_buildings/building_2/0001272/test/0001272_012.jpg
building_2,0001272,test,dataset_splits/10_buildings/building_2/0001272/test/0001272_016.jpg
building_2,0001272,test,dataset_splits/10_buildings/building_2/0001272/test/0001272_018.jpg
building_2,0001272,test,dataset_splits/10_buildings/building_2/0001272/test/0001272_019.jpg
building_2,0001272,test,dataset_splits/10_buildings/building_2/0001272/test/0001272_022.jpg
building_2,0001272,test,dataset_splits/10_buildings/building_2/0001272/test/0001272_033.jpg
building_2,0001272,test,dataset_splits/10_buildings/building_2/0001272/test/0001272_040.jpg
building_2,0001272,test,dataset_splits/10_buildings/building_2/0001272/test/0001272_043.jpg
building_2,0001272,test,dataset_splits/10_buildings/building_2/0001272/test/0001272_045.jpg
building_2,0001272,test,dataset_splits/10_buildings/building_2/0001272/test/0001272_047.jpg
building_2,0001272,test,dataset_splits/10_buildings/building_2/0001272/test/0001272_057.jpg
building_2,0001272,test,dataset_splits/10_buildings/building_2/0001272/test/0001272_059.jpg
building_2,0001272,test,dataset_splits/10_buildings/building_2/0001272/test/0001272_060.jpg
building_2,0001272,test,dataset_splits/10_buildings/building_2/0001272/test/0001272_062.jpg
building_2,0001272,test,dataset_splits/10_buildings/building_2/0001272/test/0001272_065.jpg
building_2,0001272,test,dataset_splits/10_buildings/building_2/0001272/test/0001272_070.jpg
building_2,0001272,test,dataset_splits/10_buildings/building_2/0001272/test/0001272_082.jpg
building_2,0001309,reference,dataset_splits/10_buildings/building_2/0001309/reference/0001309_002.jpg
building_2,0001309,reference,dataset_splits/10_buildings/building_2/0001309/reference/0001309_005.jpg
building_2,0001309,reference,dataset_splits/10_buildings/building_2/0001309/reference/0001309_008.jpg
building_2,0001309,reference,dataset_splits/10_buildings/building_2/0001309/reference/0001309_014.jpg
building_2,0001309,reference,dataset_splits/10_buildings/building_2/0001309/reference/0001309_018.jpg
building_2,0001309,reference,dataset_splits/10_buildings/building_2/0001309/reference/0001309_023.jpg
building_2,0001309,reference,dataset_splits/10_buildings/building_2/0001309/reference/0001309_028.jpg
building_2,0001309,reference,dataset_splits/10_buildings/building_2/0001309/reference/0001309_031.jpg
building_2,0001309,reference,dataset_splits/10_buildings/building_2/0001309/reference/0001309_034.jpg
building_2,0001309,reference,dataset_splits/10_buildings/building_2/0001309/reference/0001309_042.jpg
building_2,0001309,reference,dataset_splits/10_buildings/building_2/0001309/reference/0001309_045.jpg
building_2,0001309,reference,dataset_splits/10_buildings/building_2/0001309/reference/0001309_047.jpg
building_2,0001309,reference,dataset_splits/10_buildings/building_2/0001309/reference/0001309_054.jpg
building_2,0001309,reference,dataset_splits/10_buildings/building_2/0001309/reference/0001309_055.jpg
building_2,0001309,reference,dataset_splits/10_buildings/building_2/0001309/reference/0001309_056.jpg
building_2,0001309,reference,dataset_splits/10_buildings/building_2/0001309/reference/0001309_058.jpg
building_2,0001309,reference,dataset_splits/10_buildings/building_2/0001309/reference/0001309_078.jpg
building_2,0001309,reference,dataset_splits/10_buildings/building_2/0001309/reference/0001309_084.jpg
building_2,0001309,reference,dataset_splits/10_buildings/building_2/0001309/reference/0001309_085.jpg
building_2,0001309,reference,dataset_splits/10_buildings/building_2/0001309/reference/0001309_086.jpg
building_2,0001309,test,dataset_splits/10_buildings/building_2/0001309/test/0001309_003.jpg
building_2,0001309,test,dataset_splits/10_buildings/building_2/0001309/test/0001309_010.jpg
building_2,0001309,test,dataset_splits/10_buildings/building_2/0001309/test/0001309_020.jpg
building_2,0001309,test,dataset_splits/10_buildings/building_2/0001309/test/0001309_021.jpg
building_2,0001309,test,dataset_splits/10_buildings/building_2/0001309/test/0001309_025.jpg
building_2,0001309,test,dataset_splits/10_buildings/building_2/0001309/test/0001309_030.jpg
building_2,0001309,test,dataset_splits/10_buildings/building_2/0001309/test/0001309_032.jpg
building_2,0001309,test,dataset_splits/10_buildings/building_2/0001309/test/0001309_041.jpg
building_2,0001309,test,dataset_splits/10_buildings/building_2/0001309/test/0001309_043.jpg
building_2,0001309,test,dataset_splits/10_buildings/building_2/0001309/test/0001309_048.jpg
building_2,0001309,test,dataset_splits/10_buildings/building_2/0001309/test/0001309_050.jpg
building_2,0001309,test,dataset_splits/10_buildings/building_2/0001309/test/0001309_051.jpg
building_2,0001309,test,dataset_splits/10_buildings/building_2/0001309/test/0001309_059.jpg
building_2,0001309,test,dataset_splits/10_buildings/building_2/0001309/test/0001309_063.jpg
building_2,0001309,test,dataset_splits/10_buildings/building_2/0001309/test/0001309_065.jpg
building_2,0001309,test,dataset_splits/10_buildings/building_2/0001309/test/0001309_066.jpg
building_2,0001309,test,dataset_splits/10_buildings/building_2/0001309/test/0001309_069.jpg
building_2,0001309,test,dataset_splits/10_buildings/building_2/0001309/test/0001309_071.jpg
building_2,0001309,test,dataset_splits/10_buildings/building_2/0001309/test/0001309_075.jpg
building_2,0001309,test,dataset_splits/10_buildings/building_2/0001309/test/0001309_077.jpg
building_2,0001315,reference,dataset_splits/10_buildings/building_2/0001315/reference/0001315_013.jpg
building_2,0001315,reference,dataset_splits/10_buildings/building_2/0001315/reference/0001315_040.jpg
building_2,0001315,reference,dataset_splits/10_buildings/building_2/0001315/reference/0001315_061.jpg
building_2,0001315,reference,dataset_splits/10_buildings/building_2/0001315/reference/0001315_105.jpg
building_2,0001315,reference,dataset_splits/10_buildings/building_2/0001315/reference/0001315_108.jpg
building_2,0001315,reference,dataset_splits/10_buildings/building_2/0001315/reference/0001315_116.jpg
building_2,0001315,reference,dataset_splits/10_buildings/building_2/0001315/reference/0001315_123.jpg
building_2,0001315,reference,dataset_splits/10_buildings/building_2/0001315/reference/0001315_133.jpg
building_2,0001315,reference,dataset_splits/10_buildings/building_2/0001315/reference/0001315_135.jpg
building_2,0001315,reference,dataset_splits/10_buildings/building_2/0001315/reference/0001315_162.jpg
building_2,0001315,reference,dataset_splits/10_buildings/building_2/0001315/reference/0001315_188.jpg
building_2,0001315,reference,dataset_splits/10_buildings/building_2/0001315/reference/0001315_198.jpg
building_2,0001315,reference,dataset_splits/10_buildings/building_2/0001315/reference/0001315_205.jpg
building_2,0001315,reference,dataset_splits/10_buildings/building_2/0001315/reference/0001315_215.jpg
building_2,0001315,reference,dataset_splits/10_buildings/building_2/0001315/reference/0001315_221.jpg
building_2,0001315,reference,dataset_splits/10_buildings/building_2/0001315/reference/0001315_224.jpg
building_2,0001315,reference,dataset_splits/10_buildings/building_2/0001315/reference/0001315_238.jpg
building_2,0001315,reference,dataset_splits/10_buildings/building_2/0001315/reference/0001315_247.jpg
building_2,0001315,reference,dataset_splits/10_buildings/building_2/0001315/reference/0001315_252.jpg
building_2,0001315,reference,dataset_splits/10_buildings/building_2/0001315/reference/0001315_253.jpg
building_2,0001315,test,dataset_splits/10_buildings/building_2/0001315/test/0001315_005.jpg
building_2,0001315,test,dataset_splits/10_buildings/building_2/0001315/test/0001315_008.jpg
building_2,0001315,test,dataset_splits/10_buildings/building_2/0001315/test/0001315_010.jpg
building_2,0001315,test,dataset_splits/10_buildings/building_2/0001315/test/0001315_025.jpg
building_2,0001315,test,dataset_splits/10_buildings/building_2/0001315/test/0001315_034.jpg
building_2,0001315,test,dataset_splits/10_buildings/building_2/0001315/test/0001315_066.jpg
building_2,0001315,test,dataset_splits/10_buildings/building_2/0001315/test/0001315_071.jpg
building_2,0001315,test,dataset_splits/10_buildings/building_2/0001315/test/0001315_077.jpg
building_2,0001315,test,dataset_splits/10_buildings/building_2/0001315/test/0001315_086.jpg
building_2,0001315,test,dataset_splits/10_buildings/building_2/0001315/test/0001315_115.jpg
building_2,0001315,test,dataset_splits/10_buildings/building_2/0001315/test/0001315_122.jpg
building_2,0001315,test,dataset_splits/10_buildings/building_2/0001315/test/0001315_126.jpg
building_2,0001315,test,dataset_splits/10_buildings/building_2/0001315/test/0001315_148.jpg
building_2,0001315,test,dataset_splits/10_buildings/building_2/0001315/test/0001315_160.jpg
building_2,0001315,test,dataset_splits/10_buildings/building_2/0001315/test/0001315_176.jpg
building_2,0001315,test,dataset_splits/10_buildings/building_2/0001315/test/0001315_181.jpg
building_2,0001315,test,dataset_splits/10_buildings/building_2/0001315/test/0001315_185.jpg
building_2,0001315,test,dataset_splits/10_buildings/building_2/0001315/test/0001315_187.jpg
building_2,0001315,test,dataset_splits/10_buildings/building_2/0001315/test/0001315_240.jpg
building_2,0001315,test,dataset_splits/10_buildings/building_2/0001315/test/0001315_256.jpg
building_2,0001472,reference,dataset_splits/10_buildings/building_2/0001472/reference/0001472_011.jpg
building_2,0001472,reference,dataset_splits/10_buildings/building_2/0001472/reference/0001472_019.jpg
building_2,0001472,reference,dataset_splits/10_buildings/building_2/0001472/reference/0001472_028.jpg
building_2,0001472,reference,dataset_splits/10_buildings/building_2/0001472/reference/0001472_030.jpg
building_2,0001472,reference,dataset_splits/10_buildings/building_2/0001472/reference/0001472_031.jpg
building_2,0001472,reference,dataset_splits/10_buildings/building_2/0001472/reference/0001472_034.jpg
building_2,0001472,reference,dataset_splits/10_buildings/building_2/0001472/reference/0001472_048.jpg
building_2,0001472,reference,dataset_splits/10_buildings/building_2/0001472/reference/0001472_055.jpg
building_2,0001472,reference,dataset_splits/10_buildings/building_2/0001472/reference/0001472_057.jpg
building_2,0001472,reference,dataset_splits/10_buildings/building_2/0001472/reference/0001472_061.jpg
building_2,0001472,reference,dataset_splits/10_buildings/building_2/0001472/reference/0001472_065.jpg
building_2,0001472,reference,dataset_splits/10_buildings/building_2/0001472/reference/0001472_082.jpg
building_2,0001472,reference,dataset_splits/10_buildings/building_2/0001472/reference/0001472_085.jpg
building_2,0001472,reference,dataset_splits/10_buildings/building_2/0001472/reference/0001472_089.jpg
building_2,0001472,reference,dataset_splits/10_buildings/building_2/0001472/reference/0001472_091.jpg
building_2,0001472,reference,dataset_splits/10_buildings/building_2/0001472/reference/0001472_098.jpg
building_2,0001472,reference,dataset_splits/10_buildings/building_2/0001472/reference/0001472_099.jpg
building_2,0001472,reference,dataset_splits/10_buildings/building_2/0001472/reference/0001472_101.jpg
building_2,0001472,reference,dataset_splits/10_buildings/building_2/0001472/reference/0001472_102.jpg
building_2,0001472,reference,dataset_splits/10_buildings/building_2/0001472/reference/0001472_109.jpg
building_2,0001472,test,dataset_splits/10_buildings/building_2/0001472/test/0001472_002.jpg
building_2,0001472,test,dataset_splits/10_buildings/building_2/0001472/test/0001472_004.jpg
building_2,0001472,test,dataset_splits/10_buildings/building_2/0001472/test/0001472_007.jpg
building_2,0001472,test,dataset_splits/10_buildings/building_2/0001472/test/0001472_012.jpg
building_2,0001472,test,dataset_splits/10_buildings/building_2/0001472/test/0001472_014.jpg
building_2,0001472,test,dataset_splits/10_buildings/building_2/0001472/test/0001472_016.jpg
building_2,0001472,test,dataset_splits/10_buildings/building_2/0001472/test/0001472_035.jpg
building_2,0001472,test,dataset_splits/10_buildings/building_2/0001472/test/0001472_037.jpg
building_2,0001472,test,dataset_splits/10_buildings/building_2/0001472/test/0001472_038.jpg
building_2,0001472,test,dataset_splits/10_buildings/building_2/0001472/test/0001472_040.jpg
building_2,0001472,test,dataset_splits/10_buildings/building_2/0001472/test/0001472_045.jpg
building_2,0001472,test,dataset_splits/10_buildings/building_2/0001472/test/0001472_047.jpg
building_2,0001472,test,dataset_splits/10_buildings/building_2/0001472/test/0001472_064.jpg
building_2,0001472,test,dataset_splits/10_buildings/building_2/0001472/test/0001472_074.jpg
building_2,0001472,test,dataset_splits/10_buildings/building_2/0001472/test/0001472_078.jpg
building_2,0001472,test,dataset_splits/10_buildings/building_2/0001472/test/0001472_084.jpg
building_2,0001472,test,dataset_splits/10_buildings/building_2/0001472/test/0001472_086.jpg
building_2,0001472,test,dataset_splits/10_buildings/building_2/0001472/test/0001472_087.jpg
building_2,0001472,test,dataset_splits/10_buildings/building_2/0001472/test/0001472_096.jpg
building_2,0001472,test,dataset_splits/10_buildings/building_2/0001472/test/0001472_108.jpg
building_2,0001515,reference,dataset_splits/10_buildings/building_2/0001515/reference/0001515_003.jpg
building_2,0001515,reference,dataset_splits/10_buildings/building_2/0001515/reference/0001515_006.jpg
building_2,0001515,reference,dataset_splits/10_buildings/building_2/0001515/reference/0001515_009.jpg
building_2,0001515,reference,dataset_splits/10_buildings/building_2/0001515/reference/0001515_016.jpg
building_2,0001515,reference,dataset_splits/10_buildings/building_2/0001515/reference/0001515_021.jpg
building_2,0001515,reference,dataset_splits/10_buildings/building_2/0001515/reference/0001515_023.jpg
building_2,0001515,reference,dataset_splits/10_buildings/building_2/0001515/reference/0001515_027.jpg
building_2,0001515,reference,dataset_splits/10_buildings/building_2/0001515/reference/0001515_029.jpg
building_2,0001515,reference,dataset_splits/10_buildings/building_2/0001515/reference/0001515_037.jpg
building_2,0001515,reference,dataset_splits/10_buildings/building_2/0001515/reference/0001515_038.jpg
building_2,0001515,reference,dataset_splits/10_buildings/building_2/0001515/reference/0001515_046.jpg
building_2,0001515,reference,dataset_splits/10_buildings/building_2/0001515/reference/0001515_047.jpg
building_2,0001515,reference,dataset_splits/10_buildings/building_2/0001515/reference/0001515_048.jpg
building_2,0001515,reference,dataset_splits/10_buildings/building_2/0001515/reference/0001515_050.jpg
building_2,0001515,reference,dataset_splits/10_buildings/building_2/0001515/reference/0001515_051.jpg
building_2,0001515,reference,dataset_splits/10_buildings/building_2/0001515/reference/0001515_052.jpg
building_2,0001515,reference,dataset_splits/10_buildings/building_2/0001515/reference/0001515_055.jpg
building_2,0001515,reference,dataset_splits/10_buildings/building_2/0001515/reference/0001515_056.jpg
building_2,0001515,reference,dataset_splits/10_buildings/building_2/0001515/reference/0001515_057.jpg
building_2,0001515,reference,dataset_splits/10_buildings/building_2/0001515/reference/0001515_059.jpg
building_2,0001515,test,dataset_splits/10_buildings/building_2/0001515/test/0001515_002.jpg
building_2,0001515,test,dataset_splits/10_buildings/building_2/0001515/test/0001515_010.jpg
building_2,0001515,test,dataset_splits/10_buildings/building_2/0001515/test/0001515_012.jpg
building_2,0001515,test,dataset_splits/10_buildings/building_2/0001515/test/0001515_014.jpg
building_2,0001515,test,dataset_splits/10_buildings/building_2/0001515/test/0001515_015.jpg
building_2,0001515,test,dataset_splits/10_buildings/building_2/0001515/test/0001515_019.jpg
building_2,0001515,test,dataset_splits/10_buildings/building_2/0001515/test/0001515_024.jpg
building_2,0001515,test,dataset_splits/10_buildings/building_2/0001515/test/0001515_031.jpg
building_2,0001515,test,dataset_splits/10_buildings/building_2/0001515/test/0001515_032.jpg
building_2,0001515,test,dataset_splits/10_buildings/building_2/0001515/test/0001515_035.jpg
building_2,0001515,test,dataset_splits/10_buildings/building_2/0001515/test/0001515_039.jpg
building_2,0001515,test,dataset_splits/10_buildings/building_2/0001515/test/0001515_041.jpg
building_2,0001515,test,dataset_splits/10_buildings/building_2/0001515/test/0001515_042.jpg
building_2,0001515,test,dataset_splits/10_buildings/building_2/0001515/test/0001515_043.jpg
building_2,0001515,test,dataset_splits/10_buildings/building_2/0001515/test/0001515_044.jpg
building_2,0001515,test,dataset_splits/10_buildings/building_2/0001515/test/0001515_045.jpg
building_2,0001515,test,dataset_splits/10_buildings/building_2/0001515/test/0001515_049.jpg
building_2,0001515,test,dataset_splits/10_buildings/building_2/0001515/test/0001515_053.jpg
building_2,0001515,test,dataset_splits/10_buildings/building_2/0001515/test/0001515_054.jpg
building_2,0001515,test,dataset_splits/10_buildings/building_2/0001515/test/0001515_058.jpg
building_2,0001542,reference,dataset_splits/10_buildings/building_2/0001542/reference/0001542_001.jpg
building_2,0001542,reference,dataset_splits/10_buildings/building_2/0001542/reference/0001542_004.jpg
building_2,0001542,reference,dataset_splits/10_buildings/building_2/0001542/reference/0001542_005.jpg
building_2,0001542,reference,dataset_splits/10_buildings/building_2/0001542/reference/0001542_006.jpg
building_2,0001542,reference,dataset_splits/10_buildings/building_2/0001542/reference/0001542_015.jpg
building_2,0001542,reference,dataset_splits/10_buildings/building_2/0001542/reference/0001542_016.jpg
building_2,0001542,reference,dataset_splits/10_buildings/building_2/0001542/reference/0001542_017.jpg
building_2,0001542,reference,dataset_splits/10_buildings/building_2/0001542/reference/0001542_018.jpg
building_2,0001542,reference,dataset_splits/10_buildings/building_2/0001542/reference/0001542_024.jpg
building_2,0001542,reference,dataset_splits/10_buildings/building_2/0001542/reference/0001542_027.jpg
building_2,0001542,reference,dataset_splits/10_buildings/building_2/0001542/reference/0001542_029.jpg
building_2,0001542,reference,dataset_splits/10_buildings/building_2/0001542/reference/0001542_030.jpg
building_2,0001542,reference,dataset_splits/10_buildings/building_2/0001542/reference/0001542_031.jpg
building_2,0001542,reference,dataset_splits/10_buildings/building_2/0001542/reference/0001542_033.jpg
building_2,0001542,reference,dataset_splits/10_buildings/building_2/0001542/reference/0001542_036.jpg
building_2,0001542,reference,dataset_splits/10_buildings/building_2/0001542/reference/0001542_038.jpg
building_2,0001542,reference,dataset_splits/10_buildings/building_2/0001542/reference/0001542_041.jpg
building_2,0001542,reference,dataset_splits/10_buildings/building_2/0001542/reference/0001542_043.jpg
building_2,0001542,reference,dataset_splits/10_buildings/building_2/0001542/reference/0001542_046.jpg
building_2,0001542,reference,dataset_splits/10_buildings/building_2/0001542/reference/0001542_049.jpg
building_2,0001542,test,dataset_splits/10_buildings/building_2/0001542/test/0001542_002.jpg
building_2,0001542,test,dataset_splits/10_buildings/building_2/0001542/test/0001542_003.jpg
building_2,0001542,test,dataset_splits/10_buildings/building_2/0001542/test/0001542_008.jpg
building_2,0001542,test,dataset_splits/10_buildings/building_2/0001542/test/0001542_009.jpg
building_2,0001542,test,dataset_splits/10_buildings/building_2/0001542/test/0001542_010.jpg
building_2,0001542,test,dataset_splits/10_buildings/building_2/0001542/test/0001542_011.jpg
building_2,0001542,test,dataset_splits/10_buildings/building_2/0001542/test/0001542_014.jpg
building_2,0001542,test,dataset_splits/10_buildings/building_2/0001542/test/0001542_019.jpg
building_2,0001542,test,dataset_splits/10_buildings/building_2/0001542/test/0001542_022.jpg
building_2,0001542,test,dataset_splits/10_buildings/building_2/0001542/test/0001542_026.jpg
building_2,0001542,test,dataset_splits/10_buildings/building_2/0001542/test/0001542_028.jpg
building_2,0001542,test,dataset_splits/10_buildings/building_2/0001542/test/0001542_034.jpg
building_2,0001542,test,dataset_splits/10_buildings/building_2/0001542/test/0001542_035.jpg
building_2,0001542,test,dataset_splits/10_buildings/building_2/0001542/test/0001542_039.jpg
building_2,0001542,test,dataset_splits/10_buildings/building_2/0001542/test/0001542_042.jpg
building_2,0001542,test,dataset_splits/10_buildings/building_2/0001542/test/0001542_045.jpg
building_2,0001542,test,dataset_splits/10_buildings/building_2/0001542/test/0001542_047.jpg
building_2,0001542,test,dataset_splits/10_buildings/building_2/0001542/test/0001542_048.jpg
building_2,0001542,test,dataset_splits/10_buildings/building_2/0001542/test/0001542_050.jpg
building_2,0001542,test,dataset_splits/10_buildings/building_2/0001542/test/0001542_051.jpg
building_2,0001564,reference,dataset_splits/10_buildings/building_2/0001564/reference/0001564_004.jpg
building_2,0001564,reference,dataset_splits/10_buildings/building_2/0001564/reference/0001564_007.jpg
building_2,0001564,reference,dataset_splits/10_buildings/building_2/0001564/reference/0001564_008.jpg
building_2,0001564,reference,dataset_splits/10_buildings/building_2/0001564/reference/0001564_010.jpg
building_2,0001564,reference,dataset_splits/10_buildings/building_2/0001564/reference/0001564_014.jpg
building_2,0001564,reference,dataset_splits/10_buildings/building_2/0001564/reference/0001564_017.jpg
building_2,0001564,reference,dataset_splits/10_buildings/building_2/0001564/reference/0001564_023.jpg
building_2,0001564,reference,dataset_splits/10_buildings/building_2/0001564/reference/0001564_025.jpg
building_2,0001564,reference,dataset_splits/10_buildings/building_2/0001564/reference/0001564_026.jpg
building_2,0001564,reference,dataset_splits/10_buildings/building_2/0001564/reference/0001564_034.jpg
building_2,0001564,reference,dataset_splits/10_buildings/building_2/0001564/reference/0001564_035.jpg
building_2,0001564,reference,dataset_splits/10_buildings/building_2/0001564/reference/0001564_038.jpg
building_2,0001564,reference,dataset_splits/10_buildings/building_2/0001564/reference/0001564_042.jpg
building_2,0001564,reference,dataset_splits/10_buildings/building_2/0001564/reference/0001564_050.jpg
building_2,0001564,reference,dataset_splits/10_buildings/building_2/0001564/reference/0001564_056.jpg
building_2,0001564,reference,dataset_splits/10_buildings/building_2/0001564/reference/0001564_063.jpg
building_2,0001564,reference,dataset_splits/10_buildings/building_2/0001564/reference/0001564_066.jpg
building_2,0001564,reference,dataset_splits/10_buildings/building_2/0001564/reference/0001564_068.jpg
building_2,0001564,reference,dataset_splits/10_buildings/building_2/0001564/reference/0001564_071.jpg
building_2,0001564,reference,dataset_splits/10_buildings/building_2/0001564/reference/0001564_073.jpg
building_2,0001564,test,dataset_splits/10_buildings/building_2/0001564/test/0001564_001.jpg
building_2,0001564,test,dataset_splits/10_buildings/building_2/0001564/test/0001564_009.jpg
building_2,0001564,test,dataset_splits/10_buildings/building_2/0001564/test/0001564_016.jpg
building_2,0001564,test,dataset_splits/10_buildings/building_2/0001564/test/0001564_030.jpg
building_2,0001564,test,dataset_splits/10_buildings/building_2/0001564/test/0001564_036.jpg
building_2,0001564,test,dataset_splits/10_buildings/building_2/0001564/test/0001564_037.jpg
building_2,0001564,test,dataset_splits/10_buildings/building_2/0001564/test/0001564_043.jpg
building_2,0001564,test,dataset_splits/10_buildings/building_2/0001564/test/0001564_044.jpg
building_2,0001564,test,dataset_splits/10_buildings/building_2/0001564/test/0001564_047.jpg
building_2,0001564,test,dataset_splits/10_buildings/building_2/0001564/test/0001564_048.jpg
building_2,0001564,test,dataset_splits/10_buildings/building_2/0001564/test/0001564_052.jpg
building_2,0001564,test,dataset_splits/10_buildings/building_2/0001564/test/0001564_053.jpg
building_2,0001564,test,dataset_splits/10_buildings/building_2/0001564/test/0001564_054.jpg
building_2,0001564,test,dataset_splits/10_buildings/building_2/0001564/test/0001564_058.jpg
building_2,0001564,test,dataset_splits/10_buildings/building_2/0001564/test/0001564_062.jpg
building_2,0001564,test,dataset_splits/10_buildings/building_2/0001564/test/0001564_069.jpg
building_2,0001564,test,dataset_splits/10_buildings/building_2/0001564/test/0001564_074.jpg
building_2,0001564,test,dataset_splits/10_buildings/building_2/0001564/test/0001564_075.jpg
building_2,0001564,test,dataset_splits/10_buildings/building_2/0001564/test/0001564_077.jpg
building_2,0001564,test,dataset_splits/10_buildings/building_2/0001564/test/0001564_078.jpg
building_2,0001567,reference,dataset_splits/10_buildings/building_2/0001567/reference/0001567_001.jpg
building_2,0001567,reference,dataset_splits/10_buildings/building_2/0001567/reference/0001567_014.jpg
building_2,0001567,reference,dataset_splits/10_buildings/building_2/0001567/reference/0001567_021.jpg
building_2,0001567,reference,dataset_splits/10_buildings/building_2/0001567/reference/0001567_025.jpg
building_2,0001567,reference,dataset_splits/10_buildings/building_2/0001567/reference/0001567_026.jpg
building_2,0001567,reference,dataset_splits/10_buildings/building_2/0001567/reference/0001567_033.jpg
building_2,0001567,reference,dataset_splits/10_buildings/building_2/0001567/reference/0001567_035.jpg
building_2,0001567,reference,dataset_splits/10_buildings/building_2/0001567/reference/0001567_037.jpg
building_2,0001567,reference,dataset_splits/10_buildings/building_2/0001567/reference/0001567_039.jpg
building_2,0001567,reference,dataset_splits/10_buildings/building_2/0001567/reference/0001567_048.jpg
building_2,0001567,reference,dataset_splits/10_buildings/building_2/0001567/reference/0001567_049.jpg
building_2,0001567,reference,dataset_splits/10_buildings/building_2/0001567/reference/0001567_050.jpg
building_2,0001567,reference,dataset_splits/10_buildings/building_2/0001567/reference/0001567_051.jpg
building_2,0001567,reference,dataset_splits/10_buildings/building_2/0001567/reference/0001567_054.jpg
building_2,0001567,reference,dataset_splits/10_buildings/building_2/0001567/reference/0001567_059.jpg
building_2,0001567,reference,dataset_splits/10_buildings/building_2/0001567/reference/0001567_071.jpg
building_2,0001567,reference,dataset_splits/10_buildings/building_2/0001567/reference/0001567_074.jpg
building_2,0001567,reference,dataset_splits/10_buildings/building_2/0001567/reference/0001567_076.jpg
building_2,0001567,reference,dataset_splits/10_buildings/building_2/0001567/reference/0001567_079.jpg
building_2,0001567,reference,dataset_splits/10_buildings/building_2/0001567/reference/0001567_085.jpg
building_2,0001567,test,dataset_splits/10_buildings/building_2/0001567/test/0001567_002.jpg
building_2,0001567,test,dataset_splits/10_buildings/building_2/0001567/test/0001567_005.jpg
building_2,0001567,test,dataset_splits/10_buildings/building_2/0001567/test/0001567_007.jpg
building_2,0001567,test,dataset_splits/10_buildings/building_2/0001567/test/0001567_009.jpg
building_2,0001567,test,dataset_splits/10_buildings/building_2/0001567/test/0001567_017.jpg
building_2,0001567,test,dataset_splits/10_buildings/building_2/0001567/test/0001567_023.jpg
building_2,0001567,test,dataset_splits/10_buildings/building_2/0001567/test/0001567_028.jpg
building_2,0001567,test,dataset_splits/10_buildings/building_2/0001567/test/0001567_031.jpg
building_2,0001567,test,dataset_splits/10_buildings/building_2/0001567/test/0001567_044.jpg
building_2,0001567,test,dataset_splits/10_buildings/building_2/0001567/test/0001567_047.jpg
building_2,0001567,test,dataset_splits/10_buildings/building_2/0001567/test/0001567_053.jpg
building_2,0001567,test,dataset_splits/10_buildings/building_2/0001567/test/0001567_055.jpg
building_2,0001567,test,dataset_splits/10_buildings/building_2/0001567/test/0001567_056.jpg
building_2,0001567,test,dataset_splits/10_buildings/building_2/0001567/test/0001567_061.jpg
building_2,0001567,test,dataset_splits/10_buildings/building_2/0001567/test/0001567_066.jpg
building_2,0001567,test,dataset_splits/10_buildings/building_2/0001567/test/0001567_068.jpg
building_2,0001567,test,dataset_splits/10_buildings/building_2/0001567/test/0001567_078.jpg
building_2,0001567,test,dataset_splits/10_buildings/building_2/0001567/test/0001567_081.jpg
building_2,0001567,test,dataset_splits/10_buildings/building_2/0001567/test/0001567_082.jpg
building_2,0001567,test,dataset_splits/10_buildings/building_2/0001567/test/0001567_084.jpg
building_2,0001590,reference,dataset_splits/10_buildings/building_2/0001590/reference/0001590_001.jpg
building_2,0001590,reference,dataset_splits/10_buildings/building_2/0001590/reference/0001590_007.jpg
building_2,0001590,reference,dataset_splits/10_buildings/building_2/0001590/reference/0001590_010.jpg
building_2,0001590,reference,dataset_splits/10_buildings/building_2/0001590/reference/0001590_011.jpg
building_2,0001590,reference,dataset_splits/10_buildings/building_2/0001590/reference/0001590_014.jpg
building_2,0001590,reference,dataset_splits/10_buildings/building_2/0001590/reference/0001590_017.jpg
building_2,0001590,reference,dataset_splits/10_buildings/building_2/0001590/reference/0001590_019.jpg
building_2,0001590,reference,dataset_splits/10_buildings/building_2/0001590/reference/0001590_034.jpg
building_2,0001590,reference,dataset_splits/10_buildings/building_2/0001590/reference/0001590_036.jpg
building_2,0001590,reference,dataset_splits/10_buildings/building_2/0001590/reference/0001590_044.jpg
building_2,0001590,reference,dataset_splits/10_buildings/building_2/0001590/reference/0001590_046.jpg
building_2,0001590,reference,dataset_splits/10_buildings/building_2/0001590/reference/0001590_050.jpg
building_2,0001590,reference,dataset_splits/10_buildings/building_2/0001590/reference/0001590_060.jpg
building_2,0001590,reference,dataset_splits/10_buildings/building_2/0001590/reference/0001590_063.jpg
building_2,0001590,reference,dataset_splits/10_buildings/building_2/0001590/reference/0001590_064.jpg
building_2,0001590,reference,dataset_splits/10_buildings/building_2/0001590/reference/0001590_070.jpg
building_2,0001590,reference,dataset_splits/10_buildings/building_2/0001590/reference/0001590_074.jpg
building_2,0001590,reference,dataset_splits/10_buildings/building_2/0001590/reference/0001590_076.jpg
building_2,0001590,reference,dataset_splits/10_buildings/building_2/0001590/reference/0001590_078.jpg
building_2,0001590,reference,dataset_splits/10_buildings/building_2/0001590/reference/0001590_080.jpg
building_2,0001590,test,dataset_splits/10_buildings/building_2/0001590/test/0001590_003.jpg
building_2,0001590,test,dataset_splits/10_buildings/building_2/0001590/test/0001590_004.jpg
building_2,0001590,test,dataset_splits/10_buildings/building_2/0001590/test/0001590_006.jpg
building_2,0001590,test,dataset_splits/10_buildings/building_2/0001590/test/0001590_012.jpg
building_2,0001590,test,dataset_splits/10_buildings/building_2/0001590/test/0001590_016.jpg
building_2,0001590,test,dataset_splits/10_buildings/building_2/0001590/test/0001590_021.jpg
building_2,0001590,test,dataset_splits/10_buildings/building_2/0001590/test/0001590_022.jpg
building_2,0001590,test,dataset_splits/10_buildings/building_2/0001590/test/0001590_031.jpg
building_2,0001590,test,dataset_splits/10_buildings/building_2/0001590/test/0001590_032.jpg
building_2,0001590,test,dataset_splits/10_buildings/building_2/0001590/test/0001590_033.jpg
building_2,0001590,test,dataset_splits/10_buildings/building_2/0001590/test/0001590_035.jpg
building_2,0001590,test,dataset_splits/10_buildings/building_2/0001590/test/0001590_045.jpg
building_2,0001590,test,dataset_splits/10_buildings/building_2/0001590/test/0001590_056.jpg
building_2,0001590,test,dataset_splits/10_buildings/building_2/0001590/test/0001590_057.jpg
building_2,0001590,test,dataset_splits/10_buildings/building_2/0001590/test/0001590_059.jpg
building_2,0001590,test,dataset_splits/10_buildings/building_2/0001590/test/0001590_066.jpg
building_2,0001590,test,dataset_splits/10_buildings/building_2/0001590/test/0001590_067.jpg
building_2,0001590,test,dataset_splits/10_buildings/building_2/0001590/test/0001590_071.jpg
building_2,0001590,test,dataset_splits/10_buildings/building_2/0001590/test/0001590_073.jpg
building_2,0001590,test,dataset_splits/10_buildings/building_2/0001590/test/0001590_079.jpg
building_2,0001608,reference,dataset_splits/10_buildings/building_2/0001608/reference/0001608_009.jpg
building_2,0001608,reference,dataset_splits/10_buildings/building_2/0001608/reference/0001608_012.jpg
building_2,0001608,reference,dataset_splits/10_buildings/building_2/0001608/reference/0001608_013.jpg
building_2,0001608,reference,dataset_splits/10_buildings/building_2/0001608/reference/0001608_020.jpg
building_2,0001608,reference,dataset_splits/10_buildings/building_2/0001608/reference/0001608_021.jpg
building_2,0001608,reference,dataset_splits/10_buildings/building_2/0001608/reference/0001608_022.jpg
building_2,0001608,reference,dataset_splits/10_buildings/building_2/0001608/reference/0001608_024.jpg
building_2,0001608,reference,dataset_splits/10_buildings/building_2/0001608/reference/0001608_028.jpg
building_2,0001608,reference,dataset_splits/10_buildings/building_2/0001608/reference/0001608_033.jpg
building_2,0001608,reference,dataset_splits/10_buildings/building_2/0001608/reference/0001608_036.jpg
building_2,0001608,reference,dataset_splits/10_buildings/building_2/0001608/reference/0001608_039.jpg
building_2,0001608,reference,dataset_splits/10_buildings/building_2/0001608/reference/0001608_042.jpg
building_2,0001608,reference,dataset_splits/10_buildings/building_2/0001608/reference/0001608_051.jpg
building_2,0001608,reference,dataset_splits/10_buildings/building_2/0001608/reference/0001608_052.jpg
building_2,0001608,reference,dataset_splits/10_buildings/building_2/0001608/reference/0001608_060.jpg
building_2,0001608,reference,dataset_splits/10_buildings/building_2/0001608/reference/0001608_065.jpg
building_2,0001608,reference,dataset_splits/10_buildings/building_2/0001608/reference/0001608_074.jpg
building_2,0001608,reference,dataset_splits/10_buildings/building_2/0001608/reference/0001608_075.jpg
building_2,0001608,reference,dataset_splits/10_buildings/building_2/0001608/reference/0001608_078.jpg
building_2,0001608,reference,dataset_splits/10_buildings/building_2/0001608/reference/0001608_082.jpg
building_2,0001608,test,dataset_splits/10_buildings/building_2/0001608/test/0001608_001.jpg
building_2,0001608,test,dataset_splits/10_buildings/building_2/0001608/test/0001608_002.jpg
building_2,0001608,test,dataset_splits/10_buildings/building_2/0001608/test/0001608_005.jpg
building_2,0001608,test,dataset_splits/10_buildings/building_2/0001608/test/0001608_006.jpg
building_2,0001608,test,dataset_splits/10_buildings/building_2/0001608/test/0001608_008.jpg
building_2,0001608,test,dataset_splits/10_buildings/building_2/0001608/test/0001608_011.jpg
building_2,0001608,test,dataset_splits/10_buildings/building_2/0001608/test/0001608_018.jpg
building_2,0001608,test,dataset_splits/10_buildings/building_2/0001608/test/0001608_023.jpg
building_2,0001608,test,dataset_splits/10_buildings/building_2/0001608/test/0001608_025.jpg
building_2,0001608,test,dataset_splits/10_buildings/building_2/0001608/test/0001608_026.jpg
building_2,0001608,test,dataset_splits/10_buildings/building_2/0001608/test/0001608_030.jpg
building_2,0001608,test,dataset_splits/10_buildings/building_2/0001608/test/0001608_032.jpg
building_2,0001608,test,dataset_splits/10_buildings/building_2/0001608/test/0001608_034.jpg
building_2,0001608,test,dataset_splits/10_buildings/building_2/0001608/test/0001608_038.jpg
building_2,0001608,test,dataset_splits/10_buildings/building_2/0001608/test/0001608_048.jpg
building_2,0001608,test,dataset_splits/10_buildings/building_2/0001608/test/0001608_063.jpg
building_2,0001608,test,dataset_splits/10_buildings/building_2/0001608/test/0001608_072.jpg
building_2,0001608,test,dataset_splits/10_buildings/building_2/0001608/test/0001608_076.jpg
building_2,0001608,test,dataset_splits/10_buildings/building_2/0001608/test/0001608_079.jpg
building_2,0001608,test,dataset_splits/10_buildings/building_2/0001608/test/0001608_083.jpg
building_2,0001733,reference,dataset_splits/10_buildings/building_2/0001733/reference/0001733_002.jpg
building_2,0001733,reference,dataset_splits/10_buildings/building_2/0001733/reference/0001733_004.jpg
building_2,0001733,reference,dataset_splits/10_buildings/building_2/0001733/reference/0001733_037.jpg
building_2,0001733,reference,dataset_splits/10_buildings/building_2/0001733/reference/0001733_056.jpg
building_2,0001733,reference,dataset_splits/10_buildings/building_2/0001733/reference/0001733_062.jpg
building_2,0001733,reference,dataset_splits/10_buildings/building_2/0001733/reference/0001733_081.jpg
building_2,0001733,reference,dataset_splits/10_buildings/building_2/0001733/reference/0001733_088.jpg
building_2,0001733,reference,dataset_splits/10_buildings/building_2/0001733/reference/0001733_092.jpg
building_2,0001733,reference,dataset_splits/10_buildings/building_2/0001733/reference/0001733_096.jpg
building_2,0001733,reference,dataset_splits/10_buildings/building_2/0001733/reference/0001733_108.jpg
building_2,0001733,reference,dataset_splits/10_buildings/building_2/0001733/reference/0001733_140.jpg
building_2,0001733,reference,dataset_splits/10_buildings/building_2/0001733/reference/0001733_151.jpg
building_2,0001733,reference,dataset_splits/10_buildings/building_2/0001733/reference/0001733_155.jpg
building_2,0001733,reference,dataset_splits/10_buildings/building_2/0001733/reference/0001733_172.jpg
building_2,0001733,reference,dataset_splits/10_buildings/building_2/0001733/reference/0001733_197.jpg
building_2,0001733,reference,dataset_splits/10_buildings/building_2/0001733/reference/0001733_198.jpg
building_2,0001733,reference,dataset_splits/10_buildings/building_2/0001733/reference/0001733_202.jpg
building_2,0001733,reference,dataset_splits/10_buildings/building_2/0001733/reference/0001733_203.jpg
building_2,0001733,reference,dataset_splits/10_buildings/building_2/0001733/reference/0001733_204.jpg
building_2,0001733,reference,dataset_splits/10_buildings/building_2/0001733/reference/0001733_206.jpg
building_2,0001733,test,dataset_splits/10_buildings/building_2/0001733/test/0001733_031.jpg
building_2,0001733,test,dataset_splits/10_buildings/building_2/0001733/test/0001733_045.jpg
building_2,0001733,test,dataset_splits/10_buildings/building_2/0001733/test/0001733_055.jpg
building_2,0001733,test,dataset_splits/10_buildings/building_2/0001733/test/0001733_059.jpg
building_2,0001733,test,dataset_splits/10_buildings/building_2/0001733/test/0001733_063.jpg
building_2,0001733,test,dataset_splits/10_buildings/building_2/0001733/test/0001733_065.jpg
building_2,0001733,test,dataset_splits/10_buildings/building_2/0001733/test/0001733_070.jpg
building_2,0001733,test,dataset_splits/10_buildings/building_2/0001733/test/0001733_071.jpg
building_2,0001733,test,dataset_splits/10_buildings/building_2/0001733/test/0001733_089.jpg
building_2,0001733,test,dataset_splits/10_buildings/building_2/0001733/test/0001733_090.jpg
building_2,0001733,test,dataset_splits/10_buildings/building_2/0001733/test/0001733_095.jpg
building_2,0001733,test,dataset_splits/10_buildings/building_2/0001733/test/0001733_099.jpg
building_2,0001733,test,dataset_splits/10_buildings/building_2/0001733/test/0001733_121.jpg
building_2,0001733,test,dataset_splits/10_buildings/building_2/0001733/test/0001733_145.jpg
building_2,0001733,test,dataset_splits/10_buildings/building_2/0001733/test/0001733_149.jpg
building_2,0001733,test,dataset_splits/10_buildings/building_2/0001733/test/0001733_161.jpg
building_2,0001733,test,dataset_splits/10_buildings/building_2/0001733/test/0001733_162.jpg
building_2,0001733,test,dataset_splits/10_buildings/building_2/0001733/test/0001733_165.jpg
building_2,0001733,test,dataset_splits/10_buildings/building_2/0001733/test/0001733_171.jpg
building_2,0001733,test,dataset_splits/10_buildings/building_2/0001733/test/0001733_196.jpg
building_2,0001868,reference,dataset_splits/10_buildings/building_2/0001868/reference/0001868_004.jpg
building_2,0001868,reference,dataset_splits/10_buildings/building_2/0001868/reference/0001868_010.jpg
building_2,0001868,reference,dataset_splits/10_buildings/building_2/0001868/reference/0001868_012.jpg
building_2,0001868,reference,dataset_splits/10_buildings/building_2/0001868/reference/0001868_013.jpg
building_2,0001868,reference,dataset_splits/10_buildings/building_2/0001868/reference/0001868_015.jpg
building_2,0001868,reference,dataset_splits/10_buildings/building_2/0001868/reference/0001868_020.jpg
building_2,0001868,reference,dataset_splits/10_buildings/building_2/0001868/reference/0001868_023.jpg
building_2,0001868,reference,dataset_splits/10_buildings/building_2/0001868/reference/0001868_026.jpg
building_2,0001868,reference,dataset_splits/10_buildings/building_2/0001868/reference/0001868_030.jpg
building_2,0001868,reference,dataset_splits/10_buildings/building_2/0001868/reference/0001868_031.jpg
building_2,0001868,reference,dataset_splits/10_buildings/building_2/0001868/reference/0001868_032.jpg
building_2,0001868,reference,dataset_splits/10_buildings/building_2/0001868/reference/0001868_035.jpg
building_2,0001868,reference,dataset_splits/10_buildings/building_2/0001868/reference/0001868_036.jpg
building_2,0001868,reference,dataset_splits/10_buildings/building_2/0001868/reference/0001868_037.jpg
building_2,0001868,reference,dataset_splits/10_buildings/building_2/0001868/reference/0001868_038.jpg
building_2,0001868,reference,dataset_splits/10_buildings/building_2/0001868/reference/0001868_044.jpg
building_2,0001868,reference,dataset_splits/10_buildings/building_2/0001868/reference/0001868_045.jpg
building_2,0001868,reference,dataset_splits/10_buildings/building_2/0001868/reference/0001868_049.jpg
building_2,0001868,reference,dataset_splits/10_buildings/building_2/0001868/reference/0001868_051.jpg
building_2,0001868,reference,dataset_splits/10_buildings/building_2/0001868/reference/0001868_053.jpg
building_2,0001868,test,dataset_splits/10_buildings/building_2/0001868/test/0001868_001.jpg
building_2,0001868,test,dataset_splits/10_buildings/building_2/0001868/test/0001868_006.jpg
building_2,0001868,test,dataset_splits/10_buildings/building_2/0001868/test/0001868_007.jpg
building_2,0001868,test,dataset_splits/10_buildings/building_2/0001868/test/0001868_008.jpg
building_2,0001868,test,dataset_splits/10_buildings/building_2/0001868/test/0001868_011.jpg
building_2,0001868,test,dataset_splits/10_buildings/building_2/0001868/test/0001868_014.jpg
building_2,0001868,test,dataset_splits/10_buildings/building_2/0001868/test/0001868_019.jpg
building_2,0001868,test,dataset_splits/10_buildings/building_2/0001868/test/0001868_021.jpg
building_2,0001868,test,dataset_splits/10_buildings/building_2/0001868/test/0001868_024.jpg
building_2,0001868,test,dataset_splits/10_buildings/building_2/0001868/test/0001868_025.jpg
building_2,0001868,test,dataset_splits/10_buildings/building_2/0001868/test/0001868_028.jpg
building_2,0001868,test,dataset_splits/10_buildings/building_2/0001868/test/0001868_029.jpg
building_2,0001868,test,dataset_splits/10_buildings/building_2/0001868/test/0001868_039.jpg
building_2,0001868,test,dataset_splits/10_buildings/building_2/0001868/test/0001868_040.jpg
building_2,0001868,test,dataset_splits/10_buildings/building_2/0001868/test/0001868_042.jpg
building_2,0001868,test,dataset_splits/10_buildings/building_2/0001868/test/0001868_043.jpg
building_2,0001868,test,dataset_splits/10_buildings/building_2/0001868/test/0001868_046.jpg
building_2,0001868,test,dataset_splits/10_buildings/building_2/0001868/test/0001868_047.jpg
building_2,0001868,test,dataset_splits/10_buildings/building_2/0001868/test/0001868_048.jpg
building_2,0001868,test,dataset_splits/10_buildings/building_2/0001868/test/0001868_052.jpg
building_2,0004735,reference,dataset_splits/10_buildings/building_2/0004735/reference/0004735_007.jpg
building_2,0004735,reference,dataset_splits/10_buildings/building_2/0004735/reference/0004735_011.jpg
building_2,0004735,reference,dataset_splits/10_buildings/building_2/0004735/reference/0004735_018.jpg
building_2,0004735,reference,dataset_splits/10_buildings/building_2/0004735/reference/0004735_023.jpg
building_2,0004735,reference,dataset_splits/10_buildings/building_2/0004735/reference/0004735_026.jpg
building_2,0004735,reference,dataset_splits/10_buildings/building_2/0004735/reference/0004735_031.jpg
building_2,0004735,reference,dataset_splits/10_buildings/building_2/0004735/reference/0004735_041.jpg
building_2,0004735,reference,dataset_splits/10_buildings/building_2/0004735/reference/0004735_051.jpg
building_2,0004735,reference,dataset_splits/10_buildings/building_2/0004735/reference/0004735_053.jpg
building_2,0004735,reference,dataset_splits/10_buildings/building_2/0004735/reference/0004735_055.jpg
building_2,0004735,reference,dataset_splits/10_buildings/building_2/0004735/reference/0004735_070.jpg
building_2,0004735,reference,dataset_splits/10_buildings/building_2/0004735/reference/0004735_074.jpg
building_2,0004735,reference,dataset_splits/10_buildings/building_2/0004735/reference/0004735_077.jpg
building_2,0004735,reference,dataset_splits/10_buildings/building_2/0004735/reference/0004735_089.jpg
building_2,0004735,reference,dataset_splits/10_buildings/building_2/0004735/reference/0004735_105.jpg
building_2,0004735,reference,dataset_splits/10_buildings/building_2/0004735/reference/0004735_110.jpg
building_2,0004735,reference,dataset_splits/10_buildings/building_2/0004735/reference/0004735_116.jpg
building_2,0004735,reference,dataset_splits/10_buildings/building_2/0004735/reference/0004735_117.jpg
building_2,0004735,reference,dataset_splits/10_buildings/building_2/0004735/reference/0004735_119.jpg
building_2,0004735,reference,dataset_splits/10_buildings/building_2/0004735/reference/0004735_125.jpg
building_2,0004735,test,dataset_splits/10_buildings/building_2/0004735/test/0004735_003.jpg
building_2,0004735,test,dataset_splits/10_buildings/building_2/0004735/test/0004735_016.jpg
building_2,0004735,test,dataset_splits/10_buildings/building_2/0004735/test/0004735_017.jpg
building_2,0004735,test,dataset_splits/10_buildings/building_2/0004735/test/0004735_020.jpg
building_2,0004735,test,dataset_splits/10_buildings/building_2/0004735/test/0004735_038.jpg
building_2,0004735,test,dataset_splits/10_buildings/building_2/0004735/test/0004735_040.jpg
building_2,0004735,test,dataset_splits/10_buildings/building_2/0004735/test/0004735_049.jpg
building_2,0004735,test,dataset_splits/10_buildings/building_2/0004735/test/0004735_062.jpg
building_2,0004735,test,dataset_splits/10_buildings/building_2/0004735/test/0004735_071.jpg
building_2,0004735,test,dataset_splits/10_buildings/building_2/0004735/test/0004735_087.jpg
building_2,0004735,test,dataset_splits/10_buildings/building_2/0004735/test/0004735_096.jpg
building_2,0004735,test,dataset_splits/10_buildings/building_2/0004735/test/0004735_098.jpg
building_2,0004735,test,dataset_splits/10_buildings/building_2/0004735/test/0004735_100.jpg
building_2,0004735,test,dataset_splits/10_buildings/building_2/0004735/test/0004735_108.jpg
building_2,0004735,test,dataset_splits/10_buildings/building_2/0004735/test/0004735_109.jpg
building_2,0004735,test,dataset_splits/10_buildings/building_2/0004735/test/0004735_115.jpg
building_2,0004735,test,dataset_splits/10_buildings/building_2/0004735/test/0004735_120.jpg
building_2,0004735,test,dataset_splits/10_buildings/building_2/0004735/test/0004735_130.jpg
building_2,0004735,test,dataset_splits/10_buildings/building_2/0004735/test/0004735_138.jpg
building_2,0004735,test,dataset_splits/10_buildings/building_2/0004735/test/0004735_142.jpg
building_2,0004790,reference,dataset_splits/10_buildings/building_2/0004790/reference/0004790_006.jpg
building_2,0004790,reference,dataset_splits/10_buildings/building_2/0004790/reference/0004790_011.jpg
building_2,0004790,reference,dataset_splits/10_buildings/building_2/0004790/reference/0004790_017.jpg
building_2,0004790,reference,dataset_splits/10_buildings/building_2/0004790/reference/0004790_032.jpg
building_2,0004790,reference,dataset_splits/10_buildings/building_2/0004790/reference/0004790_039.jpg
building_2,0004790,reference,dataset_splits/10_buildings/building_2/0004790/reference/0004790_049.jpg
building_2,0004790,reference,dataset_splits/10_buildings/building_2/0004790/reference/0004790_065.jpg
building_2,0004790,reference,dataset_splits/10_buildings/building_2/0004790/reference/0004790_072.jpg
building_2,0004790,reference,dataset_splits/10_buildings/building_2/0004790/reference/0004790_076.jpg
building_2,0004790,reference,dataset_splits/10_buildings/building_2/0004790/reference/0004790_090.jpg
building_2,0004790,reference,dataset_splits/10_buildings/building_2/0004790/reference/0004790_092.jpg
building_2,0004790,reference,dataset_splits/10_buildings/building_2/0004790/reference/0004790_104.jpg
building_2,0004790,reference,dataset_splits/10_buildings/building_2/0004790/reference/0004790_126.jpg
building_2,0004790,reference,dataset_splits/10_buildings/building_2/0004790/reference/0004790_132.jpg
building_2,0004790,reference,dataset_splits/10_buildings/building_2/0004790/reference/0004790_133.jpg
building_2,0004790,reference,dataset_splits/10_buildings/building_2/0004790/reference/0004790_136.jpg
building_2,0004790,reference,dataset_splits/10_buildings/building_2/0004790/reference/0004790_165.jpg
building_2,0004790,reference,dataset_splits/10_buildings/building_2/0004790/reference/0004790_178.jpg
building_2,0004790,reference,dataset_splits/10_buildings/building_2/0004790/reference/0004790_193.jpg
building_2,0004790,reference,dataset_splits/10_buildings/building_2/0004790/reference/0004790_202.jpg
building_2,0004790,test,dataset_splits/10_buildings/building_2/0004790/test/0004790_002.jpg
building_2,0004790,test,dataset_splits/10_buildings/building_2/0004790/test/0004790_026.jpg
building_2,0004790,test,dataset_splits/10_buildings/building_2/0004790/test/0004790_066.jpg
building_2,0004790,test,dataset_splits/10_buildings/building_2/0004790/test/0004790_070.jpg
building_2,0004790,test,dataset_splits/10_buildings/building_2/0004790/test/0004790_075.jpg
building_2,0004790,test,dataset_splits/10_buildings/building_2/0004790/test/0004790_083.jpg
building_2,0004790,test,dataset_splits/10_buildings/building_2/0004790/test/0004790_106.jpg
building_2,0004790,test,dataset_splits/10_buildings/building_2/0004790/test/0004790_114.jpg
building_2,0004790,test,dataset_splits/10_buildings/building_2/0004790/test/0004790_123.jpg
building_2,0004790,test,dataset_splits/10_buildings/building_2/0004790/test/0004790_131.jpg
building_2,0004790,test,dataset_splits/10_buildings/building_2/0004790/test/0004790_143.jpg
building_2,0004790,test,dataset_splits/10_buildings/building_2/0004790/test/0004790_148.jpg
building_2,0004790,test,dataset_splits/10_buildings/building_2/0004790/test/0004790_149.jpg
building_2,0004790,test,dataset_splits/10_buildings/building_2/0004790/test/0004790_151.jpg
building_2,0004790,test,dataset_splits/10_buildings/building_2/0004790/test/0004790_156.jpg
building_2,0004790,test,dataset_splits/10_buildings/building_2/0004790/test/0004790_159.jpg
building_2,0004790,test,dataset_splits/10_buildings/building_2/0004790/test/0004790_181.jpg
building_2,0004790,test,dataset_splits/10_buildings/building_2/0004790/test/0004790_212.jpg
building_2,0004790,test,dataset_splits/10_buildings/building_2/0004790/test/0004790_213.jpg
building_2,0004790,test,dataset_splits/10_buildings/building_2/0004790/test/0004790_221.jpg
building_2,0004812,reference,dataset_splits/10_buildings/building_2/0004812/reference/0004812_006.jpg
building_2,0004812,reference,dataset_splits/10_buildings/building_2/0004812/reference/0004812_014.jpg
building_2,0004812,reference,dataset_splits/10_buildings/building_2/0004812/reference/0004812_015.jpg
building_2,0004812,reference,dataset_splits/10_buildings/building_2/0004812/reference/0004812_017.jpg
building_2,0004812,reference,dataset_splits/10_buildings/building_2/0004812/reference/0004812_021.jpg
building_2,0004812,reference,dataset_splits/10_buildings/building_2/0004812/reference/0004812_023.jpg
building_2,0004812,reference,dataset_splits/10_buildings/building_2/0004812/reference/0004812_028.jpg
building_2,0004812,reference,dataset_splits/10_buildings/building_2/0004812/reference/0004812_035.jpg
building_2,0004812,reference,dataset_splits/10_buildings/building_2/0004812/reference/0004812_041.jpg
building_2,0004812,reference,dataset_splits/10_buildings/building_2/0004812/reference/0004812_042.jpg
building_2,0004812,reference,dataset_splits/10_buildings/building_2/0004812/reference/0004812_045.jpg
building_2,0004812,reference,dataset_splits/10_buildings/building_2/0004812/reference/0004812_048.jpg
building_2,0004812,reference,dataset_splits/10_buildings/building_2/0004812/reference/0004812_069.jpg
building_2,0004812,reference,dataset_splits/10_buildings/building_2/0004812/reference/0004812_072.jpg
building_2,0004812,reference,dataset_splits/10_buildings/building_2/0004812/reference/0004812_082.jpg
building_2,0004812,reference,dataset_splits/10_buildings/building_2/0004812/reference/0004812_084.jpg
building_2,0004812,reference,dataset_splits/10_buildings/building_2/0004812/reference/0004812_085.jpg
building_2,0004812,reference,dataset_splits/10_buildings/building_2/0004812/reference/0004812_088.jpg
building_2,0004812,reference,dataset_splits/10_buildings/building_2/0004812/reference/0004812_089.jpg
building_2,0004812,reference,dataset_splits/10_buildings/building_2/0004812/reference/0004812_095.jpg
building_2,0004812,test,dataset_splits/10_buildings/building_2/0004812/test/0004812_005.jpg
building_2,0004812,test,dataset_splits/10_buildings/building_2/0004812/test/0004812_007.jpg
building_2,0004812,test,dataset_splits/10_buildings/building_2/0004812/test/0004812_016.jpg
building_2,0004812,test,dataset_splits/10_buildings/building_2/0004812/test/0004812_020.jpg
building_2,0004812,test,dataset_splits/10_buildings/building_2/0004812/test/0004812_022.jpg
building_2,0004812,test,dataset_splits/10_buildings/building_2/0004812/test/0004812_025.jpg
building_2,0004812,test,dataset_splits/10_buildings/building_2/0004812/test/0004812_026.jpg
building_2,0004812,test,dataset_splits/10_buildings/building_2/0004812/test/0004812_027.jpg
building_2,0004812,test,dataset_splits/10_buildings/building_2/0004812/test/0004812_033.jpg
building_2,0004812,test,dataset_splits/10_buildings/building_2/0004812/test/0004812_036.jpg
building_2,0004812,test,dataset_splits/10_buildings/building_2/0004812/test/0004812_037.jpg
building_2,0004812,test,dataset_splits/10_buildings/building_2/0004812/test/0004812_046.jpg
building_2,0004812,test,dataset_splits/10_buildings/building_2/0004812/test/0004812_064.jpg
building_2,0004812,test,dataset_splits/10_buildings/building_2/0004812/test/0004812_068.jpg
building_2,0004812,test,dataset_splits/10_buildings/building_2/0004812/test/0004812_070.jpg
building_2,0004812,test,dataset_splits/10_buildings/building_2/0004812/test/0004812_073.jpg
building_2,0004812,test,dataset_splits/10_buildings/building_2/0004812/test/0004812_078.jpg
building_2,0004812,test,dataset_splits/10_buildings/building_2/0004812/test/0004812_080.jpg
building_2,0004812,test,dataset_splits/10_buildings/building_2/0004812/test/0004812_091.jpg
building_2,0004812,test,dataset_splits/10_buildings/building_2/0004812/test/0004812_096.jpg
building_2,0004898,reference,dataset_splits/10_buildings/building_2/0004898/reference/0004898_003.jpg
building_2,0004898,reference,dataset_splits/10_buildings/building_2/0004898/reference/0004898_004.jpg
building_2,0004898,reference,dataset_splits/10_buildings/building_2/0004898/reference/0004898_006.jpg
building_2,0004898,reference,dataset_splits/10_buildings/building_2/0004898/reference/0004898_008.jpg
building_2,0004898,reference,dataset_splits/10_buildings/building_2/0004898/reference/0004898_011.jpg
building_2,0004898,reference,dataset_splits/10_buildings/building_2/0004898/reference/0004898_019.jpg
building_2,0004898,reference,dataset_splits/10_buildings/building_2/0004898/reference/0004898_020.jpg
building_2,0004898,reference,dataset_splits/10_buildings/building_2/0004898/reference/0004898_034.jpg
building_2,0004898,reference,dataset_splits/10_buildings/building_2/0004898/reference/0004898_040.jpg
building_2,0004898,reference,dataset_splits/10_buildings/building_2/0004898/reference/0004898_055.jpg
building_2,0004898,reference,dataset_splits/10_buildings/building_2/0004898/reference/0004898_065.jpg
building_2,0004898,reference,dataset_splits/10_buildings/building_2/0004898/reference/0004898_066.jpg
building_2,0004898,reference,dataset_splits/10_buildings/building_2/0004898/reference/0004898_069.jpg
building_2,0004898,reference,dataset_splits/10_buildings/building_2/0004898/reference/0004898_071.jpg
building_2,0004898,reference,dataset_splits/10_buildings/building_2/0004898/reference/0004898_091.jpg
building_2,0004898,reference,dataset_splits/10_buildings/building_2/0004898/reference/0004898_095.jpg
building_2,0004898,reference,dataset_splits/10_buildings/building_2/0004898/reference/0004898_100.jpg
building_2,0004898,reference,dataset_splits/10_buildings/building_2/0004898/reference/0004898_129.jpg
building_2,0004898,reference,dataset_splits/10_buildings/building_2/0004898/reference/0004898_132.jpg
building_2,0004898,reference,dataset_splits/10_buildings/building_2/0004898/reference/0004898_133.jpg
building_2,0004898,test,dataset_splits/10_buildings/building_2/0004898/test/0004898_028.jpg
building_2,0004898,test,dataset_splits/10_buildings/building_2/0004898/test/0004898_038.jpg
building_2,0004898,test,dataset_splits/10_buildings/building_2/0004898/test/0004898_049.jpg
building_2,0004898,test,dataset_splits/10_buildings/building_2/0004898/test/0004898_050.jpg
building_2,0004898,test,dataset_splits/10_buildings/building_2/0004898/test/0004898_053.jpg
building_2,0004898,test,dataset_splits/10_buildings/building_2/0004898/test/0004898_057.jpg
building_2,0004898,test,dataset_splits/10_buildings/building_2/0004898/test/0004898_060.jpg
building_2,0004898,test,dataset_splits/10_buildings/building_2/0004898/test/0004898_073.jpg
building_2,0004898,test,dataset_splits/10_buildings/building_2/0004898/test/0004898_074.jpg
building_2,0004898,test,dataset_splits/10_buildings/building_2/0004898/test/0004898_075.jpg
building_2,0004898,test,dataset_splits/10_buildings/building_2/0004898/test/0004898_084.jpg
building_2,0004898,test,dataset_splits/10_buildings/building_2/0004898/test/0004898_085.jpg
building_2,0004898,test,dataset_splits/10_buildings/building_2/0004898/test/0004898_104.jpg
building_2,0004898,test,dataset_splits/10_buildings/building_2/0004898/test/0004898_105.jpg
building_2,0004898,test,dataset_splits/10_buildings/building_2/0004898/test/0004898_113.jpg
building_2,0004898,test,dataset_splits/10_buildings/building_2/0004898/test/0004898_114.jpg
building_2,0004898,test,dataset_splits/10_buildings/building_2/0004898/test/0004898_117.jpg
building_2,0004898,test,dataset_splits/10_buildings/building_2/0004898/test/0004898_125.jpg
building_2,0004898,test,dataset_splits/10_buildings/building_2/0004898/test/0004898_126.jpg
building_2,0004898,test,dataset_splits/10_buildings/building_2/0004898/test/0004898_134.jpg
building_2,0004941,reference,dataset_splits/10_buildings/building_2/0004941/reference/0004941_005.jpg
building_2,0004941,reference,dataset_splits/10_buildings/building_2/0004941/reference/0004941_006.jpg
building_2,0004941,reference,dataset_splits/10_buildings/building_2/0004941/reference/0004941_019.jpg
building_2,0004941,reference,dataset_splits/10_buildings/building_2/0004941/reference/0004941_024.jpg
building_2,0004941,reference,dataset_splits/10_buildings/building_2/0004941/reference/0004941_025.jpg
building_2,0004941,reference,dataset_splits/10_buildings/building_2/0004941/reference/0004941_026.jpg
building_2,0004941,reference,dataset_splits/10_buildings/building_2/0004941/reference/0004941_029.jpg
building_2,0004941,reference,dataset_splits/10_buildings/building_2/0004941/reference/0004941_032.jpg
building_2,0004941,reference,dataset_splits/10_buildings/building_2/0004941/reference/0004941_034.jpg
building_2,0004941,reference,dataset_splits/10_buildings/building_2/0004941/reference/0004941_043.jpg
building_2,0004941,reference,dataset_splits/10_buildings/building_2/0004941/reference/0004941_046.jpg
building_2,0004941,reference,dataset_splits/10_buildings/building_2/0004941/reference/0004941_051.jpg
building_2,0004941,reference,dataset_splits/10_buildings/building_2/0004941/reference/0004941_053.jpg
building_2,0004941,reference,dataset_splits/10_buildings/building_2/0004941/reference/0004941_057.jpg
building_2,0004941,reference,dataset_splits/10_buildings/building_2/0004941/reference/0004941_059.jpg
building_2,0004941,reference,dataset_splits/10_buildings/building_2/0004941/reference/0004941_060.jpg
building_2,0004941,reference,dataset_splits/10_buildings/building_2/0004941/reference/0004941_061.jpg
building_2,0004941,reference,dataset_splits/10_buildings/building_2/0004941/reference/0004941_062.jpg
building_2,0004941,reference,dataset_splits/10_buildings/building_2/0004941/reference/0004941_063.jpg
building_2,0004941,reference,dataset_splits/10_buildings/building_2/0004941/reference/0004941_065.jpg
building_2,0004941,test,dataset_splits/10_buildings/building_2/0004941/test/0004941_003.jpg
building_2,0004941,test,dataset_splits/10_buildings/building_2/0004941/test/0004941_004.jpg
building_2,0004941,test,dataset_splits/10_buildings/building_2/0004941/test/0004941_009.jpg
building_2,0004941,test,dataset_splits/10_buildings/building_2/0004941/test/0004941_012.jpg
building_2,0004941,test,dataset_splits/10_buildings/building_2/0004941/test/0004941_015.jpg
building_2,0004941,test,dataset_splits/10_buildings/building_2/0004941/test/0004941_016.jpg
building_2,0004941,test,dataset_splits/10_buildings/building_2/0004941/test/0004941_017.jpg
building_2,0004941,test,dataset_splits/10_buildings/building_2/0004941/test/0004941_021.jpg
building_2,0004941,test,dataset_splits/10_buildings/building_2/0004941/test/0004941_037.jpg
building_2,0004941,test,dataset_splits/10_buildings/building_2/0004941/test/0004941_041.jpg
building_2,0004941,test,dataset_splits/10_buildings/building_2/0004941/test/0004941_047.jpg
building_2,0004941,test,dataset_splits/10_buildings/building_2/0004941/test/0004941_049.jpg
building_2,0004941,test,dataset_splits/10_buildings/building_2/0004941/test/0004941_054.jpg
building_2,0004941,test,dataset_splits/10_buildings/building_2/0004941/test/0004941_055.jpg
building_2,0004941,test,dataset_splits/10_buildings/building_2/0004941/test/0004941_056.jpg
building_2,0004941,test,dataset_splits/10_buildings/building_2/0004941/test/0004941_058.jpg
building_2,0004941,test,dataset_splits/10_buildings/building_2/0004941/test/0004941_064.jpg
building_2,0004941,test,dataset_splits/10_buildings/building_2/0004941/test/0004941_066.jpg
building_2,0004941,test,dataset_splits/10_buildings/building_2/0004941/test/0004941_075.jpg
building_2,0004941,test,dataset_splits/10_buildings/building_2/0004941/test/0004941_076.jpg
building_2,0004959,reference,dataset_splits/10_buildings/building_2/0004959/reference/0004959_001.jpg
building_2,0004959,reference,dataset_splits/10_buildings/building_2/0004959/reference/0004959_008.jpg
building_2,0004959,reference,dataset_splits/10_buildings/building_2/0004959/reference/0004959_009.jpg
building_2,0004959,reference,dataset_splits/10_buildings/building_2/0004959/reference/0004959_014.jpg
building_2,0004959,reference,dataset_splits/10_buildings/building_2/0004959/reference/0004959_016.jpg
building_2,0004959,reference,dataset_splits/10_buildings/building_2/0004959/reference/0004959_019.jpg
building_2,0004959,reference,dataset_splits/10_buildings/building_2/0004959/reference/0004959_023.jpg
building_2,0004959,reference,dataset_splits/10_buildings/building_2/0004959/reference/0004959_024.jpg
building_2,0004959,reference,dataset_splits/10_buildings/building_2/0004959/reference/0004959_028.jpg
building_2,0004959,reference,dataset_splits/10_buildings/building_2/0004959/reference/0004959_030.jpg
building_2,0004959,reference,dataset_splits/10_buildings/building_2/0004959/reference/0004959_035.jpg
building_2,0004959,reference,dataset_splits/10_buildings/building_2/0004959/reference/0004959_037.jpg
building_2,0004959,reference,dataset_splits/10_buildings/building_2/0004959/reference/0004959_040.jpg
building_2,0004959,reference,dataset_splits/10_buildings/building_2/0004959/reference/0004959_042.jpg
building_2,0004959,reference,dataset_splits/10_buildings/building_2/0004959/reference/0004959_057.jpg
building_2,0004959,reference,dataset_splits/10_buildings/building_2/0004959/reference/0004959_060.jpg
building_2,0004959,reference,dataset_splits/10_buildings/building_2/0004959/reference/0004959_073.jpg
building_2,0004959,reference,dataset_splits/10_buildings/building_2/0004959/reference/0004959_075.jpg
building_2,0004959,reference,dataset_splits/10_buildings/building_2/0004959/reference/0004959_091.jpg
building_2,0004959,reference,dataset_splits/10_buildings/building_2/0004959/reference/0004959_097.jpg
building_2,0004959,test,dataset_splits/10_buildings/building_2/0004959/test/0004959_003.jpg
building_2,0004959,test,dataset_splits/10_buildings/building_2/0004959/test/0004959_010.jpg
building_2,0004959,test,dataset_splits/10_buildings/building_2/0004959/test/0004959_011.jpg
building_2,0004959,test,dataset_splits/10_buildings/building_2/0004959/test/0004959_012.jpg
building_2,0004959,test,dataset_splits/10_buildings/building_2/0004959/test/0004959_013.jpg
building_2,0004959,test,dataset_splits/10_buildings/building_2/0004959/test/0004959_015.jpg
building_2,0004959,test,dataset_splits/10_buildings/building_2/0004959/test/0004959_044.jpg
building_2,0004959,test,dataset_splits/10_buildings/building_2/0004959/test/0004959_045.jpg
building_2,0004959,test,dataset_splits/10_buildings/building_2/0004959/test/0004959_046.jpg
building_2,0004959,test,dataset_splits/10_buildings/building_2/0004959/test/0004959_054.jpg
building_2,0004959,test,dataset_splits/10_buildings/building_2/0004959/test/0004959_055.jpg
building_2,0004959,test,dataset_splits/10_buildings/building_2/0004959/test/0004959_064.jpg
building_2,0004959,test,dataset_splits/10_buildings/building_2/0004959/test/0004959_068.jpg
building_2,0004959,test,dataset_splits/10_buildings/building_2/0004959/test/0004959_069.jpg
building_2,0004959,test,dataset_splits/10_buildings/building_2/0004959/test/0004959_077.jpg
building_2,0004959,test,dataset_splits/10_buildings/building_2/0004959/test/0004959_078.jpg
building_2,0004959,test,dataset_splits/10_buildings/building_2/0004959/test/0004959_085.jpg
building_2,0004959,test,dataset_splits/10_buildings/building_2/0004959/test/0004959_090.jpg
building_2,0004959,test,dataset_splits/10_buildings/building_2/0004959/test/0004959_093.jpg
building_2,0004959,test,dataset_splits/10_buildings/building_2/0004959/test/0004959_098.jpg
building_2,0005011,reference,dataset_splits/10_buildings/building_2/0005011/reference/0005011_001.jpg
building_2,0005011,reference,dataset_splits/10_buildings/building_2/0005011/reference/0005011_003.jpg
building_2,0005011,reference,dataset_splits/10_buildings/building_2/0005011/reference/0005011_008.jpg
building_2,0005011,reference,dataset_splits/10_buildings/building_2/0005011/reference/0005011_010.jpg
building_2,0005011,reference,dataset_splits/10_buildings/building_2/0005011/reference/0005011_011.jpg
building_2,0005011,reference,dataset_splits/10_buildings/building_2/0005011/reference/0005011_017.jpg
building_2,0005011,reference,dataset_splits/10_buildings/building_2/0005011/reference/0005011_037.jpg
building_2,0005011,reference,dataset_splits/10_buildings/building_2/0005011/reference/0005011_049.jpg
building_2,0005011,reference,dataset_splits/10_buildings/building_2/0005011/reference/0005011_068.jpg
building_2,0005011,reference,dataset_splits/10_buildings/building_2/0005011/reference/0005011_074.jpg
building_2,0005011,reference,dataset_splits/10_buildings/building_2/0005011/reference/0005011_080.jpg
building_2,0005011,reference,dataset_splits/10_buildings/building_2/0005011/reference/0005011_082.jpg
building_2,0005011,reference,dataset_splits/10_buildings/building_2/0005011/reference/0005011_098.jpg
building_2,0005011,reference,dataset_splits/10_buildings/building_2/0005011/reference/0005011_100.jpg
building_2,0005011,reference,dataset_splits/10_buildings/building_2/0005011/reference/0005011_107.jpg
building_2,0005011,reference,dataset_splits/10_buildings/building_2/0005011/reference/0005011_113.jpg
building_2,0005011,reference,dataset_splits/10_buildings/building_2/0005011/reference/0005011_140.jpg
building_2,0005011,reference,dataset_splits/10_buildings/building_2/0005011/reference/0005011_142.jpg
building_2,0005011,reference,dataset_splits/10_buildings/building_2/0005011/reference/0005011_148.jpg
building_2,0005011,reference,dataset_splits/10_buildings/building_2/0005011/reference/0005011_149.jpg
building_2,0005011,test,dataset_splits/10_buildings/building_2/0005011/test/0005011_014.jpg
building_2,0005011,test,dataset_splits/10_buildings/building_2/0005011/test/0005011_027.jpg
building_2,0005011,test,dataset_splits/10_buildings/building_2/0005011/test/0005011_036.jpg
building_2,0005011,test,dataset_splits/10_buildings/building_2/0005011/test/0005011_041.jpg
building_2,0005011,test,dataset_splits/10_buildings/building_2/0005011/test/0005011_046.jpg
building_2,0005011,test,dataset_splits/10_buildings/building_2/0005011/test/0005011_048.jpg
building_2,0005011,test,dataset_splits/10_buildings/building_2/0005011/test/0005011_061.jpg
building_2,0005011,test,dataset_splits/10_buildings/building_2/0005011/test/0005011_066.jpg
building_2,0005011,test,dataset_splits/10_buildings/building_2/0005011/test/0005011_069.jpg
building_2,0005011,test,dataset_splits/10_buildings/building_2/0005011/test/0005011_070.jpg
building_2,0005011,test,dataset_splits/10_buildings/building_2/0005011/test/0005011_071.jpg
building_2,0005011,test,dataset_splits/10_buildings/building_2/0005011/test/0005011_078.jpg
building_2,0005011,test,dataset_splits/10_buildings/building_2/0005011/test/0005011_089.jpg
building_2,0005011,test,dataset_splits/10_buildings/building_2/0005011/test/0005011_097.jpg
building_2,0005011,test,dataset_splits/10_buildings/building_2/0005011/test/0005011_105.jpg
building_2,0005011,test,dataset_splits/10_buildings/building_2/0005011/test/0005011_108.jpg
building_2,0005011,test,dataset_splits/10_buildings/building_2/0005011/test/0005011_119.jpg
building_2,0005011,test,dataset_splits/10_buildings/building_2/0005011/test/0005011_134.jpg
building_2,0005011,test,dataset_splits/10_buildings/building_2/0005011/test/0005011_137.jpg
building_2,0005011,test,dataset_splits/10_buildings/building_2/0005011/test/0005011_152.jpg
building_2,0005023,reference,dataset_splits/10_buildings/building_2/0005023/reference/0005023_007.jpg
building_2,0005023,reference,dataset_splits/10_buildings/building_2/0005023/reference/0005023_012.jpg
building_2,0005023,reference,dataset_splits/10_buildings/building_2/0005023/reference/0005023_014.jpg
building_2,0005023,reference,dataset_splits/10_buildings/building_2/0005023/reference/0005023_017.jpg
building_2,0005023,reference,dataset_splits/10_buildings/building_2/0005023/reference/0005023_021.jpg
building_2,0005023,reference,dataset_splits/10_buildings/building_2/0005023/reference/0005023_037.jpg
building_2,0005023,reference,dataset_splits/10_buildings/building_2/0005023/reference/0005023_040.jpg
building_2,0005023,reference,dataset_splits/10_buildings/building_2/0005023/reference/0005023_052.jpg
building_2,0005023,reference,dataset_splits/10_buildings/building_2/0005023/reference/0005023_060.jpg
building_2,0005023,reference,dataset_splits/10_buildings/building_2/0005023/reference/0005023_076.jpg
building_2,0005023,reference,dataset_splits/10_buildings/building_2/0005023/reference/0005023_082.jpg
building_2,0005023,reference,dataset_splits/10_buildings/building_2/0005023/reference/0005023_091.jpg
building_2,0005023,reference,dataset_splits/10_buildings/building_2/0005023/reference/0005023_095.jpg
building_2,0005023,reference,dataset_splits/10_buildings/building_2/0005023/reference/0005023_106.jpg
building_2,0005023,reference,dataset_splits/10_buildings/building_2/0005023/reference/0005023_110.jpg
building_2,0005023,reference,dataset_splits/10_buildings/building_2/0005023/reference/0005023_113.jpg
building_2,0005023,reference,dataset_splits/10_buildings/building_2/0005023/reference/0005023_121.jpg
building_2,0005023,reference,dataset_splits/10_buildings/building_2/0005023/reference/0005023_126.jpg
building_2,0005023,reference,dataset_splits/10_buildings/building_2/0005023/reference/0005023_127.jpg
building_2,0005023,reference,dataset_splits/10_buildings/building_2/0005023/reference/0005023_149.jpg
building_2,0005023,test,dataset_splits/10_buildings/building_2/0005023/test/0005023_004.jpg
building_2,0005023,test,dataset_splits/10_buildings/building_2/0005023/test/0005023_011.jpg
building_2,0005023,test,dataset_splits/10_buildings/building_2/0005023/test/0005023_022.jpg
building_2,0005023,test,dataset_splits/10_buildings/building_2/0005023/test/0005023_033.jpg
building_2,0005023,test,dataset_splits/10_buildings/building_2/0005023/test/0005023_034.jpg
building_2,0005023,test,dataset_splits/10_buildings/building_2/0005023/test/0005023_036.jpg
building_2,0005023,test,dataset_splits/10_buildings/building_2/0005023/test/0005023_045.jpg
building_2,0005023,test,dataset_splits/10_buildings/building_2/0005023/test/0005023_062.jpg
building_2,0005023,test,dataset_splits/10_buildings/building_2/0005023/test/0005023_065.jpg
building_2,0005023,test,dataset_splits/10_buildings/building_2/0005023/test/0005023_066.jpg
building_2,0005023,test,dataset_splits/10_buildings/building_2/0005023/test/0005023_069.jpg
building_2,0005023,test,dataset_splits/10_buildings/building_2/0005023/test/0005023_075.jpg
building_2,0005023,test,dataset_splits/10_buildings/building_2/0005023/test/0005023_089.jpg
building_2,0005023,test,dataset_splits/10_buildings/building_2/0005023/test/0005023_092.jpg
building_2,0005023,test,dataset_splits/10_buildings/building_2/0005023/test/0005023_136.jpg
building_2,0005023,test,dataset_splits/10_buildings/building_2/0005023/test/0005023_140.jpg
building_2,0005023,test,dataset_splits/10_buildings/building_2/0005023/test/0005023_146.jpg
building_2,0005023,test,dataset_splits/10_buildings/building_2/0005023/test/0005023_153.jpg
building_2,0005023,test,dataset_splits/10_buildings/building_2/0005023/test/0005023_156.jpg
building_2,0005023,test,dataset_splits/10_buildings/building_2/0005023/test/0005023_162.jpg
building_2,0005046,reference,dataset_splits/10_buildings/building_2/0005046/reference/0005046_001.jpg
building_2,0005046,reference,dataset_splits/10_buildings/building_2/0005046/reference/0005046_003.jpg
building_2,0005046,reference,dataset_splits/10_buildings/building_2/0005046/reference/0005046_004.jpg
building_2,0005046,reference,dataset_splits/10_buildings/building_2/0005046/reference/0005046_006.jpg
building_2,0005046,reference,dataset_splits/10_buildings/building_2/0005046/reference/0005046_009.jpg
building_2,0005046,reference,dataset_splits/10_buildings/building_2/0005046/reference/0005046_015.jpg
building_2,0005046,reference,dataset_splits/10_buildings/building_2/0005046/reference/0005046_019.jpg
building_2,0005046,reference,dataset_splits/10_buildings/building_2/0005046/reference/0005046_021.jpg
building_2,0005046,reference,dataset_splits/10_buildings/building_2/0005046/reference/0005046_022.jpg
building_2,0005046,reference,dataset_splits/10_buildings/building_2/0005046/reference/0005046_024.jpg
building_2,0005046,reference,dataset_splits/10_buildings/building_2/0005046/reference/0005046_026.jpg
building_2,0005046,reference,dataset_splits/10_buildings/building_2/0005046/reference/0005046_027.jpg
building_2,0005046,reference,dataset_splits/10_buildings/building_2/0005046/reference/0005046_028.jpg
building_2,0005046,reference,dataset_splits/10_buildings/building_2/0005046/reference/0005046_030.jpg
building_2,0005046,reference,dataset_splits/10_buildings/building_2/0005046/reference/0005046_036.jpg
building_2,0005046,reference,dataset_splits/10_buildings/building_2/0005046/reference/0005046_038.jpg
building_2,0005046,reference,dataset_splits/10_buildings/building_2/0005046/reference/0005046_039.jpg
building_2,0005046,reference,dataset_splits/10_buildings/building_2/0005046/reference/0005046_041.jpg
building_2,0005046,reference,dataset_splits/10_buildings/building_2/0005046/reference/0005046_046.jpg
building_2,0005046,reference,dataset_splits/10_buildings/building_2/0005046/reference/0005046_050.jpg
building_2,0005046,test,dataset_splits/10_buildings/building_2/0005046/test/0005046_002.jpg
building_2,0005046,test,dataset_splits/10_buildings/building_2/0005046/test/0005046_005.jpg
building_2,0005046,test,dataset_splits/10_buildings/building_2/0005046/test/0005046_007.jpg
building_2,0005046,test,dataset_splits/10_buildings/building_2/0005046/test/0005046_008.jpg
building_2,0005046,test,dataset_splits/10_buildings/building_2/0005046/test/0005046_010.jpg
building_2,0005046,test,dataset_splits/10_buildings/building_2/0005046/test/0005046_011.jpg
building_2,0005046,test,dataset_splits/10_buildings/building_2/0005046/test/0005046_013.jpg
building_2,0005046,test,dataset_splits/10_buildings/building_2/0005046/test/0005046_014.jpg
building_2,0005046,test,dataset_splits/10_buildings/building_2/0005046/test/0005046_016.jpg
building_2,0005046,test,dataset_splits/10_buildings/building_2/0005046/test/0005046_018.jpg
building_2,0005046,test,dataset_splits/10_buildings/building_2/0005046/test/0005046_023.jpg
building_2,0005046,test,dataset_splits/10_buildings/building_2/0005046/test/0005046_031.jpg
building_2,0005046,test,dataset_splits/10_buildings/building_2/0005046/test/0005046_033.jpg
building_2,0005046,test,dataset_splits/10_buildings/building_2/0005046/test/0005046_040.jpg
building_2,0005046,test,dataset_splits/10_buildings/building_2/0005046/test/0005046_043.jpg
building_2,0005046,test,dataset_splits/10_buildings/building_2/0005046/test/0005046_044.jpg
building_2,0005046,test,dataset_splits/10_buildings/building_2/0005046/test/0005046_047.jpg
building_2,0005046,test,dataset_splits/10_buildings/building_2/0005046/test/0005046_048.jpg
building_2,0005046,test,dataset_splits/10_buildings/building_2/0005046/test/0005046_049.jpg
building_2,0005046,test,dataset_splits/10_buildings/building_2/0005046/test/0005046_051.jpg
building_2,0005114,reference,dataset_splits/10_buildings/building_2/0005114/reference/0005114_009.jpg
building_2,0005114,reference,dataset_splits/10_buildings/building_2/0005114/reference/0005114_018.jpg
building_2,0005114,reference,dataset_splits/10_buildings/building_2/0005114/reference/0005114_030.jpg
building_2,0005114,reference,dataset_splits/10_buildings/building_2/0005114/reference/0005114_041.jpg
building_2,0005114,reference,dataset_splits/10_buildings/building_2/0005114/reference/0005114_053.jpg
building_2,0005114,reference,dataset_splits/10_buildings/building_2/0005114/reference/0005114_056.jpg
building_2,0005114,reference,dataset_splits/10_buildings/building_2/0005114/reference/0005114_057.jpg
building_2,0005114,reference,dataset_splits/10_buildings/building_2/0005114/reference/0005114_062.jpg
building_2,0005114,reference,dataset_splits/10_buildings/building_2/0005114/reference/0005114_078.jpg
building_2,0005114,reference,dataset_splits/10_buildings/building_2/0005114/reference/0005114_084.jpg
building_2,0005114,reference,dataset_splits/10_buildings/building_2/0005114/reference/0005114_097.jpg
building_2,0005114,reference,dataset_splits/10_buildings/building_2/0005114/reference/0005114_099.jpg
building_2,0005114,reference,dataset_splits/10_buildings/building_2/0005114/reference/0005114_100.jpg
building_2,0005114,reference,dataset_splits/10_buildings/building_2/0005114/reference/0005114_101.jpg
building_2,0005114,reference,dataset_splits/10_buildings/building_2/0005114/reference/0005114_120.jpg
building_2,0005114,reference,dataset_splits/10_buildings/building_2/0005114/reference/0005114_126.jpg
building_2,0005114,reference,dataset_splits/10_buildings/building_2/0005114/reference/0005114_135.jpg
building_2,0005114,reference,dataset_splits/10_buildings/building_2/0005114/reference/0005114_137.jpg
building_2,0005114,reference,dataset_splits/10_buildings/building_2/0005114/reference/0005114_141.jpg
building_2,0005114,reference,dataset_splits/10_buildings/building_2/0005114/reference/0005114_154.jpg
building_2,0005114,test,dataset_splits/10_buildings/building_2/0005114/test/0005114_005.jpg
building_2,0005114,test,dataset_splits/10_buildings/building_2/0005114/test/0005114_011.jpg
building_2,0005114,test,dataset_splits/10_buildings/building_2/0005114/test/0005114_015.jpg
building_2,0005114,test,dataset_splits/10_buildings/building_2/0005114/test/0005114_028.jpg
building_2,0005114,test,dataset_splits/10_buildings/building_2/0005114/test/0005114_036.jpg
building_2,0005114,test,dataset_splits/10_buildings/building_2/0005114/test/0005114_048.jpg
building_2,0005114,test,dataset_splits/10_buildings/building_2/0005114/test/0005114_049.jpg
building_2,0005114,test,dataset_splits/10_buildings/building_2/0005114/test/0005114_050.jpg
building_2,0005114,test,dataset_splits/10_buildings/building_2/0005114/test/0005114_054.jpg
building_2,0005114,test,dataset_splits/10_buildings/building_2/0005114/test/0005114_059.jpg
building_2,0005114,test,dataset_splits/10_buildings/building_2/0005114/test/0005114_060.jpg
building_2,0005114,test,dataset_splits/10_buildings/building_2/0005114/test/0005114_064.jpg
building_2,0005114,test,dataset_splits/10_buildings/building_2/0005114/test/0005114_073.jpg
building_2,0005114,test,dataset_splits/10_buildings/building_2/0005114/test/0005114_088.jpg
building_2,0005114,test,dataset_splits/10_buildings/building_2/0005114/test/0005114_104.jpg
building_2,0005114,test,dataset_splits/10_buildings/building_2/0005114/test/0005114_115.jpg
building_2,0005114,test,dataset_splits/10_buildings/building_2/0005114/test/0005114_117.jpg
building_2,0005114,test,dataset_splits/10_buildings/building_2/0005114/test/0005114_125.jpg
building_2,0005114,test,dataset_splits/10_buildings/building_2/0005114/test/0005114_136.jpg
building_2,0005114,test,dataset_splits/10_buildings/building_2/0005114/test/0005114_147.jpg
building_2,0005195,reference,dataset_splits/10_buildings/building_2/0005195/reference/0005195_003.jpg
building_2,0005195,reference,dataset_splits/10_buildings/building_2/0005195/reference/0005195_005.jpg
building_2,0005195,reference,dataset_splits/10_buildings/building_2/0005195/reference/0005195_010.jpg
building_2,0005195,reference,dataset_splits/10_buildings/building_2/0005195/reference/0005195_011.jpg
building_2,0005195,reference,dataset_splits/10_buildings/building_2/0005195/reference/0005195_016.jpg
building_2,0005195,reference,dataset_splits/10_buildings/building_2/0005195/reference/0005195_019.jpg
building_2,0005195,reference,dataset_splits/10_buildings/building_2/0005195/reference/0005195_023.jpg
building_2,0005195,reference,dataset_splits/10_buildings/building_2/0005195/reference/0005195_025.jpg
building_2,0005195,reference,dataset_splits/10_buildings/building_2/0005195/reference/0005195_026.jpg
building_2,0005195,reference,dataset_splits/10_buildings/building_2/0005195/reference/0005195_032.jpg
building_2,0005195,reference,dataset_splits/10_buildings/building_2/0005195/reference/0005195_033.jpg
building_2,0005195,reference,dataset_splits/10_buildings/building_2/0005195/reference/0005195_034.jpg
building_2,0005195,reference,dataset_splits/10_buildings/building_2/0005195/reference/0005195_038.jpg
building_2,0005195,reference,dataset_splits/10_buildings/building_2/0005195/reference/0005195_042.jpg
building_2,0005195,reference,dataset_splits/10_buildings/building_2/0005195/reference/0005195_047.jpg
building_2,0005195,reference,dataset_splits/10_buildings/building_2/0005195/reference/0005195_050.jpg
building_2,0005195,reference,dataset_splits/10_buildings/building_2/0005195/reference/0005195_051.jpg
building_2,0005195,reference,dataset_splits/10_buildings/building_2/0005195/reference/0005195_053.jpg
building_2,0005195,reference,dataset_splits/10_buildings/building_2/0005195/reference/0005195_056.jpg
building_2,0005195,reference,dataset_splits/10_buildings/building_2/0005195/reference/0005195_063.jpg
building_2,0005195,test,dataset_splits/10_buildings/building_2/0005195/test/0005195_001.jpg
building_2,0005195,test,dataset_splits/10_buildings/building_2/0005195/test/0005195_002.jpg
building_2,0005195,test,dataset_splits/10_buildings/building_2/0005195/test/0005195_012.jpg
building_2,0005195,test,dataset_splits/10_buildings/building_2/0005195/test/0005195_014.jpg
building_2,0005195,test,dataset_splits/10_buildings/building_2/0005195/test/0005195_015.jpg
building_2,0005195,test,dataset_splits/10_buildings/building_2/0005195/test/0005195_020.jpg
building_2,0005195,test,dataset_splits/10_buildings/building_2/0005195/test/0005195_028.jpg
building_2,0005195,test,dataset_splits/10_buildings/building_2/0005195/test/0005195_031.jpg
building_2,0005195,test,dataset_splits/10_buildings/building_2/0005195/test/0005195_035.jpg
building_2,0005195,test,dataset_splits/10_buildings/building_2/0005195/test/0005195_037.jpg
building_2,0005195,test,dataset_splits/10_buildings/building_2/0005195/test/0005195_039.jpg
building_2,0005195,test,dataset_splits/10_buildings/building_2/0005195/test/0005195_043.jpg
building_2,0005195,test,dataset_splits/10_buildings/building_2/0005195/test/0005195_046.jpg
building_2,0005195,test,dataset_splits/10_buildings/building_2/0005195/test/0005195_048.jpg
building_2,0005195,test,dataset_splits/10_buildings/building_2/0005195/test/0005195_057.jpg
building_2,0005195,test,dataset_splits/10_buildings/building_2/0005195/test/0005195_060.jpg
building_2,0005195,test,dataset_splits/10_buildings/building_2/0005195/test/0005195_061.jpg
building_2,0005195,test,dataset_splits/10_buildings/building_2/0005195/test/0005195_062.jpg
building_2,0005195,test,dataset_splits/10_buildings/building_2/0005195/test/0005195_064.jpg
building_2,0005195,test,dataset_splits/10_buildings/building_2/0005195/test/0005195_065.jpg
building_2,0005216,reference,dataset_splits/10_buildings/building_2/0005216/reference/0005216_001.jpg
building_2,0005216,reference,dataset_splits/10_buildings/building_2/0005216/reference/0005216_005.jpg
building_2,0005216,reference,dataset_splits/10_buildings/building_2/0005216/reference/0005216_006.jpg
building_2,0005216,reference,dataset_splits/10_buildings/building_2/0005216/reference/0005216_007.jpg
building_2,0005216,reference,dataset_splits/10_buildings/building_2/0005216/reference/0005216_010.jpg
building_2,0005216,reference,dataset_splits/10_buildings/building_2/0005216/reference/0005216_013.jpg
building_2,0005216,reference,dataset_splits/10_buildings/building_2/0005216/reference/0005216_016.jpg
building_2,0005216,reference,dataset_splits/10_buildings/building_2/0005216/reference/0005216_017.jpg
building_2,0005216,reference,dataset_splits/10_buildings/building_2/0005216/reference/0005216_020.jpg
building_2,0005216,reference,dataset_splits/10_buildings/building_2/0005216/reference/0005216_021.jpg
building_2,0005216,reference,dataset_splits/10_buildings/building_2/0005216/reference/0005216_031.jpg
building_2,0005216,reference,dataset_splits/10_buildings/building_2/0005216/reference/0005216_033.jpg
building_2,0005216,reference,dataset_splits/10_buildings/building_2/0005216/reference/0005216_034.jpg
building_2,0005216,reference,dataset_splits/10_buildings/building_2/0005216/reference/0005216_037.jpg
building_2,0005216,reference,dataset_splits/10_buildings/building_2/0005216/reference/0005216_041.jpg
building_2,0005216,reference,dataset_splits/10_buildings/building_2/0005216/reference/0005216_053.jpg
building_2,0005216,reference,dataset_splits/10_buildings/building_2/0005216/reference/0005216_057.jpg
building_2,0005216,reference,dataset_splits/10_buildings/building_2/0005216/reference/0005216_059.jpg
building_2,0005216,reference,dataset_splits/10_buildings/building_2/0005216/reference/0005216_062.jpg
building_2,0005216,reference,dataset_splits/10_buildings/building_2/0005216/reference/0005216_066.jpg
building_2,0005216,test,dataset_splits/10_buildings/building_2/0005216/test/0005216_002.jpg
building_2,0005216,test,dataset_splits/10_buildings/building_2/0005216/test/0005216_003.jpg
building_2,0005216,test,dataset_splits/10_buildings/building_2/0005216/test/0005216_009.jpg
building_2,0005216,test,dataset_splits/10_buildings/building_2/0005216/test/0005216_014.jpg
building_2,0005216,test,dataset_splits/10_buildings/building_2/0005216/test/0005216_018.jpg
building_2,0005216,test,dataset_splits/10_buildings/building_2/0005216/test/0005216_022.jpg
building_2,0005216,test,dataset_splits/10_buildings/building_2/0005216/test/0005216_023.jpg
building_2,0005216,test,dataset_splits/10_buildings/building_2/0005216/test/0005216_027.jpg
building_2,0005216,test,dataset_splits/10_buildings/building_2/0005216/test/0005216_035.jpg
building_2,0005216,test,dataset_splits/10_buildings/building_2/0005216/test/0005216_039.jpg
building_2,0005216,test,dataset_splits/10_buildings/building_2/0005216/test/0005216_040.jpg
building_2,0005216,test,dataset_splits/10_buildings/building_2/0005216/test/0005216_042.jpg
building_2,0005216,test,dataset_splits/10_buildings/building_2/0005216/test/0005216_045.jpg
building_2,0005216,test,dataset_splits/10_buildings/building_2/0005216/test/0005216_046.jpg
building_2,0005216,test,dataset_splits/10_buildings/building_2/0005216/test/0005216_047.jpg
building_2,0005216,test,dataset_splits/10_buildings/building_2/0005216/test/0005216_048.jpg
building_2,0005216,test,dataset_splits/10_buildings/building_2/0005216/test/0005216_054.jpg
building_2,0005216,test,dataset_splits/10_buildings/building_2/0005216/test/0005216_055.jpg
building_2,0005216,test,dataset_splits/10_buildings/building_2/0005216/test/0005216_061.jpg
building_2,0005216,test,dataset_splits/10_buildings/building_2/0005216/test/0005216_065.jpg
building_2,0005264,reference,dataset_splits/10_buildings/building_2/0005264/reference/0005264_009.jpg
building_2,0005264,reference,dataset_splits/10_buildings/building_2/0005264/reference/0005264_011.jpg
building_2,0005264,reference,dataset_splits/10_buildings/building_2/0005264/reference/0005264_024.jpg
building_2,0005264,reference,dataset_splits/10_buildings/building_2/0005264/reference/0005264_025.jpg
building_2,0005264,reference,dataset_splits/10_buildings/building_2/0005264/reference/0005264_027.jpg
building_2,0005264,reference,dataset_splits/10_buildings/building_2/0005264/reference/0005264_034.jpg
building_2,0005264,reference,dataset_splits/10_buildings/building_2/0005264/reference/0005264_037.jpg
building_2,0005264,reference,dataset_splits/10_buildings/building_2/0005264/reference/0005264_041.jpg
building_2,0005264,reference,dataset_splits/10_buildings/building_2/0005264/reference/0005264_046.jpg
building_2,0005264,reference,dataset_splits/10_buildings/building_2/0005264/reference/0005264_047.jpg
building_2,0005264,reference,dataset_splits/10_buildings/building_2/0005264/reference/0005264_051.jpg
building_2,0005264,reference,dataset_splits/10_buildings/building_2/0005264/reference/0005264_058.jpg
building_2,0005264,reference,dataset_splits/10_buildings/building_2/0005264/reference/0005264_061.jpg
building_2,0005264,reference,dataset_splits/10_buildings/building_2/0005264/reference/0005264_071.jpg
building_2,0005264,reference,dataset_splits/10_buildings/building_2/0005264/reference/0005264_072.jpg
building_2,0005264,reference,dataset_splits/10_buildings/building_2/0005264/reference/0005264_075.jpg
building_2,0005264,reference,dataset_splits/10_buildings/building_2/0005264/reference/0005264_079.jpg
building_2,0005264,reference,dataset_splits/10_buildings/building_2/0005264/reference/0005264_080.jpg
building_2,0005264,reference,dataset_splits/10_buildings/building_2/0005264/reference/0005264_086.jpg
building_2,0005264,reference,dataset_splits/10_buildings/building_2/0005264/reference/0005264_087.jpg
building_2,0005264,test,dataset_splits/10_buildings/building_2/0005264/test/0005264_004.jpg
building_2,0005264,test,dataset_splits/10_buildings/building_2/0005264/test/0005264_005.jpg
building_2,0005264,test,dataset_splits/10_buildings/building_2/0005264/test/0005264_007.jpg
building_2,0005264,test,dataset_splits/10_buildings/building_2/0005264/test/0005264_008.jpg
building_2,0005264,test,dataset_splits/10_buildings/building_2/0005264/test/0005264_017.jpg
building_2,0005264,test,dataset_splits/10_buildings/building_2/0005264/test/0005264_022.jpg
building_2,0005264,test,dataset_splits/10_buildings/building_2/0005264/test/0005264_030.jpg
building_2,0005264,test,dataset_splits/10_buildings/building_2/0005264/test/0005264_031.jpg
building_2,0005264,test,dataset_splits/10_buildings/building_2/0005264/test/0005264_033.jpg
building_2,0005264,test,dataset_splits/10_buildings/building_2/0005264/test/0005264_038.jpg
building_2,0005264,test,dataset_splits/10_buildings/building_2/0005264/test/0005264_039.jpg
building_2,0005264,test,dataset_splits/10_buildings/building_2/0005264/test/0005264_040.jpg
building_2,0005264,test,dataset_splits/10_buildings/building_2/0005264/test/0005264_043.jpg
building_2,0005264,test,dataset_splits/10_buildings/building_2/0005264/test/0005264_057.jpg
building_2,0005264,test,dataset_splits/10_buildings/building_2/0005264/test/0005264_060.jpg
building_2,0005264,test,dataset_splits/10_buildings/building_2/0005264/test/0005264_069.jpg
building_2,0005264,test,dataset_splits/10_buildings/building_2/0005264/test/0005264_077.jpg
building_2,0005264,test,dataset_splits/10_buildings/building_2/0005264/test/0005264_082.jpg
building_2,0005264,test,dataset_splits/10_buildings/building_2/0005264/test/0005264_084.jpg
building_2,0005264,test,dataset_splits/10_buildings/building_2/0005264/test/0005264_089.jpg
building_2,0005272,reference,dataset_splits/10_buildings/building_2/0005272/reference/0005272_001.jpg
building_2,0005272,reference,dataset_splits/10_buildings/building_2/0005272/reference/0005272_005.jpg
building_2,0005272,reference,dataset_splits/10_buildings/building_2/0005272/reference/0005272_010.jpg
building_2,0005272,reference,dataset_splits/10_buildings/building_2/0005272/reference/0005272_011.jpg
building_2,0005272,reference,dataset_splits/10_buildings/building_2/0005272/reference/0005272_014.jpg
building_2,0005272,reference,dataset_splits/10_buildings/building_2/0005272/reference/0005272_018.jpg
building_2,0005272,reference,dataset_splits/10_buildings/building_2/0005272/reference/0005272_028.jpg
building_2,0005272,reference,dataset_splits/10_buildings/building_2/0005272/reference/0005272_029.jpg
building_2,0005272,reference,dataset_splits/10_buildings/building_2/0005272/reference/0005272_030.jpg
building_2,0005272,reference,dataset_splits/10_buildings/building_2/0005272/reference/0005272_032.jpg
building_2,0005272,reference,dataset_splits/10_buildings/building_2/0005272/reference/0005272_036.jpg
building_2,0005272,reference,dataset_splits/10_buildings/building_2/0005272/reference/0005272_037.jpg
building_2,0005272,reference,dataset_splits/10_buildings/building_2/0005272/reference/0005272_038.jpg
building_2,0005272,reference,dataset_splits/10_buildings/building_2/0005272/reference/0005272_042.jpg
building_2,0005272,reference,dataset_splits/10_buildings/building_2/0005272/reference/0005272_050.jpg
building_2,0005272,reference,dataset_splits/10_buildings/building_2/0005272/reference/0005272_053.jpg
building_2,0005272,reference,dataset_splits/10_buildings/building_2/0005272/reference/0005272_055.jpg
building_2,0005272,reference,dataset_splits/10_buildings/building_2/0005272/reference/0005272_064.jpg
building_2,0005272,reference,dataset_splits/10_buildings/building_2/0005272/reference/0005272_071.jpg
building_2,0005272,reference,dataset_splits/10_buildings/building_2/0005272/reference/0005272_072.jpg
building_2,0005272,test,dataset_splits/10_buildings/building_2/0005272/test/0005272_004.jpg
building_2,0005272,test,dataset_splits/10_buildings/building_2/0005272/test/0005272_006.jpg
building_2,0005272,test,dataset_splits/10_buildings/building_2/0005272/test/0005272_013.jpg
building_2,0005272,test,dataset_splits/10_buildings/building_2/0005272/test/0005272_015.jpg
building_2,0005272,test,dataset_splits/10_buildings/building_2/0005272/test/0005272_016.jpg
building_2,0005272,test,dataset_splits/10_buildings/building_2/0005272/test/0005272_017.jpg
building_2,0005272,test,dataset_splits/10_buildings/building_2/0005272/test/0005272_022.jpg
building_2,0005272,test,dataset_splits/10_buildings/building_2/0005272/test/0005272_023.jpg
building_2,0005272,test,dataset_splits/10_buildings/building_2/0005272/test/0005272_026.jpg
building_2,0005272,test,dataset_splits/10_buildings/building_2/0005272/test/0005272_027.jpg
building_2,0005272,test,dataset_splits/10_buildings/building_2/0005272/test/0005272_033.jpg
building_2,0005272,test,dataset_splits/10_buildings/building_2/0005272/test/0005272_035.jpg
building_2,0005272,test,dataset_splits/10_buildings/building_2/0005272/test/0005272_040.jpg
building_2,0005272,test,dataset_splits/10_buildings/building_2/0005272/test/0005272_045.jpg
building_2,0005272,test,dataset_splits/10_buildings/building_2/0005272/test/0005272_046.jpg
building_2,0005272,test,dataset_splits/10_buildings/building_2/0005272/test/0005272_056.jpg
building_2,0005272,test,dataset_splits/10_buildings/building_2/0005272/test/0005272_059.jpg
building_2,0005272,test,dataset_splits/10_buildings/building_2/0005272/test/0005272_063.jpg
building_2,0005272,test,dataset_splits/10_buildings/building_2/0005272/test/0005272_067.jpg
building_2,0005272,test,dataset_splits/10_buildings/building_2/0005272/test/0005272_068.jpg
building_2,0005275,reference,dataset_splits/10_buildings/building_2/0005275/reference/0005275_012.jpg
building_2,0005275,reference,dataset_splits/10_buildings/building_2/0005275/reference/0005275_014.jpg
building_2,0005275,reference,dataset_splits/10_buildings/building_2/0005275/reference/0005275_017.jpg
building_2,0005275,reference,dataset_splits/10_buildings/building_2/0005275/reference/0005275_020.jpg
building_2,0005275,reference,dataset_splits/10_buildings/building_2/0005275/reference/0005275_030.jpg
building_2,0005275,reference,dataset_splits/10_buildings/building_2/0005275/reference/0005275_031.jpg
building_2,0005275,reference,dataset_splits/10_buildings/building_2/0005275/reference/0005275_033.jpg
building_2,0005275,reference,dataset_splits/10_buildings/building_2/0005275/reference/0005275_041.jpg
building_2,0005275,reference,dataset_splits/10_buildings/building_2/0005275/reference/0005275_042.jpg
building_2,0005275,reference,dataset_splits/10_buildings/building_2/0005275/reference/0005275_046.jpg
building_2,0005275,reference,dataset_splits/10_buildings/building_2/0005275/reference/0005275_067.jpg
building_2,0005275,reference,dataset_splits/10_buildings/building_2/0005275/reference/0005275_083.jpg
building_2,0005275,reference,dataset_splits/10_buildings/building_2/0005275/reference/0005275_086.jpg
building_2,0005275,reference,dataset_splits/10_buildings/building_2/0005275/reference/0005275_095.jpg
building_2,0005275,reference,dataset_splits/10_buildings/building_2/0005275/reference/0005275_109.jpg
building_2,0005275,reference,dataset_splits/10_buildings/building_2/0005275/reference/0005275_114.jpg
building_2,0005275,reference,dataset_splits/10_buildings/building_2/0005275/reference/0005275_119.jpg
building_2,0005275,reference,dataset_splits/10_buildings/building_2/0005275/reference/0005275_121.jpg
building_2,0005275,reference,dataset_splits/10_buildings/building_2/0005275/reference/0005275_124.jpg
building_2,0005275,reference,dataset_splits/10_buildings/building_2/0005275/reference/0005275_132.jpg
building_2,0005275,test,dataset_splits/10_buildings/building_2/0005275/test/0005275_007.jpg
building_2,0005275,test,dataset_splits/10_buildings/building_2/0005275/test/0005275_008.jpg
building_2,0005275,test,dataset_splits/10_buildings/building_2/0005275/test/0005275_032.jpg
building_2,0005275,test,dataset_splits/10_buildings/building_2/0005275/test/0005275_047.jpg
building_2,0005275,test,dataset_splits/10_buildings/building_2/0005275/test/0005275_051.jpg
building_2,0005275,test,dataset_splits/10_buildings/building_2/0005275/test/0005275_055.jpg
building_2,0005275,test,dataset_splits/10_buildings/building_2/0005275/test/0005275_057.jpg
building_2,0005275,test,dataset_splits/10_buildings/building_2/0005275/test/0005275_058.jpg
building_2,0005275,test,dataset_splits/10_buildings/building_2/0005275/test/0005275_059.jpg
building_2,0005275,test,dataset_splits/10_buildings/building_2/0005275/test/0005275_062.jpg
building_2,0005275,test,dataset_splits/10_buildings/building_2/0005275/test/0005275_063.jpg
building_2,0005275,test,dataset_splits/10_buildings/building_2/0005275/test/0005275_070.jpg
building_2,0005275,test,dataset_splits/10_buildings/building_2/0005275/test/0005275_072.jpg
building_2,0005275,test,dataset_splits/10_buildings/building_2/0005275/test/0005275_081.jpg
building_2,0005275,test,dataset_splits/10_buildings/building_2/0005275/test/0005275_085.jpg
building_2,0005275,test,dataset_splits/10_buildings/building_2/0005275/test/0005275_089.jpg
building_2,0005275,test,dataset_splits/10_buildings/building_2/0005275/test/0005275_090.jpg
building_2,0005275,test,dataset_splits/10_buildings/building_2/0005275/test/0005275_092.jpg
building_2,0005275,test,dataset_splits/10_buildings/building_2/0005275/test/0005275_093.jpg
building_2,0005275,test,dataset_splits/10_buildings/building_2/0005275/test/0005275_118.jpg
building_2,0005311,reference,dataset_splits/10_buildings/building_2/0005311/reference/0005311_007.jpg
building_2,0005311,reference,dataset_splits/10_buildings/building_2/0005311/reference/0005311_016.jpg
building_2,0005311,reference,dataset_splits/10_buildings/building_2/0005311/reference/0005311_017.jpg
building_2,0005311,reference,dataset_splits/10_buildings/building_2/0005311/reference/0005311_044.jpg
building_2,0005311,reference,dataset_splits/10_buildings/building_2/0005311/reference/0005311_070.jpg
building_2,0005311,reference,dataset_splits/10_buildings/building_2/0005311/reference/0005311_087.jpg
building_2,0005311,reference,dataset_splits/10_buildings/building_2/0005311/reference/0005311_095.jpg
building_2,0005311,reference,dataset_splits/10_buildings/building_2/0005311/reference/0005311_103.jpg
building_2,0005311,reference,dataset_splits/10_buildings/building_2/0005311/reference/0005311_104.jpg
building_2,0005311,reference,dataset_splits/10_buildings/building_2/0005311/reference/0005311_129.jpg
building_2,0005311,reference,dataset_splits/10_buildings/building_2/0005311/reference/0005311_131.jpg
building_2,0005311,reference,dataset_splits/10_buildings/building_2/0005311/reference/0005311_132.jpg
building_2,0005311,reference,dataset_splits/10_buildings/building_2/0005311/reference/0005311_136.jpg
building_2,0005311,reference,dataset_splits/10_buildings/building_2/0005311/reference/0005311_138.jpg
building_2,0005311,reference,dataset_splits/10_buildings/building_2/0005311/reference/0005311_186.jpg
building_2,0005311,reference,dataset_splits/10_buildings/building_2/0005311/reference/0005311_198.jpg
building_2,0005311,reference,dataset_splits/10_buildings/building_2/0005311/reference/0005311_211.jpg
building_2,0005311,reference,dataset_splits/10_buildings/building_2/0005311/reference/0005311_246.jpg
building_2,0005311,reference,dataset_splits/10_buildings/building_2/0005311/reference/0005311_254.jpg
building_2,0005311,reference,dataset_splits/10_buildings/building_2/0005311/reference/0005311_260.jpg
building_2,0005311,test,dataset_splits/10_buildings/building_2/0005311/test/0005311_008.jpg
building_2,0005311,test,dataset_splits/10_buildings/building_2/0005311/test/0005311_012.jpg
building_2,0005311,test,dataset_splits/10_buildings/building_2/0005311/test/0005311_037.jpg
building_2,0005311,test,dataset_splits/10_buildings/building_2/0005311/test/0005311_050.jpg
building_2,0005311,test,dataset_splits/10_buildings/building_2/0005311/test/0005311_057.jpg
building_2,0005311,test,dataset_splits/10_buildings/building_2/0005311/test/0005311_065.jpg
building_2,0005311,test,dataset_splits/10_buildings/building_2/0005311/test/0005311_075.jpg
building_2,0005311,test,dataset_splits/10_buildings/building_2/0005311/test/0005311_079.jpg
building_2,0005311,test,dataset_splits/10_buildings/building_2/0005311/test/0005311_085.jpg
building_2,0005311,test,dataset_splits/10_buildings/building_2/0005311/test/0005311_135.jpg
building_2,0005311,test,dataset_splits/10_buildings/building_2/0005311/test/0005311_147.jpg
building_2,0005311,test,dataset_splits/10_buildings/building_2/0005311/test/0005311_167.jpg
building_2,0005311,test,dataset_splits/10_buildings/building_2/0005311/test/0005311_171.jpg
building_2,0005311,test,dataset_splits/10_buildings/building_2/0005311/test/0005311_172.jpg
building_2,0005311,test,dataset_splits/10_buildings/building_2/0005311/test/0005311_201.jpg
building_2,0005311,test,dataset_splits/10_buildings/building_2/0005311/test/0005311_224.jpg
building_2,0005311,test,dataset_splits/10_buildings/building_2/0005311/test/0005311_237.jpg
building_2,0005311,test,dataset_splits/10_buildings/building_2/0005311/test/0005311_238.jpg
building_2,0005311,test,dataset_splits/10_buildings/building_2/0005311/test/0005311_253.jpg
building_2,0005311,test,dataset_splits/10_buildings/building_2/0005311/test/0005311_264.jpg
building_2,0005313,reference,dataset_splits/10_buildings/building_2/0005313/reference/0005313_005.jpg
building_2,0005313,reference,dataset_splits/10_buildings/building_2/0005313/reference/0005313_010.jpg
building_2,0005313,reference,dataset_splits/10_buildings/building_2/0005313/reference/0005313_020.jpg
building_2,0005313,reference,dataset_splits/10_buildings/building_2/0005313/reference/0005313_029.jpg
building_2,0005313,reference,dataset_splits/10_buildings/building_2/0005313/reference/0005313_035.jpg
building_2,0005313,reference,dataset_splits/10_buildings/building_2/0005313/reference/0005313_051.jpg
building_2,0005313,reference,dataset_splits/10_buildings/building_2/0005313/reference/0005313_059.jpg
building_2,0005313,reference,dataset_splits/10_buildings/building_2/0005313/reference/0005313_074.jpg
building_2,0005313,reference,dataset_splits/10_buildings/building_2/0005313/reference/0005313_075.jpg
building_2,0005313,reference,dataset_splits/10_buildings/building_2/0005313/reference/0005313_080.jpg
building_2,0005313,reference,dataset_splits/10_buildings/building_2/0005313/reference/0005313_090.jpg
building_2,0005313,reference,dataset_splits/10_buildings/building_2/0005313/reference/0005313_091.jpg
building_2,0005313,reference,dataset_splits/10_buildings/building_2/0005313/reference/0005313_094.jpg
building_2,0005313,reference,dataset_splits/10_buildings/building_2/0005313/reference/0005313_097.jpg
building_2,0005313,reference,dataset_splits/10_buildings/building_2/0005313/reference/0005313_104.jpg
building_2,0005313,reference,dataset_splits/10_buildings/building_2/0005313/reference/0005313_108.jpg
building_2,0005313,reference,dataset_splits/10_buildings/building_2/0005313/reference/0005313_110.jpg
building_2,0005313,reference,dataset_splits/10_buildings/building_2/0005313/reference/0005313_118.jpg
building_2,0005313,reference,dataset_splits/10_buildings/building_2/0005313/reference/0005313_130.jpg
building_2,0005313,reference,dataset_splits/10_buildings/building_2/0005313/reference/0005313_138.jpg
building_2,0005313,test,dataset_splits/10_buildings/building_2/0005313/test/0005313_004.jpg
building_2,0005313,test,dataset_splits/10_buildings/building_2/0005313/test/0005313_008.jpg
building_2,0005313,test,dataset_splits/10_buildings/building_2/0005313/test/0005313_014.jpg
building_2,0005313,test,dataset_splits/10_buildings/building_2/0005313/test/0005313_016.jpg
building_2,0005313,test,dataset_splits/10_buildings/building_2/0005313/test/0005313_028.jpg
building_2,0005313,test,dataset_splits/10_buildings/building_2/0005313/test/0005313_040.jpg
building_2,0005313,test,dataset_splits/10_buildings/building_2/0005313/test/0005313_043.jpg
building_2,0005313,test,dataset_splits/10_buildings/building_2/0005313/test/0005313_048.jpg
building_2,0005313,test,dataset_splits/10_buildings/building_2/0005313/test/0005313_050.jpg
building_2,0005313,test,dataset_splits/10_buildings/building_2/0005313/test/0005313_064.jpg
building_2,0005313,test,dataset_splits/10_buildings/building_2/0005313/test/0005313_066.jpg
building_2,0005313,test,dataset_splits/10_buildings/building_2/0005313/test/0005313_079.jpg
building_2,0005313,test,dataset_splits/10_buildings/building_2/0005313/test/0005313_081.jpg
building_2,0005313,test,dataset_splits/10_buildings/building_2/0005313/test/0005313_092.jpg
building_2,0005313,test,dataset_splits/10_buildings/building_2/0005313/test/0005313_107.jpg
building_2,0005313,test,dataset_splits/10_buildings/building_2/0005313/test/0005313_109.jpg
building_2,0005313,test,dataset_splits/10_buildings/building_2/0005313/test/0005313_115.jpg
building_2,0005313,test,dataset_splits/10_buildings/building_2/0005313/test/0005313_120.jpg
building_2,0005313,test,dataset_splits/10_buildings/building_2/0005313/test/0005313_129.jpg
building_2,0005313,test,dataset_splits/10_buildings/building_2/0005313/test/0005313_136.jpg
building_2,0005339,reference,dataset_splits/10_buildings/building_2/0005339/reference/0005339_001.jpg
building_2,0005339,reference,dataset_splits/10_buildings/building_2/0005339/reference/0005339_006.jpg
building_2,0005339,reference,dataset_splits/10_buildings/building_2/0005339/reference/0005339_010.jpg
building_2,0005339,reference,dataset_splits/10_buildings/building_2/0005339/reference/0005339_012.jpg
building_2,0005339,reference,dataset_splits/10_buildings/building_2/0005339/reference/0005339_035.jpg
building_2,0005339,reference,dataset_splits/10_buildings/building_2/0005339/reference/0005339_041.jpg
building_2,0005339,reference,dataset_splits/10_buildings/building_2/0005339/reference/0005339_045.jpg
building_2,0005339,reference,dataset_splits/10_buildings/building_2/0005339/reference/0005339_050.jpg
building_2,0005339,reference,dataset_splits/10_buildings/building_2/0005339/reference/0005339_054.jpg
building_2,0005339,reference,dataset_splits/10_buildings/building_2/0005339/reference/0005339_062.jpg
building_2,0005339,reference,dataset_splits/10_buildings/building_2/0005339/reference/0005339_087.jpg
building_2,0005339,reference,dataset_splits/10_buildings/building_2/0005339/reference/0005339_099.jpg
building_2,0005339,reference,dataset_splits/10_buildings/building_2/0005339/reference/0005339_107.jpg
building_2,0005339,reference,dataset_splits/10_buildings/building_2/0005339/reference/0005339_109.jpg
building_2,0005339,reference,dataset_splits/10_buildings/building_2/0005339/reference/0005339_116.jpg
building_2,0005339,reference,dataset_splits/10_buildings/building_2/0005339/reference/0005339_118.jpg
building_2,0005339,reference,dataset_splits/10_buildings/building_2/0005339/reference/0005339_120.jpg
building_2,0005339,reference,dataset_splits/10_buildings/building_2/0005339/reference/0005339_121.jpg
building_2,0005339,reference,dataset_splits/10_buildings/building_2/0005339/reference/0005339_130.jpg
building_2,0005339,reference,dataset_splits/10_buildings/building_2/0005339/reference/0005339_132.jpg
building_2,0005339,test,dataset_splits/10_buildings/building_2/0005339/test/0005339_004.jpg
building_2,0005339,test,dataset_splits/10_buildings/building_2/0005339/test/0005339_013.jpg
building_2,0005339,test,dataset_splits/10_buildings/building_2/0005339/test/0005339_015.jpg
building_2,0005339,test,dataset_splits/10_buildings/building_2/0005339/test/0005339_031.jpg
building_2,0005339,test,dataset_splits/10_buildings/building_2/0005339/test/0005339_036.jpg
building_2,0005339,test,dataset_splits/10_buildings/building_2/0005339/test/0005339_049.jpg
building_2,0005339,test,dataset_splits/10_buildings/building_2/0005339/test/0005339_053.jpg
building_2,0005339,test,dataset_splits/10_buildings/building_2/0005339/test/0005339_057.jpg
building_2,0005339,test,dataset_splits/10_buildings/building_2/0005339/test/0005339_064.jpg
building_2,0005339,test,dataset_splits/10_buildings/building_2/0005339/test/0005339_065.jpg
building_2,0005339,test,dataset_splits/10_buildings/building_2/0005339/test/0005339_067.jpg
building_2,0005339,test,dataset_splits/10_buildings/building_2/0005339/test/0005339_071.jpg
building_2,0005339,test,dataset_splits/10_buildings/building_2/0005339/test/0005339_072.jpg
building_2,0005339,test,dataset_splits/10_buildings/building_2/0005339/test/0005339_073.jpg
building_2,0005339,test,dataset_splits/10_buildings/building_2/0005339/test/0005339_082.jpg
building_2,0005339,test,dataset_splits/10_buildings/building_2/0005339/test/0005339_088.jpg
building_2,0005339,test,dataset_splits/10_buildings/building_2/0005339/test/0005339_108.jpg
building_2,0005339,test,dataset_splits/10_buildings/building_2/0005339/test/0005339_117.jpg
building_2,0005339,test,dataset_splits/10_buildings/building_2/0005339/test/0005339_127.jpg
building_2,0005339,test,dataset_splits/10_buildings/building_2/0005339/test/0005339_138.jpg
building_2,0010736,reference,dataset_splits/10_buildings/building_2/0010736/reference/0010736_043.jpg
building_2,0010736,reference,dataset_splits/10_buildings/building_2/0010736/reference/0010736_046.jpg
building_2,0010736,reference,dataset_splits/10_buildings/building_2/0010736/reference/0010736_167.jpg
building_2,0010736,reference,dataset_splits/10_buildings/building_2/0010736/reference/0010736_185.jpg
building_2,0010736,reference,dataset_splits/10_buildings/building_2/0010736/reference/0010736_202.jpg
building_2,0010736,reference,dataset_splits/10_buildings/building_2/0010736/reference/0010736_229.jpg
building_2,0010736,reference,dataset_splits/10_buildings/building_2/0010736/reference/0010736_238.jpg
building_2,0010736,reference,dataset_splits/10_buildings/building_2/0010736/reference/0010736_255.jpg
building_2,0010736,reference,dataset_splits/10_buildings/building_2/0010736/reference/0010736_257.jpg
building_2,0010736,reference,dataset_splits/10_buildings/building_2/0010736/reference/0010736_276.jpg
building_2,0010736,reference,dataset_splits/10_buildings/building_2/0010736/reference/0010736_288.jpg
building_2,0010736,reference,dataset_splits/10_buildings/building_2/0010736/reference/0010736_305.jpg
building_2,0010736,reference,dataset_splits/10_buildings/building_2/0010736/reference/0010736_362.jpg
building_2,0010736,reference,dataset_splits/10_buildings/building_2/0010736/reference/0010736_424.jpg
building_2,0010736,reference,dataset_splits/10_buildings/building_2/0010736/reference/0010736_469.jpg
building_2,0010736,reference,dataset_splits/10_buildings/building_2/0010736/reference/0010736_483.jpg
building_2,0010736,reference,dataset_splits/10_buildings/building_2/0010736/reference/0010736_492.jpg
building_2,0010736,reference,dataset_splits/10_buildings/building_2/0010736/reference/0010736_537.jpg
building_2,0010736,reference,dataset_splits/10_buildings/building_2/0010736/reference/0010736_597.jpg
building_2,0010736,reference,dataset_splits/10_buildings/building_2/0010736/reference/0010736_628.jpg
building_2,0010736,test,dataset_splits/10_buildings/building_2/0010736/test/0010736_025.jpg
building_2,0010736,test,dataset_splits/10_buildings/building_2/0010736/test/0010736_037.jpg
building_2,0010736,test,dataset_splits/10_buildings/building_2/0010736/test/0010736_042.jpg
building_2,0010736,test,dataset_splits/10_buildings/building_2/0010736/test/0010736_044.jpg
building_2,0010736,test,dataset_splits/10_buildings/building_2/0010736/test/0010736_045.jpg
building_2,0010736,test,dataset_splits/10_buildings/building_2/0010736/test/0010736_109.jpg
building_2,0010736,test,dataset_splits/10_buildings/building_2/0010736/test/0010736_130.jpg
building_2,0010736,test,dataset_splits/10_buildings/building_2/0010736/test/0010736_217.jpg
building_2,0010736,test,dataset_splits/10_buildings/building_2/0010736/test/0010736_220.jpg
building_2,0010736,test,dataset_splits/10_buildings/building_2/0010736/test/0010736_284.jpg
building_2,0010736,test,dataset_splits/10_buildings/building_2/0010736/test/0010736_365.jpg
building_2,0010736,test,dataset_splits/10_buildings/building_2/0010736/test/0010736_372.jpg
building_2,0010736,test,dataset_splits/10_buildings/building_2/0010736/test/0010736_409.jpg
building_2,0010736,test,dataset_splits/10_buildings/building_2/0010736/test/0010736_442.jpg
building_2,0010736,test,dataset_splits/10_buildings/building_2/0010736/test/0010736_456.jpg
building_2,0010736,test,dataset_splits/10_buildings/building_2/0010736/test/0010736_462.jpg
building_2,0010736,test,dataset_splits/10_buildings/building_2/0010736/test/0010736_479.jpg
building_2,0010736,test,dataset_splits/10_buildings/building_2/0010736/test/0010736_564.jpg
building_2,0010736,test,dataset_splits/10_buildings/building_2/0010736/test/0010736_565.jpg
building_2,0010736,test,dataset_splits/10_buildings/building_2/0010736/test/0010736_571.jpg
