building,occupant_id,split,image_path
building_5,0000102,reference,dataset_splits/10_buildings/building_5/0000102/reference/0000102_051.jpg
building_5,0000102,reference,dataset_splits/10_buildings/building_5/0000102/reference/0000102_058.jpg
building_5,0000102,reference,dataset_splits/10_buildings/building_5/0000102/reference/0000102_061.jpg
building_5,0000102,reference,dataset_splits/10_buildings/building_5/0000102/reference/0000102_087.jpg
building_5,0000102,reference,dataset_splits/10_buildings/building_5/0000102/reference/0000102_105.jpg
building_5,0000102,reference,dataset_splits/10_buildings/building_5/0000102/reference/0000102_108.jpg
building_5,0000102,reference,dataset_splits/10_buildings/building_5/0000102/reference/0000102_114.jpg
building_5,0000102,reference,dataset_splits/10_buildings/building_5/0000102/reference/0000102_121.jpg
building_5,0000102,reference,dataset_splits/10_buildings/building_5/0000102/reference/0000102_136.jpg
building_5,0000102,reference,dataset_splits/10_buildings/building_5/0000102/reference/0000102_220.jpg
building_5,0000102,reference,dataset_splits/10_buildings/building_5/0000102/reference/0000102_235.jpg
building_5,0000102,reference,dataset_splits/10_buildings/building_5/0000102/reference/0000102_283.jpg
building_5,0000102,reference,dataset_splits/10_buildings/building_5/0000102/reference/0000102_299.jpg
building_5,0000102,reference,dataset_splits/10_buildings/building_5/0000102/reference/0000102_322.jpg
building_5,0000102,reference,dataset_splits/10_buildings/building_5/0000102/reference/0000102_337.jpg
building_5,0000102,reference,dataset_splits/10_buildings/building_5/0000102/reference/0000102_371.jpg
building_5,0000102,reference,dataset_splits/10_buildings/building_5/0000102/reference/0000102_380.jpg
building_5,0000102,reference,dataset_splits/10_buildings/building_5/0000102/reference/0000102_397.jpg
building_5,0000102,reference,dataset_splits/10_buildings/building_5/0000102/reference/0000102_409.jpg
building_5,0000102,reference,dataset_splits/10_buildings/building_5/0000102/reference/0000102_412.jpg
building_5,0000102,test,dataset_splits/10_buildings/building_5/0000102/test/0000102_026.jpg
building_5,0000102,test,dataset_splits/10_buildings/building_5/0000102/test/0000102_033.jpg
building_5,0000102,test,dataset_splits/10_buildings/building_5/0000102/test/0000102_054.jpg
building_5,0000102,test,dataset_splits/10_buildings/building_5/0000102/test/0000102_062.jpg
building_5,0000102,test,dataset_splits/10_buildings/building_5/0000102/test/0000102_073.jpg
building_5,0000102,test,dataset_splits/10_buildings/building_5/0000102/test/0000102_086.jpg
building_5,0000102,test,dataset_splits/10_buildings/building_5/0000102/test/0000102_098.jpg
building_5,0000102,test,dataset_splits/10_buildings/building_5/0000102/test/0000102_146.jpg
building_5,0000102,test,dataset_splits/10_buildings/building_5/0000102/test/0000102_152.jpg
building_5,0000102,test,dataset_splits/10_buildings/building_5/0000102/test/0000102_157.jpg
building_5,0000102,test,dataset_splits/10_buildings/building_5/0000102/test/0000102_162.jpg
building_5,0000102,test,dataset_splits/10_buildings/building_5/0000102/test/0000102_233.jpg
building_5,0000102,test,dataset_splits/10_buildings/building_5/0000102/test/0000102_237.jpg
building_5,0000102,test,dataset_splits/10_buildings/building_5/0000102/test/0000102_256.jpg
building_5,0000102,test,dataset_splits/10_buildings/building_5/0000102/test/0000102_273.jpg
building_5,0000102,test,dataset_splits/10_buildings/building_5/0000102/test/0000102_288.jpg
building_5,0000102,test,dataset_splits/10_buildings/building_5/0000102/test/0000102_289.jpg
building_5,0000102,test,dataset_splits/10_buildings/building_5/0000102/test/0000102_296.jpg
building_5,0000102,test,dataset_splits/10_buildings/building_5/0000102/test/0000102_326.jpg
building_5,0000102,test,dataset_splits/10_buildings/building_5/0000102/test/0000102_393.jpg
building_5,0000168,reference,dataset_splits/10_buildings/building_5/0000168/reference/0000168_005.jpg
building_5,0000168,reference,dataset_splits/10_buildings/building_5/0000168/reference/0000168_009.jpg
building_5,0000168,reference,dataset_splits/10_buildings/building_5/0000168/reference/0000168_017.jpg
building_5,0000168,reference,dataset_splits/10_buildings/building_5/0000168/reference/0000168_021.jpg
building_5,0000168,reference,dataset_splits/10_buildings/building_5/0000168/reference/0000168_029.jpg
building_5,0000168,reference,dataset_splits/10_buildings/building_5/0000168/reference/0000168_038.jpg
building_5,0000168,reference,dataset_splits/10_buildings/building_5/0000168/reference/0000168_052.jpg
building_5,0000168,reference,dataset_splits/10_buildings/building_5/0000168/reference/0000168_055.jpg
building_5,0000168,reference,dataset_splits/10_buildings/building_5/0000168/reference/0000168_060.jpg
building_5,0000168,reference,dataset_splits/10_buildings/building_5/0000168/reference/0000168_180.jpg
building_5,0000168,reference,dataset_splits/10_buildings/building_5/0000168/reference/0000168_189.jpg
building_5,0000168,reference,dataset_splits/10_buildings/building_5/0000168/reference/0000168_223.jpg
building_5,0000168,reference,dataset_splits/10_buildings/building_5/0000168/reference/0000168_252.jpg
building_5,0000168,reference,dataset_splits/10_buildings/building_5/0000168/reference/0000168_274.jpg
building_5,0000168,reference,dataset_splits/10_buildings/building_5/0000168/reference/0000168_336.jpg
building_5,0000168,reference,dataset_splits/10_buildings/building_5/0000168/reference/0000168_352.jpg
building_5,0000168,reference,dataset_splits/10_buildings/building_5/0000168/reference/0000168_429.jpg
building_5,0000168,reference,dataset_splits/10_buildings/building_5/0000168/reference/0000168_434.jpg
building_5,0000168,reference,dataset_splits/10_buildings/building_5/0000168/reference/0000168_440.jpg
building_5,0000168,reference,dataset_splits/10_buildings/building_5/0000168/reference/0000168_452.jpg
building_5,0000168,test,dataset_splits/10_buildings/building_5/0000168/test/0000168_033.jpg
building_5,0000168,test,dataset_splits/10_buildings/building_5/0000168/test/0000168_050.jpg
building_5,0000168,test,dataset_splits/10_buildings/building_5/0000168/test/0000168_080.jpg
building_5,0000168,test,dataset_splits/10_buildings/building_5/0000168/test/0000168_102.jpg
building_5,0000168,test,dataset_splits/10_buildings/building_5/0000168/test/0000168_126.jpg
building_5,0000168,test,dataset_splits/10_buildings/building_5/0000168/test/0000168_170.jpg
building_5,0000168,test,dataset_splits/10_buildings/building_5/0000168/test/0000168_173.jpg
building_5,0000168,test,dataset_splits/10_buildings/building_5/0000168/test/0000168_201.jpg
building_5,0000168,test,dataset_splits/10_buildings/building_5/0000168/test/0000168_251.jpg
building_5,0000168,test,dataset_splits/10_buildings/building_5/0000168/test/0000168_287.jpg
building_5,0000168,test,dataset_splits/10_buildings/building_5/0000168/test/0000168_324.jpg
building_5,0000168,test,dataset_splits/10_buildings/building_5/0000168/test/0000168_341.jpg
building_5,0000168,test,dataset_splits/10_buildings/building_5/0000168/test/0000168_353.jpg
building_5,0000168,test,dataset_splits/10_buildings/building_5/0000168/test/0000168_357.jpg
building_5,0000168,test,dataset_splits/10_buildings/building_5/0000168/test/0000168_374.jpg
building_5,0000168,test,dataset_splits/10_buildings/building_5/0000168/test/0000168_416.jpg
building_5,0000168,test,dataset_splits/10_buildings/building_5/0000168/test/0000168_432.jpg
building_5,0000168,test,dataset_splits/10_buildings/building_5/0000168/test/0000168_464.jpg
building_5,0000168,test,dataset_splits/10_buildings/building_5/0000168/test/0000168_468.jpg
building_5,0000168,test,dataset_splits/10_buildings/building_5/0000168/test/0000168_483.jpg
building_5,0000192,reference,dataset_splits/10_buildings/building_5/0000192/reference/0000192_005.jpg
building_5,0000192,reference,dataset_splits/10_buildings/building_5/0000192/reference/0000192_016.jpg
building_5,0000192,reference,dataset_splits/10_buildings/building_5/0000192/reference/0000192_019.jpg
building_5,0000192,reference,dataset_splits/10_buildings/building_5/0000192/reference/0000192_052.jpg
building_5,0000192,reference,dataset_splits/10_buildings/building_5/0000192/reference/0000192_053.jpg
building_5,0000192,reference,dataset_splits/10_buildings/building_5/0000192/reference/0000192_089.jpg
building_5,0000192,reference,dataset_splits/10_buildings/building_5/0000192/reference/0000192_096.jpg
building_5,0000192,reference,dataset_splits/10_buildings/building_5/0000192/reference/0000192_097.jpg
building_5,0000192,reference,dataset_splits/10_buildings/building_5/0000192/reference/0000192_101.jpg
building_5,0000192,reference,dataset_splits/10_buildings/building_5/0000192/reference/0000192_112.jpg
building_5,0000192,reference,dataset_splits/10_buildings/building_5/0000192/reference/0000192_114.jpg
building_5,0000192,reference,dataset_splits/10_buildings/building_5/0000192/reference/0000192_120.jpg
building_5,0000192,reference,dataset_splits/10_buildings/building_5/0000192/reference/0000192_136.jpg
building_5,0000192,reference,dataset_splits/10_buildings/building_5/0000192/reference/0000192_145.jpg
building_5,0000192,reference,dataset_splits/10_buildings/building_5/0000192/reference/0000192_162.jpg
building_5,0000192,reference,dataset_splits/10_buildings/building_5/0000192/reference/0000192_164.jpg
building_5,0000192,reference,dataset_splits/10_buildings/building_5/0000192/reference/0000192_171.jpg
building_5,0000192,reference,dataset_splits/10_buildings/building_5/0000192/reference/0000192_192.jpg
building_5,0000192,reference,dataset_splits/10_buildings/building_5/0000192/reference/0000192_196.jpg
building_5,0000192,reference,dataset_splits/10_buildings/building_5/0000192/reference/0000192_197.jpg
building_5,0000192,test,dataset_splits/10_buildings/building_5/0000192/test/0000192_011.jpg
building_5,0000192,test,dataset_splits/10_buildings/building_5/0000192/test/0000192_025.jpg
building_5,0000192,test,dataset_splits/10_buildings/building_5/0000192/test/0000192_028.jpg
building_5,0000192,test,dataset_splits/10_buildings/building_5/0000192/test/0000192_055.jpg
building_5,0000192,test,dataset_splits/10_buildings/building_5/0000192/test/0000192_061.jpg
building_5,0000192,test,dataset_splits/10_buildings/building_5/0000192/test/0000192_062.jpg
building_5,0000192,test,dataset_splits/10_buildings/building_5/0000192/test/0000192_071.jpg
building_5,0000192,test,dataset_splits/10_buildings/building_5/0000192/test/0000192_074.jpg
building_5,0000192,test,dataset_splits/10_buildings/building_5/0000192/test/0000192_087.jpg
building_5,0000192,test,dataset_splits/10_buildings/building_5/0000192/test/0000192_088.jpg
building_5,0000192,test,dataset_splits/10_buildings/building_5/0000192/test/0000192_091.jpg
building_5,0000192,test,dataset_splits/10_buildings/building_5/0000192/test/0000192_104.jpg
building_5,0000192,test,dataset_splits/10_buildings/building_5/0000192/test/0000192_105.jpg
building_5,0000192,test,dataset_splits/10_buildings/building_5/0000192/test/0000192_130.jpg
building_5,0000192,test,dataset_splits/10_buildings/building_5/0000192/test/0000192_143.jpg
building_5,0000192,test,dataset_splits/10_buildings/building_5/0000192/test/0000192_146.jpg
building_5,0000192,test,dataset_splits/10_buildings/building_5/0000192/test/0000192_157.jpg
building_5,0000192,test,dataset_splits/10_buildings/building_5/0000192/test/0000192_169.jpg
building_5,0000192,test,dataset_splits/10_buildings/building_5/0000192/test/0000192_170.jpg
building_5,0000192,test,dataset_splits/10_buildings/building_5/0000192/test/0000192_179.jpg
building_5,0000208,reference,dataset_splits/10_buildings/building_5/0000208/reference/0000208_004.jpg
building_5,0000208,reference,dataset_splits/10_buildings/building_5/0000208/reference/0000208_005.jpg
building_5,0000208,reference,dataset_splits/10_buildings/building_5/0000208/reference/0000208_011.jpg
building_5,0000208,reference,dataset_splits/10_buildings/building_5/0000208/reference/0000208_014.jpg
building_5,0000208,reference,dataset_splits/10_buildings/building_5/0000208/reference/0000208_017.jpg
building_5,0000208,reference,dataset_splits/10_buildings/building_5/0000208/reference/0000208_019.jpg
building_5,0000208,reference,dataset_splits/10_buildings/building_5/0000208/reference/0000208_020.jpg
building_5,0000208,reference,dataset_splits/10_buildings/building_5/0000208/reference/0000208_026.jpg
building_5,0000208,reference,dataset_splits/10_buildings/building_5/0000208/reference/0000208_031.jpg
building_5,0000208,reference,dataset_splits/10_buildings/building_5/0000208/reference/0000208_032.jpg
building_5,0000208,reference,dataset_splits/10_buildings/building_5/0000208/reference/0000208_037.jpg
building_5,0000208,reference,dataset_splits/10_buildings/building_5/0000208/reference/0000208_042.jpg
building_5,0000208,reference,dataset_splits/10_buildings/building_5/0000208/reference/0000208_048.jpg
building_5,0000208,reference,dataset_splits/10_buildings/building_5/0000208/reference/0000208_049.jpg
building_5,0000208,reference,dataset_splits/10_buildings/building_5/0000208/reference/0000208_050.jpg
building_5,0000208,reference,dataset_splits/10_buildings/building_5/0000208/reference/0000208_052.jpg
building_5,0000208,reference,dataset_splits/10_buildings/building_5/0000208/reference/0000208_056.jpg
building_5,0000208,reference,dataset_splits/10_buildings/building_5/0000208/reference/0000208_057.jpg
building_5,0000208,reference,dataset_splits/10_buildings/building_5/0000208/reference/0000208_068.jpg
building_5,0000208,reference,dataset_splits/10_buildings/building_5/0000208/reference/0000208_070.jpg
building_5,0000208,test,dataset_splits/10_buildings/building_5/0000208/test/0000208_010.jpg
building_5,0000208,test,dataset_splits/10_buildings/building_5/0000208/test/0000208_012.jpg
building_5,0000208,test,dataset_splits/10_buildings/building_5/0000208/test/0000208_018.jpg
building_5,0000208,test,dataset_splits/10_buildings/building_5/0000208/test/0000208_021.jpg
building_5,0000208,test,dataset_splits/10_buildings/building_5/0000208/test/0000208_022.jpg
building_5,0000208,test,dataset_splits/10_buildings/building_5/0000208/test/0000208_023.jpg
building_5,0000208,test,dataset_splits/10_buildings/building_5/0000208/test/0000208_025.jpg
building_5,0000208,test,dataset_splits/10_buildings/building_5/0000208/test/0000208_028.jpg
building_5,0000208,test,dataset_splits/10_buildings/building_5/0000208/test/0000208_030.jpg
building_5,0000208,test,dataset_splits/10_buildings/building_5/0000208/test/0000208_035.jpg
building_5,0000208,test,dataset_splits/10_buildings/building_5/0000208/test/0000208_036.jpg
building_5,0000208,test,dataset_splits/10_buildings/building_5/0000208/test/0000208_039.jpg
building_5,0000208,test,dataset_splits/10_buildings/building_5/0000208/test/0000208_040.jpg
building_5,0000208,test,dataset_splits/10_buildings/building_5/0000208/test/0000208_043.jpg
building_5,0000208,test,dataset_splits/10_buildings/building_5/0000208/test/0000208_046.jpg
building_5,0000208,test,dataset_splits/10_buildings/building_5/0000208/test/0000208_059.jpg
building_5,0000208,test,dataset_splits/10_buildings/building_5/0000208/test/0000208_063.jpg
building_5,0000208,test,dataset_splits/10_buildings/building_5/0000208/test/0000208_065.jpg
building_5,0000208,test,dataset_splits/10_buildings/building_5/0000208/test/0000208_067.jpg
building_5,0000208,test,dataset_splits/10_buildings/building_5/0000208/test/0000208_072.jpg
building_5,0000240,reference,dataset_splits/10_buildings/building_5/0000240/reference/0000240_001.jpg
building_5,0000240,reference,dataset_splits/10_buildings/building_5/0000240/reference/0000240_003.jpg
building_5,0000240,reference,dataset_splits/10_buildings/building_5/0000240/reference/0000240_004.jpg
building_5,0000240,reference,dataset_splits/10_buildings/building_5/0000240/reference/0000240_005.jpg
building_5,0000240,reference,dataset_splits/10_buildings/building_5/0000240/reference/0000240_006.jpg
building_5,0000240,reference,dataset_splits/10_buildings/building_5/0000240/reference/0000240_012.jpg
building_5,0000240,reference,dataset_splits/10_buildings/building_5/0000240/reference/0000240_013.jpg
building_5,0000240,reference,dataset_splits/10_buildings/building_5/0000240/reference/0000240_014.jpg
building_5,0000240,reference,dataset_splits/10_buildings/building_5/0000240/reference/0000240_015.jpg
building_5,0000240,reference,dataset_splits/10_buildings/building_5/0000240/reference/0000240_024.jpg
building_5,0000240,reference,dataset_splits/10_buildings/building_5/0000240/reference/0000240_029.jpg
building_5,0000240,reference,dataset_splits/10_buildings/building_5/0000240/reference/0000240_033.jpg
building_5,0000240,reference,dataset_splits/10_buildings/building_5/0000240/reference/0000240_035.jpg
building_5,0000240,reference,dataset_splits/10_buildings/building_5/0000240/reference/0000240_036.jpg
building_5,0000240,reference,dataset_splits/10_buildings/building_5/0000240/reference/0000240_039.jpg
building_5,0000240,reference,dataset_splits/10_buildings/building_5/0000240/reference/0000240_043.jpg
building_5,0000240,reference,dataset_splits/10_buildings/building_5/0000240/reference/0000240_051.jpg
building_5,0000240,reference,dataset_splits/10_buildings/building_5/0000240/reference/0000240_057.jpg
building_5,0000240,reference,dataset_splits/10_buildings/building_5/0000240/reference/0000240_060.jpg
building_5,0000240,reference,dataset_splits/10_buildings/building_5/0000240/reference/0000240_061.jpg
building_5,0000240,test,dataset_splits/10_buildings/building_5/0000240/test/0000240_002.jpg
building_5,0000240,test,dataset_splits/10_buildings/building_5/0000240/test/0000240_008.jpg
building_5,0000240,test,dataset_splits/10_buildings/building_5/0000240/test/0000240_009.jpg
building_5,0000240,test,dataset_splits/10_buildings/building_5/0000240/test/0000240_010.jpg
building_5,0000240,test,dataset_splits/10_buildings/building_5/0000240/test/0000240_017.jpg
building_5,0000240,test,dataset_splits/10_buildings/building_5/0000240/test/0000240_023.jpg
building_5,0000240,test,dataset_splits/10_buildings/building_5/0000240/test/0000240_026.jpg
building_5,0000240,test,dataset_splits/10_buildings/building_5/0000240/test/0000240_027.jpg
building_5,0000240,test,dataset_splits/10_buildings/building_5/0000240/test/0000240_028.jpg
building_5,0000240,test,dataset_splits/10_buildings/building_5/0000240/test/0000240_032.jpg
building_5,0000240,test,dataset_splits/10_buildings/building_5/0000240/test/0000240_042.jpg
building_5,0000240,test,dataset_splits/10_buildings/building_5/0000240/test/0000240_044.jpg
building_5,0000240,test,dataset_splits/10_buildings/building_5/0000240/test/0000240_045.jpg
building_5,0000240,test,dataset_splits/10_buildings/building_5/0000240/test/0000240_046.jpg
building_5,0000240,test,dataset_splits/10_buildings/building_5/0000240/test/0000240_049.jpg
building_5,0000240,test,dataset_splits/10_buildings/building_5/0000240/test/0000240_052.jpg
building_5,0000240,test,dataset_splits/10_buildings/building_5/0000240/test/0000240_053.jpg
building_5,0000240,test,dataset_splits/10_buildings/building_5/0000240/test/0000240_055.jpg
building_5,0000240,test,dataset_splits/10_buildings/building_5/0000240/test/0000240_056.jpg
building_5,0000240,test,dataset_splits/10_buildings/building_5/0000240/test/0000240_062.jpg
building_5,0000297,reference,dataset_splits/10_buildings/building_5/0000297/reference/0000297_003.jpg
building_5,0000297,reference,dataset_splits/10_buildings/building_5/0000297/reference/0000297_005.jpg
building_5,0000297,reference,dataset_splits/10_buildings/building_5/0000297/reference/0000297_009.jpg
building_5,0000297,reference,dataset_splits/10_buildings/building_5/0000297/reference/0000297_010.jpg
building_5,0000297,reference,dataset_splits/10_buildings/building_5/0000297/reference/0000297_015.jpg
building_5,0000297,reference,dataset_splits/10_buildings/building_5/0000297/reference/0000297_017.jpg
building_5,0000297,reference,dataset_splits/10_buildings/building_5/0000297/reference/0000297_019.jpg
building_5,0000297,reference,dataset_splits/10_buildings/building_5/0000297/reference/0000297_021.jpg
building_5,0000297,reference,dataset_splits/10_buildings/building_5/0000297/reference/0000297_025.jpg
building_5,0000297,reference,dataset_splits/10_buildings/building_5/0000297/reference/0000297_026.jpg
building_5,0000297,reference,dataset_splits/10_buildings/building_5/0000297/reference/0000297_027.jpg
building_5,0000297,reference,dataset_splits/10_buildings/building_5/0000297/reference/0000297_035.jpg
building_5,0000297,reference,dataset_splits/10_buildings/building_5/0000297/reference/0000297_036.jpg
building_5,0000297,reference,dataset_splits/10_buildings/building_5/0000297/reference/0000297_046.jpg
building_5,0000297,reference,dataset_splits/10_buildings/building_5/0000297/reference/0000297_057.jpg
building_5,0000297,reference,dataset_splits/10_buildings/building_5/0000297/reference/0000297_058.jpg
building_5,0000297,reference,dataset_splits/10_buildings/building_5/0000297/reference/0000297_059.jpg
building_5,0000297,reference,dataset_splits/10_buildings/building_5/0000297/reference/0000297_060.jpg
building_5,0000297,reference,dataset_splits/10_buildings/building_5/0000297/reference/0000297_061.jpg
building_5,0000297,reference,dataset_splits/10_buildings/building_5/0000297/reference/0000297_064.jpg
building_5,0000297,test,dataset_splits/10_buildings/building_5/0000297/test/0000297_001.jpg
building_5,0000297,test,dataset_splits/10_buildings/building_5/0000297/test/0000297_002.jpg
building_5,0000297,test,dataset_splits/10_buildings/building_5/0000297/test/0000297_011.jpg
building_5,0000297,test,dataset_splits/10_buildings/building_5/0000297/test/0000297_012.jpg
building_5,0000297,test,dataset_splits/10_buildings/building_5/0000297/test/0000297_013.jpg
building_5,0000297,test,dataset_splits/10_buildings/building_5/0000297/test/0000297_014.jpg
building_5,0000297,test,dataset_splits/10_buildings/building_5/0000297/test/0000297_016.jpg
building_5,0000297,test,dataset_splits/10_buildings/building_5/0000297/test/0000297_018.jpg
building_5,0000297,test,dataset_splits/10_buildings/building_5/0000297/test/0000297_020.jpg
building_5,0000297,test,dataset_splits/10_buildings/building_5/0000297/test/0000297_022.jpg
building_5,0000297,test,dataset_splits/10_buildings/building_5/0000297/test/0000297_024.jpg
building_5,0000297,test,dataset_splits/10_buildings/building_5/0000297/test/0000297_030.jpg
building_5,0000297,test,dataset_splits/10_buildings/building_5/0000297/test/0000297_032.jpg
building_5,0000297,test,dataset_splits/10_buildings/building_5/0000297/test/0000297_037.jpg
building_5,0000297,test,dataset_splits/10_buildings/building_5/0000297/test/0000297_038.jpg
building_5,0000297,test,dataset_splits/10_buildings/building_5/0000297/test/0000297_039.jpg
building_5,0000297,test,dataset_splits/10_buildings/building_5/0000297/test/0000297_044.jpg
building_5,0000297,test,dataset_splits/10_buildings/building_5/0000297/test/0000297_053.jpg
building_5,0000297,test,dataset_splits/10_buildings/building_5/0000297/test/0000297_054.jpg
building_5,0000297,test,dataset_splits/10_buildings/building_5/0000297/test/0000297_056.jpg
building_5,0000301,reference,dataset_splits/10_buildings/building_5/0000301/reference/0000301_008.jpg
building_5,0000301,reference,dataset_splits/10_buildings/building_5/0000301/reference/0000301_014.jpg
building_5,0000301,reference,dataset_splits/10_buildings/building_5/0000301/reference/0000301_015.jpg
building_5,0000301,reference,dataset_splits/10_buildings/building_5/0000301/reference/0000301_018.jpg
building_5,0000301,reference,dataset_splits/10_buildings/building_5/0000301/reference/0000301_032.jpg
building_5,0000301,reference,dataset_splits/10_buildings/building_5/0000301/reference/0000301_033.jpg
building_5,0000301,reference,dataset_splits/10_buildings/building_5/0000301/reference/0000301_043.jpg
building_5,0000301,reference,dataset_splits/10_buildings/building_5/0000301/reference/0000301_062.jpg
building_5,0000301,reference,dataset_splits/10_buildings/building_5/0000301/reference/0000301_064.jpg
building_5,0000301,reference,dataset_splits/10_buildings/building_5/0000301/reference/0000301_073.jpg
building_5,0000301,reference,dataset_splits/10_buildings/building_5/0000301/reference/0000301_077.jpg
building_5,0000301,reference,dataset_splits/10_buildings/building_5/0000301/reference/0000301_096.jpg
building_5,0000301,reference,dataset_splits/10_buildings/building_5/0000301/reference/0000301_101.jpg
building_5,0000301,reference,dataset_splits/10_buildings/building_5/0000301/reference/0000301_102.jpg
building_5,0000301,reference,dataset_splits/10_buildings/building_5/0000301/reference/0000301_111.jpg
building_5,0000301,reference,dataset_splits/10_buildings/building_5/0000301/reference/0000301_125.jpg
building_5,0000301,reference,dataset_splits/10_buildings/building_5/0000301/reference/0000301_136.jpg
building_5,0000301,reference,dataset_splits/10_buildings/building_5/0000301/reference/0000301_148.jpg
building_5,0000301,reference,dataset_splits/10_buildings/building_5/0000301/reference/0000301_156.jpg
building_5,0000301,reference,dataset_splits/10_buildings/building_5/0000301/reference/0000301_160.jpg
building_5,0000301,test,dataset_splits/10_buildings/building_5/0000301/test/0000301_001.jpg
building_5,0000301,test,dataset_splits/10_buildings/building_5/0000301/test/0000301_002.jpg
building_5,0000301,test,dataset_splits/10_buildings/building_5/0000301/test/0000301_005.jpg
building_5,0000301,test,dataset_splits/10_buildings/building_5/0000301/test/0000301_028.jpg
building_5,0000301,test,dataset_splits/10_buildings/building_5/0000301/test/0000301_031.jpg
building_5,0000301,test,dataset_splits/10_buildings/building_5/0000301/test/0000301_035.jpg
building_5,0000301,test,dataset_splits/10_buildings/building_5/0000301/test/0000301_058.jpg
building_5,0000301,test,dataset_splits/10_buildings/building_5/0000301/test/0000301_059.jpg
building_5,0000301,test,dataset_splits/10_buildings/building_5/0000301/test/0000301_060.jpg
building_5,0000301,test,dataset_splits/10_buildings/building_5/0000301/test/0000301_065.jpg
building_5,0000301,test,dataset_splits/10_buildings/building_5/0000301/test/0000301_067.jpg
building_5,0000301,test,dataset_splits/10_buildings/building_5/0000301/test/0000301_070.jpg
building_5,0000301,test,dataset_splits/10_buildings/building_5/0000301/test/0000301_078.jpg
building_5,0000301,test,dataset_splits/10_buildings/building_5/0000301/test/0000301_086.jpg
building_5,0000301,test,dataset_splits/10_buildings/building_5/0000301/test/0000301_089.jpg
building_5,0000301,test,dataset_splits/10_buildings/building_5/0000301/test/0000301_124.jpg
building_5,0000301,test,dataset_splits/10_buildings/building_5/0000301/test/0000301_141.jpg
building_5,0000301,test,dataset_splits/10_buildings/building_5/0000301/test/0000301_144.jpg
building_5,0000301,test,dataset_splits/10_buildings/building_5/0000301/test/0000301_155.jpg
building_5,0000301,test,dataset_splits/10_buildings/building_5/0000301/test/0000301_159.jpg
building_5,0000334,reference,dataset_splits/10_buildings/building_5/0000334/reference/0000334_003.jpg
building_5,0000334,reference,dataset_splits/10_buildings/building_5/0000334/reference/0000334_008.jpg
building_5,0000334,reference,dataset_splits/10_buildings/building_5/0000334/reference/0000334_009.jpg
building_5,0000334,reference,dataset_splits/10_buildings/building_5/0000334/reference/0000334_010.jpg
building_5,0000334,reference,dataset_splits/10_buildings/building_5/0000334/reference/0000334_012.jpg
building_5,0000334,reference,dataset_splits/10_buildings/building_5/0000334/reference/0000334_014.jpg
building_5,0000334,reference,dataset_splits/10_buildings/building_5/0000334/reference/0000334_020.jpg
building_5,0000334,reference,dataset_splits/10_buildings/building_5/0000334/reference/0000334_021.jpg
building_5,0000334,reference,dataset_splits/10_buildings/building_5/0000334/reference/0000334_023.jpg
building_5,0000334,reference,dataset_splits/10_buildings/building_5/0000334/reference/0000334_029.jpg
building_5,0000334,reference,dataset_splits/10_buildings/building_5/0000334/reference/0000334_040.jpg
building_5,0000334,reference,dataset_splits/10_buildings/building_5/0000334/reference/0000334_041.jpg
building_5,0000334,reference,dataset_splits/10_buildings/building_5/0000334/reference/0000334_042.jpg
building_5,0000334,reference,dataset_splits/10_buildings/building_5/0000334/reference/0000334_047.jpg
building_5,0000334,reference,dataset_splits/10_buildings/building_5/0000334/reference/0000334_048.jpg
building_5,0000334,reference,dataset_splits/10_buildings/building_5/0000334/reference/0000334_052.jpg
building_5,0000334,reference,dataset_splits/10_buildings/building_5/0000334/reference/0000334_058.jpg
building_5,0000334,reference,dataset_splits/10_buildings/building_5/0000334/reference/0000334_065.jpg
building_5,0000334,reference,dataset_splits/10_buildings/building_5/0000334/reference/0000334_069.jpg
building_5,0000334,reference,dataset_splits/10_buildings/building_5/0000334/reference/0000334_070.jpg
building_5,0000334,test,dataset_splits/10_buildings/building_5/0000334/test/0000334_005.jpg
building_5,0000334,test,dataset_splits/10_buildings/building_5/0000334/test/0000334_011.jpg
building_5,0000334,test,dataset_splits/10_buildings/building_5/0000334/test/0000334_016.jpg
building_5,0000334,test,dataset_splits/10_buildings/building_5/0000334/test/0000334_019.jpg
building_5,0000334,test,dataset_splits/10_buildings/building_5/0000334/test/0000334_022.jpg
building_5,0000334,test,dataset_splits/10_buildings/building_5/0000334/test/0000334_025.jpg
building_5,0000334,test,dataset_splits/10_buildings/building_5/0000334/test/0000334_026.jpg
building_5,0000334,test,dataset_splits/10_buildings/building_5/0000334/test/0000334_032.jpg
building_5,0000334,test,dataset_splits/10_buildings/building_5/0000334/test/0000334_033.jpg
building_5,0000334,test,dataset_splits/10_buildings/building_5/0000334/test/0000334_034.jpg
building_5,0000334,test,dataset_splits/10_buildings/building_5/0000334/test/0000334_035.jpg
building_5,0000334,test,dataset_splits/10_buildings/building_5/0000334/test/0000334_036.jpg
building_5,0000334,test,dataset_splits/10_buildings/building_5/0000334/test/0000334_039.jpg
building_5,0000334,test,dataset_splits/10_buildings/building_5/0000334/test/0000334_044.jpg
building_5,0000334,test,dataset_splits/10_buildings/building_5/0000334/test/0000334_045.jpg
building_5,0000334,test,dataset_splits/10_buildings/building_5/0000334/test/0000334_051.jpg
building_5,0000334,test,dataset_splits/10_buildings/building_5/0000334/test/0000334_055.jpg
building_5,0000334,test,dataset_splits/10_buildings/building_5/0000334/test/0000334_059.jpg
building_5,0000334,test,dataset_splits/10_buildings/building_5/0000334/test/0000334_061.jpg
building_5,0000334,test,dataset_splits/10_buildings/building_5/0000334/test/0000334_066.jpg
building_5,0000352,reference,dataset_splits/10_buildings/building_5/0000352/reference/0000352_001.jpg
building_5,0000352,reference,dataset_splits/10_buildings/building_5/0000352/reference/0000352_002.jpg
building_5,0000352,reference,dataset_splits/10_buildings/building_5/0000352/reference/0000352_003.jpg
building_5,0000352,reference,dataset_splits/10_buildings/building_5/0000352/reference/0000352_005.jpg
building_5,0000352,reference,dataset_splits/10_buildings/building_5/0000352/reference/0000352_006.jpg
building_5,0000352,reference,dataset_splits/10_buildings/building_5/0000352/reference/0000352_009.jpg
building_5,0000352,reference,dataset_splits/10_buildings/building_5/0000352/reference/0000352_010.jpg
building_5,0000352,reference,dataset_splits/10_buildings/building_5/0000352/reference/0000352_012.jpg
building_5,0000352,reference,dataset_splits/10_buildings/building_5/0000352/reference/0000352_013.jpg
building_5,0000352,reference,dataset_splits/10_buildings/building_5/0000352/reference/0000352_014.jpg
building_5,0000352,reference,dataset_splits/10_buildings/building_5/0000352/reference/0000352_024.jpg
building_5,0000352,reference,dataset_splits/10_buildings/building_5/0000352/reference/0000352_027.jpg
building_5,0000352,reference,dataset_splits/10_buildings/building_5/0000352/reference/0000352_028.jpg
building_5,0000352,reference,dataset_splits/10_buildings/building_5/0000352/reference/0000352_030.jpg
building_5,0000352,reference,dataset_splits/10_buildings/building_5/0000352/reference/0000352_034.jpg
building_5,0000352,reference,dataset_splits/10_buildings/building_5/0000352/reference/0000352_036.jpg
building_5,0000352,reference,dataset_splits/10_buildings/building_5/0000352/reference/0000352_042.jpg
building_5,0000352,reference,dataset_splits/10_buildings/building_5/0000352/reference/0000352_045.jpg
building_5,0000352,reference,dataset_splits/10_buildings/building_5/0000352/reference/0000352_049.jpg
building_5,0000352,reference,dataset_splits/10_buildings/building_5/0000352/reference/0000352_054.jpg
building_5,0000352,test,dataset_splits/10_buildings/building_5/0000352/test/0000352_004.jpg
building_5,0000352,test,dataset_splits/10_buildings/building_5/0000352/test/0000352_015.jpg
building_5,0000352,test,dataset_splits/10_buildings/building_5/0000352/test/0000352_016.jpg
building_5,0000352,test,dataset_splits/10_buildings/building_5/0000352/test/0000352_018.jpg
building_5,0000352,test,dataset_splits/10_buildings/building_5/0000352/test/0000352_019.jpg
building_5,0000352,test,dataset_splits/10_buildings/building_5/0000352/test/0000352_020.jpg
building_5,0000352,test,dataset_splits/10_buildings/building_5/0000352/test/0000352_021.jpg
building_5,0000352,test,dataset_splits/10_buildings/building_5/0000352/test/0000352_023.jpg
building_5,0000352,test,dataset_splits/10_buildings/building_5/0000352/test/0000352_025.jpg
building_5,0000352,test,dataset_splits/10_buildings/building_5/0000352/test/0000352_026.jpg
building_5,0000352,test,dataset_splits/10_buildings/building_5/0000352/test/0000352_032.jpg
building_5,0000352,test,dataset_splits/10_buildings/building_5/0000352/test/0000352_035.jpg
building_5,0000352,test,dataset_splits/10_buildings/building_5/0000352/test/0000352_037.jpg
building_5,0000352,test,dataset_splits/10_buildings/building_5/0000352/test/0000352_043.jpg
building_5,0000352,test,dataset_splits/10_buildings/building_5/0000352/test/0000352_047.jpg
building_5,0000352,test,dataset_splits/10_buildings/building_5/0000352/test/0000352_048.jpg
building_5,0000352,test,dataset_splits/10_buildings/building_5/0000352/test/0000352_050.jpg
building_5,0000352,test,dataset_splits/10_buildings/building_5/0000352/test/0000352_051.jpg
building_5,0000352,test,dataset_splits/10_buildings/building_5/0000352/test/0000352_052.jpg
building_5,0000352,test,dataset_splits/10_buildings/building_5/0000352/test/0000352_056.jpg
building_5,0000362,reference,dataset_splits/10_buildings/building_5/0000362/reference/0000362_007.jpg
building_5,0000362,reference,dataset_splits/10_buildings/building_5/0000362/reference/0000362_023.jpg
building_5,0000362,reference,dataset_splits/10_buildings/building_5/0000362/reference/0000362_027.jpg
building_5,0000362,reference,dataset_splits/10_buildings/building_5/0000362/reference/0000362_033.jpg
building_5,0000362,reference,dataset_splits/10_buildings/building_5/0000362/reference/0000362_040.jpg
building_5,0000362,reference,dataset_splits/10_buildings/building_5/0000362/reference/0000362_060.jpg
building_5,0000362,reference,dataset_splits/10_buildings/building_5/0000362/reference/0000362_080.jpg
building_5,0000362,reference,dataset_splits/10_buildings/building_5/0000362/reference/0000362_090.jpg
building_5,0000362,reference,dataset_splits/10_buildings/building_5/0000362/reference/0000362_094.jpg
building_5,0000362,reference,dataset_splits/10_buildings/building_5/0000362/reference/0000362_097.jpg
building_5,0000362,reference,dataset_splits/10_buildings/building_5/0000362/reference/0000362_098.jpg
building_5,0000362,reference,dataset_splits/10_buildings/building_5/0000362/reference/0000362_099.jpg
building_5,0000362,reference,dataset_splits/10_buildings/building_5/0000362/reference/0000362_145.jpg
building_5,0000362,reference,dataset_splits/10_buildings/building_5/0000362/reference/0000362_149.jpg
building_5,0000362,reference,dataset_splits/10_buildings/building_5/0000362/reference/0000362_155.jpg
building_5,0000362,reference,dataset_splits/10_buildings/building_5/0000362/reference/0000362_177.jpg
building_5,0000362,reference,dataset_splits/10_buildings/building_5/0000362/reference/0000362_182.jpg
building_5,0000362,reference,dataset_splits/10_buildings/building_5/0000362/reference/0000362_201.jpg
building_5,0000362,reference,dataset_splits/10_buildings/building_5/0000362/reference/0000362_229.jpg
building_5,0000362,reference,dataset_splits/10_buildings/building_5/0000362/reference/0000362_231.jpg
building_5,0000362,test,dataset_splits/10_buildings/building_5/0000362/test/0000362_017.jpg
building_5,0000362,test,dataset_splits/10_buildings/building_5/0000362/test/0000362_034.jpg
building_5,0000362,test,dataset_splits/10_buildings/building_5/0000362/test/0000362_038.jpg
building_5,0000362,test,dataset_splits/10_buildings/building_5/0000362/test/0000362_041.jpg
building_5,0000362,test,dataset_splits/10_buildings/building_5/0000362/test/0000362_043.jpg
building_5,0000362,test,dataset_splits/10_buildings/building_5/0000362/test/0000362_055.jpg
building_5,0000362,test,dataset_splits/10_buildings/building_5/0000362/test/0000362_056.jpg
building_5,0000362,test,dataset_splits/10_buildings/building_5/0000362/test/0000362_063.jpg
building_5,0000362,test,dataset_splits/10_buildings/building_5/0000362/test/0000362_077.jpg
building_5,0000362,test,dataset_splits/10_buildings/building_5/0000362/test/0000362_088.jpg
building_5,0000362,test,dataset_splits/10_buildings/building_5/0000362/test/0000362_108.jpg
building_5,0000362,test,dataset_splits/10_buildings/building_5/0000362/test/0000362_113.jpg
building_5,0000362,test,dataset_splits/10_buildings/building_5/0000362/test/0000362_142.jpg
building_5,0000362,test,dataset_splits/10_buildings/building_5/0000362/test/0000362_157.jpg
building_5,0000362,test,dataset_splits/10_buildings/building_5/0000362/test/0000362_207.jpg
building_5,0000362,test,dataset_splits/10_buildings/building_5/0000362/test/0000362_217.jpg
building_5,0000362,test,dataset_splits/10_buildings/building_5/0000362/test/0000362_219.jpg
building_5,0000362,test,dataset_splits/10_buildings/building_5/0000362/test/0000362_223.jpg
building_5,0000362,test,dataset_splits/10_buildings/building_5/0000362/test/0000362_233.jpg
building_5,0000362,test,dataset_splits/10_buildings/building_5/0000362/test/0000362_237.jpg
building_5,0000383,reference,dataset_splits/10_buildings/building_5/0000383/reference/0000383_009.jpg
building_5,0000383,reference,dataset_splits/10_buildings/building_5/0000383/reference/0000383_010.jpg
building_5,0000383,reference,dataset_splits/10_buildings/building_5/0000383/reference/0000383_012.jpg
building_5,0000383,reference,dataset_splits/10_buildings/building_5/0000383/reference/0000383_017.jpg
building_5,0000383,reference,dataset_splits/10_buildings/building_5/0000383/reference/0000383_019.jpg
building_5,0000383,reference,dataset_splits/10_buildings/building_5/0000383/reference/0000383_022.jpg
building_5,0000383,reference,dataset_splits/10_buildings/building_5/0000383/reference/0000383_024.jpg
building_5,0000383,reference,dataset_splits/10_buildings/building_5/0000383/reference/0000383_028.jpg
building_5,0000383,reference,dataset_splits/10_buildings/building_5/0000383/reference/0000383_031.jpg
building_5,0000383,reference,dataset_splits/10_buildings/building_5/0000383/reference/0000383_035.jpg
building_5,0000383,reference,dataset_splits/10_buildings/building_5/0000383/reference/0000383_037.jpg
building_5,0000383,reference,dataset_splits/10_buildings/building_5/0000383/reference/0000383_038.jpg
building_5,0000383,reference,dataset_splits/10_buildings/building_5/0000383/reference/0000383_041.jpg
building_5,0000383,reference,dataset_splits/10_buildings/building_5/0000383/reference/0000383_052.jpg
building_5,0000383,reference,dataset_splits/10_buildings/building_5/0000383/reference/0000383_053.jpg
building_5,0000383,reference,dataset_splits/10_buildings/building_5/0000383/reference/0000383_054.jpg
building_5,0000383,reference,dataset_splits/10_buildings/building_5/0000383/reference/0000383_055.jpg
building_5,0000383,reference,dataset_splits/10_buildings/building_5/0000383/reference/0000383_058.jpg
building_5,0000383,reference,dataset_splits/10_buildings/building_5/0000383/reference/0000383_059.jpg
building_5,0000383,reference,dataset_splits/10_buildings/building_5/0000383/reference/0000383_061.jpg
building_5,0000383,test,dataset_splits/10_buildings/building_5/0000383/test/0000383_001.jpg
building_5,0000383,test,dataset_splits/10_buildings/building_5/0000383/test/0000383_007.jpg
building_5,0000383,test,dataset_splits/10_buildings/building_5/0000383/test/0000383_014.jpg
building_5,0000383,test,dataset_splits/10_buildings/building_5/0000383/test/0000383_016.jpg
building_5,0000383,test,dataset_splits/10_buildings/building_5/0000383/test/0000383_018.jpg
building_5,0000383,test,dataset_splits/10_buildings/building_5/0000383/test/0000383_020.jpg
building_5,0000383,test,dataset_splits/10_buildings/building_5/0000383/test/0000383_025.jpg
building_5,0000383,test,dataset_splits/10_buildings/building_5/0000383/test/0000383_026.jpg
building_5,0000383,test,dataset_splits/10_buildings/building_5/0000383/test/0000383_027.jpg
building_5,0000383,test,dataset_splits/10_buildings/building_5/0000383/test/0000383_033.jpg
building_5,0000383,test,dataset_splits/10_buildings/building_5/0000383/test/0000383_034.jpg
building_5,0000383,test,dataset_splits/10_buildings/building_5/0000383/test/0000383_039.jpg
building_5,0000383,test,dataset_splits/10_buildings/building_5/0000383/test/0000383_042.jpg
building_5,0000383,test,dataset_splits/10_buildings/building_5/0000383/test/0000383_045.jpg
building_5,0000383,test,dataset_splits/10_buildings/building_5/0000383/test/0000383_046.jpg
building_5,0000383,test,dataset_splits/10_buildings/building_5/0000383/test/0000383_049.jpg
building_5,0000383,test,dataset_splits/10_buildings/building_5/0000383/test/0000383_050.jpg
building_5,0000383,test,dataset_splits/10_buildings/building_5/0000383/test/0000383_051.jpg
building_5,0000383,test,dataset_splits/10_buildings/building_5/0000383/test/0000383_056.jpg
building_5,0000383,test,dataset_splits/10_buildings/building_5/0000383/test/0000383_062.jpg
building_5,0000389,reference,dataset_splits/10_buildings/building_5/0000389/reference/0000389_001.jpg
building_5,0000389,reference,dataset_splits/10_buildings/building_5/0000389/reference/0000389_002.jpg
building_5,0000389,reference,dataset_splits/10_buildings/building_5/0000389/reference/0000389_008.jpg
building_5,0000389,reference,dataset_splits/10_buildings/building_5/0000389/reference/0000389_010.jpg
building_5,0000389,reference,dataset_splits/10_buildings/building_5/0000389/reference/0000389_011.jpg
building_5,0000389,reference,dataset_splits/10_buildings/building_5/0000389/reference/0000389_012.jpg
building_5,0000389,reference,dataset_splits/10_buildings/building_5/0000389/reference/0000389_020.jpg
building_5,0000389,reference,dataset_splits/10_buildings/building_5/0000389/reference/0000389_023.jpg
building_5,0000389,reference,dataset_splits/10_buildings/building_5/0000389/reference/0000389_037.jpg
building_5,0000389,reference,dataset_splits/10_buildings/building_5/0000389/reference/0000389_045.jpg
building_5,0000389,reference,dataset_splits/10_buildings/building_5/0000389/reference/0000389_051.jpg
building_5,0000389,reference,dataset_splits/10_buildings/building_5/0000389/reference/0000389_062.jpg
building_5,0000389,reference,dataset_splits/10_buildings/building_5/0000389/reference/0000389_083.jpg
building_5,0000389,reference,dataset_splits/10_buildings/building_5/0000389/reference/0000389_090.jpg
building_5,0000389,reference,dataset_splits/10_buildings/building_5/0000389/reference/0000389_091.jpg
building_5,0000389,reference,dataset_splits/10_buildings/building_5/0000389/reference/0000389_094.jpg
building_5,0000389,reference,dataset_splits/10_buildings/building_5/0000389/reference/0000389_095.jpg
building_5,0000389,reference,dataset_splits/10_buildings/building_5/0000389/reference/0000389_101.jpg
building_5,0000389,reference,dataset_splits/10_buildings/building_5/0000389/reference/0000389_103.jpg
building_5,0000389,reference,dataset_splits/10_buildings/building_5/0000389/reference/0000389_112.jpg
building_5,0000389,test,dataset_splits/10_buildings/building_5/0000389/test/0000389_018.jpg
building_5,0000389,test,dataset_splits/10_buildings/building_5/0000389/test/0000389_019.jpg
building_5,0000389,test,dataset_splits/10_buildings/building_5/0000389/test/0000389_025.jpg
building_5,0000389,test,dataset_splits/10_buildings/building_5/0000389/test/0000389_028.jpg
building_5,0000389,test,dataset_splits/10_buildings/building_5/0000389/test/0000389_032.jpg
building_5,0000389,test,dataset_splits/10_buildings/building_5/0000389/test/0000389_038.jpg
building_5,0000389,test,dataset_splits/10_buildings/building_5/0000389/test/0000389_039.jpg
building_5,0000389,test,dataset_splits/10_buildings/building_5/0000389/test/0000389_056.jpg
building_5,0000389,test,dataset_splits/10_buildings/building_5/0000389/test/0000389_058.jpg
building_5,0000389,test,dataset_splits/10_buildings/building_5/0000389/test/0000389_059.jpg
building_5,0000389,test,dataset_splits/10_buildings/building_5/0000389/test/0000389_060.jpg
building_5,0000389,test,dataset_splits/10_buildings/building_5/0000389/test/0000389_067.jpg
building_5,0000389,test,dataset_splits/10_buildings/building_5/0000389/test/0000389_071.jpg
building_5,0000389,test,dataset_splits/10_buildings/building_5/0000389/test/0000389_074.jpg
building_5,0000389,test,dataset_splits/10_buildings/building_5/0000389/test/0000389_075.jpg
building_5,0000389,test,dataset_splits/10_buildings/building_5/0000389/test/0000389_076.jpg
building_5,0000389,test,dataset_splits/10_buildings/building_5/0000389/test/0000389_082.jpg
building_5,0000389,test,dataset_splits/10_buildings/building_5/0000389/test/0000389_099.jpg
building_5,0000389,test,dataset_splits/10_buildings/building_5/0000389/test/0000389_102.jpg
building_5,0000389,test,dataset_splits/10_buildings/building_5/0000389/test/0000389_106.jpg
building_5,0000422,reference,dataset_splits/10_buildings/building_5/0000422/reference/0000422_030.jpg
building_5,0000422,reference,dataset_splits/10_buildings/building_5/0000422/reference/0000422_032.jpg
building_5,0000422,reference,dataset_splits/10_buildings/building_5/0000422/reference/0000422_050.jpg
building_5,0000422,reference,dataset_splits/10_buildings/building_5/0000422/reference/0000422_073.jpg
building_5,0000422,reference,dataset_splits/10_buildings/building_5/0000422/reference/0000422_083.jpg
building_5,0000422,reference,dataset_splits/10_buildings/building_5/0000422/reference/0000422_094.jpg
building_5,0000422,reference,dataset_splits/10_buildings/building_5/0000422/reference/0000422_109.jpg
building_5,0000422,reference,dataset_splits/10_buildings/building_5/0000422/reference/0000422_113.jpg
building_5,0000422,reference,dataset_splits/10_buildings/building_5/0000422/reference/0000422_131.jpg
building_5,0000422,reference,dataset_splits/10_buildings/building_5/0000422/reference/0000422_132.jpg
building_5,0000422,reference,dataset_splits/10_buildings/building_5/0000422/reference/0000422_155.jpg
building_5,0000422,reference,dataset_splits/10_buildings/building_5/0000422/reference/0000422_161.jpg
building_5,0000422,reference,dataset_splits/10_buildings/building_5/0000422/reference/0000422_164.jpg
building_5,0000422,reference,dataset_splits/10_buildings/building_5/0000422/reference/0000422_177.jpg
building_5,0000422,reference,dataset_splits/10_buildings/building_5/0000422/reference/0000422_184.jpg
building_5,0000422,reference,dataset_splits/10_buildings/building_5/0000422/reference/0000422_194.jpg
building_5,0000422,reference,dataset_splits/10_buildings/building_5/0000422/reference/0000422_199.jpg
building_5,0000422,reference,dataset_splits/10_buildings/building_5/0000422/reference/0000422_200.jpg
building_5,0000422,reference,dataset_splits/10_buildings/building_5/0000422/reference/0000422_203.jpg
building_5,0000422,reference,dataset_splits/10_buildings/building_5/0000422/reference/0000422_204.jpg
building_5,0000422,test,dataset_splits/10_buildings/building_5/0000422/test/0000422_005.jpg
building_5,0000422,test,dataset_splits/10_buildings/building_5/0000422/test/0000422_014.jpg
building_5,0000422,test,dataset_splits/10_buildings/building_5/0000422/test/0000422_033.jpg
building_5,0000422,test,dataset_splits/10_buildings/building_5/0000422/test/0000422_047.jpg
building_5,0000422,test,dataset_splits/10_buildings/building_5/0000422/test/0000422_063.jpg
building_5,0000422,test,dataset_splits/10_buildings/building_5/0000422/test/0000422_074.jpg
building_5,0000422,test,dataset_splits/10_buildings/building_5/0000422/test/0000422_082.jpg
building_5,0000422,test,dataset_splits/10_buildings/building_5/0000422/test/0000422_087.jpg
building_5,0000422,test,dataset_splits/10_buildings/building_5/0000422/test/0000422_093.jpg
building_5,0000422,test,dataset_splits/10_buildings/building_5/0000422/test/0000422_099.jpg
building_5,0000422,test,dataset_splits/10_buildings/building_5/0000422/test/0000422_106.jpg
building_5,0000422,test,dataset_splits/10_buildings/building_5/0000422/test/0000422_129.jpg
building_5,0000422,test,dataset_splits/10_buildings/building_5/0000422/test/0000422_133.jpg
building_5,0000422,test,dataset_splits/10_buildings/building_5/0000422/test/0000422_141.jpg
building_5,0000422,test,dataset_splits/10_buildings/building_5/0000422/test/0000422_153.jpg
building_5,0000422,test,dataset_splits/10_buildings/building_5/0000422/test/0000422_158.jpg
building_5,0000422,test,dataset_splits/10_buildings/building_5/0000422/test/0000422_163.jpg
building_5,0000422,test,dataset_splits/10_buildings/building_5/0000422/test/0000422_185.jpg
building_5,0000422,test,dataset_splits/10_buildings/building_5/0000422/test/0000422_191.jpg
building_5,0000422,test,dataset_splits/10_buildings/building_5/0000422/test/0000422_192.jpg
building_5,0000538,reference,dataset_splits/10_buildings/building_5/0000538/reference/0000538_001.jpg
building_5,0000538,reference,dataset_splits/10_buildings/building_5/0000538/reference/0000538_003.jpg
building_5,0000538,reference,dataset_splits/10_buildings/building_5/0000538/reference/0000538_007.jpg
building_5,0000538,reference,dataset_splits/10_buildings/building_5/0000538/reference/0000538_012.jpg
building_5,0000538,reference,dataset_splits/10_buildings/building_5/0000538/reference/0000538_016.jpg
building_5,0000538,reference,dataset_splits/10_buildings/building_5/0000538/reference/0000538_018.jpg
building_5,0000538,reference,dataset_splits/10_buildings/building_5/0000538/reference/0000538_021.jpg
building_5,0000538,reference,dataset_splits/10_buildings/building_5/0000538/reference/0000538_025.jpg
building_5,0000538,reference,dataset_splits/10_buildings/building_5/0000538/reference/0000538_026.jpg
building_5,0000538,reference,dataset_splits/10_buildings/building_5/0000538/reference/0000538_027.jpg
building_5,0000538,reference,dataset_splits/10_buildings/building_5/0000538/reference/0000538_028.jpg
building_5,0000538,reference,dataset_splits/10_buildings/building_5/0000538/reference/0000538_030.jpg
building_5,0000538,reference,dataset_splits/10_buildings/building_5/0000538/reference/0000538_033.jpg
building_5,0000538,reference,dataset_splits/10_buildings/building_5/0000538/reference/0000538_038.jpg
building_5,0000538,reference,dataset_splits/10_buildings/building_5/0000538/reference/0000538_039.jpg
building_5,0000538,reference,dataset_splits/10_buildings/building_5/0000538/reference/0000538_043.jpg
building_5,0000538,reference,dataset_splits/10_buildings/building_5/0000538/reference/0000538_047.jpg
building_5,0000538,reference,dataset_splits/10_buildings/building_5/0000538/reference/0000538_049.jpg
building_5,0000538,reference,dataset_splits/10_buildings/building_5/0000538/reference/0000538_050.jpg
building_5,0000538,reference,dataset_splits/10_buildings/building_5/0000538/reference/0000538_060.jpg
building_5,0000538,test,dataset_splits/10_buildings/building_5/0000538/test/0000538_005.jpg
building_5,0000538,test,dataset_splits/10_buildings/building_5/0000538/test/0000538_009.jpg
building_5,0000538,test,dataset_splits/10_buildings/building_5/0000538/test/0000538_010.jpg
building_5,0000538,test,dataset_splits/10_buildings/building_5/0000538/test/0000538_011.jpg
building_5,0000538,test,dataset_splits/10_buildings/building_5/0000538/test/0000538_017.jpg
building_5,0000538,test,dataset_splits/10_buildings/building_5/0000538/test/0000538_020.jpg
building_5,0000538,test,dataset_splits/10_buildings/building_5/0000538/test/0000538_024.jpg
building_5,0000538,test,dataset_splits/10_buildings/building_5/0000538/test/0000538_031.jpg
building_5,0000538,test,dataset_splits/10_buildings/building_5/0000538/test/0000538_036.jpg
building_5,0000538,test,dataset_splits/10_buildings/building_5/0000538/test/0000538_040.jpg
building_5,0000538,test,dataset_splits/10_buildings/building_5/0000538/test/0000538_041.jpg
building_5,0000538,test,dataset_splits/10_buildings/building_5/0000538/test/0000538_044.jpg
building_5,0000538,test,dataset_splits/10_buildings/building_5/0000538/test/0000538_045.jpg
building_5,0000538,test,dataset_splits/10_buildings/building_5/0000538/test/0000538_046.jpg
building_5,0000538,test,dataset_splits/10_buildings/building_5/0000538/test/0000538_051.jpg
building_5,0000538,test,dataset_splits/10_buildings/building_5/0000538/test/0000538_052.jpg
building_5,0000538,test,dataset_splits/10_buildings/building_5/0000538/test/0000538_053.jpg
building_5,0000538,test,dataset_splits/10_buildings/building_5/0000538/test/0000538_054.jpg
building_5,0000538,test,dataset_splits/10_buildings/building_5/0000538/test/0000538_056.jpg
building_5,0000538,test,dataset_splits/10_buildings/building_5/0000538/test/0000538_063.jpg
building_5,0000563,reference,dataset_splits/10_buildings/building_5/0000563/reference/0000563_018.jpg
building_5,0000563,reference,dataset_splits/10_buildings/building_5/0000563/reference/0000563_035.jpg
building_5,0000563,reference,dataset_splits/10_buildings/building_5/0000563/reference/0000563_041.jpg
building_5,0000563,reference,dataset_splits/10_buildings/building_5/0000563/reference/0000563_072.jpg
building_5,0000563,reference,dataset_splits/10_buildings/building_5/0000563/reference/0000563_074.jpg
building_5,0000563,reference,dataset_splits/10_buildings/building_5/0000563/reference/0000563_079.jpg
building_5,0000563,reference,dataset_splits/10_buildings/building_5/0000563/reference/0000563_081.jpg
building_5,0000563,reference,dataset_splits/10_buildings/building_5/0000563/reference/0000563_082.jpg
building_5,0000563,reference,dataset_splits/10_buildings/building_5/0000563/reference/0000563_094.jpg
building_5,0000563,reference,dataset_splits/10_buildings/building_5/0000563/reference/0000563_099.jpg
building_5,0000563,reference,dataset_splits/10_buildings/building_5/0000563/reference/0000563_101.jpg
building_5,0000563,reference,dataset_splits/10_buildings/building_5/0000563/reference/0000563_131.jpg
building_5,0000563,reference,dataset_splits/10_buildings/building_5/0000563/reference/0000563_149.jpg
building_5,0000563,reference,dataset_splits/10_buildings/building_5/0000563/reference/0000563_164.jpg
building_5,0000563,reference,dataset_splits/10_buildings/building_5/0000563/reference/0000563_172.jpg
building_5,0000563,reference,dataset_splits/10_buildings/building_5/0000563/reference/0000563_179.jpg
building_5,0000563,reference,dataset_splits/10_buildings/building_5/0000563/reference/0000563_192.jpg
building_5,0000563,reference,dataset_splits/10_buildings/building_5/0000563/reference/0000563_205.jpg
building_5,0000563,reference,dataset_splits/10_buildings/building_5/0000563/reference/0000563_218.jpg
building_5,0000563,reference,dataset_splits/10_buildings/building_5/0000563/reference/0000563_231.jpg
building_5,0000563,test,dataset_splits/10_buildings/building_5/0000563/test/0000563_001.jpg
building_5,0000563,test,dataset_splits/10_buildings/building_5/0000563/test/0000563_011.jpg
building_5,0000563,test,dataset_splits/10_buildings/building_5/0000563/test/0000563_013.jpg
building_5,0000563,test,dataset_splits/10_buildings/building_5/0000563/test/0000563_055.jpg
building_5,0000563,test,dataset_splits/10_buildings/building_5/0000563/test/0000563_058.jpg
building_5,0000563,test,dataset_splits/10_buildings/building_5/0000563/test/0000563_089.jpg
building_5,0000563,test,dataset_splits/10_buildings/building_5/0000563/test/0000563_096.jpg
building_5,0000563,test,dataset_splits/10_buildings/building_5/0000563/test/0000563_113.jpg
building_5,0000563,test,dataset_splits/10_buildings/building_5/0000563/test/0000563_117.jpg
building_5,0000563,test,dataset_splits/10_buildings/building_5/0000563/test/0000563_121.jpg
building_5,0000563,test,dataset_splits/10_buildings/building_5/0000563/test/0000563_124.jpg
building_5,0000563,test,dataset_splits/10_buildings/building_5/0000563/test/0000563_139.jpg
building_5,0000563,test,dataset_splits/10_buildings/building_5/0000563/test/0000563_140.jpg
building_5,0000563,test,dataset_splits/10_buildings/building_5/0000563/test/0000563_141.jpg
building_5,0000563,test,dataset_splits/10_buildings/building_5/0000563/test/0000563_142.jpg
building_5,0000563,test,dataset_splits/10_buildings/building_5/0000563/test/0000563_170.jpg
building_5,0000563,test,dataset_splits/10_buildings/building_5/0000563/test/0000563_215.jpg
building_5,0000563,test,dataset_splits/10_buildings/building_5/0000563/test/0000563_216.jpg
building_5,0000563,test,dataset_splits/10_buildings/building_5/0000563/test/0000563_220.jpg
building_5,0000563,test,dataset_splits/10_buildings/building_5/0000563/test/0000563_226.jpg
building_5,0000574,reference,dataset_splits/10_buildings/building_5/0000574/reference/0000574_001.jpg
building_5,0000574,reference,dataset_splits/10_buildings/building_5/0000574/reference/0000574_010.jpg
building_5,0000574,reference,dataset_splits/10_buildings/building_5/0000574/reference/0000574_015.jpg
building_5,0000574,reference,dataset_splits/10_buildings/building_5/0000574/reference/0000574_018.jpg
building_5,0000574,reference,dataset_splits/10_buildings/building_5/0000574/reference/0000574_022.jpg
building_5,0000574,reference,dataset_splits/10_buildings/building_5/0000574/reference/0000574_023.jpg
building_5,0000574,reference,dataset_splits/10_buildings/building_5/0000574/reference/0000574_035.jpg
building_5,0000574,reference,dataset_splits/10_buildings/building_5/0000574/reference/0000574_047.jpg
building_5,0000574,reference,dataset_splits/10_buildings/building_5/0000574/reference/0000574_049.jpg
building_5,0000574,reference,dataset_splits/10_buildings/building_5/0000574/reference/0000574_055.jpg
building_5,0000574,reference,dataset_splits/10_buildings/building_5/0000574/reference/0000574_060.jpg
building_5,0000574,reference,dataset_splits/10_buildings/building_5/0000574/reference/0000574_064.jpg
building_5,0000574,reference,dataset_splits/10_buildings/building_5/0000574/reference/0000574_067.jpg
building_5,0000574,reference,dataset_splits/10_buildings/building_5/0000574/reference/0000574_068.jpg
building_5,0000574,reference,dataset_splits/10_buildings/building_5/0000574/reference/0000574_069.jpg
building_5,0000574,reference,dataset_splits/10_buildings/building_5/0000574/reference/0000574_074.jpg
building_5,0000574,reference,dataset_splits/10_buildings/building_5/0000574/reference/0000574_075.jpg
building_5,0000574,reference,dataset_splits/10_buildings/building_5/0000574/reference/0000574_077.jpg
building_5,0000574,reference,dataset_splits/10_buildings/building_5/0000574/reference/0000574_083.jpg
building_5,0000574,reference,dataset_splits/10_buildings/building_5/0000574/reference/0000574_089.jpg
building_5,0000574,test,dataset_splits/10_buildings/building_5/0000574/test/0000574_002.jpg
building_5,0000574,test,dataset_splits/10_buildings/building_5/0000574/test/0000574_004.jpg
building_5,0000574,test,dataset_splits/10_buildings/building_5/0000574/test/0000574_006.jpg
building_5,0000574,test,dataset_splits/10_buildings/building_5/0000574/test/0000574_019.jpg
building_5,0000574,test,dataset_splits/10_buildings/building_5/0000574/test/0000574_024.jpg
building_5,0000574,test,dataset_splits/10_buildings/building_5/0000574/test/0000574_033.jpg
building_5,0000574,test,dataset_splits/10_buildings/building_5/0000574/test/0000574_040.jpg
building_5,0000574,test,dataset_splits/10_buildings/building_5/0000574/test/0000574_044.jpg
building_5,0000574,test,dataset_splits/10_buildings/building_5/0000574/test/0000574_046.jpg
building_5,0000574,test,dataset_splits/10_buildings/building_5/0000574/test/0000574_052.jpg
building_5,0000574,test,dataset_splits/10_buildings/building_5/0000574/test/0000574_053.jpg
building_5,0000574,test,dataset_splits/10_buildings/building_5/0000574/test/0000574_061.jpg
building_5,0000574,test,dataset_splits/10_buildings/building_5/0000574/test/0000574_063.jpg
building_5,0000574,test,dataset_splits/10_buildings/building_5/0000574/test/0000574_065.jpg
building_5,0000574,test,dataset_splits/10_buildings/building_5/0000574/test/0000574_066.jpg
building_5,0000574,test,dataset_splits/10_buildings/building_5/0000574/test/0000574_079.jpg
building_5,0000574,test,dataset_splits/10_buildings/building_5/0000574/test/0000574_082.jpg
building_5,0000574,test,dataset_splits/10_buildings/building_5/0000574/test/0000574_085.jpg
building_5,0000574,test,dataset_splits/10_buildings/building_5/0000574/test/0000574_090.jpg
building_5,0000574,test,dataset_splits/10_buildings/building_5/0000574/test/0000574_091.jpg
building_5,0000579,reference,dataset_splits/10_buildings/building_5/0000579/reference/0000579_023.jpg
building_5,0000579,reference,dataset_splits/10_buildings/building_5/0000579/reference/0000579_048.jpg
building_5,0000579,reference,dataset_splits/10_buildings/building_5/0000579/reference/0000579_051.jpg
building_5,0000579,reference,dataset_splits/10_buildings/building_5/0000579/reference/0000579_061.jpg
building_5,0000579,reference,dataset_splits/10_buildings/building_5/0000579/reference/0000579_076.jpg
building_5,0000579,reference,dataset_splits/10_buildings/building_5/0000579/reference/0000579_078.jpg
building_5,0000579,reference,dataset_splits/10_buildings/building_5/0000579/reference/0000579_087.jpg
building_5,0000579,reference,dataset_splits/10_buildings/building_5/0000579/reference/0000579_095.jpg
building_5,0000579,reference,dataset_splits/10_buildings/building_5/0000579/reference/0000579_098.jpg
building_5,0000579,reference,dataset_splits/10_buildings/building_5/0000579/reference/0000579_101.jpg
building_5,0000579,reference,dataset_splits/10_buildings/building_5/0000579/reference/0000579_108.jpg
building_5,0000579,reference,dataset_splits/10_buildings/building_5/0000579/reference/0000579_123.jpg
building_5,0000579,reference,dataset_splits/10_buildings/building_5/0000579/reference/0000579_137.jpg
building_5,0000579,reference,dataset_splits/10_buildings/building_5/0000579/reference/0000579_140.jpg
building_5,0000579,reference,dataset_splits/10_buildings/building_5/0000579/reference/0000579_142.jpg
building_5,0000579,reference,dataset_splits/10_buildings/building_5/0000579/reference/0000579_147.jpg
building_5,0000579,reference,dataset_splits/10_buildings/building_5/0000579/reference/0000579_166.jpg
building_5,0000579,reference,dataset_splits/10_buildings/building_5/0000579/reference/0000579_177.jpg
building_5,0000579,reference,dataset_splits/10_buildings/building_5/0000579/reference/0000579_195.jpg
building_5,0000579,reference,dataset_splits/10_buildings/building_5/0000579/reference/0000579_199.jpg
building_5,0000579,test,dataset_splits/10_buildings/building_5/0000579/test/0000579_015.jpg
building_5,0000579,test,dataset_splits/10_buildings/building_5/0000579/test/0000579_025.jpg
building_5,0000579,test,dataset_splits/10_buildings/building_5/0000579/test/0000579_038.jpg
building_5,0000579,test,dataset_splits/10_buildings/building_5/0000579/test/0000579_042.jpg
building_5,0000579,test,dataset_splits/10_buildings/building_5/0000579/test/0000579_044.jpg
building_5,0000579,test,dataset_splits/10_buildings/building_5/0000579/test/0000579_050.jpg
building_5,0000579,test,dataset_splits/10_buildings/building_5/0000579/test/0000579_065.jpg
building_5,0000579,test,dataset_splits/10_buildings/building_5/0000579/test/0000579_074.jpg
building_5,0000579,test,dataset_splits/10_buildings/building_5/0000579/test/0000579_081.jpg
building_5,0000579,test,dataset_splits/10_buildings/building_5/0000579/test/0000579_085.jpg
building_5,0000579,test,dataset_splits/10_buildings/building_5/0000579/test/0000579_112.jpg
building_5,0000579,test,dataset_splits/10_buildings/building_5/0000579/test/0000579_121.jpg
building_5,0000579,test,dataset_splits/10_buildings/building_5/0000579/test/0000579_167.jpg
building_5,0000579,test,dataset_splits/10_buildings/building_5/0000579/test/0000579_173.jpg
building_5,0000579,test,dataset_splits/10_buildings/building_5/0000579/test/0000579_181.jpg
building_5,0000579,test,dataset_splits/10_buildings/building_5/0000579/test/0000579_203.jpg
building_5,0000579,test,dataset_splits/10_buildings/building_5/0000579/test/0000579_212.jpg
building_5,0000579,test,dataset_splits/10_buildings/building_5/0000579/test/0000579_214.jpg
building_5,0000579,test,dataset_splits/10_buildings/building_5/0000579/test/0000579_215.jpg
building_5,0000579,test,dataset_splits/10_buildings/building_5/0000579/test/0000579_219.jpg
building_5,0000588,reference,dataset_splits/10_buildings/building_5/0000588/reference/0000588_004.jpg
building_5,0000588,reference,dataset_splits/10_buildings/building_5/0000588/reference/0000588_007.jpg
building_5,0000588,reference,dataset_splits/10_buildings/building_5/0000588/reference/0000588_019.jpg
building_5,0000588,reference,dataset_splits/10_buildings/building_5/0000588/reference/0000588_028.jpg
building_5,0000588,reference,dataset_splits/10_buildings/building_5/0000588/reference/0000588_033.jpg
building_5,0000588,reference,dataset_splits/10_buildings/building_5/0000588/reference/0000588_046.jpg
building_5,0000588,reference,dataset_splits/10_buildings/building_5/0000588/reference/0000588_047.jpg
building_5,0000588,reference,dataset_splits/10_buildings/building_5/0000588/reference/0000588_064.jpg
building_5,0000588,reference,dataset_splits/10_buildings/building_5/0000588/reference/0000588_083.jpg
building_5,0000588,reference,dataset_splits/10_buildings/building_5/0000588/reference/0000588_089.jpg
building_5,0000588,reference,dataset_splits/10_buildings/building_5/0000588/reference/0000588_090.jpg
building_5,0000588,reference,dataset_splits/10_buildings/building_5/0000588/reference/0000588_093.jpg
building_5,0000588,reference,dataset_splits/10_buildings/building_5/0000588/reference/0000588_101.jpg
building_5,0000588,reference,dataset_splits/10_buildings/building_5/0000588/reference/0000588_108.jpg
building_5,0000588,reference,dataset_splits/10_buildings/building_5/0000588/reference/0000588_113.jpg
building_5,0000588,reference,dataset_splits/10_buildings/building_5/0000588/reference/0000588_114.jpg
building_5,0000588,reference,dataset_splits/10_buildings/building_5/0000588/reference/0000588_122.jpg
building_5,0000588,reference,dataset_splits/10_buildings/building_5/0000588/reference/0000588_143.jpg
building_5,0000588,reference,dataset_splits/10_buildings/building_5/0000588/reference/0000588_146.jpg
building_5,0000588,reference,dataset_splits/10_buildings/building_5/0000588/reference/0000588_162.jpg
building_5,0000588,test,dataset_splits/10_buildings/building_5/0000588/test/0000588_001.jpg
building_5,0000588,test,dataset_splits/10_buildings/building_5/0000588/test/0000588_006.jpg
building_5,0000588,test,dataset_splits/10_buildings/building_5/0000588/test/0000588_015.jpg
building_5,0000588,test,dataset_splits/10_buildings/building_5/0000588/test/0000588_035.jpg
building_5,0000588,test,dataset_splits/10_buildings/building_5/0000588/test/0000588_052.jpg
building_5,0000588,test,dataset_splits/10_buildings/building_5/0000588/test/0000588_060.jpg
building_5,0000588,test,dataset_splits/10_buildings/building_5/0000588/test/0000588_065.jpg
building_5,0000588,test,dataset_splits/10_buildings/building_5/0000588/test/0000588_066.jpg
building_5,0000588,test,dataset_splits/10_buildings/building_5/0000588/test/0000588_078.jpg
building_5,0000588,test,dataset_splits/10_buildings/building_5/0000588/test/0000588_081.jpg
building_5,0000588,test,dataset_splits/10_buildings/building_5/0000588/test/0000588_123.jpg
building_5,0000588,test,dataset_splits/10_buildings/building_5/0000588/test/0000588_124.jpg
building_5,0000588,test,dataset_splits/10_buildings/building_5/0000588/test/0000588_125.jpg
building_5,0000588,test,dataset_splits/10_buildings/building_5/0000588/test/0000588_138.jpg
building_5,0000588,test,dataset_splits/10_buildings/building_5/0000588/test/0000588_140.jpg
building_5,0000588,test,dataset_splits/10_buildings/building_5/0000588/test/0000588_144.jpg
building_5,0000588,test,dataset_splits/10_buildings/building_5/0000588/test/0000588_147.jpg
building_5,0000588,test,dataset_splits/10_buildings/building_5/0000588/test/0000588_150.jpg
building_5,0000588,test,dataset_splits/10_buildings/building_5/0000588/test/0000588_158.jpg
building_5,0000588,test,dataset_splits/10_buildings/building_5/0000588/test/0000588_165.jpg
building_5,0000613,reference,dataset_splits/10_buildings/building_5/0000613/reference/0000613_006.jpg
building_5,0000613,reference,dataset_splits/10_buildings/building_5/0000613/reference/0000613_009.jpg
building_5,0000613,reference,dataset_splits/10_buildings/building_5/0000613/reference/0000613_010.jpg
building_5,0000613,reference,dataset_splits/10_buildings/building_5/0000613/reference/0000613_014.jpg
building_5,0000613,reference,dataset_splits/10_buildings/building_5/0000613/reference/0000613_021.jpg
building_5,0000613,reference,dataset_splits/10_buildings/building_5/0000613/reference/0000613_023.jpg
building_5,0000613,reference,dataset_splits/10_buildings/building_5/0000613/reference/0000613_028.jpg
building_5,0000613,reference,dataset_splits/10_buildings/building_5/0000613/reference/0000613_029.jpg
building_5,0000613,reference,dataset_splits/10_buildings/building_5/0000613/reference/0000613_034.jpg
building_5,0000613,reference,dataset_splits/10_buildings/building_5/0000613/reference/0000613_036.jpg
building_5,0000613,reference,dataset_splits/10_buildings/building_5/0000613/reference/0000613_037.jpg
building_5,0000613,reference,dataset_splits/10_buildings/building_5/0000613/reference/0000613_038.jpg
building_5,0000613,reference,dataset_splits/10_buildings/building_5/0000613/reference/0000613_040.jpg
building_5,0000613,reference,dataset_splits/10_buildings/building_5/0000613/reference/0000613_047.jpg
building_5,0000613,reference,dataset_splits/10_buildings/building_5/0000613/reference/0000613_052.jpg
building_5,0000613,reference,dataset_splits/10_buildings/building_5/0000613/reference/0000613_055.jpg
building_5,0000613,reference,dataset_splits/10_buildings/building_5/0000613/reference/0000613_065.jpg
building_5,0000613,reference,dataset_splits/10_buildings/building_5/0000613/reference/0000613_066.jpg
building_5,0000613,reference,dataset_splits/10_buildings/building_5/0000613/reference/0000613_071.jpg
building_5,0000613,reference,dataset_splits/10_buildings/building_5/0000613/reference/0000613_072.jpg
building_5,0000613,test,dataset_splits/10_buildings/building_5/0000613/test/0000613_002.jpg
building_5,0000613,test,dataset_splits/10_buildings/building_5/0000613/test/0000613_004.jpg
building_5,0000613,test,dataset_splits/10_buildings/building_5/0000613/test/0000613_011.jpg
building_5,0000613,test,dataset_splits/10_buildings/building_5/0000613/test/0000613_013.jpg
building_5,0000613,test,dataset_splits/10_buildings/building_5/0000613/test/0000613_015.jpg
building_5,0000613,test,dataset_splits/10_buildings/building_5/0000613/test/0000613_019.jpg
building_5,0000613,test,dataset_splits/10_buildings/building_5/0000613/test/0000613_020.jpg
building_5,0000613,test,dataset_splits/10_buildings/building_5/0000613/test/0000613_022.jpg
building_5,0000613,test,dataset_splits/10_buildings/building_5/0000613/test/0000613_030.jpg
building_5,0000613,test,dataset_splits/10_buildings/building_5/0000613/test/0000613_031.jpg
building_5,0000613,test,dataset_splits/10_buildings/building_5/0000613/test/0000613_033.jpg
building_5,0000613,test,dataset_splits/10_buildings/building_5/0000613/test/0000613_043.jpg
building_5,0000613,test,dataset_splits/10_buildings/building_5/0000613/test/0000613_044.jpg
building_5,0000613,test,dataset_splits/10_buildings/building_5/0000613/test/0000613_051.jpg
building_5,0000613,test,dataset_splits/10_buildings/building_5/0000613/test/0000613_056.jpg
building_5,0000613,test,dataset_splits/10_buildings/building_5/0000613/test/0000613_059.jpg
building_5,0000613,test,dataset_splits/10_buildings/building_5/0000613/test/0000613_060.jpg
building_5,0000613,test,dataset_splits/10_buildings/building_5/0000613/test/0000613_062.jpg
building_5,0000613,test,dataset_splits/10_buildings/building_5/0000613/test/0000613_064.jpg
building_5,0000613,test,dataset_splits/10_buildings/building_5/0000613/test/0000613_074.jpg
building_5,0000615,reference,dataset_splits/10_buildings/building_5/0000615/reference/0000615_022.jpg
building_5,0000615,reference,dataset_splits/10_buildings/building_5/0000615/reference/0000615_024.jpg
building_5,0000615,reference,dataset_splits/10_buildings/building_5/0000615/reference/0000615_031.jpg
building_5,0000615,reference,dataset_splits/10_buildings/building_5/0000615/reference/0000615_045.jpg
building_5,0000615,reference,dataset_splits/10_buildings/building_5/0000615/reference/0000615_048.jpg
building_5,0000615,reference,dataset_splits/10_buildings/building_5/0000615/reference/0000615_055.jpg
building_5,0000615,reference,dataset_splits/10_buildings/building_5/0000615/reference/0000615_066.jpg
building_5,0000615,reference,dataset_splits/10_buildings/building_5/0000615/reference/0000615_073.jpg
building_5,0000615,reference,dataset_splits/10_buildings/building_5/0000615/reference/0000615_082.jpg
building_5,0000615,reference,dataset_splits/10_buildings/building_5/0000615/reference/0000615_085.jpg
building_5,0000615,reference,dataset_splits/10_buildings/building_5/0000615/reference/0000615_092.jpg
building_5,0000615,reference,dataset_splits/10_buildings/building_5/0000615/reference/0000615_097.jpg
building_5,0000615,reference,dataset_splits/10_buildings/building_5/0000615/reference/0000615_102.jpg
building_5,0000615,reference,dataset_splits/10_buildings/building_5/0000615/reference/0000615_103.jpg
building_5,0000615,reference,dataset_splits/10_buildings/building_5/0000615/reference/0000615_110.jpg
building_5,0000615,reference,dataset_splits/10_buildings/building_5/0000615/reference/0000615_121.jpg
building_5,0000615,reference,dataset_splits/10_buildings/building_5/0000615/reference/0000615_132.jpg
building_5,0000615,reference,dataset_splits/10_buildings/building_5/0000615/reference/0000615_135.jpg
building_5,0000615,reference,dataset_splits/10_buildings/building_5/0000615/reference/0000615_141.jpg
building_5,0000615,reference,dataset_splits/10_buildings/building_5/0000615/reference/0000615_152.jpg
building_5,0000615,test,dataset_splits/10_buildings/building_5/0000615/test/0000615_019.jpg
building_5,0000615,test,dataset_splits/10_buildings/building_5/0000615/test/0000615_032.jpg
building_5,0000615,test,dataset_splits/10_buildings/building_5/0000615/test/0000615_036.jpg
building_5,0000615,test,dataset_splits/10_buildings/building_5/0000615/test/0000615_038.jpg
building_5,0000615,test,dataset_splits/10_buildings/building_5/0000615/test/0000615_047.jpg
building_5,0000615,test,dataset_splits/10_buildings/building_5/0000615/test/0000615_054.jpg
building_5,0000615,test,dataset_splits/10_buildings/building_5/0000615/test/0000615_081.jpg
building_5,0000615,test,dataset_splits/10_buildings/building_5/0000615/test/0000615_084.jpg
building_5,0000615,test,dataset_splits/10_buildings/building_5/0000615/test/0000615_086.jpg
building_5,0000615,test,dataset_splits/10_buildings/building_5/0000615/test/0000615_088.jpg
building_5,0000615,test,dataset_splits/10_buildings/building_5/0000615/test/0000615_093.jpg
building_5,0000615,test,dataset_splits/10_buildings/building_5/0000615/test/0000615_098.jpg
building_5,0000615,test,dataset_splits/10_buildings/building_5/0000615/test/0000615_100.jpg
building_5,0000615,test,dataset_splits/10_buildings/building_5/0000615/test/0000615_119.jpg
building_5,0000615,test,dataset_splits/10_buildings/building_5/0000615/test/0000615_124.jpg
building_5,0000615,test,dataset_splits/10_buildings/building_5/0000615/test/0000615_125.jpg
building_5,0000615,test,dataset_splits/10_buildings/building_5/0000615/test/0000615_127.jpg
building_5,0000615,test,dataset_splits/10_buildings/building_5/0000615/test/0000615_134.jpg
building_5,0000615,test,dataset_splits/10_buildings/building_5/0000615/test/0000615_147.jpg
building_5,0000615,test,dataset_splits/10_buildings/building_5/0000615/test/0000615_150.jpg
building_5,0000656,reference,dataset_splits/10_buildings/building_5/0000656/reference/0000656_003.jpg
building_5,0000656,reference,dataset_splits/10_buildings/building_5/0000656/reference/0000656_005.jpg
building_5,0000656,reference,dataset_splits/10_buildings/building_5/0000656/reference/0000656_010.jpg
building_5,0000656,reference,dataset_splits/10_buildings/building_5/0000656/reference/0000656_013.jpg
building_5,0000656,reference,dataset_splits/10_buildings/building_5/0000656/reference/0000656_033.jpg
building_5,0000656,reference,dataset_splits/10_buildings/building_5/0000656/reference/0000656_036.jpg
building_5,0000656,reference,dataset_splits/10_buildings/building_5/0000656/reference/0000656_048.jpg
building_5,0000656,reference,dataset_splits/10_buildings/building_5/0000656/reference/0000656_066.jpg
building_5,0000656,reference,dataset_splits/10_buildings/building_5/0000656/reference/0000656_091.jpg
building_5,0000656,reference,dataset_splits/10_buildings/building_5/0000656/reference/0000656_103.jpg
building_5,0000656,reference,dataset_splits/10_buildings/building_5/0000656/reference/0000656_109.jpg
building_5,0000656,reference,dataset_splits/10_buildings/building_5/0000656/reference/0000656_119.jpg
building_5,0000656,reference,dataset_splits/10_buildings/building_5/0000656/reference/0000656_127.jpg
building_5,0000656,reference,dataset_splits/10_buildings/building_5/0000656/reference/0000656_129.jpg
building_5,0000656,reference,dataset_splits/10_buildings/building_5/0000656/reference/0000656_160.jpg
building_5,0000656,reference,dataset_splits/10_buildings/building_5/0000656/reference/0000656_163.jpg
building_5,0000656,reference,dataset_splits/10_buildings/building_5/0000656/reference/0000656_175.jpg
building_5,0000656,reference,dataset_splits/10_buildings/building_5/0000656/reference/0000656_176.jpg
building_5,0000656,reference,dataset_splits/10_buildings/building_5/0000656/reference/0000656_191.jpg
building_5,0000656,reference,dataset_splits/10_buildings/building_5/0000656/reference/0000656_203.jpg
building_5,0000656,test,dataset_splits/10_buildings/building_5/0000656/test/0000656_007.jpg
building_5,0000656,test,dataset_splits/10_buildings/building_5/0000656/test/0000656_008.jpg
building_5,0000656,test,dataset_splits/10_buildings/building_5/0000656/test/0000656_011.jpg
building_5,0000656,test,dataset_splits/10_buildings/building_5/0000656/test/0000656_015.jpg
building_5,0000656,test,dataset_splits/10_buildings/building_5/0000656/test/0000656_029.jpg
building_5,0000656,test,dataset_splits/10_buildings/building_5/0000656/test/0000656_059.jpg
building_5,0000656,test,dataset_splits/10_buildings/building_5/0000656/test/0000656_073.jpg
building_5,0000656,test,dataset_splits/10_buildings/building_5/0000656/test/0000656_076.jpg
building_5,0000656,test,dataset_splits/10_buildings/building_5/0000656/test/0000656_095.jpg
building_5,0000656,test,dataset_splits/10_buildings/building_5/0000656/test/0000656_101.jpg
building_5,0000656,test,dataset_splits/10_buildings/building_5/0000656/test/0000656_105.jpg
building_5,0000656,test,dataset_splits/10_buildings/building_5/0000656/test/0000656_113.jpg
building_5,0000656,test,dataset_splits/10_buildings/building_5/0000656/test/0000656_121.jpg
building_5,0000656,test,dataset_splits/10_buildings/building_5/0000656/test/0000656_133.jpg
building_5,0000656,test,dataset_splits/10_buildings/building_5/0000656/test/0000656_144.jpg
building_5,0000656,test,dataset_splits/10_buildings/building_5/0000656/test/0000656_172.jpg
building_5,0000656,test,dataset_splits/10_buildings/building_5/0000656/test/0000656_194.jpg
building_5,0000656,test,dataset_splits/10_buildings/building_5/0000656/test/0000656_200.jpg
building_5,0000656,test,dataset_splits/10_buildings/building_5/0000656/test/0000656_204.jpg
building_5,0000656,test,dataset_splits/10_buildings/building_5/0000656/test/0000656_209.jpg
building_5,0000688,reference,dataset_splits/10_buildings/building_5/0000688/reference/0000688_001.jpg
building_5,0000688,reference,dataset_splits/10_buildings/building_5/0000688/reference/0000688_006.jpg
building_5,0000688,reference,dataset_splits/10_buildings/building_5/0000688/reference/0000688_007.jpg
building_5,0000688,reference,dataset_splits/10_buildings/building_5/0000688/reference/0000688_013.jpg
building_5,0000688,reference,dataset_splits/10_buildings/building_5/0000688/reference/0000688_014.jpg
building_5,0000688,reference,dataset_splits/10_buildings/building_5/0000688/reference/0000688_015.jpg
building_5,0000688,reference,dataset_splits/10_buildings/building_5/0000688/reference/0000688_035.jpg
building_5,0000688,reference,dataset_splits/10_buildings/building_5/0000688/reference/0000688_037.jpg
building_5,0000688,reference,dataset_splits/10_buildings/building_5/0000688/reference/0000688_042.jpg
building_5,0000688,reference,dataset_splits/10_buildings/building_5/0000688/reference/0000688_043.jpg
building_5,0000688,reference,dataset_splits/10_buildings/building_5/0000688/reference/0000688_045.jpg
building_5,0000688,reference,dataset_splits/10_buildings/building_5/0000688/reference/0000688_050.jpg
building_5,0000688,reference,dataset_splits/10_buildings/building_5/0000688/reference/0000688_051.jpg
building_5,0000688,reference,dataset_splits/10_buildings/building_5/0000688/reference/0000688_057.jpg
building_5,0000688,reference,dataset_splits/10_buildings/building_5/0000688/reference/0000688_060.jpg
building_5,0000688,reference,dataset_splits/10_buildings/building_5/0000688/reference/0000688_063.jpg
building_5,0000688,reference,dataset_splits/10_buildings/building_5/0000688/reference/0000688_066.jpg
building_5,0000688,reference,dataset_splits/10_buildings/building_5/0000688/reference/0000688_069.jpg
building_5,0000688,reference,dataset_splits/10_buildings/building_5/0000688/reference/0000688_077.jpg
building_5,0000688,reference,dataset_splits/10_buildings/building_5/0000688/reference/0000688_086.jpg
building_5,0000688,test,dataset_splits/10_buildings/building_5/0000688/test/0000688_002.jpg
building_5,0000688,test,dataset_splits/10_buildings/building_5/0000688/test/0000688_003.jpg
building_5,0000688,test,dataset_splits/10_buildings/building_5/0000688/test/0000688_004.jpg
building_5,0000688,test,dataset_splits/10_buildings/building_5/0000688/test/0000688_005.jpg
building_5,0000688,test,dataset_splits/10_buildings/building_5/0000688/test/0000688_024.jpg
building_5,0000688,test,dataset_splits/10_buildings/building_5/0000688/test/0000688_028.jpg
building_5,0000688,test,dataset_splits/10_buildings/building_5/0000688/test/0000688_029.jpg
building_5,0000688,test,dataset_splits/10_buildings/building_5/0000688/test/0000688_031.jpg
building_5,0000688,test,dataset_splits/10_buildings/building_5/0000688/test/0000688_033.jpg
building_5,0000688,test,dataset_splits/10_buildings/building_5/0000688/test/0000688_039.jpg
building_5,0000688,test,dataset_splits/10_buildings/building_5/0000688/test/0000688_052.jpg
building_5,0000688,test,dataset_splits/10_buildings/building_5/0000688/test/0000688_062.jpg
building_5,0000688,test,dataset_splits/10_buildings/building_5/0000688/test/0000688_065.jpg
building_5,0000688,test,dataset_splits/10_buildings/building_5/0000688/test/0000688_067.jpg
building_5,0000688,test,dataset_splits/10_buildings/building_5/0000688/test/0000688_068.jpg
building_5,0000688,test,dataset_splits/10_buildings/building_5/0000688/test/0000688_070.jpg
building_5,0000688,test,dataset_splits/10_buildings/building_5/0000688/test/0000688_071.jpg
building_5,0000688,test,dataset_splits/10_buildings/building_5/0000688/test/0000688_079.jpg
building_5,0000688,test,dataset_splits/10_buildings/building_5/0000688/test/0000688_081.jpg
building_5,0000688,test,dataset_splits/10_buildings/building_5/0000688/test/0000688_082.jpg
building_5,0000694,reference,dataset_splits/10_buildings/building_5/0000694/reference/0000694_005.jpg
building_5,0000694,reference,dataset_splits/10_buildings/building_5/0000694/reference/0000694_007.jpg
building_5,0000694,reference,dataset_splits/10_buildings/building_5/0000694/reference/0000694_010.jpg
building_5,0000694,reference,dataset_splits/10_buildings/building_5/0000694/reference/0000694_012.jpg
building_5,0000694,reference,dataset_splits/10_buildings/building_5/0000694/reference/0000694_019.jpg
building_5,0000694,reference,dataset_splits/10_buildings/building_5/0000694/reference/0000694_021.jpg
building_5,0000694,reference,dataset_splits/10_buildings/building_5/0000694/reference/0000694_023.jpg
building_5,0000694,reference,dataset_splits/10_buildings/building_5/0000694/reference/0000694_026.jpg
building_5,0000694,reference,dataset_splits/10_buildings/building_5/0000694/reference/0000694_027.jpg
building_5,0000694,reference,dataset_splits/10_buildings/building_5/0000694/reference/0000694_028.jpg
building_5,0000694,reference,dataset_splits/10_buildings/building_5/0000694/reference/0000694_035.jpg
building_5,0000694,reference,dataset_splits/10_buildings/building_5/0000694/reference/0000694_036.jpg
building_5,0000694,reference,dataset_splits/10_buildings/building_5/0000694/reference/0000694_039.jpg
building_5,0000694,reference,dataset_splits/10_buildings/building_5/0000694/reference/0000694_040.jpg
building_5,0000694,reference,dataset_splits/10_buildings/building_5/0000694/reference/0000694_044.jpg
building_5,0000694,reference,dataset_splits/10_buildings/building_5/0000694/reference/0000694_045.jpg
building_5,0000694,reference,dataset_splits/10_buildings/building_5/0000694/reference/0000694_046.jpg
building_5,0000694,reference,dataset_splits/10_buildings/building_5/0000694/reference/0000694_048.jpg
building_5,0000694,reference,dataset_splits/10_buildings/building_5/0000694/reference/0000694_050.jpg
building_5,0000694,reference,dataset_splits/10_buildings/building_5/0000694/reference/0000694_051.jpg
building_5,0000694,test,dataset_splits/10_buildings/building_5/0000694/test/0000694_002.jpg
building_5,0000694,test,dataset_splits/10_buildings/building_5/0000694/test/0000694_003.jpg
building_5,0000694,test,dataset_splits/10_buildings/building_5/0000694/test/0000694_011.jpg
building_5,0000694,test,dataset_splits/10_buildings/building_5/0000694/test/0000694_013.jpg
building_5,0000694,test,dataset_splits/10_buildings/building_5/0000694/test/0000694_015.jpg
building_5,0000694,test,dataset_splits/10_buildings/building_5/0000694/test/0000694_017.jpg
building_5,0000694,test,dataset_splits/10_buildings/building_5/0000694/test/0000694_020.jpg
building_5,0000694,test,dataset_splits/10_buildings/building_5/0000694/test/0000694_022.jpg
building_5,0000694,test,dataset_splits/10_buildings/building_5/0000694/test/0000694_024.jpg
building_5,0000694,test,dataset_splits/10_buildings/building_5/0000694/test/0000694_025.jpg
building_5,0000694,test,dataset_splits/10_buildings/building_5/0000694/test/0000694_029.jpg
building_5,0000694,test,dataset_splits/10_buildings/building_5/0000694/test/0000694_031.jpg
building_5,0000694,test,dataset_splits/10_buildings/building_5/0000694/test/0000694_032.jpg
building_5,0000694,test,dataset_splits/10_buildings/building_5/0000694/test/0000694_037.jpg
building_5,0000694,test,dataset_splits/10_buildings/building_5/0000694/test/0000694_047.jpg
building_5,0000694,test,dataset_splits/10_buildings/building_5/0000694/test/0000694_049.jpg
building_5,0000694,test,dataset_splits/10_buildings/building_5/0000694/test/0000694_052.jpg
building_5,0000694,test,dataset_splits/10_buildings/building_5/0000694/test/0000694_053.jpg
building_5,0000694,test,dataset_splits/10_buildings/building_5/0000694/test/0000694_054.jpg
building_5,0000694,test,dataset_splits/10_buildings/building_5/0000694/test/0000694_056.jpg
building_5,0000729,reference,dataset_splits/10_buildings/building_5/0000729/reference/0000729_008.jpg
building_5,0000729,reference,dataset_splits/10_buildings/building_5/0000729/reference/0000729_018.jpg
building_5,0000729,reference,dataset_splits/10_buildings/building_5/0000729/reference/0000729_027.jpg
building_5,0000729,reference,dataset_splits/10_buildings/building_5/0000729/reference/0000729_029.jpg
building_5,0000729,reference,dataset_splits/10_buildings/building_5/0000729/reference/0000729_033.jpg
building_5,0000729,reference,dataset_splits/10_buildings/building_5/0000729/reference/0000729_049.jpg
building_5,0000729,reference,dataset_splits/10_buildings/building_5/0000729/reference/0000729_052.jpg
building_5,0000729,reference,dataset_splits/10_buildings/building_5/0000729/reference/0000729_069.jpg
building_5,0000729,reference,dataset_splits/10_buildings/building_5/0000729/reference/0000729_073.jpg
building_5,0000729,reference,dataset_splits/10_buildings/building_5/0000729/reference/0000729_075.jpg
building_5,0000729,reference,dataset_splits/10_buildings/building_5/0000729/reference/0000729_077.jpg
building_5,0000729,reference,dataset_splits/10_buildings/building_5/0000729/reference/0000729_079.jpg
building_5,0000729,reference,dataset_splits/10_buildings/building_5/0000729/reference/0000729_083.jpg
building_5,0000729,reference,dataset_splits/10_buildings/building_5/0000729/reference/0000729_085.jpg
building_5,0000729,reference,dataset_splits/10_buildings/building_5/0000729/reference/0000729_087.jpg
building_5,0000729,reference,dataset_splits/10_buildings/building_5/0000729/reference/0000729_107.jpg
building_5,0000729,reference,dataset_splits/10_buildings/building_5/0000729/reference/0000729_123.jpg
building_5,0000729,reference,dataset_splits/10_buildings/building_5/0000729/reference/0000729_126.jpg
building_5,0000729,reference,dataset_splits/10_buildings/building_5/0000729/reference/0000729_134.jpg
building_5,0000729,reference,dataset_splits/10_buildings/building_5/0000729/reference/0000729_137.jpg
building_5,0000729,test,dataset_splits/10_buildings/building_5/0000729/test/0000729_022.jpg
building_5,0000729,test,dataset_splits/10_buildings/building_5/0000729/test/0000729_028.jpg
building_5,0000729,test,dataset_splits/10_buildings/building_5/0000729/test/0000729_032.jpg
building_5,0000729,test,dataset_splits/10_buildings/building_5/0000729/test/0000729_051.jpg
building_5,0000729,test,dataset_splits/10_buildings/building_5/0000729/test/0000729_066.jpg
building_5,0000729,test,dataset_splits/10_buildings/building_5/0000729/test/0000729_068.jpg
building_5,0000729,test,dataset_splits/10_buildings/building_5/0000729/test/0000729_082.jpg
building_5,0000729,test,dataset_splits/10_buildings/building_5/0000729/test/0000729_084.jpg
building_5,0000729,test,dataset_splits/10_buildings/building_5/0000729/test/0000729_088.jpg
building_5,0000729,test,dataset_splits/10_buildings/building_5/0000729/test/0000729_104.jpg
building_5,0000729,test,dataset_splits/10_buildings/building_5/0000729/test/0000729_105.jpg
building_5,0000729,test,dataset_splits/10_buildings/building_5/0000729/test/0000729_117.jpg
building_5,0000729,test,dataset_splits/10_buildings/building_5/0000729/test/0000729_121.jpg
building_5,0000729,test,dataset_splits/10_buildings/building_5/0000729/test/0000729_130.jpg
building_5,0000729,test,dataset_splits/10_buildings/building_5/0000729/test/0000729_132.jpg
building_5,0000729,test,dataset_splits/10_buildings/building_5/0000729/test/0000729_133.jpg
building_5,0000729,test,dataset_splits/10_buildings/building_5/0000729/test/0000729_136.jpg
building_5,0000729,test,dataset_splits/10_buildings/building_5/0000729/test/0000729_145.jpg
building_5,0000729,test,dataset_splits/10_buildings/building_5/0000729/test/0000729_149.jpg
building_5,0000729,test,dataset_splits/10_buildings/building_5/0000729/test/0000729_154.jpg
building_5,0000954,reference,dataset_splits/10_buildings/building_5/0000954/reference/0000954_002.jpg
building_5,0000954,reference,dataset_splits/10_buildings/building_5/0000954/reference/0000954_004.jpg
building_5,0000954,reference,dataset_splits/10_buildings/building_5/0000954/reference/0000954_006.jpg
building_5,0000954,reference,dataset_splits/10_buildings/building_5/0000954/reference/0000954_008.jpg
building_5,0000954,reference,dataset_splits/10_buildings/building_5/0000954/reference/0000954_011.jpg
building_5,0000954,reference,dataset_splits/10_buildings/building_5/0000954/reference/0000954_015.jpg
building_5,0000954,reference,dataset_splits/10_buildings/building_5/0000954/reference/0000954_018.jpg
building_5,0000954,reference,dataset_splits/10_buildings/building_5/0000954/reference/0000954_028.jpg
building_5,0000954,reference,dataset_splits/10_buildings/building_5/0000954/reference/0000954_032.jpg
building_5,0000954,reference,dataset_splits/10_buildings/building_5/0000954/reference/0000954_038.jpg
building_5,0000954,reference,dataset_splits/10_buildings/building_5/0000954/reference/0000954_041.jpg
building_5,0000954,reference,dataset_splits/10_buildings/building_5/0000954/reference/0000954_046.jpg
building_5,0000954,reference,dataset_splits/10_buildings/building_5/0000954/reference/0000954_052.jpg
building_5,0000954,reference,dataset_splits/10_buildings/building_5/0000954/reference/0000954_062.jpg
building_5,0000954,reference,dataset_splits/10_buildings/building_5/0000954/reference/0000954_065.jpg
building_5,0000954,reference,dataset_splits/10_buildings/building_5/0000954/reference/0000954_074.jpg
building_5,0000954,reference,dataset_splits/10_buildings/building_5/0000954/reference/0000954_077.jpg
building_5,0000954,reference,dataset_splits/10_buildings/building_5/0000954/reference/0000954_078.jpg
building_5,0000954,reference,dataset_splits/10_buildings/building_5/0000954/reference/0000954_080.jpg
building_5,0000954,reference,dataset_splits/10_buildings/building_5/0000954/reference/0000954_082.jpg
building_5,0000954,test,dataset_splits/10_buildings/building_5/0000954/test/0000954_003.jpg
building_5,0000954,test,dataset_splits/10_buildings/building_5/0000954/test/0000954_009.jpg
building_5,0000954,test,dataset_splits/10_buildings/building_5/0000954/test/0000954_010.jpg
building_5,0000954,test,dataset_splits/10_buildings/building_5/0000954/test/0000954_013.jpg
building_5,0000954,test,dataset_splits/10_buildings/building_5/0000954/test/0000954_017.jpg
building_5,0000954,test,dataset_splits/10_buildings/building_5/0000954/test/0000954_023.jpg
building_5,0000954,test,dataset_splits/10_buildings/building_5/0000954/test/0000954_027.jpg
building_5,0000954,test,dataset_splits/10_buildings/building_5/0000954/test/0000954_029.jpg
building_5,0000954,test,dataset_splits/10_buildings/building_5/0000954/test/0000954_030.jpg
building_5,0000954,test,dataset_splits/10_buildings/building_5/0000954/test/0000954_031.jpg
building_5,0000954,test,dataset_splits/10_buildings/building_5/0000954/test/0000954_034.jpg
building_5,0000954,test,dataset_splits/10_buildings/building_5/0000954/test/0000954_036.jpg
building_5,0000954,test,dataset_splits/10_buildings/building_5/0000954/test/0000954_040.jpg
building_5,0000954,test,dataset_splits/10_buildings/building_5/0000954/test/0000954_050.jpg
building_5,0000954,test,dataset_splits/10_buildings/building_5/0000954/test/0000954_051.jpg
building_5,0000954,test,dataset_splits/10_buildings/building_5/0000954/test/0000954_058.jpg
building_5,0000954,test,dataset_splits/10_buildings/building_5/0000954/test/0000954_060.jpg
building_5,0000954,test,dataset_splits/10_buildings/building_5/0000954/test/0000954_075.jpg
building_5,0000954,test,dataset_splits/10_buildings/building_5/0000954/test/0000954_081.jpg
building_5,0000954,test,dataset_splits/10_buildings/building_5/0000954/test/0000954_084.jpg
building_5,0000980,reference,dataset_splits/10_buildings/building_5/0000980/reference/0000980_002.jpg
building_5,0000980,reference,dataset_splits/10_buildings/building_5/0000980/reference/0000980_016.jpg
building_5,0000980,reference,dataset_splits/10_buildings/building_5/0000980/reference/0000980_017.jpg
building_5,0000980,reference,dataset_splits/10_buildings/building_5/0000980/reference/0000980_019.jpg
building_5,0000980,reference,dataset_splits/10_buildings/building_5/0000980/reference/0000980_023.jpg
building_5,0000980,reference,dataset_splits/10_buildings/building_5/0000980/reference/0000980_024.jpg
building_5,0000980,reference,dataset_splits/10_buildings/building_5/0000980/reference/0000980_026.jpg
building_5,0000980,reference,dataset_splits/10_buildings/building_5/0000980/reference/0000980_027.jpg
building_5,0000980,reference,dataset_splits/10_buildings/building_5/0000980/reference/0000980_029.jpg
building_5,0000980,reference,dataset_splits/10_buildings/building_5/0000980/reference/0000980_035.jpg
building_5,0000980,reference,dataset_splits/10_buildings/building_5/0000980/reference/0000980_059.jpg
building_5,0000980,reference,dataset_splits/10_buildings/building_5/0000980/reference/0000980_061.jpg
building_5,0000980,reference,dataset_splits/10_buildings/building_5/0000980/reference/0000980_066.jpg
building_5,0000980,reference,dataset_splits/10_buildings/building_5/0000980/reference/0000980_073.jpg
building_5,0000980,reference,dataset_splits/10_buildings/building_5/0000980/reference/0000980_074.jpg
building_5,0000980,reference,dataset_splits/10_buildings/building_5/0000980/reference/0000980_085.jpg
building_5,0000980,reference,dataset_splits/10_buildings/building_5/0000980/reference/0000980_090.jpg
building_5,0000980,reference,dataset_splits/10_buildings/building_5/0000980/reference/0000980_093.jpg
building_5,0000980,reference,dataset_splits/10_buildings/building_5/0000980/reference/0000980_095.jpg
building_5,0000980,reference,dataset_splits/10_buildings/building_5/0000980/reference/0000980_103.jpg
building_5,0000980,test,dataset_splits/10_buildings/building_5/0000980/test/0000980_004.jpg
building_5,0000980,test,dataset_splits/10_buildings/building_5/0000980/test/0000980_010.jpg
building_5,0000980,test,dataset_splits/10_buildings/building_5/0000980/test/0000980_014.jpg
building_5,0000980,test,dataset_splits/10_buildings/building_5/0000980/test/0000980_015.jpg
building_5,0000980,test,dataset_splits/10_buildings/building_5/0000980/test/0000980_038.jpg
building_5,0000980,test,dataset_splits/10_buildings/building_5/0000980/test/0000980_042.jpg
building_5,0000980,test,dataset_splits/10_buildings/building_5/0000980/test/0000980_043.jpg
building_5,0000980,test,dataset_splits/10_buildings/building_5/0000980/test/0000980_044.jpg
building_5,0000980,test,dataset_splits/10_buildings/building_5/0000980/test/0000980_045.jpg
building_5,0000980,test,dataset_splits/10_buildings/building_5/0000980/test/0000980_046.jpg
building_5,0000980,test,dataset_splits/10_buildings/building_5/0000980/test/0000980_050.jpg
building_5,0000980,test,dataset_splits/10_buildings/building_5/0000980/test/0000980_051.jpg
building_5,0000980,test,dataset_splits/10_buildings/building_5/0000980/test/0000980_060.jpg
building_5,0000980,test,dataset_splits/10_buildings/building_5/0000980/test/0000980_063.jpg
building_5,0000980,test,dataset_splits/10_buildings/building_5/0000980/test/0000980_078.jpg
building_5,0000980,test,dataset_splits/10_buildings/building_5/0000980/test/0000980_086.jpg
building_5,0000980,test,dataset_splits/10_buildings/building_5/0000980/test/0000980_087.jpg
building_5,0000980,test,dataset_splits/10_buildings/building_5/0000980/test/0000980_089.jpg
building_5,0000980,test,dataset_splits/10_buildings/building_5/0000980/test/0000980_091.jpg
building_5,0000980,test,dataset_splits/10_buildings/building_5/0000980/test/0000980_101.jpg
building_5,0001111,reference,dataset_splits/10_buildings/building_5/0001111/reference/0001111_001.jpg
building_5,0001111,reference,dataset_splits/10_buildings/building_5/0001111/reference/0001111_002.jpg
building_5,0001111,reference,dataset_splits/10_buildings/building_5/0001111/reference/0001111_004.jpg
building_5,0001111,reference,dataset_splits/10_buildings/building_5/0001111/reference/0001111_008.jpg
building_5,0001111,reference,dataset_splits/10_buildings/building_5/0001111/reference/0001111_010.jpg
building_5,0001111,reference,dataset_splits/10_buildings/building_5/0001111/reference/0001111_011.jpg
building_5,0001111,reference,dataset_splits/10_buildings/building_5/0001111/reference/0001111_014.jpg
building_5,0001111,reference,dataset_splits/10_buildings/building_5/0001111/reference/0001111_016.jpg
building_5,0001111,reference,dataset_splits/10_buildings/building_5/0001111/reference/0001111_018.jpg
building_5,0001111,reference,dataset_splits/10_buildings/building_5/0001111/reference/0001111_020.jpg
building_5,0001111,reference,dataset_splits/10_buildings/building_5/0001111/reference/0001111_024.jpg
building_5,0001111,reference,dataset_splits/10_buildings/building_5/0001111/reference/0001111_025.jpg
building_5,0001111,reference,dataset_splits/10_buildings/building_5/0001111/reference/0001111_026.jpg
building_5,0001111,reference,dataset_splits/10_buildings/building_5/0001111/reference/0001111_030.jpg
building_5,0001111,reference,dataset_splits/10_buildings/building_5/0001111/reference/0001111_035.jpg
building_5,0001111,reference,dataset_splits/10_buildings/building_5/0001111/reference/0001111_037.jpg
building_5,0001111,reference,dataset_splits/10_buildings/building_5/0001111/reference/0001111_045.jpg
building_5,0001111,reference,dataset_splits/10_buildings/building_5/0001111/reference/0001111_053.jpg
building_5,0001111,reference,dataset_splits/10_buildings/building_5/0001111/reference/0001111_056.jpg
building_5,0001111,reference,dataset_splits/10_buildings/building_5/0001111/reference/0001111_058.jpg
building_5,0001111,test,dataset_splits/10_buildings/building_5/0001111/test/0001111_003.jpg
building_5,0001111,test,dataset_splits/10_buildings/building_5/0001111/test/0001111_007.jpg
building_5,0001111,test,dataset_splits/10_buildings/building_5/0001111/test/0001111_013.jpg
building_5,0001111,test,dataset_splits/10_buildings/building_5/0001111/test/0001111_017.jpg
building_5,0001111,test,dataset_splits/10_buildings/building_5/0001111/test/0001111_019.jpg
building_5,0001111,test,dataset_splits/10_buildings/building_5/0001111/test/0001111_022.jpg
building_5,0001111,test,dataset_splits/10_buildings/building_5/0001111/test/0001111_028.jpg
building_5,0001111,test,dataset_splits/10_buildings/building_5/0001111/test/0001111_031.jpg
building_5,0001111,test,dataset_splits/10_buildings/building_5/0001111/test/0001111_032.jpg
building_5,0001111,test,dataset_splits/10_buildings/building_5/0001111/test/0001111_033.jpg
building_5,0001111,test,dataset_splits/10_buildings/building_5/0001111/test/0001111_038.jpg
building_5,0001111,test,dataset_splits/10_buildings/building_5/0001111/test/0001111_039.jpg
building_5,0001111,test,dataset_splits/10_buildings/building_5/0001111/test/0001111_040.jpg
building_5,0001111,test,dataset_splits/10_buildings/building_5/0001111/test/0001111_043.jpg
building_5,0001111,test,dataset_splits/10_buildings/building_5/0001111/test/0001111_044.jpg
building_5,0001111,test,dataset_splits/10_buildings/building_5/0001111/test/0001111_046.jpg
building_5,0001111,test,dataset_splits/10_buildings/building_5/0001111/test/0001111_050.jpg
building_5,0001111,test,dataset_splits/10_buildings/building_5/0001111/test/0001111_051.jpg
building_5,0001111,test,dataset_splits/10_buildings/building_5/0001111/test/0001111_059.jpg
building_5,0001111,test,dataset_splits/10_buildings/building_5/0001111/test/0001111_060.jpg
building_5,0001390,reference,dataset_splits/10_buildings/building_5/0001390/reference/0001390_001.jpg
building_5,0001390,reference,dataset_splits/10_buildings/building_5/0001390/reference/0001390_004.jpg
building_5,0001390,reference,dataset_splits/10_buildings/building_5/0001390/reference/0001390_008.jpg
building_5,0001390,reference,dataset_splits/10_buildings/building_5/0001390/reference/0001390_011.jpg
building_5,0001390,reference,dataset_splits/10_buildings/building_5/0001390/reference/0001390_015.jpg
building_5,0001390,reference,dataset_splits/10_buildings/building_5/0001390/reference/0001390_020.jpg
building_5,0001390,reference,dataset_splits/10_buildings/building_5/0001390/reference/0001390_024.jpg
building_5,0001390,reference,dataset_splits/10_buildings/building_5/0001390/reference/0001390_027.jpg
building_5,0001390,reference,dataset_splits/10_buildings/building_5/0001390/reference/0001390_044.jpg
building_5,0001390,reference,dataset_splits/10_buildings/building_5/0001390/reference/0001390_059.jpg
building_5,0001390,reference,dataset_splits/10_buildings/building_5/0001390/reference/0001390_072.jpg
building_5,0001390,reference,dataset_splits/10_buildings/building_5/0001390/reference/0001390_086.jpg
building_5,0001390,reference,dataset_splits/10_buildings/building_5/0001390/reference/0001390_096.jpg
building_5,0001390,reference,dataset_splits/10_buildings/building_5/0001390/reference/0001390_124.jpg
building_5,0001390,reference,dataset_splits/10_buildings/building_5/0001390/reference/0001390_142.jpg
building_5,0001390,reference,dataset_splits/10_buildings/building_5/0001390/reference/0001390_157.jpg
building_5,0001390,reference,dataset_splits/10_buildings/building_5/0001390/reference/0001390_158.jpg
building_5,0001390,reference,dataset_splits/10_buildings/building_5/0001390/reference/0001390_164.jpg
building_5,0001390,reference,dataset_splits/10_buildings/building_5/0001390/reference/0001390_167.jpg
building_5,0001390,reference,dataset_splits/10_buildings/building_5/0001390/reference/0001390_173.jpg
building_5,0001390,test,dataset_splits/10_buildings/building_5/0001390/test/0001390_019.jpg
building_5,0001390,test,dataset_splits/10_buildings/building_5/0001390/test/0001390_026.jpg
building_5,0001390,test,dataset_splits/10_buildings/building_5/0001390/test/0001390_033.jpg
building_5,0001390,test,dataset_splits/10_buildings/building_5/0001390/test/0001390_039.jpg
building_5,0001390,test,dataset_splits/10_buildings/building_5/0001390/test/0001390_049.jpg
building_5,0001390,test,dataset_splits/10_buildings/building_5/0001390/test/0001390_051.jpg
building_5,0001390,test,dataset_splits/10_buildings/building_5/0001390/test/0001390_057.jpg
building_5,0001390,test,dataset_splits/10_buildings/building_5/0001390/test/0001390_062.jpg
building_5,0001390,test,dataset_splits/10_buildings/building_5/0001390/test/0001390_066.jpg
building_5,0001390,test,dataset_splits/10_buildings/building_5/0001390/test/0001390_070.jpg
building_5,0001390,test,dataset_splits/10_buildings/building_5/0001390/test/0001390_097.jpg
building_5,0001390,test,dataset_splits/10_buildings/building_5/0001390/test/0001390_098.jpg
building_5,0001390,test,dataset_splits/10_buildings/building_5/0001390/test/0001390_117.jpg
building_5,0001390,test,dataset_splits/10_buildings/building_5/0001390/test/0001390_133.jpg
building_5,0001390,test,dataset_splits/10_buildings/building_5/0001390/test/0001390_140.jpg
building_5,0001390,test,dataset_splits/10_buildings/building_5/0001390/test/0001390_143.jpg
building_5,0001390,test,dataset_splits/10_buildings/building_5/0001390/test/0001390_150.jpg
building_5,0001390,test,dataset_splits/10_buildings/building_5/0001390/test/0001390_152.jpg
building_5,0001390,test,dataset_splits/10_buildings/building_5/0001390/test/0001390_161.jpg
building_5,0001390,test,dataset_splits/10_buildings/building_5/0001390/test/0001390_174.jpg
building_5,0001416,reference,dataset_splits/10_buildings/building_5/0001416/reference/0001416_004.jpg
building_5,0001416,reference,dataset_splits/10_buildings/building_5/0001416/reference/0001416_011.jpg
building_5,0001416,reference,dataset_splits/10_buildings/building_5/0001416/reference/0001416_022.jpg
building_5,0001416,reference,dataset_splits/10_buildings/building_5/0001416/reference/0001416_024.jpg
building_5,0001416,reference,dataset_splits/10_buildings/building_5/0001416/reference/0001416_033.jpg
building_5,0001416,reference,dataset_splits/10_buildings/building_5/0001416/reference/0001416_045.jpg
building_5,0001416,reference,dataset_splits/10_buildings/building_5/0001416/reference/0001416_052.jpg
building_5,0001416,reference,dataset_splits/10_buildings/building_5/0001416/reference/0001416_058.jpg
building_5,0001416,reference,dataset_splits/10_buildings/building_5/0001416/reference/0001416_064.jpg
building_5,0001416,reference,dataset_splits/10_buildings/building_5/0001416/reference/0001416_067.jpg
building_5,0001416,reference,dataset_splits/10_buildings/building_5/0001416/reference/0001416_069.jpg
building_5,0001416,reference,dataset_splits/10_buildings/building_5/0001416/reference/0001416_079.jpg
building_5,0001416,reference,dataset_splits/10_buildings/building_5/0001416/reference/0001416_082.jpg
building_5,0001416,reference,dataset_splits/10_buildings/building_5/0001416/reference/0001416_109.jpg
building_5,0001416,reference,dataset_splits/10_buildings/building_5/0001416/reference/0001416_120.jpg
building_5,0001416,reference,dataset_splits/10_buildings/building_5/0001416/reference/0001416_132.jpg
building_5,0001416,reference,dataset_splits/10_buildings/building_5/0001416/reference/0001416_133.jpg
building_5,0001416,reference,dataset_splits/10_buildings/building_5/0001416/reference/0001416_137.jpg
building_5,0001416,reference,dataset_splits/10_buildings/building_5/0001416/reference/0001416_149.jpg
building_5,0001416,reference,dataset_splits/10_buildings/building_5/0001416/reference/0001416_159.jpg
building_5,0001416,test,dataset_splits/10_buildings/building_5/0001416/test/0001416_009.jpg
building_5,0001416,test,dataset_splits/10_buildings/building_5/0001416/test/0001416_038.jpg
building_5,0001416,test,dataset_splits/10_buildings/building_5/0001416/test/0001416_048.jpg
building_5,0001416,test,dataset_splits/10_buildings/building_5/0001416/test/0001416_049.jpg
building_5,0001416,test,dataset_splits/10_buildings/building_5/0001416/test/0001416_066.jpg
building_5,0001416,test,dataset_splits/10_buildings/building_5/0001416/test/0001416_068.jpg
building_5,0001416,test,dataset_splits/10_buildings/building_5/0001416/test/0001416_073.jpg
building_5,0001416,test,dataset_splits/10_buildings/building_5/0001416/test/0001416_075.jpg
building_5,0001416,test,dataset_splits/10_buildings/building_5/0001416/test/0001416_077.jpg
building_5,0001416,test,dataset_splits/10_buildings/building_5/0001416/test/0001416_078.jpg
building_5,0001416,test,dataset_splits/10_buildings/building_5/0001416/test/0001416_083.jpg
building_5,0001416,test,dataset_splits/10_buildings/building_5/0001416/test/0001416_091.jpg
building_5,0001416,test,dataset_splits/10_buildings/building_5/0001416/test/0001416_092.jpg
building_5,0001416,test,dataset_splits/10_buildings/building_5/0001416/test/0001416_125.jpg
building_5,0001416,test,dataset_splits/10_buildings/building_5/0001416/test/0001416_128.jpg
building_5,0001416,test,dataset_splits/10_buildings/building_5/0001416/test/0001416_154.jpg
building_5,0001416,test,dataset_splits/10_buildings/building_5/0001416/test/0001416_156.jpg
building_5,0001416,test,dataset_splits/10_buildings/building_5/0001416/test/0001416_162.jpg
building_5,0001416,test,dataset_splits/10_buildings/building_5/0001416/test/0001416_163.jpg
building_5,0001416,test,dataset_splits/10_buildings/building_5/0001416/test/0001416_170.jpg
building_5,0001441,reference,dataset_splits/10_buildings/building_5/0001441/reference/0001441_004.jpg
building_5,0001441,reference,dataset_splits/10_buildings/building_5/0001441/reference/0001441_007.jpg
building_5,0001441,reference,dataset_splits/10_buildings/building_5/0001441/reference/0001441_015.jpg
building_5,0001441,reference,dataset_splits/10_buildings/building_5/0001441/reference/0001441_018.jpg
building_5,0001441,reference,dataset_splits/10_buildings/building_5/0001441/reference/0001441_032.jpg
building_5,0001441,reference,dataset_splits/10_buildings/building_5/0001441/reference/0001441_034.jpg
building_5,0001441,reference,dataset_splits/10_buildings/building_5/0001441/reference/0001441_040.jpg
building_5,0001441,reference,dataset_splits/10_buildings/building_5/0001441/reference/0001441_047.jpg
building_5,0001441,reference,dataset_splits/10_buildings/building_5/0001441/reference/0001441_051.jpg
building_5,0001441,reference,dataset_splits/10_buildings/building_5/0001441/reference/0001441_061.jpg
building_5,0001441,reference,dataset_splits/10_buildings/building_5/0001441/reference/0001441_063.jpg
building_5,0001441,reference,dataset_splits/10_buildings/building_5/0001441/reference/0001441_064.jpg
building_5,0001441,reference,dataset_splits/10_buildings/building_5/0001441/reference/0001441_074.jpg
building_5,0001441,reference,dataset_splits/10_buildings/building_5/0001441/reference/0001441_085.jpg
building_5,0001441,reference,dataset_splits/10_buildings/building_5/0001441/reference/0001441_088.jpg
building_5,0001441,reference,dataset_splits/10_buildings/building_5/0001441/reference/0001441_094.jpg
building_5,0001441,reference,dataset_splits/10_buildings/building_5/0001441/reference/0001441_095.jpg
building_5,0001441,reference,dataset_splits/10_buildings/building_5/0001441/reference/0001441_099.jpg
building_5,0001441,reference,dataset_splits/10_buildings/building_5/0001441/reference/0001441_110.jpg
building_5,0001441,reference,dataset_splits/10_buildings/building_5/0001441/reference/0001441_112.jpg
building_5,0001441,test,dataset_splits/10_buildings/building_5/0001441/test/0001441_010.jpg
building_5,0001441,test,dataset_splits/10_buildings/building_5/0001441/test/0001441_012.jpg
building_5,0001441,test,dataset_splits/10_buildings/building_5/0001441/test/0001441_023.jpg
building_5,0001441,test,dataset_splits/10_buildings/building_5/0001441/test/0001441_037.jpg
building_5,0001441,test,dataset_splits/10_buildings/building_5/0001441/test/0001441_039.jpg
building_5,0001441,test,dataset_splits/10_buildings/building_5/0001441/test/0001441_048.jpg
building_5,0001441,test,dataset_splits/10_buildings/building_5/0001441/test/0001441_053.jpg
building_5,0001441,test,dataset_splits/10_buildings/building_5/0001441/test/0001441_062.jpg
building_5,0001441,test,dataset_splits/10_buildings/building_5/0001441/test/0001441_072.jpg
building_5,0001441,test,dataset_splits/10_buildings/building_5/0001441/test/0001441_073.jpg
building_5,0001441,test,dataset_splits/10_buildings/building_5/0001441/test/0001441_077.jpg
building_5,0001441,test,dataset_splits/10_buildings/building_5/0001441/test/0001441_087.jpg
building_5,0001441,test,dataset_splits/10_buildings/building_5/0001441/test/0001441_100.jpg
building_5,0001441,test,dataset_splits/10_buildings/building_5/0001441/test/0001441_102.jpg
building_5,0001441,test,dataset_splits/10_buildings/building_5/0001441/test/0001441_103.jpg
building_5,0001441,test,dataset_splits/10_buildings/building_5/0001441/test/0001441_104.jpg
building_5,0001441,test,dataset_splits/10_buildings/building_5/0001441/test/0001441_106.jpg
building_5,0001441,test,dataset_splits/10_buildings/building_5/0001441/test/0001441_115.jpg
building_5,0001441,test,dataset_splits/10_buildings/building_5/0001441/test/0001441_116.jpg
building_5,0001441,test,dataset_splits/10_buildings/building_5/0001441/test/0001441_117.jpg
building_5,0001593,reference,dataset_splits/10_buildings/building_5/0001593/reference/0001593_006.jpg
building_5,0001593,reference,dataset_splits/10_buildings/building_5/0001593/reference/0001593_039.jpg
building_5,0001593,reference,dataset_splits/10_buildings/building_5/0001593/reference/0001593_068.jpg
building_5,0001593,reference,dataset_splits/10_buildings/building_5/0001593/reference/0001593_077.jpg
building_5,0001593,reference,dataset_splits/10_buildings/building_5/0001593/reference/0001593_096.jpg
building_5,0001593,reference,dataset_splits/10_buildings/building_5/0001593/reference/0001593_107.jpg
building_5,0001593,reference,dataset_splits/10_buildings/building_5/0001593/reference/0001593_108.jpg
building_5,0001593,reference,dataset_splits/10_buildings/building_5/0001593/reference/0001593_159.jpg
building_5,0001593,reference,dataset_splits/10_buildings/building_5/0001593/reference/0001593_163.jpg
building_5,0001593,reference,dataset_splits/10_buildings/building_5/0001593/reference/0001593_177.jpg
building_5,0001593,reference,dataset_splits/10_buildings/building_5/0001593/reference/0001593_181.jpg
building_5,0001593,reference,dataset_splits/10_buildings/building_5/0001593/reference/0001593_211.jpg
building_5,0001593,reference,dataset_splits/10_buildings/building_5/0001593/reference/0001593_246.jpg
building_5,0001593,reference,dataset_splits/10_buildings/building_5/0001593/reference/0001593_247.jpg
building_5,0001593,reference,dataset_splits/10_buildings/building_5/0001593/reference/0001593_249.jpg
building_5,0001593,reference,dataset_splits/10_buildings/building_5/0001593/reference/0001593_273.jpg
building_5,0001593,reference,dataset_splits/10_buildings/building_5/0001593/reference/0001593_291.jpg
building_5,0001593,reference,dataset_splits/10_buildings/building_5/0001593/reference/0001593_293.jpg
building_5,0001593,reference,dataset_splits/10_buildings/building_5/0001593/reference/0001593_300.jpg
building_5,0001593,reference,dataset_splits/10_buildings/building_5/0001593/reference/0001593_311.jpg
building_5,0001593,test,dataset_splits/10_buildings/building_5/0001593/test/0001593_007.jpg
building_5,0001593,test,dataset_splits/10_buildings/building_5/0001593/test/0001593_008.jpg
building_5,0001593,test,dataset_splits/10_buildings/building_5/0001593/test/0001593_024.jpg
building_5,0001593,test,dataset_splits/10_buildings/building_5/0001593/test/0001593_028.jpg
building_5,0001593,test,dataset_splits/10_buildings/building_5/0001593/test/0001593_040.jpg
building_5,0001593,test,dataset_splits/10_buildings/building_5/0001593/test/0001593_080.jpg
building_5,0001593,test,dataset_splits/10_buildings/building_5/0001593/test/0001593_140.jpg
building_5,0001593,test,dataset_splits/10_buildings/building_5/0001593/test/0001593_147.jpg
building_5,0001593,test,dataset_splits/10_buildings/building_5/0001593/test/0001593_150.jpg
building_5,0001593,test,dataset_splits/10_buildings/building_5/0001593/test/0001593_168.jpg
building_5,0001593,test,dataset_splits/10_buildings/building_5/0001593/test/0001593_176.jpg
building_5,0001593,test,dataset_splits/10_buildings/building_5/0001593/test/0001593_204.jpg
building_5,0001593,test,dataset_splits/10_buildings/building_5/0001593/test/0001593_212.jpg
building_5,0001593,test,dataset_splits/10_buildings/building_5/0001593/test/0001593_213.jpg
building_5,0001593,test,dataset_splits/10_buildings/building_5/0001593/test/0001593_264.jpg
building_5,0001593,test,dataset_splits/10_buildings/building_5/0001593/test/0001593_270.jpg
building_5,0001593,test,dataset_splits/10_buildings/building_5/0001593/test/0001593_271.jpg
building_5,0001593,test,dataset_splits/10_buildings/building_5/0001593/test/0001593_290.jpg
building_5,0001593,test,dataset_splits/10_buildings/building_5/0001593/test/0001593_319.jpg
building_5,0001593,test,dataset_splits/10_buildings/building_5/0001593/test/0001593_340.jpg
building_5,0001650,reference,dataset_splits/10_buildings/building_5/0001650/reference/0001650_019.jpg
building_5,0001650,reference,dataset_splits/10_buildings/building_5/0001650/reference/0001650_021.jpg
building_5,0001650,reference,dataset_splits/10_buildings/building_5/0001650/reference/0001650_022.jpg
building_5,0001650,reference,dataset_splits/10_buildings/building_5/0001650/reference/0001650_023.jpg
building_5,0001650,reference,dataset_splits/10_buildings/building_5/0001650/reference/0001650_029.jpg
building_5,0001650,reference,dataset_splits/10_buildings/building_5/0001650/reference/0001650_032.jpg
building_5,0001650,reference,dataset_splits/10_buildings/building_5/0001650/reference/0001650_035.jpg
building_5,0001650,reference,dataset_splits/10_buildings/building_5/0001650/reference/0001650_039.jpg
building_5,0001650,reference,dataset_splits/10_buildings/building_5/0001650/reference/0001650_041.jpg
building_5,0001650,reference,dataset_splits/10_buildings/building_5/0001650/reference/0001650_043.jpg
building_5,0001650,reference,dataset_splits/10_buildings/building_5/0001650/reference/0001650_044.jpg
building_5,0001650,reference,dataset_splits/10_buildings/building_5/0001650/reference/0001650_049.jpg
building_5,0001650,reference,dataset_splits/10_buildings/building_5/0001650/reference/0001650_050.jpg
building_5,0001650,reference,dataset_splits/10_buildings/building_5/0001650/reference/0001650_052.jpg
building_5,0001650,reference,dataset_splits/10_buildings/building_5/0001650/reference/0001650_057.jpg
building_5,0001650,reference,dataset_splits/10_buildings/building_5/0001650/reference/0001650_061.jpg
building_5,0001650,reference,dataset_splits/10_buildings/building_5/0001650/reference/0001650_066.jpg
building_5,0001650,reference,dataset_splits/10_buildings/building_5/0001650/reference/0001650_068.jpg
building_5,0001650,reference,dataset_splits/10_buildings/building_5/0001650/reference/0001650_073.jpg
building_5,0001650,reference,dataset_splits/10_buildings/building_5/0001650/reference/0001650_080.jpg
building_5,0001650,test,dataset_splits/10_buildings/building_5/0001650/test/0001650_002.jpg
building_5,0001650,test,dataset_splits/10_buildings/building_5/0001650/test/0001650_011.jpg
building_5,0001650,test,dataset_splits/10_buildings/building_5/0001650/test/0001650_013.jpg
building_5,0001650,test,dataset_splits/10_buildings/building_5/0001650/test/0001650_024.jpg
building_5,0001650,test,dataset_splits/10_buildings/building_5/0001650/test/0001650_027.jpg
building_5,0001650,test,dataset_splits/10_buildings/building_5/0001650/test/0001650_034.jpg
building_5,0001650,test,dataset_splits/10_buildings/building_5/0001650/test/0001650_040.jpg
building_5,0001650,test,dataset_splits/10_buildings/building_5/0001650/test/0001650_042.jpg
building_5,0001650,test,dataset_splits/10_buildings/building_5/0001650/test/0001650_045.jpg
building_5,0001650,test,dataset_splits/10_buildings/building_5/0001650/test/0001650_053.jpg
building_5,0001650,test,dataset_splits/10_buildings/building_5/0001650/test/0001650_055.jpg
building_5,0001650,test,dataset_splits/10_buildings/building_5/0001650/test/0001650_058.jpg
building_5,0001650,test,dataset_splits/10_buildings/building_5/0001650/test/0001650_060.jpg
building_5,0001650,test,dataset_splits/10_buildings/building_5/0001650/test/0001650_062.jpg
building_5,0001650,test,dataset_splits/10_buildings/building_5/0001650/test/0001650_070.jpg
building_5,0001650,test,dataset_splits/10_buildings/building_5/0001650/test/0001650_072.jpg
building_5,0001650,test,dataset_splits/10_buildings/building_5/0001650/test/0001650_074.jpg
building_5,0001650,test,dataset_splits/10_buildings/building_5/0001650/test/0001650_075.jpg
building_5,0001650,test,dataset_splits/10_buildings/building_5/0001650/test/0001650_077.jpg
building_5,0001650,test,dataset_splits/10_buildings/building_5/0001650/test/0001650_086.jpg
building_5,0001738,reference,dataset_splits/10_buildings/building_5/0001738/reference/0001738_003.jpg
building_5,0001738,reference,dataset_splits/10_buildings/building_5/0001738/reference/0001738_005.jpg
building_5,0001738,reference,dataset_splits/10_buildings/building_5/0001738/reference/0001738_008.jpg
building_5,0001738,reference,dataset_splits/10_buildings/building_5/0001738/reference/0001738_009.jpg
building_5,0001738,reference,dataset_splits/10_buildings/building_5/0001738/reference/0001738_019.jpg
building_5,0001738,reference,dataset_splits/10_buildings/building_5/0001738/reference/0001738_027.jpg
building_5,0001738,reference,dataset_splits/10_buildings/building_5/0001738/reference/0001738_030.jpg
building_5,0001738,reference,dataset_splits/10_buildings/building_5/0001738/reference/0001738_031.jpg
building_5,0001738,reference,dataset_splits/10_buildings/building_5/0001738/reference/0001738_033.jpg
building_5,0001738,reference,dataset_splits/10_buildings/building_5/0001738/reference/0001738_038.jpg
building_5,0001738,reference,dataset_splits/10_buildings/building_5/0001738/reference/0001738_040.jpg
building_5,0001738,reference,dataset_splits/10_buildings/building_5/0001738/reference/0001738_042.jpg
building_5,0001738,reference,dataset_splits/10_buildings/building_5/0001738/reference/0001738_048.jpg
building_5,0001738,reference,dataset_splits/10_buildings/building_5/0001738/reference/0001738_064.jpg
building_5,0001738,reference,dataset_splits/10_buildings/building_5/0001738/reference/0001738_065.jpg
building_5,0001738,reference,dataset_splits/10_buildings/building_5/0001738/reference/0001738_068.jpg
building_5,0001738,reference,dataset_splits/10_buildings/building_5/0001738/reference/0001738_069.jpg
building_5,0001738,reference,dataset_splits/10_buildings/building_5/0001738/reference/0001738_070.jpg
building_5,0001738,reference,dataset_splits/10_buildings/building_5/0001738/reference/0001738_074.jpg
building_5,0001738,reference,dataset_splits/10_buildings/building_5/0001738/reference/0001738_076.jpg
building_5,0001738,test,dataset_splits/10_buildings/building_5/0001738/test/0001738_001.jpg
building_5,0001738,test,dataset_splits/10_buildings/building_5/0001738/test/0001738_002.jpg
building_5,0001738,test,dataset_splits/10_buildings/building_5/0001738/test/0001738_011.jpg
building_5,0001738,test,dataset_splits/10_buildings/building_5/0001738/test/0001738_012.jpg
building_5,0001738,test,dataset_splits/10_buildings/building_5/0001738/test/0001738_014.jpg
building_5,0001738,test,dataset_splits/10_buildings/building_5/0001738/test/0001738_018.jpg
building_5,0001738,test,dataset_splits/10_buildings/building_5/0001738/test/0001738_021.jpg
building_5,0001738,test,dataset_splits/10_buildings/building_5/0001738/test/0001738_022.jpg
building_5,0001738,test,dataset_splits/10_buildings/building_5/0001738/test/0001738_034.jpg
building_5,0001738,test,dataset_splits/10_buildings/building_5/0001738/test/0001738_036.jpg
building_5,0001738,test,dataset_splits/10_buildings/building_5/0001738/test/0001738_037.jpg
building_5,0001738,test,dataset_splits/10_buildings/building_5/0001738/test/0001738_041.jpg
building_5,0001738,test,dataset_splits/10_buildings/building_5/0001738/test/0001738_043.jpg
building_5,0001738,test,dataset_splits/10_buildings/building_5/0001738/test/0001738_057.jpg
building_5,0001738,test,dataset_splits/10_buildings/building_5/0001738/test/0001738_059.jpg
building_5,0001738,test,dataset_splits/10_buildings/building_5/0001738/test/0001738_062.jpg
building_5,0001738,test,dataset_splits/10_buildings/building_5/0001738/test/0001738_063.jpg
building_5,0001738,test,dataset_splits/10_buildings/building_5/0001738/test/0001738_067.jpg
building_5,0001738,test,dataset_splits/10_buildings/building_5/0001738/test/0001738_072.jpg
building_5,0001738,test,dataset_splits/10_buildings/building_5/0001738/test/0001738_079.jpg
building_5,0001785,reference,dataset_splits/10_buildings/building_5/0001785/reference/0001785_002.jpg
building_5,0001785,reference,dataset_splits/10_buildings/building_5/0001785/reference/0001785_004.jpg
building_5,0001785,reference,dataset_splits/10_buildings/building_5/0001785/reference/0001785_010.jpg
building_5,0001785,reference,dataset_splits/10_buildings/building_5/0001785/reference/0001785_014.jpg
building_5,0001785,reference,dataset_splits/10_buildings/building_5/0001785/reference/0001785_015.jpg
building_5,0001785,reference,dataset_splits/10_buildings/building_5/0001785/reference/0001785_017.jpg
building_5,0001785,reference,dataset_splits/10_buildings/building_5/0001785/reference/0001785_018.jpg
building_5,0001785,reference,dataset_splits/10_buildings/building_5/0001785/reference/0001785_021.jpg
building_5,0001785,reference,dataset_splits/10_buildings/building_5/0001785/reference/0001785_033.jpg
building_5,0001785,reference,dataset_splits/10_buildings/building_5/0001785/reference/0001785_035.jpg
building_5,0001785,reference,dataset_splits/10_buildings/building_5/0001785/reference/0001785_038.jpg
building_5,0001785,reference,dataset_splits/10_buildings/building_5/0001785/reference/0001785_040.jpg
building_5,0001785,reference,dataset_splits/10_buildings/building_5/0001785/reference/0001785_041.jpg
building_5,0001785,reference,dataset_splits/10_buildings/building_5/0001785/reference/0001785_042.jpg
building_5,0001785,reference,dataset_splits/10_buildings/building_5/0001785/reference/0001785_047.jpg
building_5,0001785,reference,dataset_splits/10_buildings/building_5/0001785/reference/0001785_049.jpg
building_5,0001785,reference,dataset_splits/10_buildings/building_5/0001785/reference/0001785_053.jpg
building_5,0001785,reference,dataset_splits/10_buildings/building_5/0001785/reference/0001785_055.jpg
building_5,0001785,reference,dataset_splits/10_buildings/building_5/0001785/reference/0001785_058.jpg
building_5,0001785,reference,dataset_splits/10_buildings/building_5/0001785/reference/0001785_059.jpg
building_5,0001785,test,dataset_splits/10_buildings/building_5/0001785/test/0001785_005.jpg
building_5,0001785,test,dataset_splits/10_buildings/building_5/0001785/test/0001785_006.jpg
building_5,0001785,test,dataset_splits/10_buildings/building_5/0001785/test/0001785_008.jpg
building_5,0001785,test,dataset_splits/10_buildings/building_5/0001785/test/0001785_009.jpg
building_5,0001785,test,dataset_splits/10_buildings/building_5/0001785/test/0001785_011.jpg
building_5,0001785,test,dataset_splits/10_buildings/building_5/0001785/test/0001785_012.jpg
building_5,0001785,test,dataset_splits/10_buildings/building_5/0001785/test/0001785_016.jpg
building_5,0001785,test,dataset_splits/10_buildings/building_5/0001785/test/0001785_020.jpg
building_5,0001785,test,dataset_splits/10_buildings/building_5/0001785/test/0001785_023.jpg
building_5,0001785,test,dataset_splits/10_buildings/building_5/0001785/test/0001785_024.jpg
building_5,0001785,test,dataset_splits/10_buildings/building_5/0001785/test/0001785_027.jpg
building_5,0001785,test,dataset_splits/10_buildings/building_5/0001785/test/0001785_028.jpg
building_5,0001785,test,dataset_splits/10_buildings/building_5/0001785/test/0001785_029.jpg
building_5,0001785,test,dataset_splits/10_buildings/building_5/0001785/test/0001785_031.jpg
building_5,0001785,test,dataset_splits/10_buildings/building_5/0001785/test/0001785_039.jpg
building_5,0001785,test,dataset_splits/10_buildings/building_5/0001785/test/0001785_043.jpg
building_5,0001785,test,dataset_splits/10_buildings/building_5/0001785/test/0001785_044.jpg
building_5,0001785,test,dataset_splits/10_buildings/building_5/0001785/test/0001785_046.jpg
building_5,0001785,test,dataset_splits/10_buildings/building_5/0001785/test/0001785_056.jpg
building_5,0001785,test,dataset_splits/10_buildings/building_5/0001785/test/0001785_060.jpg
building_5,0001803,reference,dataset_splits/10_buildings/building_5/0001803/reference/0001803_001.jpg
building_5,0001803,reference,dataset_splits/10_buildings/building_5/0001803/reference/0001803_007.jpg
building_5,0001803,reference,dataset_splits/10_buildings/building_5/0001803/reference/0001803_008.jpg
building_5,0001803,reference,dataset_splits/10_buildings/building_5/0001803/reference/0001803_009.jpg
building_5,0001803,reference,dataset_splits/10_buildings/building_5/0001803/reference/0001803_012.jpg
building_5,0001803,reference,dataset_splits/10_buildings/building_5/0001803/reference/0001803_016.jpg
building_5,0001803,reference,dataset_splits/10_buildings/building_5/0001803/reference/0001803_022.jpg
building_5,0001803,reference,dataset_splits/10_buildings/building_5/0001803/reference/0001803_033.jpg
building_5,0001803,reference,dataset_splits/10_buildings/building_5/0001803/reference/0001803_035.jpg
building_5,0001803,reference,dataset_splits/10_buildings/building_5/0001803/reference/0001803_037.jpg
building_5,0001803,reference,dataset_splits/10_buildings/building_5/0001803/reference/0001803_040.jpg
building_5,0001803,reference,dataset_splits/10_buildings/building_5/0001803/reference/0001803_044.jpg
building_5,0001803,reference,dataset_splits/10_buildings/building_5/0001803/reference/0001803_059.jpg
building_5,0001803,reference,dataset_splits/10_buildings/building_5/0001803/reference/0001803_068.jpg
building_5,0001803,reference,dataset_splits/10_buildings/building_5/0001803/reference/0001803_070.jpg
building_5,0001803,reference,dataset_splits/10_buildings/building_5/0001803/reference/0001803_073.jpg
building_5,0001803,reference,dataset_splits/10_buildings/building_5/0001803/reference/0001803_077.jpg
building_5,0001803,reference,dataset_splits/10_buildings/building_5/0001803/reference/0001803_078.jpg
building_5,0001803,reference,dataset_splits/10_buildings/building_5/0001803/reference/0001803_086.jpg
building_5,0001803,reference,dataset_splits/10_buildings/building_5/0001803/reference/0001803_087.jpg
building_5,0001803,test,dataset_splits/10_buildings/building_5/0001803/test/0001803_003.jpg
building_5,0001803,test,dataset_splits/10_buildings/building_5/0001803/test/0001803_005.jpg
building_5,0001803,test,dataset_splits/10_buildings/building_5/0001803/test/0001803_011.jpg
building_5,0001803,test,dataset_splits/10_buildings/building_5/0001803/test/0001803_020.jpg
building_5,0001803,test,dataset_splits/10_buildings/building_5/0001803/test/0001803_029.jpg
building_5,0001803,test,dataset_splits/10_buildings/building_5/0001803/test/0001803_041.jpg
building_5,0001803,test,dataset_splits/10_buildings/building_5/0001803/test/0001803_042.jpg
building_5,0001803,test,dataset_splits/10_buildings/building_5/0001803/test/0001803_046.jpg
building_5,0001803,test,dataset_splits/10_buildings/building_5/0001803/test/0001803_047.jpg
building_5,0001803,test,dataset_splits/10_buildings/building_5/0001803/test/0001803_049.jpg
building_5,0001803,test,dataset_splits/10_buildings/building_5/0001803/test/0001803_053.jpg
building_5,0001803,test,dataset_splits/10_buildings/building_5/0001803/test/0001803_054.jpg
building_5,0001803,test,dataset_splits/10_buildings/building_5/0001803/test/0001803_055.jpg
building_5,0001803,test,dataset_splits/10_buildings/building_5/0001803/test/0001803_056.jpg
building_5,0001803,test,dataset_splits/10_buildings/building_5/0001803/test/0001803_057.jpg
building_5,0001803,test,dataset_splits/10_buildings/building_5/0001803/test/0001803_067.jpg
building_5,0001803,test,dataset_splits/10_buildings/building_5/0001803/test/0001803_074.jpg
building_5,0001803,test,dataset_splits/10_buildings/building_5/0001803/test/0001803_076.jpg
building_5,0001803,test,dataset_splits/10_buildings/building_5/0001803/test/0001803_079.jpg
building_5,0001803,test,dataset_splits/10_buildings/building_5/0001803/test/0001803_081.jpg
building_5,0004248,reference,dataset_splits/10_buildings/building_5/0004248/reference/0004248_001.jpg
building_5,0004248,reference,dataset_splits/10_buildings/building_5/0004248/reference/0004248_005.jpg
building_5,0004248,reference,dataset_splits/10_buildings/building_5/0004248/reference/0004248_008.jpg
building_5,0004248,reference,dataset_splits/10_buildings/building_5/0004248/reference/0004248_012.jpg
building_5,0004248,reference,dataset_splits/10_buildings/building_5/0004248/reference/0004248_021.jpg
building_5,0004248,reference,dataset_splits/10_buildings/building_5/0004248/reference/0004248_022.jpg
building_5,0004248,reference,dataset_splits/10_buildings/building_5/0004248/reference/0004248_024.jpg
building_5,0004248,reference,dataset_splits/10_buildings/building_5/0004248/reference/0004248_027.jpg
building_5,0004248,reference,dataset_splits/10_buildings/building_5/0004248/reference/0004248_028.jpg
building_5,0004248,reference,dataset_splits/10_buildings/building_5/0004248/reference/0004248_042.jpg
building_5,0004248,reference,dataset_splits/10_buildings/building_5/0004248/reference/0004248_045.jpg
building_5,0004248,reference,dataset_splits/10_buildings/building_5/0004248/reference/0004248_048.jpg
building_5,0004248,reference,dataset_splits/10_buildings/building_5/0004248/reference/0004248_049.jpg
building_5,0004248,reference,dataset_splits/10_buildings/building_5/0004248/reference/0004248_053.jpg
building_5,0004248,reference,dataset_splits/10_buildings/building_5/0004248/reference/0004248_057.jpg
building_5,0004248,reference,dataset_splits/10_buildings/building_5/0004248/reference/0004248_059.jpg
building_5,0004248,reference,dataset_splits/10_buildings/building_5/0004248/reference/0004248_063.jpg
building_5,0004248,reference,dataset_splits/10_buildings/building_5/0004248/reference/0004248_065.jpg
building_5,0004248,reference,dataset_splits/10_buildings/building_5/0004248/reference/0004248_067.jpg
building_5,0004248,reference,dataset_splits/10_buildings/building_5/0004248/reference/0004248_069.jpg
building_5,0004248,test,dataset_splits/10_buildings/building_5/0004248/test/0004248_006.jpg
building_5,0004248,test,dataset_splits/10_buildings/building_5/0004248/test/0004248_007.jpg
building_5,0004248,test,dataset_splits/10_buildings/building_5/0004248/test/0004248_009.jpg
building_5,0004248,test,dataset_splits/10_buildings/building_5/0004248/test/0004248_013.jpg
building_5,0004248,test,dataset_splits/10_buildings/building_5/0004248/test/0004248_014.jpg
building_5,0004248,test,dataset_splits/10_buildings/building_5/0004248/test/0004248_030.jpg
building_5,0004248,test,dataset_splits/10_buildings/building_5/0004248/test/0004248_032.jpg
building_5,0004248,test,dataset_splits/10_buildings/building_5/0004248/test/0004248_033.jpg
building_5,0004248,test,dataset_splits/10_buildings/building_5/0004248/test/0004248_038.jpg
building_5,0004248,test,dataset_splits/10_buildings/building_5/0004248/test/0004248_039.jpg
building_5,0004248,test,dataset_splits/10_buildings/building_5/0004248/test/0004248_040.jpg
building_5,0004248,test,dataset_splits/10_buildings/building_5/0004248/test/0004248_041.jpg
building_5,0004248,test,dataset_splits/10_buildings/building_5/0004248/test/0004248_044.jpg
building_5,0004248,test,dataset_splits/10_buildings/building_5/0004248/test/0004248_046.jpg
building_5,0004248,test,dataset_splits/10_buildings/building_5/0004248/test/0004248_047.jpg
building_5,0004248,test,dataset_splits/10_buildings/building_5/0004248/test/0004248_056.jpg
building_5,0004248,test,dataset_splits/10_buildings/building_5/0004248/test/0004248_058.jpg
building_5,0004248,test,dataset_splits/10_buildings/building_5/0004248/test/0004248_060.jpg
building_5,0004248,test,dataset_splits/10_buildings/building_5/0004248/test/0004248_062.jpg
building_5,0004248,test,dataset_splits/10_buildings/building_5/0004248/test/0004248_066.jpg
building_5,0004736,reference,dataset_splits/10_buildings/building_5/0004736/reference/0004736_006.jpg
building_5,0004736,reference,dataset_splits/10_buildings/building_5/0004736/reference/0004736_007.jpg
building_5,0004736,reference,dataset_splits/10_buildings/building_5/0004736/reference/0004736_009.jpg
building_5,0004736,reference,dataset_splits/10_buildings/building_5/0004736/reference/0004736_012.jpg
building_5,0004736,reference,dataset_splits/10_buildings/building_5/0004736/reference/0004736_014.jpg
building_5,0004736,reference,dataset_splits/10_buildings/building_5/0004736/reference/0004736_024.jpg
building_5,0004736,reference,dataset_splits/10_buildings/building_5/0004736/reference/0004736_025.jpg
building_5,0004736,reference,dataset_splits/10_buildings/building_5/0004736/reference/0004736_026.jpg
building_5,0004736,reference,dataset_splits/10_buildings/building_5/0004736/reference/0004736_028.jpg
building_5,0004736,reference,dataset_splits/10_buildings/building_5/0004736/reference/0004736_032.jpg
building_5,0004736,reference,dataset_splits/10_buildings/building_5/0004736/reference/0004736_036.jpg
building_5,0004736,reference,dataset_splits/10_buildings/building_5/0004736/reference/0004736_037.jpg
building_5,0004736,reference,dataset_splits/10_buildings/building_5/0004736/reference/0004736_043.jpg
building_5,0004736,reference,dataset_splits/10_buildings/building_5/0004736/reference/0004736_045.jpg
building_5,0004736,reference,dataset_splits/10_buildings/building_5/0004736/reference/0004736_048.jpg
building_5,0004736,reference,dataset_splits/10_buildings/building_5/0004736/reference/0004736_049.jpg
building_5,0004736,reference,dataset_splits/10_buildings/building_5/0004736/reference/0004736_050.jpg
building_5,0004736,reference,dataset_splits/10_buildings/building_5/0004736/reference/0004736_053.jpg
building_5,0004736,reference,dataset_splits/10_buildings/building_5/0004736/reference/0004736_056.jpg
building_5,0004736,reference,dataset_splits/10_buildings/building_5/0004736/reference/0004736_060.jpg
building_5,0004736,test,dataset_splits/10_buildings/building_5/0004736/test/0004736_001.jpg
building_5,0004736,test,dataset_splits/10_buildings/building_5/0004736/test/0004736_003.jpg
building_5,0004736,test,dataset_splits/10_buildings/building_5/0004736/test/0004736_004.jpg
building_5,0004736,test,dataset_splits/10_buildings/building_5/0004736/test/0004736_005.jpg
building_5,0004736,test,dataset_splits/10_buildings/building_5/0004736/test/0004736_008.jpg
building_5,0004736,test,dataset_splits/10_buildings/building_5/0004736/test/0004736_010.jpg
building_5,0004736,test,dataset_splits/10_buildings/building_5/0004736/test/0004736_019.jpg
building_5,0004736,test,dataset_splits/10_buildings/building_5/0004736/test/0004736_021.jpg
building_5,0004736,test,dataset_splits/10_buildings/building_5/0004736/test/0004736_023.jpg
building_5,0004736,test,dataset_splits/10_buildings/building_5/0004736/test/0004736_029.jpg
building_5,0004736,test,dataset_splits/10_buildings/building_5/0004736/test/0004736_030.jpg
building_5,0004736,test,dataset_splits/10_buildings/building_5/0004736/test/0004736_034.jpg
building_5,0004736,test,dataset_splits/10_buildings/building_5/0004736/test/0004736_035.jpg
building_5,0004736,test,dataset_splits/10_buildings/building_5/0004736/test/0004736_040.jpg
building_5,0004736,test,dataset_splits/10_buildings/building_5/0004736/test/0004736_041.jpg
building_5,0004736,test,dataset_splits/10_buildings/building_5/0004736/test/0004736_044.jpg
building_5,0004736,test,dataset_splits/10_buildings/building_5/0004736/test/0004736_051.jpg
building_5,0004736,test,dataset_splits/10_buildings/building_5/0004736/test/0004736_055.jpg
building_5,0004736,test,dataset_splits/10_buildings/building_5/0004736/test/0004736_057.jpg
building_5,0004736,test,dataset_splits/10_buildings/building_5/0004736/test/0004736_061.jpg
building_5,0004748,reference,dataset_splits/10_buildings/building_5/0004748/reference/0004748_022.jpg
building_5,0004748,reference,dataset_splits/10_buildings/building_5/0004748/reference/0004748_029.jpg
building_5,0004748,reference,dataset_splits/10_buildings/building_5/0004748/reference/0004748_030.jpg
building_5,0004748,reference,dataset_splits/10_buildings/building_5/0004748/reference/0004748_045.jpg
building_5,0004748,reference,dataset_splits/10_buildings/building_5/0004748/reference/0004748_070.jpg
building_5,0004748,reference,dataset_splits/10_buildings/building_5/0004748/reference/0004748_080.jpg
building_5,0004748,reference,dataset_splits/10_buildings/building_5/0004748/reference/0004748_082.jpg
building_5,0004748,reference,dataset_splits/10_buildings/building_5/0004748/reference/0004748_097.jpg
building_5,0004748,reference,dataset_splits/10_buildings/building_5/0004748/reference/0004748_110.jpg
building_5,0004748,reference,dataset_splits/10_buildings/building_5/0004748/reference/0004748_129.jpg
building_5,0004748,reference,dataset_splits/10_buildings/building_5/0004748/reference/0004748_145.jpg
building_5,0004748,reference,dataset_splits/10_buildings/building_5/0004748/reference/0004748_153.jpg
building_5,0004748,reference,dataset_splits/10_buildings/building_5/0004748/reference/0004748_158.jpg
building_5,0004748,reference,dataset_splits/10_buildings/building_5/0004748/reference/0004748_174.jpg
building_5,0004748,reference,dataset_splits/10_buildings/building_5/0004748/reference/0004748_184.jpg
building_5,0004748,reference,dataset_splits/10_buildings/building_5/0004748/reference/0004748_204.jpg
building_5,0004748,reference,dataset_splits/10_buildings/building_5/0004748/reference/0004748_219.jpg
building_5,0004748,reference,dataset_splits/10_buildings/building_5/0004748/reference/0004748_250.jpg
building_5,0004748,reference,dataset_splits/10_buildings/building_5/0004748/reference/0004748_256.jpg
building_5,0004748,reference,dataset_splits/10_buildings/building_5/0004748/reference/0004748_258.jpg
building_5,0004748,test,dataset_splits/10_buildings/building_5/0004748/test/0004748_009.jpg
building_5,0004748,test,dataset_splits/10_buildings/building_5/0004748/test/0004748_014.jpg
building_5,0004748,test,dataset_splits/10_buildings/building_5/0004748/test/0004748_026.jpg
building_5,0004748,test,dataset_splits/10_buildings/building_5/0004748/test/0004748_035.jpg
building_5,0004748,test,dataset_splits/10_buildings/building_5/0004748/test/0004748_041.jpg
building_5,0004748,test,dataset_splits/10_buildings/building_5/0004748/test/0004748_115.jpg
building_5,0004748,test,dataset_splits/10_buildings/building_5/0004748/test/0004748_117.jpg
building_5,0004748,test,dataset_splits/10_buildings/building_5/0004748/test/0004748_131.jpg
building_5,0004748,test,dataset_splits/10_buildings/building_5/0004748/test/0004748_134.jpg
building_5,0004748,test,dataset_splits/10_buildings/building_5/0004748/test/0004748_139.jpg
building_5,0004748,test,dataset_splits/10_buildings/building_5/0004748/test/0004748_142.jpg
building_5,0004748,test,dataset_splits/10_buildings/building_5/0004748/test/0004748_168.jpg
building_5,0004748,test,dataset_splits/10_buildings/building_5/0004748/test/0004748_175.jpg
building_5,0004748,test,dataset_splits/10_buildings/building_5/0004748/test/0004748_178.jpg
building_5,0004748,test,dataset_splits/10_buildings/building_5/0004748/test/0004748_188.jpg
building_5,0004748,test,dataset_splits/10_buildings/building_5/0004748/test/0004748_194.jpg
building_5,0004748,test,dataset_splits/10_buildings/building_5/0004748/test/0004748_214.jpg
building_5,0004748,test,dataset_splits/10_buildings/building_5/0004748/test/0004748_236.jpg
building_5,0004748,test,dataset_splits/10_buildings/building_5/0004748/test/0004748_242.jpg
building_5,0004748,test,dataset_splits/10_buildings/building_5/0004748/test/0004748_270.jpg
building_5,0004763,reference,dataset_splits/10_buildings/building_5/0004763/reference/0004763_002.jpg
building_5,0004763,reference,dataset_splits/10_buildings/building_5/0004763/reference/0004763_039.jpg
building_5,0004763,reference,dataset_splits/10_buildings/building_5/0004763/reference/0004763_047.jpg
building_5,0004763,reference,dataset_splits/10_buildings/building_5/0004763/reference/0004763_065.jpg
building_5,0004763,reference,dataset_splits/10_buildings/building_5/0004763/reference/0004763_085.jpg
building_5,0004763,reference,dataset_splits/10_buildings/building_5/0004763/reference/0004763_100.jpg
building_5,0004763,reference,dataset_splits/10_buildings/building_5/0004763/reference/0004763_106.jpg
building_5,0004763,reference,dataset_splits/10_buildings/building_5/0004763/reference/0004763_134.jpg
building_5,0004763,reference,dataset_splits/10_buildings/building_5/0004763/reference/0004763_171.jpg
building_5,0004763,reference,dataset_splits/10_buildings/building_5/0004763/reference/0004763_172.jpg
building_5,0004763,reference,dataset_splits/10_buildings/building_5/0004763/reference/0004763_181.jpg
building_5,0004763,reference,dataset_splits/10_buildings/building_5/0004763/reference/0004763_183.jpg
building_5,0004763,reference,dataset_splits/10_buildings/building_5/0004763/reference/0004763_199.jpg
building_5,0004763,reference,dataset_splits/10_buildings/building_5/0004763/reference/0004763_206.jpg
building_5,0004763,reference,dataset_splits/10_buildings/building_5/0004763/reference/0004763_215.jpg
building_5,0004763,reference,dataset_splits/10_buildings/building_5/0004763/reference/0004763_218.jpg
building_5,0004763,reference,dataset_splits/10_buildings/building_5/0004763/reference/0004763_223.jpg
building_5,0004763,reference,dataset_splits/10_buildings/building_5/0004763/reference/0004763_238.jpg
building_5,0004763,reference,dataset_splits/10_buildings/building_5/0004763/reference/0004763_240.jpg
building_5,0004763,reference,dataset_splits/10_buildings/building_5/0004763/reference/0004763_254.jpg
building_5,0004763,test,dataset_splits/10_buildings/building_5/0004763/test/0004763_004.jpg
building_5,0004763,test,dataset_splits/10_buildings/building_5/0004763/test/0004763_016.jpg
building_5,0004763,test,dataset_splits/10_buildings/building_5/0004763/test/0004763_023.jpg
building_5,0004763,test,dataset_splits/10_buildings/building_5/0004763/test/0004763_027.jpg
building_5,0004763,test,dataset_splits/10_buildings/building_5/0004763/test/0004763_031.jpg
building_5,0004763,test,dataset_splits/10_buildings/building_5/0004763/test/0004763_049.jpg
building_5,0004763,test,dataset_splits/10_buildings/building_5/0004763/test/0004763_103.jpg
building_5,0004763,test,dataset_splits/10_buildings/building_5/0004763/test/0004763_120.jpg
building_5,0004763,test,dataset_splits/10_buildings/building_5/0004763/test/0004763_131.jpg
building_5,0004763,test,dataset_splits/10_buildings/building_5/0004763/test/0004763_132.jpg
building_5,0004763,test,dataset_splits/10_buildings/building_5/0004763/test/0004763_137.jpg
building_5,0004763,test,dataset_splits/10_buildings/building_5/0004763/test/0004763_164.jpg
building_5,0004763,test,dataset_splits/10_buildings/building_5/0004763/test/0004763_165.jpg
building_5,0004763,test,dataset_splits/10_buildings/building_5/0004763/test/0004763_187.jpg
building_5,0004763,test,dataset_splits/10_buildings/building_5/0004763/test/0004763_188.jpg
building_5,0004763,test,dataset_splits/10_buildings/building_5/0004763/test/0004763_191.jpg
building_5,0004763,test,dataset_splits/10_buildings/building_5/0004763/test/0004763_194.jpg
building_5,0004763,test,dataset_splits/10_buildings/building_5/0004763/test/0004763_216.jpg
building_5,0004763,test,dataset_splits/10_buildings/building_5/0004763/test/0004763_235.jpg
building_5,0004763,test,dataset_splits/10_buildings/building_5/0004763/test/0004763_279.jpg
building_5,0004802,reference,dataset_splits/10_buildings/building_5/0004802/reference/0004802_012.jpg
building_5,0004802,reference,dataset_splits/10_buildings/building_5/0004802/reference/0004802_027.jpg
building_5,0004802,reference,dataset_splits/10_buildings/building_5/0004802/reference/0004802_034.jpg
building_5,0004802,reference,dataset_splits/10_buildings/building_5/0004802/reference/0004802_039.jpg
building_5,0004802,reference,dataset_splits/10_buildings/building_5/0004802/reference/0004802_045.jpg
building_5,0004802,reference,dataset_splits/10_buildings/building_5/0004802/reference/0004802_052.jpg
building_5,0004802,reference,dataset_splits/10_buildings/building_5/0004802/reference/0004802_058.jpg
building_5,0004802,reference,dataset_splits/10_buildings/building_5/0004802/reference/0004802_077.jpg
building_5,0004802,reference,dataset_splits/10_buildings/building_5/0004802/reference/0004802_095.jpg
building_5,0004802,reference,dataset_splits/10_buildings/building_5/0004802/reference/0004802_097.jpg
building_5,0004802,reference,dataset_splits/10_buildings/building_5/0004802/reference/0004802_100.jpg
building_5,0004802,reference,dataset_splits/10_buildings/building_5/0004802/reference/0004802_102.jpg
building_5,0004802,reference,dataset_splits/10_buildings/building_5/0004802/reference/0004802_115.jpg
building_5,0004802,reference,dataset_splits/10_buildings/building_5/0004802/reference/0004802_117.jpg
building_5,0004802,reference,dataset_splits/10_buildings/building_5/0004802/reference/0004802_119.jpg
building_5,0004802,reference,dataset_splits/10_buildings/building_5/0004802/reference/0004802_124.jpg
building_5,0004802,reference,dataset_splits/10_buildings/building_5/0004802/reference/0004802_126.jpg
building_5,0004802,reference,dataset_splits/10_buildings/building_5/0004802/reference/0004802_129.jpg
building_5,0004802,reference,dataset_splits/10_buildings/building_5/0004802/reference/0004802_131.jpg
building_5,0004802,reference,dataset_splits/10_buildings/building_5/0004802/reference/0004802_142.jpg
building_5,0004802,test,dataset_splits/10_buildings/building_5/0004802/test/0004802_004.jpg
building_5,0004802,test,dataset_splits/10_buildings/building_5/0004802/test/0004802_007.jpg
building_5,0004802,test,dataset_splits/10_buildings/building_5/0004802/test/0004802_010.jpg
building_5,0004802,test,dataset_splits/10_buildings/building_5/0004802/test/0004802_015.jpg
building_5,0004802,test,dataset_splits/10_buildings/building_5/0004802/test/0004802_024.jpg
building_5,0004802,test,dataset_splits/10_buildings/building_5/0004802/test/0004802_040.jpg
building_5,0004802,test,dataset_splits/10_buildings/building_5/0004802/test/0004802_044.jpg
building_5,0004802,test,dataset_splits/10_buildings/building_5/0004802/test/0004802_049.jpg
building_5,0004802,test,dataset_splits/10_buildings/building_5/0004802/test/0004802_051.jpg
building_5,0004802,test,dataset_splits/10_buildings/building_5/0004802/test/0004802_056.jpg
building_5,0004802,test,dataset_splits/10_buildings/building_5/0004802/test/0004802_061.jpg
building_5,0004802,test,dataset_splits/10_buildings/building_5/0004802/test/0004802_066.jpg
building_5,0004802,test,dataset_splits/10_buildings/building_5/0004802/test/0004802_073.jpg
building_5,0004802,test,dataset_splits/10_buildings/building_5/0004802/test/0004802_076.jpg
building_5,0004802,test,dataset_splits/10_buildings/building_5/0004802/test/0004802_088.jpg
building_5,0004802,test,dataset_splits/10_buildings/building_5/0004802/test/0004802_106.jpg
building_5,0004802,test,dataset_splits/10_buildings/building_5/0004802/test/0004802_109.jpg
building_5,0004802,test,dataset_splits/10_buildings/building_5/0004802/test/0004802_110.jpg
building_5,0004802,test,dataset_splits/10_buildings/building_5/0004802/test/0004802_116.jpg
building_5,0004802,test,dataset_splits/10_buildings/building_5/0004802/test/0004802_138.jpg
building_5,0004820,reference,dataset_splits/10_buildings/building_5/0004820/reference/0004820_003.jpg
building_5,0004820,reference,dataset_splits/10_buildings/building_5/0004820/reference/0004820_012.jpg
building_5,0004820,reference,dataset_splits/10_buildings/building_5/0004820/reference/0004820_014.jpg
building_5,0004820,reference,dataset_splits/10_buildings/building_5/0004820/reference/0004820_022.jpg
building_5,0004820,reference,dataset_splits/10_buildings/building_5/0004820/reference/0004820_023.jpg
building_5,0004820,reference,dataset_splits/10_buildings/building_5/0004820/reference/0004820_041.jpg
building_5,0004820,reference,dataset_splits/10_buildings/building_5/0004820/reference/0004820_044.jpg
building_5,0004820,reference,dataset_splits/10_buildings/building_5/0004820/reference/0004820_047.jpg
building_5,0004820,reference,dataset_splits/10_buildings/building_5/0004820/reference/0004820_070.jpg
building_5,0004820,reference,dataset_splits/10_buildings/building_5/0004820/reference/0004820_072.jpg
building_5,0004820,reference,dataset_splits/10_buildings/building_5/0004820/reference/0004820_076.jpg
building_5,0004820,reference,dataset_splits/10_buildings/building_5/0004820/reference/0004820_084.jpg
building_5,0004820,reference,dataset_splits/10_buildings/building_5/0004820/reference/0004820_088.jpg
building_5,0004820,reference,dataset_splits/10_buildings/building_5/0004820/reference/0004820_089.jpg
building_5,0004820,reference,dataset_splits/10_buildings/building_5/0004820/reference/0004820_091.jpg
building_5,0004820,reference,dataset_splits/10_buildings/building_5/0004820/reference/0004820_097.jpg
building_5,0004820,reference,dataset_splits/10_buildings/building_5/0004820/reference/0004820_099.jpg
building_5,0004820,reference,dataset_splits/10_buildings/building_5/0004820/reference/0004820_102.jpg
building_5,0004820,reference,dataset_splits/10_buildings/building_5/0004820/reference/0004820_112.jpg
building_5,0004820,reference,dataset_splits/10_buildings/building_5/0004820/reference/0004820_113.jpg
building_5,0004820,test,dataset_splits/10_buildings/building_5/0004820/test/0004820_004.jpg
building_5,0004820,test,dataset_splits/10_buildings/building_5/0004820/test/0004820_005.jpg
building_5,0004820,test,dataset_splits/10_buildings/building_5/0004820/test/0004820_010.jpg
building_5,0004820,test,dataset_splits/10_buildings/building_5/0004820/test/0004820_013.jpg
building_5,0004820,test,dataset_splits/10_buildings/building_5/0004820/test/0004820_021.jpg
building_5,0004820,test,dataset_splits/10_buildings/building_5/0004820/test/0004820_024.jpg
building_5,0004820,test,dataset_splits/10_buildings/building_5/0004820/test/0004820_028.jpg
building_5,0004820,test,dataset_splits/10_buildings/building_5/0004820/test/0004820_031.jpg
building_5,0004820,test,dataset_splits/10_buildings/building_5/0004820/test/0004820_035.jpg
building_5,0004820,test,dataset_splits/10_buildings/building_5/0004820/test/0004820_036.jpg
building_5,0004820,test,dataset_splits/10_buildings/building_5/0004820/test/0004820_037.jpg
building_5,0004820,test,dataset_splits/10_buildings/building_5/0004820/test/0004820_050.jpg
building_5,0004820,test,dataset_splits/10_buildings/building_5/0004820/test/0004820_051.jpg
building_5,0004820,test,dataset_splits/10_buildings/building_5/0004820/test/0004820_056.jpg
building_5,0004820,test,dataset_splits/10_buildings/building_5/0004820/test/0004820_077.jpg
building_5,0004820,test,dataset_splits/10_buildings/building_5/0004820/test/0004820_079.jpg
building_5,0004820,test,dataset_splits/10_buildings/building_5/0004820/test/0004820_080.jpg
building_5,0004820,test,dataset_splits/10_buildings/building_5/0004820/test/0004820_092.jpg
building_5,0004820,test,dataset_splits/10_buildings/building_5/0004820/test/0004820_093.jpg
building_5,0004820,test,dataset_splits/10_buildings/building_5/0004820/test/0004820_111.jpg
building_5,0005093,reference,dataset_splits/10_buildings/building_5/0005093/reference/0005093_001.jpg
building_5,0005093,reference,dataset_splits/10_buildings/building_5/0005093/reference/0005093_010.jpg
building_5,0005093,reference,dataset_splits/10_buildings/building_5/0005093/reference/0005093_011.jpg
building_5,0005093,reference,dataset_splits/10_buildings/building_5/0005093/reference/0005093_030.jpg
building_5,0005093,reference,dataset_splits/10_buildings/building_5/0005093/reference/0005093_054.jpg
building_5,0005093,reference,dataset_splits/10_buildings/building_5/0005093/reference/0005093_074.jpg
building_5,0005093,reference,dataset_splits/10_buildings/building_5/0005093/reference/0005093_085.jpg
building_5,0005093,reference,dataset_splits/10_buildings/building_5/0005093/reference/0005093_087.jpg
building_5,0005093,reference,dataset_splits/10_buildings/building_5/0005093/reference/0005093_098.jpg
building_5,0005093,reference,dataset_splits/10_buildings/building_5/0005093/reference/0005093_104.jpg
building_5,0005093,reference,dataset_splits/10_buildings/building_5/0005093/reference/0005093_105.jpg
building_5,0005093,reference,dataset_splits/10_buildings/building_5/0005093/reference/0005093_110.jpg
building_5,0005093,reference,dataset_splits/10_buildings/building_5/0005093/reference/0005093_130.jpg
building_5,0005093,reference,dataset_splits/10_buildings/building_5/0005093/reference/0005093_132.jpg
building_5,0005093,reference,dataset_splits/10_buildings/building_5/0005093/reference/0005093_154.jpg
building_5,0005093,reference,dataset_splits/10_buildings/building_5/0005093/reference/0005093_155.jpg
building_5,0005093,reference,dataset_splits/10_buildings/building_5/0005093/reference/0005093_158.jpg
building_5,0005093,reference,dataset_splits/10_buildings/building_5/0005093/reference/0005093_163.jpg
building_5,0005093,reference,dataset_splits/10_buildings/building_5/0005093/reference/0005093_164.jpg
building_5,0005093,reference,dataset_splits/10_buildings/building_5/0005093/reference/0005093_165.jpg
building_5,0005093,test,dataset_splits/10_buildings/building_5/0005093/test/0005093_006.jpg
building_5,0005093,test,dataset_splits/10_buildings/building_5/0005093/test/0005093_013.jpg
building_5,0005093,test,dataset_splits/10_buildings/building_5/0005093/test/0005093_017.jpg
building_5,0005093,test,dataset_splits/10_buildings/building_5/0005093/test/0005093_021.jpg
building_5,0005093,test,dataset_splits/10_buildings/building_5/0005093/test/0005093_022.jpg
building_5,0005093,test,dataset_splits/10_buildings/building_5/0005093/test/0005093_038.jpg
building_5,0005093,test,dataset_splits/10_buildings/building_5/0005093/test/0005093_055.jpg
building_5,0005093,test,dataset_splits/10_buildings/building_5/0005093/test/0005093_070.jpg
building_5,0005093,test,dataset_splits/10_buildings/building_5/0005093/test/0005093_071.jpg
building_5,0005093,test,dataset_splits/10_buildings/building_5/0005093/test/0005093_073.jpg
building_5,0005093,test,dataset_splits/10_buildings/building_5/0005093/test/0005093_076.jpg
building_5,0005093,test,dataset_splits/10_buildings/building_5/0005093/test/0005093_080.jpg
building_5,0005093,test,dataset_splits/10_buildings/building_5/0005093/test/0005093_081.jpg
building_5,0005093,test,dataset_splits/10_buildings/building_5/0005093/test/0005093_108.jpg
building_5,0005093,test,dataset_splits/10_buildings/building_5/0005093/test/0005093_115.jpg
building_5,0005093,test,dataset_splits/10_buildings/building_5/0005093/test/0005093_118.jpg
building_5,0005093,test,dataset_splits/10_buildings/building_5/0005093/test/0005093_121.jpg
building_5,0005093,test,dataset_splits/10_buildings/building_5/0005093/test/0005093_134.jpg
building_5,0005093,test,dataset_splits/10_buildings/building_5/0005093/test/0005093_151.jpg
building_5,0005093,test,dataset_splits/10_buildings/building_5/0005093/test/0005093_160.jpg
building_5,0005129,reference,dataset_splits/10_buildings/building_5/0005129/reference/0005129_004.jpg
building_5,0005129,reference,dataset_splits/10_buildings/building_5/0005129/reference/0005129_007.jpg
building_5,0005129,reference,dataset_splits/10_buildings/building_5/0005129/reference/0005129_011.jpg
building_5,0005129,reference,dataset_splits/10_buildings/building_5/0005129/reference/0005129_012.jpg
building_5,0005129,reference,dataset_splits/10_buildings/building_5/0005129/reference/0005129_015.jpg
building_5,0005129,reference,dataset_splits/10_buildings/building_5/0005129/reference/0005129_016.jpg
building_5,0005129,reference,dataset_splits/10_buildings/building_5/0005129/reference/0005129_017.jpg
building_5,0005129,reference,dataset_splits/10_buildings/building_5/0005129/reference/0005129_019.jpg
building_5,0005129,reference,dataset_splits/10_buildings/building_5/0005129/reference/0005129_026.jpg
building_5,0005129,reference,dataset_splits/10_buildings/building_5/0005129/reference/0005129_031.jpg
building_5,0005129,reference,dataset_splits/10_buildings/building_5/0005129/reference/0005129_032.jpg
building_5,0005129,reference,dataset_splits/10_buildings/building_5/0005129/reference/0005129_041.jpg
building_5,0005129,reference,dataset_splits/10_buildings/building_5/0005129/reference/0005129_053.jpg
building_5,0005129,reference,dataset_splits/10_buildings/building_5/0005129/reference/0005129_054.jpg
building_5,0005129,reference,dataset_splits/10_buildings/building_5/0005129/reference/0005129_055.jpg
building_5,0005129,reference,dataset_splits/10_buildings/building_5/0005129/reference/0005129_057.jpg
building_5,0005129,reference,dataset_splits/10_buildings/building_5/0005129/reference/0005129_058.jpg
building_5,0005129,reference,dataset_splits/10_buildings/building_5/0005129/reference/0005129_064.jpg
building_5,0005129,reference,dataset_splits/10_buildings/building_5/0005129/reference/0005129_065.jpg
building_5,0005129,reference,dataset_splits/10_buildings/building_5/0005129/reference/0005129_070.jpg
building_5,0005129,test,dataset_splits/10_buildings/building_5/0005129/test/0005129_003.jpg
building_5,0005129,test,dataset_splits/10_buildings/building_5/0005129/test/0005129_013.jpg
building_5,0005129,test,dataset_splits/10_buildings/building_5/0005129/test/0005129_014.jpg
building_5,0005129,test,dataset_splits/10_buildings/building_5/0005129/test/0005129_018.jpg
building_5,0005129,test,dataset_splits/10_buildings/building_5/0005129/test/0005129_029.jpg
building_5,0005129,test,dataset_splits/10_buildings/building_5/0005129/test/0005129_033.jpg
building_5,0005129,test,dataset_splits/10_buildings/building_5/0005129/test/0005129_035.jpg
building_5,0005129,test,dataset_splits/10_buildings/building_5/0005129/test/0005129_036.jpg
building_5,0005129,test,dataset_splits/10_buildings/building_5/0005129/test/0005129_038.jpg
building_5,0005129,test,dataset_splits/10_buildings/building_5/0005129/test/0005129_039.jpg
building_5,0005129,test,dataset_splits/10_buildings/building_5/0005129/test/0005129_043.jpg
building_5,0005129,test,dataset_splits/10_buildings/building_5/0005129/test/0005129_044.jpg
building_5,0005129,test,dataset_splits/10_buildings/building_5/0005129/test/0005129_046.jpg
building_5,0005129,test,dataset_splits/10_buildings/building_5/0005129/test/0005129_048.jpg
building_5,0005129,test,dataset_splits/10_buildings/building_5/0005129/test/0005129_049.jpg
building_5,0005129,test,dataset_splits/10_buildings/building_5/0005129/test/0005129_052.jpg
building_5,0005129,test,dataset_splits/10_buildings/building_5/0005129/test/0005129_061.jpg
building_5,0005129,test,dataset_splits/10_buildings/building_5/0005129/test/0005129_067.jpg
building_5,0005129,test,dataset_splits/10_buildings/building_5/0005129/test/0005129_069.jpg
building_5,0005129,test,dataset_splits/10_buildings/building_5/0005129/test/0005129_075.jpg
building_5,0005194,reference,dataset_splits/10_buildings/building_5/0005194/reference/0005194_002.jpg
building_5,0005194,reference,dataset_splits/10_buildings/building_5/0005194/reference/0005194_008.jpg
building_5,0005194,reference,dataset_splits/10_buildings/building_5/0005194/reference/0005194_017.jpg
building_5,0005194,reference,dataset_splits/10_buildings/building_5/0005194/reference/0005194_023.jpg
building_5,0005194,reference,dataset_splits/10_buildings/building_5/0005194/reference/0005194_032.jpg
building_5,0005194,reference,dataset_splits/10_buildings/building_5/0005194/reference/0005194_036.jpg
building_5,0005194,reference,dataset_splits/10_buildings/building_5/0005194/reference/0005194_053.jpg
building_5,0005194,reference,dataset_splits/10_buildings/building_5/0005194/reference/0005194_067.jpg
building_5,0005194,reference,dataset_splits/10_buildings/building_5/0005194/reference/0005194_068.jpg
building_5,0005194,reference,dataset_splits/10_buildings/building_5/0005194/reference/0005194_079.jpg
building_5,0005194,reference,dataset_splits/10_buildings/building_5/0005194/reference/0005194_085.jpg
building_5,0005194,reference,dataset_splits/10_buildings/building_5/0005194/reference/0005194_089.jpg
building_5,0005194,reference,dataset_splits/10_buildings/building_5/0005194/reference/0005194_092.jpg
building_5,0005194,reference,dataset_splits/10_buildings/building_5/0005194/reference/0005194_097.jpg
building_5,0005194,reference,dataset_splits/10_buildings/building_5/0005194/reference/0005194_098.jpg
building_5,0005194,reference,dataset_splits/10_buildings/building_5/0005194/reference/0005194_102.jpg
building_5,0005194,reference,dataset_splits/10_buildings/building_5/0005194/reference/0005194_105.jpg
building_5,0005194,reference,dataset_splits/10_buildings/building_5/0005194/reference/0005194_107.jpg
building_5,0005194,reference,dataset_splits/10_buildings/building_5/0005194/reference/0005194_111.jpg
building_5,0005194,reference,dataset_splits/10_buildings/building_5/0005194/reference/0005194_112.jpg
building_5,0005194,test,dataset_splits/10_buildings/building_5/0005194/test/0005194_001.jpg
building_5,0005194,test,dataset_splits/10_buildings/building_5/0005194/test/0005194_015.jpg
building_5,0005194,test,dataset_splits/10_buildings/building_5/0005194/test/0005194_029.jpg
building_5,0005194,test,dataset_splits/10_buildings/building_5/0005194/test/0005194_035.jpg
building_5,0005194,test,dataset_splits/10_buildings/building_5/0005194/test/0005194_041.jpg
building_5,0005194,test,dataset_splits/10_buildings/building_5/0005194/test/0005194_046.jpg
building_5,0005194,test,dataset_splits/10_buildings/building_5/0005194/test/0005194_062.jpg
building_5,0005194,test,dataset_splits/10_buildings/building_5/0005194/test/0005194_064.jpg
building_5,0005194,test,dataset_splits/10_buildings/building_5/0005194/test/0005194_065.jpg
building_5,0005194,test,dataset_splits/10_buildings/building_5/0005194/test/0005194_066.jpg
building_5,0005194,test,dataset_splits/10_buildings/building_5/0005194/test/0005194_075.jpg
building_5,0005194,test,dataset_splits/10_buildings/building_5/0005194/test/0005194_087.jpg
building_5,0005194,test,dataset_splits/10_buildings/building_5/0005194/test/0005194_095.jpg
building_5,0005194,test,dataset_splits/10_buildings/building_5/0005194/test/0005194_096.jpg
building_5,0005194,test,dataset_splits/10_buildings/building_5/0005194/test/0005194_099.jpg
building_5,0005194,test,dataset_splits/10_buildings/building_5/0005194/test/0005194_108.jpg
building_5,0005194,test,dataset_splits/10_buildings/building_5/0005194/test/0005194_110.jpg
building_5,0005194,test,dataset_splits/10_buildings/building_5/0005194/test/0005194_116.jpg
building_5,0005194,test,dataset_splits/10_buildings/building_5/0005194/test/0005194_118.jpg
building_5,0005194,test,dataset_splits/10_buildings/building_5/0005194/test/0005194_119.jpg
building_5,0005202,reference,dataset_splits/10_buildings/building_5/0005202/reference/0005202_006.jpg
building_5,0005202,reference,dataset_splits/10_buildings/building_5/0005202/reference/0005202_011.jpg
building_5,0005202,reference,dataset_splits/10_buildings/building_5/0005202/reference/0005202_030.jpg
building_5,0005202,reference,dataset_splits/10_buildings/building_5/0005202/reference/0005202_031.jpg
building_5,0005202,reference,dataset_splits/10_buildings/building_5/0005202/reference/0005202_032.jpg
building_5,0005202,reference,dataset_splits/10_buildings/building_5/0005202/reference/0005202_041.jpg
building_5,0005202,reference,dataset_splits/10_buildings/building_5/0005202/reference/0005202_044.jpg
building_5,0005202,reference,dataset_splits/10_buildings/building_5/0005202/reference/0005202_052.jpg
building_5,0005202,reference,dataset_splits/10_buildings/building_5/0005202/reference/0005202_063.jpg
building_5,0005202,reference,dataset_splits/10_buildings/building_5/0005202/reference/0005202_068.jpg
building_5,0005202,reference,dataset_splits/10_buildings/building_5/0005202/reference/0005202_084.jpg
building_5,0005202,reference,dataset_splits/10_buildings/building_5/0005202/reference/0005202_097.jpg
building_5,0005202,reference,dataset_splits/10_buildings/building_5/0005202/reference/0005202_102.jpg
building_5,0005202,reference,dataset_splits/10_buildings/building_5/0005202/reference/0005202_121.jpg
building_5,0005202,reference,dataset_splits/10_buildings/building_5/0005202/reference/0005202_125.jpg
building_5,0005202,reference,dataset_splits/10_buildings/building_5/0005202/reference/0005202_126.jpg
building_5,0005202,reference,dataset_splits/10_buildings/building_5/0005202/reference/0005202_145.jpg
building_5,0005202,reference,dataset_splits/10_buildings/building_5/0005202/reference/0005202_149.jpg
building_5,0005202,reference,dataset_splits/10_buildings/building_5/0005202/reference/0005202_150.jpg
building_5,0005202,reference,dataset_splits/10_buildings/building_5/0005202/reference/0005202_152.jpg
building_5,0005202,test,dataset_splits/10_buildings/building_5/0005202/test/0005202_001.jpg
building_5,0005202,test,dataset_splits/10_buildings/building_5/0005202/test/0005202_012.jpg
building_5,0005202,test,dataset_splits/10_buildings/building_5/0005202/test/0005202_014.jpg
building_5,0005202,test,dataset_splits/10_buildings/building_5/0005202/test/0005202_027.jpg
building_5,0005202,test,dataset_splits/10_buildings/building_5/0005202/test/0005202_035.jpg
building_5,0005202,test,dataset_splits/10_buildings/building_5/0005202/test/0005202_049.jpg
building_5,0005202,test,dataset_splits/10_buildings/building_5/0005202/test/0005202_050.jpg
building_5,0005202,test,dataset_splits/10_buildings/building_5/0005202/test/0005202_053.jpg
building_5,0005202,test,dataset_splits/10_buildings/building_5/0005202/test/0005202_056.jpg
building_5,0005202,test,dataset_splits/10_buildings/building_5/0005202/test/0005202_066.jpg
building_5,0005202,test,dataset_splits/10_buildings/building_5/0005202/test/0005202_067.jpg
building_5,0005202,test,dataset_splits/10_buildings/building_5/0005202/test/0005202_091.jpg
building_5,0005202,test,dataset_splits/10_buildings/building_5/0005202/test/0005202_096.jpg
building_5,0005202,test,dataset_splits/10_buildings/building_5/0005202/test/0005202_104.jpg
building_5,0005202,test,dataset_splits/10_buildings/building_5/0005202/test/0005202_111.jpg
building_5,0005202,test,dataset_splits/10_buildings/building_5/0005202/test/0005202_122.jpg
building_5,0005202,test,dataset_splits/10_buildings/building_5/0005202/test/0005202_133.jpg
building_5,0005202,test,dataset_splits/10_buildings/building_5/0005202/test/0005202_137.jpg
building_5,0005202,test,dataset_splits/10_buildings/building_5/0005202/test/0005202_140.jpg
building_5,0005202,test,dataset_splits/10_buildings/building_5/0005202/test/0005202_148.jpg
building_5,0005246,reference,dataset_splits/10_buildings/building_5/0005246/reference/0005246_002.jpg
building_5,0005246,reference,dataset_splits/10_buildings/building_5/0005246/reference/0005246_005.jpg
building_5,0005246,reference,dataset_splits/10_buildings/building_5/0005246/reference/0005246_007.jpg
building_5,0005246,reference,dataset_splits/10_buildings/building_5/0005246/reference/0005246_009.jpg
building_5,0005246,reference,dataset_splits/10_buildings/building_5/0005246/reference/0005246_020.jpg
building_5,0005246,reference,dataset_splits/10_buildings/building_5/0005246/reference/0005246_021.jpg
building_5,0005246,reference,dataset_splits/10_buildings/building_5/0005246/reference/0005246_024.jpg
building_5,0005246,reference,dataset_splits/10_buildings/building_5/0005246/reference/0005246_025.jpg
building_5,0005246,reference,dataset_splits/10_buildings/building_5/0005246/reference/0005246_026.jpg
building_5,0005246,reference,dataset_splits/10_buildings/building_5/0005246/reference/0005246_030.jpg
building_5,0005246,reference,dataset_splits/10_buildings/building_5/0005246/reference/0005246_032.jpg
building_5,0005246,reference,dataset_splits/10_buildings/building_5/0005246/reference/0005246_037.jpg
building_5,0005246,reference,dataset_splits/10_buildings/building_5/0005246/reference/0005246_040.jpg
building_5,0005246,reference,dataset_splits/10_buildings/building_5/0005246/reference/0005246_041.jpg
building_5,0005246,reference,dataset_splits/10_buildings/building_5/0005246/reference/0005246_042.jpg
building_5,0005246,reference,dataset_splits/10_buildings/building_5/0005246/reference/0005246_043.jpg
building_5,0005246,reference,dataset_splits/10_buildings/building_5/0005246/reference/0005246_054.jpg
building_5,0005246,reference,dataset_splits/10_buildings/building_5/0005246/reference/0005246_055.jpg
building_5,0005246,reference,dataset_splits/10_buildings/building_5/0005246/reference/0005246_058.jpg
building_5,0005246,reference,dataset_splits/10_buildings/building_5/0005246/reference/0005246_060.jpg
building_5,0005246,test,dataset_splits/10_buildings/building_5/0005246/test/0005246_003.jpg
building_5,0005246,test,dataset_splits/10_buildings/building_5/0005246/test/0005246_004.jpg
building_5,0005246,test,dataset_splits/10_buildings/building_5/0005246/test/0005246_008.jpg
building_5,0005246,test,dataset_splits/10_buildings/building_5/0005246/test/0005246_010.jpg
building_5,0005246,test,dataset_splits/10_buildings/building_5/0005246/test/0005246_011.jpg
building_5,0005246,test,dataset_splits/10_buildings/building_5/0005246/test/0005246_015.jpg
building_5,0005246,test,dataset_splits/10_buildings/building_5/0005246/test/0005246_016.jpg
building_5,0005246,test,dataset_splits/10_buildings/building_5/0005246/test/0005246_022.jpg
building_5,0005246,test,dataset_splits/10_buildings/building_5/0005246/test/0005246_023.jpg
building_5,0005246,test,dataset_splits/10_buildings/building_5/0005246/test/0005246_027.jpg
building_5,0005246,test,dataset_splits/10_buildings/building_5/0005246/test/0005246_028.jpg
building_5,0005246,test,dataset_splits/10_buildings/building_5/0005246/test/0005246_033.jpg
building_5,0005246,test,dataset_splits/10_buildings/building_5/0005246/test/0005246_035.jpg
building_5,0005246,test,dataset_splits/10_buildings/building_5/0005246/test/0005246_039.jpg
building_5,0005246,test,dataset_splits/10_buildings/building_5/0005246/test/0005246_044.jpg
building_5,0005246,test,dataset_splits/10_buildings/building_5/0005246/test/0005246_046.jpg
building_5,0005246,test,dataset_splits/10_buildings/building_5/0005246/test/0005246_048.jpg
building_5,0005246,test,dataset_splits/10_buildings/building_5/0005246/test/0005246_053.jpg
building_5,0005246,test,dataset_splits/10_buildings/building_5/0005246/test/0005246_056.jpg
building_5,0005246,test,dataset_splits/10_buildings/building_5/0005246/test/0005246_057.jpg
building_5,0005280,reference,dataset_splits/10_buildings/building_5/0005280/reference/0005280_002.jpg
building_5,0005280,reference,dataset_splits/10_buildings/building_5/0005280/reference/0005280_006.jpg
building_5,0005280,reference,dataset_splits/10_buildings/building_5/0005280/reference/0005280_008.jpg
building_5,0005280,reference,dataset_splits/10_buildings/building_5/0005280/reference/0005280_010.jpg
building_5,0005280,reference,dataset_splits/10_buildings/building_5/0005280/reference/0005280_024.jpg
building_5,0005280,reference,dataset_splits/10_buildings/building_5/0005280/reference/0005280_030.jpg
building_5,0005280,reference,dataset_splits/10_buildings/building_5/0005280/reference/0005280_033.jpg
building_5,0005280,reference,dataset_splits/10_buildings/building_5/0005280/reference/0005280_035.jpg
building_5,0005280,reference,dataset_splits/10_buildings/building_5/0005280/reference/0005280_043.jpg
building_5,0005280,reference,dataset_splits/10_buildings/building_5/0005280/reference/0005280_044.jpg
building_5,0005280,reference,dataset_splits/10_buildings/building_5/0005280/reference/0005280_053.jpg
building_5,0005280,reference,dataset_splits/10_buildings/building_5/0005280/reference/0005280_054.jpg
building_5,0005280,reference,dataset_splits/10_buildings/building_5/0005280/reference/0005280_066.jpg
building_5,0005280,reference,dataset_splits/10_buildings/building_5/0005280/reference/0005280_069.jpg
building_5,0005280,reference,dataset_splits/10_buildings/building_5/0005280/reference/0005280_070.jpg
building_5,0005280,reference,dataset_splits/10_buildings/building_5/0005280/reference/0005280_073.jpg
building_5,0005280,reference,dataset_splits/10_buildings/building_5/0005280/reference/0005280_077.jpg
building_5,0005280,reference,dataset_splits/10_buildings/building_5/0005280/reference/0005280_078.jpg
building_5,0005280,reference,dataset_splits/10_buildings/building_5/0005280/reference/0005280_086.jpg
building_5,0005280,reference,dataset_splits/10_buildings/building_5/0005280/reference/0005280_095.jpg
building_5,0005280,test,dataset_splits/10_buildings/building_5/0005280/test/0005280_003.jpg
building_5,0005280,test,dataset_splits/10_buildings/building_5/0005280/test/0005280_005.jpg
building_5,0005280,test,dataset_splits/10_buildings/building_5/0005280/test/0005280_011.jpg
building_5,0005280,test,dataset_splits/10_buildings/building_5/0005280/test/0005280_014.jpg
building_5,0005280,test,dataset_splits/10_buildings/building_5/0005280/test/0005280_017.jpg
building_5,0005280,test,dataset_splits/10_buildings/building_5/0005280/test/0005280_021.jpg
building_5,0005280,test,dataset_splits/10_buildings/building_5/0005280/test/0005280_025.jpg
building_5,0005280,test,dataset_splits/10_buildings/building_5/0005280/test/0005280_026.jpg
building_5,0005280,test,dataset_splits/10_buildings/building_5/0005280/test/0005280_034.jpg
building_5,0005280,test,dataset_splits/10_buildings/building_5/0005280/test/0005280_051.jpg
building_5,0005280,test,dataset_splits/10_buildings/building_5/0005280/test/0005280_057.jpg
building_5,0005280,test,dataset_splits/10_buildings/building_5/0005280/test/0005280_061.jpg
building_5,0005280,test,dataset_splits/10_buildings/building_5/0005280/test/0005280_071.jpg
building_5,0005280,test,dataset_splits/10_buildings/building_5/0005280/test/0005280_074.jpg
building_5,0005280,test,dataset_splits/10_buildings/building_5/0005280/test/0005280_087.jpg
building_5,0005280,test,dataset_splits/10_buildings/building_5/0005280/test/0005280_088.jpg
building_5,0005280,test,dataset_splits/10_buildings/building_5/0005280/test/0005280_091.jpg
building_5,0005280,test,dataset_splits/10_buildings/building_5/0005280/test/0005280_093.jpg
building_5,0005280,test,dataset_splits/10_buildings/building_5/0005280/test/0005280_094.jpg
building_5,0005280,test,dataset_splits/10_buildings/building_5/0005280/test/0005280_097.jpg
building_5,0005321,reference,dataset_splits/10_buildings/building_5/0005321/reference/0005321_011.jpg
building_5,0005321,reference,dataset_splits/10_buildings/building_5/0005321/reference/0005321_016.jpg
building_5,0005321,reference,dataset_splits/10_buildings/building_5/0005321/reference/0005321_027.jpg
building_5,0005321,reference,dataset_splits/10_buildings/building_5/0005321/reference/0005321_031.jpg
building_5,0005321,reference,dataset_splits/10_buildings/building_5/0005321/reference/0005321_032.jpg
building_5,0005321,reference,dataset_splits/10_buildings/building_5/0005321/reference/0005321_033.jpg
building_5,0005321,reference,dataset_splits/10_buildings/building_5/0005321/reference/0005321_034.jpg
building_5,0005321,reference,dataset_splits/10_buildings/building_5/0005321/reference/0005321_036.jpg
building_5,0005321,reference,dataset_splits/10_buildings/building_5/0005321/reference/0005321_039.jpg
building_5,0005321,reference,dataset_splits/10_buildings/building_5/0005321/reference/0005321_048.jpg
building_5,0005321,reference,dataset_splits/10_buildings/building_5/0005321/reference/0005321_058.jpg
building_5,0005321,reference,dataset_splits/10_buildings/building_5/0005321/reference/0005321_063.jpg
building_5,0005321,reference,dataset_splits/10_buildings/building_5/0005321/reference/0005321_065.jpg
building_5,0005321,reference,dataset_splits/10_buildings/building_5/0005321/reference/0005321_066.jpg
building_5,0005321,reference,dataset_splits/10_buildings/building_5/0005321/reference/0005321_073.jpg
building_5,0005321,reference,dataset_splits/10_buildings/building_5/0005321/reference/0005321_075.jpg
building_5,0005321,reference,dataset_splits/10_buildings/building_5/0005321/reference/0005321_082.jpg
building_5,0005321,reference,dataset_splits/10_buildings/building_5/0005321/reference/0005321_090.jpg
building_5,0005321,reference,dataset_splits/10_buildings/building_5/0005321/reference/0005321_099.jpg
building_5,0005321,reference,dataset_splits/10_buildings/building_5/0005321/reference/0005321_101.jpg
building_5,0005321,test,dataset_splits/10_buildings/building_5/0005321/test/0005321_005.jpg
building_5,0005321,test,dataset_splits/10_buildings/building_5/0005321/test/0005321_008.jpg
building_5,0005321,test,dataset_splits/10_buildings/building_5/0005321/test/0005321_013.jpg
building_5,0005321,test,dataset_splits/10_buildings/building_5/0005321/test/0005321_014.jpg
building_5,0005321,test,dataset_splits/10_buildings/building_5/0005321/test/0005321_019.jpg
building_5,0005321,test,dataset_splits/10_buildings/building_5/0005321/test/0005321_038.jpg
building_5,0005321,test,dataset_splits/10_buildings/building_5/0005321/test/0005321_040.jpg
building_5,0005321,test,dataset_splits/10_buildings/building_5/0005321/test/0005321_041.jpg
building_5,0005321,test,dataset_splits/10_buildings/building_5/0005321/test/0005321_042.jpg
building_5,0005321,test,dataset_splits/10_buildings/building_5/0005321/test/0005321_043.jpg
building_5,0005321,test,dataset_splits/10_buildings/building_5/0005321/test/0005321_046.jpg
building_5,0005321,test,dataset_splits/10_buildings/building_5/0005321/test/0005321_055.jpg
building_5,0005321,test,dataset_splits/10_buildings/building_5/0005321/test/0005321_062.jpg
building_5,0005321,test,dataset_splits/10_buildings/building_5/0005321/test/0005321_069.jpg
building_5,0005321,test,dataset_splits/10_buildings/building_5/0005321/test/0005321_072.jpg
building_5,0005321,test,dataset_splits/10_buildings/building_5/0005321/test/0005321_076.jpg
building_5,0005321,test,dataset_splits/10_buildings/building_5/0005321/test/0005321_080.jpg
building_5,0005321,test,dataset_splits/10_buildings/building_5/0005321/test/0005321_096.jpg
building_5,0005321,test,dataset_splits/10_buildings/building_5/0005321/test/0005321_097.jpg
building_5,0005321,test,dataset_splits/10_buildings/building_5/0005321/test/0005321_098.jpg
building_5,0005405,reference,dataset_splits/10_buildings/building_5/0005405/reference/0005405_007.jpg
building_5,0005405,reference,dataset_splits/10_buildings/building_5/0005405/reference/0005405_011.jpg
building_5,0005405,reference,dataset_splits/10_buildings/building_5/0005405/reference/0005405_012.jpg
building_5,0005405,reference,dataset_splits/10_buildings/building_5/0005405/reference/0005405_018.jpg
building_5,0005405,reference,dataset_splits/10_buildings/building_5/0005405/reference/0005405_019.jpg
building_5,0005405,reference,dataset_splits/10_buildings/building_5/0005405/reference/0005405_021.jpg
building_5,0005405,reference,dataset_splits/10_buildings/building_5/0005405/reference/0005405_023.jpg
building_5,0005405,reference,dataset_splits/10_buildings/building_5/0005405/reference/0005405_026.jpg
building_5,0005405,reference,dataset_splits/10_buildings/building_5/0005405/reference/0005405_032.jpg
building_5,0005405,reference,dataset_splits/10_buildings/building_5/0005405/reference/0005405_036.jpg
building_5,0005405,reference,dataset_splits/10_buildings/building_5/0005405/reference/0005405_047.jpg
building_5,0005405,reference,dataset_splits/10_buildings/building_5/0005405/reference/0005405_074.jpg
building_5,0005405,reference,dataset_splits/10_buildings/building_5/0005405/reference/0005405_102.jpg
building_5,0005405,reference,dataset_splits/10_buildings/building_5/0005405/reference/0005405_105.jpg
building_5,0005405,reference,dataset_splits/10_buildings/building_5/0005405/reference/0005405_108.jpg
building_5,0005405,reference,dataset_splits/10_buildings/building_5/0005405/reference/0005405_116.jpg
building_5,0005405,reference,dataset_splits/10_buildings/building_5/0005405/reference/0005405_117.jpg
building_5,0005405,reference,dataset_splits/10_buildings/building_5/0005405/reference/0005405_119.jpg
building_5,0005405,reference,dataset_splits/10_buildings/building_5/0005405/reference/0005405_155.jpg
building_5,0005405,reference,dataset_splits/10_buildings/building_5/0005405/reference/0005405_156.jpg
building_5,0005405,test,dataset_splits/10_buildings/building_5/0005405/test/0005405_005.jpg
building_5,0005405,test,dataset_splits/10_buildings/building_5/0005405/test/0005405_006.jpg
building_5,0005405,test,dataset_splits/10_buildings/building_5/0005405/test/0005405_009.jpg
building_5,0005405,test,dataset_splits/10_buildings/building_5/0005405/test/0005405_013.jpg
building_5,0005405,test,dataset_splits/10_buildings/building_5/0005405/test/0005405_017.jpg
building_5,0005405,test,dataset_splits/10_buildings/building_5/0005405/test/0005405_022.jpg
building_5,0005405,test,dataset_splits/10_buildings/building_5/0005405/test/0005405_028.jpg
building_5,0005405,test,dataset_splits/10_buildings/building_5/0005405/test/0005405_030.jpg
building_5,0005405,test,dataset_splits/10_buildings/building_5/0005405/test/0005405_035.jpg
building_5,0005405,test,dataset_splits/10_buildings/building_5/0005405/test/0005405_037.jpg
building_5,0005405,test,dataset_splits/10_buildings/building_5/0005405/test/0005405_039.jpg
building_5,0005405,test,dataset_splits/10_buildings/building_5/0005405/test/0005405_042.jpg
building_5,0005405,test,dataset_splits/10_buildings/building_5/0005405/test/0005405_045.jpg
building_5,0005405,test,dataset_splits/10_buildings/building_5/0005405/test/0005405_072.jpg
building_5,0005405,test,dataset_splits/10_buildings/building_5/0005405/test/0005405_104.jpg
building_5,0005405,test,dataset_splits/10_buildings/building_5/0005405/test/0005405_109.jpg
building_5,0005405,test,dataset_splits/10_buildings/building_5/0005405/test/0005405_111.jpg
building_5,0005405,test,dataset_splits/10_buildings/building_5/0005405/test/0005405_113.jpg
building_5,0005405,test,dataset_splits/10_buildings/building_5/0005405/test/0005405_123.jpg
building_5,0005405,test,dataset_splits/10_buildings/building_5/0005405/test/0005405_186.jpg
building_5,0007002,reference,dataset_splits/10_buildings/building_5/0007002/reference/0007002_003.jpg
building_5,0007002,reference,dataset_splits/10_buildings/building_5/0007002/reference/0007002_009.jpg
building_5,0007002,reference,dataset_splits/10_buildings/building_5/0007002/reference/0007002_010.jpg
building_5,0007002,reference,dataset_splits/10_buildings/building_5/0007002/reference/0007002_012.jpg
building_5,0007002,reference,dataset_splits/10_buildings/building_5/0007002/reference/0007002_013.jpg
building_5,0007002,reference,dataset_splits/10_buildings/building_5/0007002/reference/0007002_014.jpg
building_5,0007002,reference,dataset_splits/10_buildings/building_5/0007002/reference/0007002_016.jpg
building_5,0007002,reference,dataset_splits/10_buildings/building_5/0007002/reference/0007002_017.jpg
building_5,0007002,reference,dataset_splits/10_buildings/building_5/0007002/reference/0007002_018.jpg
building_5,0007002,reference,dataset_splits/10_buildings/building_5/0007002/reference/0007002_020.jpg
building_5,0007002,reference,dataset_splits/10_buildings/building_5/0007002/reference/0007002_027.jpg
building_5,0007002,reference,dataset_splits/10_buildings/building_5/0007002/reference/0007002_028.jpg
building_5,0007002,reference,dataset_splits/10_buildings/building_5/0007002/reference/0007002_030.jpg
building_5,0007002,reference,dataset_splits/10_buildings/building_5/0007002/reference/0007002_032.jpg
building_5,0007002,reference,dataset_splits/10_buildings/building_5/0007002/reference/0007002_035.jpg
building_5,0007002,reference,dataset_splits/10_buildings/building_5/0007002/reference/0007002_037.jpg
building_5,0007002,reference,dataset_splits/10_buildings/building_5/0007002/reference/0007002_041.jpg
building_5,0007002,reference,dataset_splits/10_buildings/building_5/0007002/reference/0007002_047.jpg
building_5,0007002,reference,dataset_splits/10_buildings/building_5/0007002/reference/0007002_050.jpg
building_5,0007002,reference,dataset_splits/10_buildings/building_5/0007002/reference/0007002_051.jpg
building_5,0007002,test,dataset_splits/10_buildings/building_5/0007002/test/0007002_005.jpg
building_5,0007002,test,dataset_splits/10_buildings/building_5/0007002/test/0007002_007.jpg
building_5,0007002,test,dataset_splits/10_buildings/building_5/0007002/test/0007002_008.jpg
building_5,0007002,test,dataset_splits/10_buildings/building_5/0007002/test/0007002_019.jpg
building_5,0007002,test,dataset_splits/10_buildings/building_5/0007002/test/0007002_021.jpg
building_5,0007002,test,dataset_splits/10_buildings/building_5/0007002/test/0007002_022.jpg
building_5,0007002,test,dataset_splits/10_buildings/building_5/0007002/test/0007002_023.jpg
building_5,0007002,test,dataset_splits/10_buildings/building_5/0007002/test/0007002_024.jpg
building_5,0007002,test,dataset_splits/10_buildings/building_5/0007002/test/0007002_025.jpg
building_5,0007002,test,dataset_splits/10_buildings/building_5/0007002/test/0007002_026.jpg
building_5,0007002,test,dataset_splits/10_buildings/building_5/0007002/test/0007002_031.jpg
building_5,0007002,test,dataset_splits/10_buildings/building_5/0007002/test/0007002_033.jpg
building_5,0007002,test,dataset_splits/10_buildings/building_5/0007002/test/0007002_038.jpg
building_5,0007002,test,dataset_splits/10_buildings/building_5/0007002/test/0007002_039.jpg
building_5,0007002,test,dataset_splits/10_buildings/building_5/0007002/test/0007002_040.jpg
building_5,0007002,test,dataset_splits/10_buildings/building_5/0007002/test/0007002_042.jpg
building_5,0007002,test,dataset_splits/10_buildings/building_5/0007002/test/0007002_043.jpg
building_5,0007002,test,dataset_splits/10_buildings/building_5/0007002/test/0007002_046.jpg
building_5,0007002,test,dataset_splits/10_buildings/building_5/0007002/test/0007002_048.jpg
building_5,0007002,test,dataset_splits/10_buildings/building_5/0007002/test/0007002_049.jpg
