building,occupant_id,split,image_path
building_4,0000144,reference,dataset_splits/10_buildings/building_4/0000144/reference/0000144_008.jpg
building_4,0000144,reference,dataset_splits/10_buildings/building_4/0000144/reference/0000144_009.jpg
building_4,0000144,reference,dataset_splits/10_buildings/building_4/0000144/reference/0000144_011.jpg
building_4,0000144,reference,dataset_splits/10_buildings/building_4/0000144/reference/0000144_012.jpg
building_4,0000144,reference,dataset_splits/10_buildings/building_4/0000144/reference/0000144_014.jpg
building_4,0000144,reference,dataset_splits/10_buildings/building_4/0000144/reference/0000144_016.jpg
building_4,0000144,reference,dataset_splits/10_buildings/building_4/0000144/reference/0000144_026.jpg
building_4,0000144,reference,dataset_splits/10_buildings/building_4/0000144/reference/0000144_030.jpg
building_4,0000144,reference,dataset_splits/10_buildings/building_4/0000144/reference/0000144_031.jpg
building_4,0000144,reference,dataset_splits/10_buildings/building_4/0000144/reference/0000144_034.jpg
building_4,0000144,reference,dataset_splits/10_buildings/building_4/0000144/reference/0000144_037.jpg
building_4,0000144,reference,dataset_splits/10_buildings/building_4/0000144/reference/0000144_047.jpg
building_4,0000144,reference,dataset_splits/10_buildings/building_4/0000144/reference/0000144_052.jpg
building_4,0000144,reference,dataset_splits/10_buildings/building_4/0000144/reference/0000144_061.jpg
building_4,0000144,reference,dataset_splits/10_buildings/building_4/0000144/reference/0000144_069.jpg
building_4,0000144,reference,dataset_splits/10_buildings/building_4/0000144/reference/0000144_075.jpg
building_4,0000144,reference,dataset_splits/10_buildings/building_4/0000144/reference/0000144_081.jpg
building_4,0000144,reference,dataset_splits/10_buildings/building_4/0000144/reference/0000144_088.jpg
building_4,0000144,reference,dataset_splits/10_buildings/building_4/0000144/reference/0000144_091.jpg
building_4,0000144,reference,dataset_splits/10_buildings/building_4/0000144/reference/0000144_099.jpg
building_4,0000144,test,dataset_splits/10_buildings/building_4/0000144/test/0000144_017.jpg
building_4,0000144,test,dataset_splits/10_buildings/building_4/0000144/test/0000144_022.jpg
building_4,0000144,test,dataset_splits/10_buildings/building_4/0000144/test/0000144_023.jpg
building_4,0000144,test,dataset_splits/10_buildings/building_4/0000144/test/0000144_027.jpg
building_4,0000144,test,dataset_splits/10_buildings/building_4/0000144/test/0000144_028.jpg
building_4,0000144,test,dataset_splits/10_buildings/building_4/0000144/test/0000144_029.jpg
building_4,0000144,test,dataset_splits/10_buildings/building_4/0000144/test/0000144_035.jpg
building_4,0000144,test,dataset_splits/10_buildings/building_4/0000144/test/0000144_045.jpg
building_4,0000144,test,dataset_splits/10_buildings/building_4/0000144/test/0000144_046.jpg
building_4,0000144,test,dataset_splits/10_buildings/building_4/0000144/test/0000144_051.jpg
building_4,0000144,test,dataset_splits/10_buildings/building_4/0000144/test/0000144_057.jpg
building_4,0000144,test,dataset_splits/10_buildings/building_4/0000144/test/0000144_058.jpg
building_4,0000144,test,dataset_splits/10_buildings/building_4/0000144/test/0000144_062.jpg
building_4,0000144,test,dataset_splits/10_buildings/building_4/0000144/test/0000144_067.jpg
building_4,0000144,test,dataset_splits/10_buildings/building_4/0000144/test/0000144_068.jpg
building_4,0000144,test,dataset_splits/10_buildings/building_4/0000144/test/0000144_071.jpg
building_4,0000144,test,dataset_splits/10_buildings/building_4/0000144/test/0000144_076.jpg
building_4,0000144,test,dataset_splits/10_buildings/building_4/0000144/test/0000144_078.jpg
building_4,0000144,test,dataset_splits/10_buildings/building_4/0000144/test/0000144_080.jpg
building_4,0000144,test,dataset_splits/10_buildings/building_4/0000144/test/0000144_089.jpg
building_4,0000156,reference,dataset_splits/10_buildings/building_4/0000156/reference/0000156_001.jpg
building_4,0000156,reference,dataset_splits/10_buildings/building_4/0000156/reference/0000156_008.jpg
building_4,0000156,reference,dataset_splits/10_buildings/building_4/0000156/reference/0000156_015.jpg
building_4,0000156,reference,dataset_splits/10_buildings/building_4/0000156/reference/0000156_021.jpg
building_4,0000156,reference,dataset_splits/10_buildings/building_4/0000156/reference/0000156_022.jpg
building_4,0000156,reference,dataset_splits/10_buildings/building_4/0000156/reference/0000156_024.jpg
building_4,0000156,reference,dataset_splits/10_buildings/building_4/0000156/reference/0000156_029.jpg
building_4,0000156,reference,dataset_splits/10_buildings/building_4/0000156/reference/0000156_051.jpg
building_4,0000156,reference,dataset_splits/10_buildings/building_4/0000156/reference/0000156_055.jpg
building_4,0000156,reference,dataset_splits/10_buildings/building_4/0000156/reference/0000156_056.jpg
building_4,0000156,reference,dataset_splits/10_buildings/building_4/0000156/reference/0000156_057.jpg
building_4,0000156,reference,dataset_splits/10_buildings/building_4/0000156/reference/0000156_070.jpg
building_4,0000156,reference,dataset_splits/10_buildings/building_4/0000156/reference/0000156_090.jpg
building_4,0000156,reference,dataset_splits/10_buildings/building_4/0000156/reference/0000156_109.jpg
building_4,0000156,reference,dataset_splits/10_buildings/building_4/0000156/reference/0000156_114.jpg
building_4,0000156,reference,dataset_splits/10_buildings/building_4/0000156/reference/0000156_117.jpg
building_4,0000156,reference,dataset_splits/10_buildings/building_4/0000156/reference/0000156_121.jpg
building_4,0000156,reference,dataset_splits/10_buildings/building_4/0000156/reference/0000156_125.jpg
building_4,0000156,reference,dataset_splits/10_buildings/building_4/0000156/reference/0000156_138.jpg
building_4,0000156,reference,dataset_splits/10_buildings/building_4/0000156/reference/0000156_145.jpg
building_4,0000156,test,dataset_splits/10_buildings/building_4/0000156/test/0000156_007.jpg
building_4,0000156,test,dataset_splits/10_buildings/building_4/0000156/test/0000156_013.jpg
building_4,0000156,test,dataset_splits/10_buildings/building_4/0000156/test/0000156_023.jpg
building_4,0000156,test,dataset_splits/10_buildings/building_4/0000156/test/0000156_026.jpg
building_4,0000156,test,dataset_splits/10_buildings/building_4/0000156/test/0000156_039.jpg
building_4,0000156,test,dataset_splits/10_buildings/building_4/0000156/test/0000156_042.jpg
building_4,0000156,test,dataset_splits/10_buildings/building_4/0000156/test/0000156_044.jpg
building_4,0000156,test,dataset_splits/10_buildings/building_4/0000156/test/0000156_067.jpg
building_4,0000156,test,dataset_splits/10_buildings/building_4/0000156/test/0000156_068.jpg
building_4,0000156,test,dataset_splits/10_buildings/building_4/0000156/test/0000156_084.jpg
building_4,0000156,test,dataset_splits/10_buildings/building_4/0000156/test/0000156_085.jpg
building_4,0000156,test,dataset_splits/10_buildings/building_4/0000156/test/0000156_088.jpg
building_4,0000156,test,dataset_splits/10_buildings/building_4/0000156/test/0000156_098.jpg
building_4,0000156,test,dataset_splits/10_buildings/building_4/0000156/test/0000156_103.jpg
building_4,0000156,test,dataset_splits/10_buildings/building_4/0000156/test/0000156_107.jpg
building_4,0000156,test,dataset_splits/10_buildings/building_4/0000156/test/0000156_110.jpg
building_4,0000156,test,dataset_splits/10_buildings/building_4/0000156/test/0000156_113.jpg
building_4,0000156,test,dataset_splits/10_buildings/building_4/0000156/test/0000156_119.jpg
building_4,0000156,test,dataset_splits/10_buildings/building_4/0000156/test/0000156_141.jpg
building_4,0000156,test,dataset_splits/10_buildings/building_4/0000156/test/0000156_148.jpg
building_4,0000170,reference,dataset_splits/10_buildings/building_4/0000170/reference/0000170_039.jpg
building_4,0000170,reference,dataset_splits/10_buildings/building_4/0000170/reference/0000170_061.jpg
building_4,0000170,reference,dataset_splits/10_buildings/building_4/0000170/reference/0000170_073.jpg
building_4,0000170,reference,dataset_splits/10_buildings/building_4/0000170/reference/0000170_084.jpg
building_4,0000170,reference,dataset_splits/10_buildings/building_4/0000170/reference/0000170_090.jpg
building_4,0000170,reference,dataset_splits/10_buildings/building_4/0000170/reference/0000170_093.jpg
building_4,0000170,reference,dataset_splits/10_buildings/building_4/0000170/reference/0000170_105.jpg
building_4,0000170,reference,dataset_splits/10_buildings/building_4/0000170/reference/0000170_111.jpg
building_4,0000170,reference,dataset_splits/10_buildings/building_4/0000170/reference/0000170_113.jpg
building_4,0000170,reference,dataset_splits/10_buildings/building_4/0000170/reference/0000170_120.jpg
building_4,0000170,reference,dataset_splits/10_buildings/building_4/0000170/reference/0000170_129.jpg
building_4,0000170,reference,dataset_splits/10_buildings/building_4/0000170/reference/0000170_162.jpg
building_4,0000170,reference,dataset_splits/10_buildings/building_4/0000170/reference/0000170_192.jpg
building_4,0000170,reference,dataset_splits/10_buildings/building_4/0000170/reference/0000170_198.jpg
building_4,0000170,reference,dataset_splits/10_buildings/building_4/0000170/reference/0000170_238.jpg
building_4,0000170,reference,dataset_splits/10_buildings/building_4/0000170/reference/0000170_249.jpg
building_4,0000170,reference,dataset_splits/10_buildings/building_4/0000170/reference/0000170_299.jpg
building_4,0000170,reference,dataset_splits/10_buildings/building_4/0000170/reference/0000170_305.jpg
building_4,0000170,reference,dataset_splits/10_buildings/building_4/0000170/reference/0000170_308.jpg
building_4,0000170,reference,dataset_splits/10_buildings/building_4/0000170/reference/0000170_319.jpg
building_4,0000170,test,dataset_splits/10_buildings/building_4/0000170/test/0000170_016.jpg
building_4,0000170,test,dataset_splits/10_buildings/building_4/0000170/test/0000170_020.jpg
building_4,0000170,test,dataset_splits/10_buildings/building_4/0000170/test/0000170_022.jpg
building_4,0000170,test,dataset_splits/10_buildings/building_4/0000170/test/0000170_036.jpg
building_4,0000170,test,dataset_splits/10_buildings/building_4/0000170/test/0000170_048.jpg
building_4,0000170,test,dataset_splits/10_buildings/building_4/0000170/test/0000170_049.jpg
building_4,0000170,test,dataset_splits/10_buildings/building_4/0000170/test/0000170_060.jpg
building_4,0000170,test,dataset_splits/10_buildings/building_4/0000170/test/0000170_088.jpg
building_4,0000170,test,dataset_splits/10_buildings/building_4/0000170/test/0000170_139.jpg
building_4,0000170,test,dataset_splits/10_buildings/building_4/0000170/test/0000170_168.jpg
building_4,0000170,test,dataset_splits/10_buildings/building_4/0000170/test/0000170_171.jpg
building_4,0000170,test,dataset_splits/10_buildings/building_4/0000170/test/0000170_177.jpg
building_4,0000170,test,dataset_splits/10_buildings/building_4/0000170/test/0000170_183.jpg
building_4,0000170,test,dataset_splits/10_buildings/building_4/0000170/test/0000170_200.jpg
building_4,0000170,test,dataset_splits/10_buildings/building_4/0000170/test/0000170_202.jpg
building_4,0000170,test,dataset_splits/10_buildings/building_4/0000170/test/0000170_231.jpg
building_4,0000170,test,dataset_splits/10_buildings/building_4/0000170/test/0000170_236.jpg
building_4,0000170,test,dataset_splits/10_buildings/building_4/0000170/test/0000170_269.jpg
building_4,0000170,test,dataset_splits/10_buildings/building_4/0000170/test/0000170_303.jpg
building_4,0000170,test,dataset_splits/10_buildings/building_4/0000170/test/0000170_326.jpg
building_4,0000186,reference,dataset_splits/10_buildings/building_4/0000186/reference/0000186_001.jpg
building_4,0000186,reference,dataset_splits/10_buildings/building_4/0000186/reference/0000186_004.jpg
building_4,0000186,reference,dataset_splits/10_buildings/building_4/0000186/reference/0000186_007.jpg
building_4,0000186,reference,dataset_splits/10_buildings/building_4/0000186/reference/0000186_013.jpg
building_4,0000186,reference,dataset_splits/10_buildings/building_4/0000186/reference/0000186_025.jpg
building_4,0000186,reference,dataset_splits/10_buildings/building_4/0000186/reference/0000186_026.jpg
building_4,0000186,reference,dataset_splits/10_buildings/building_4/0000186/reference/0000186_032.jpg
building_4,0000186,reference,dataset_splits/10_buildings/building_4/0000186/reference/0000186_035.jpg
building_4,0000186,reference,dataset_splits/10_buildings/building_4/0000186/reference/0000186_037.jpg
building_4,0000186,reference,dataset_splits/10_buildings/building_4/0000186/reference/0000186_039.jpg
building_4,0000186,reference,dataset_splits/10_buildings/building_4/0000186/reference/0000186_041.jpg
building_4,0000186,reference,dataset_splits/10_buildings/building_4/0000186/reference/0000186_044.jpg
building_4,0000186,reference,dataset_splits/10_buildings/building_4/0000186/reference/0000186_047.jpg
building_4,0000186,reference,dataset_splits/10_buildings/building_4/0000186/reference/0000186_049.jpg
building_4,0000186,reference,dataset_splits/10_buildings/building_4/0000186/reference/0000186_053.jpg
building_4,0000186,reference,dataset_splits/10_buildings/building_4/0000186/reference/0000186_059.jpg
building_4,0000186,reference,dataset_splits/10_buildings/building_4/0000186/reference/0000186_061.jpg
building_4,0000186,reference,dataset_splits/10_buildings/building_4/0000186/reference/0000186_063.jpg
building_4,0000186,reference,dataset_splits/10_buildings/building_4/0000186/reference/0000186_067.jpg
building_4,0000186,reference,dataset_splits/10_buildings/building_4/0000186/reference/0000186_069.jpg
building_4,0000186,test,dataset_splits/10_buildings/building_4/0000186/test/0000186_008.jpg
building_4,0000186,test,dataset_splits/10_buildings/building_4/0000186/test/0000186_009.jpg
building_4,0000186,test,dataset_splits/10_buildings/building_4/0000186/test/0000186_015.jpg
building_4,0000186,test,dataset_splits/10_buildings/building_4/0000186/test/0000186_016.jpg
building_4,0000186,test,dataset_splits/10_buildings/building_4/0000186/test/0000186_019.jpg
building_4,0000186,test,dataset_splits/10_buildings/building_4/0000186/test/0000186_023.jpg
building_4,0000186,test,dataset_splits/10_buildings/building_4/0000186/test/0000186_027.jpg
building_4,0000186,test,dataset_splits/10_buildings/building_4/0000186/test/0000186_030.jpg
building_4,0000186,test,dataset_splits/10_buildings/building_4/0000186/test/0000186_038.jpg
building_4,0000186,test,dataset_splits/10_buildings/building_4/0000186/test/0000186_043.jpg
building_4,0000186,test,dataset_splits/10_buildings/building_4/0000186/test/0000186_045.jpg
building_4,0000186,test,dataset_splits/10_buildings/building_4/0000186/test/0000186_046.jpg
building_4,0000186,test,dataset_splits/10_buildings/building_4/0000186/test/0000186_050.jpg
building_4,0000186,test,dataset_splits/10_buildings/building_4/0000186/test/0000186_051.jpg
building_4,0000186,test,dataset_splits/10_buildings/building_4/0000186/test/0000186_055.jpg
building_4,0000186,test,dataset_splits/10_buildings/building_4/0000186/test/0000186_057.jpg
building_4,0000186,test,dataset_splits/10_buildings/building_4/0000186/test/0000186_058.jpg
building_4,0000186,test,dataset_splits/10_buildings/building_4/0000186/test/0000186_060.jpg
building_4,0000186,test,dataset_splits/10_buildings/building_4/0000186/test/0000186_062.jpg
building_4,0000186,test,dataset_splits/10_buildings/building_4/0000186/test/0000186_068.jpg
building_4,0000198,reference,dataset_splits/10_buildings/building_4/0000198/reference/0000198_005.jpg
building_4,0000198,reference,dataset_splits/10_buildings/building_4/0000198/reference/0000198_016.jpg
building_4,0000198,reference,dataset_splits/10_buildings/building_4/0000198/reference/0000198_018.jpg
building_4,0000198,reference,dataset_splits/10_buildings/building_4/0000198/reference/0000198_030.jpg
building_4,0000198,reference,dataset_splits/10_buildings/building_4/0000198/reference/0000198_039.jpg
building_4,0000198,reference,dataset_splits/10_buildings/building_4/0000198/reference/0000198_055.jpg
building_4,0000198,reference,dataset_splits/10_buildings/building_4/0000198/reference/0000198_073.jpg
building_4,0000198,reference,dataset_splits/10_buildings/building_4/0000198/reference/0000198_076.jpg
building_4,0000198,reference,dataset_splits/10_buildings/building_4/0000198/reference/0000198_083.jpg
building_4,0000198,reference,dataset_splits/10_buildings/building_4/0000198/reference/0000198_087.jpg
building_4,0000198,reference,dataset_splits/10_buildings/building_4/0000198/reference/0000198_090.jpg
building_4,0000198,reference,dataset_splits/10_buildings/building_4/0000198/reference/0000198_099.jpg
building_4,0000198,reference,dataset_splits/10_buildings/building_4/0000198/reference/0000198_114.jpg
building_4,0000198,reference,dataset_splits/10_buildings/building_4/0000198/reference/0000198_115.jpg
building_4,0000198,reference,dataset_splits/10_buildings/building_4/0000198/reference/0000198_124.jpg
building_4,0000198,reference,dataset_splits/10_buildings/building_4/0000198/reference/0000198_158.jpg
building_4,0000198,reference,dataset_splits/10_buildings/building_4/0000198/reference/0000198_165.jpg
building_4,0000198,reference,dataset_splits/10_buildings/building_4/0000198/reference/0000198_173.jpg
building_4,0000198,reference,dataset_splits/10_buildings/building_4/0000198/reference/0000198_175.jpg
building_4,0000198,reference,dataset_splits/10_buildings/building_4/0000198/reference/0000198_185.jpg
building_4,0000198,test,dataset_splits/10_buildings/building_4/0000198/test/0000198_008.jpg
building_4,0000198,test,dataset_splits/10_buildings/building_4/0000198/test/0000198_012.jpg
building_4,0000198,test,dataset_splits/10_buildings/building_4/0000198/test/0000198_021.jpg
building_4,0000198,test,dataset_splits/10_buildings/building_4/0000198/test/0000198_025.jpg
building_4,0000198,test,dataset_splits/10_buildings/building_4/0000198/test/0000198_026.jpg
building_4,0000198,test,dataset_splits/10_buildings/building_4/0000198/test/0000198_045.jpg
building_4,0000198,test,dataset_splits/10_buildings/building_4/0000198/test/0000198_051.jpg
building_4,0000198,test,dataset_splits/10_buildings/building_4/0000198/test/0000198_059.jpg
building_4,0000198,test,dataset_splits/10_buildings/building_4/0000198/test/0000198_060.jpg
building_4,0000198,test,dataset_splits/10_buildings/building_4/0000198/test/0000198_074.jpg
building_4,0000198,test,dataset_splits/10_buildings/building_4/0000198/test/0000198_075.jpg
building_4,0000198,test,dataset_splits/10_buildings/building_4/0000198/test/0000198_084.jpg
building_4,0000198,test,dataset_splits/10_buildings/building_4/0000198/test/0000198_109.jpg
building_4,0000198,test,dataset_splits/10_buildings/building_4/0000198/test/0000198_110.jpg
building_4,0000198,test,dataset_splits/10_buildings/building_4/0000198/test/0000198_117.jpg
building_4,0000198,test,dataset_splits/10_buildings/building_4/0000198/test/0000198_128.jpg
building_4,0000198,test,dataset_splits/10_buildings/building_4/0000198/test/0000198_138.jpg
building_4,0000198,test,dataset_splits/10_buildings/building_4/0000198/test/0000198_148.jpg
building_4,0000198,test,dataset_splits/10_buildings/building_4/0000198/test/0000198_156.jpg
building_4,0000198,test,dataset_splits/10_buildings/building_4/0000198/test/0000198_162.jpg
building_4,0000225,reference,dataset_splits/10_buildings/building_4/0000225/reference/0000225_014.jpg
building_4,0000225,reference,dataset_splits/10_buildings/building_4/0000225/reference/0000225_021.jpg
building_4,0000225,reference,dataset_splits/10_buildings/building_4/0000225/reference/0000225_040.jpg
building_4,0000225,reference,dataset_splits/10_buildings/building_4/0000225/reference/0000225_060.jpg
building_4,0000225,reference,dataset_splits/10_buildings/building_4/0000225/reference/0000225_097.jpg
building_4,0000225,reference,dataset_splits/10_buildings/building_4/0000225/reference/0000225_098.jpg
building_4,0000225,reference,dataset_splits/10_buildings/building_4/0000225/reference/0000225_100.jpg
building_4,0000225,reference,dataset_splits/10_buildings/building_4/0000225/reference/0000225_103.jpg
building_4,0000225,reference,dataset_splits/10_buildings/building_4/0000225/reference/0000225_116.jpg
building_4,0000225,reference,dataset_splits/10_buildings/building_4/0000225/reference/0000225_125.jpg
building_4,0000225,reference,dataset_splits/10_buildings/building_4/0000225/reference/0000225_126.jpg
building_4,0000225,reference,dataset_splits/10_buildings/building_4/0000225/reference/0000225_153.jpg
building_4,0000225,reference,dataset_splits/10_buildings/building_4/0000225/reference/0000225_154.jpg
building_4,0000225,reference,dataset_splits/10_buildings/building_4/0000225/reference/0000225_155.jpg
building_4,0000225,reference,dataset_splits/10_buildings/building_4/0000225/reference/0000225_181.jpg
building_4,0000225,reference,dataset_splits/10_buildings/building_4/0000225/reference/0000225_217.jpg
building_4,0000225,reference,dataset_splits/10_buildings/building_4/0000225/reference/0000225_222.jpg
building_4,0000225,reference,dataset_splits/10_buildings/building_4/0000225/reference/0000225_278.jpg
building_4,0000225,reference,dataset_splits/10_buildings/building_4/0000225/reference/0000225_281.jpg
building_4,0000225,reference,dataset_splits/10_buildings/building_4/0000225/reference/0000225_303.jpg
building_4,0000225,test,dataset_splits/10_buildings/building_4/0000225/test/0000225_008.jpg
building_4,0000225,test,dataset_splits/10_buildings/building_4/0000225/test/0000225_020.jpg
building_4,0000225,test,dataset_splits/10_buildings/building_4/0000225/test/0000225_023.jpg
building_4,0000225,test,dataset_splits/10_buildings/building_4/0000225/test/0000225_074.jpg
building_4,0000225,test,dataset_splits/10_buildings/building_4/0000225/test/0000225_117.jpg
building_4,0000225,test,dataset_splits/10_buildings/building_4/0000225/test/0000225_122.jpg
building_4,0000225,test,dataset_splits/10_buildings/building_4/0000225/test/0000225_134.jpg
building_4,0000225,test,dataset_splits/10_buildings/building_4/0000225/test/0000225_142.jpg
building_4,0000225,test,dataset_splits/10_buildings/building_4/0000225/test/0000225_143.jpg
building_4,0000225,test,dataset_splits/10_buildings/building_4/0000225/test/0000225_164.jpg
building_4,0000225,test,dataset_splits/10_buildings/building_4/0000225/test/0000225_169.jpg
building_4,0000225,test,dataset_splits/10_buildings/building_4/0000225/test/0000225_185.jpg
building_4,0000225,test,dataset_splits/10_buildings/building_4/0000225/test/0000225_208.jpg
building_4,0000225,test,dataset_splits/10_buildings/building_4/0000225/test/0000225_212.jpg
building_4,0000225,test,dataset_splits/10_buildings/building_4/0000225/test/0000225_213.jpg
building_4,0000225,test,dataset_splits/10_buildings/building_4/0000225/test/0000225_229.jpg
building_4,0000225,test,dataset_splits/10_buildings/building_4/0000225/test/0000225_236.jpg
building_4,0000225,test,dataset_splits/10_buildings/building_4/0000225/test/0000225_241.jpg
building_4,0000225,test,dataset_splits/10_buildings/building_4/0000225/test/0000225_264.jpg
building_4,0000225,test,dataset_splits/10_buildings/building_4/0000225/test/0000225_289.jpg
building_4,0000271,reference,dataset_splits/10_buildings/building_4/0000271/reference/0000271_003.jpg
building_4,0000271,reference,dataset_splits/10_buildings/building_4/0000271/reference/0000271_004.jpg
building_4,0000271,reference,dataset_splits/10_buildings/building_4/0000271/reference/0000271_005.jpg
building_4,0000271,reference,dataset_splits/10_buildings/building_4/0000271/reference/0000271_014.jpg
building_4,0000271,reference,dataset_splits/10_buildings/building_4/0000271/reference/0000271_015.jpg
building_4,0000271,reference,dataset_splits/10_buildings/building_4/0000271/reference/0000271_019.jpg
building_4,0000271,reference,dataset_splits/10_buildings/building_4/0000271/reference/0000271_020.jpg
building_4,0000271,reference,dataset_splits/10_buildings/building_4/0000271/reference/0000271_022.jpg
building_4,0000271,reference,dataset_splits/10_buildings/building_4/0000271/reference/0000271_024.jpg
building_4,0000271,reference,dataset_splits/10_buildings/building_4/0000271/reference/0000271_027.jpg
building_4,0000271,reference,dataset_splits/10_buildings/building_4/0000271/reference/0000271_029.jpg
building_4,0000271,reference,dataset_splits/10_buildings/building_4/0000271/reference/0000271_032.jpg
building_4,0000271,reference,dataset_splits/10_buildings/building_4/0000271/reference/0000271_037.jpg
building_4,0000271,reference,dataset_splits/10_buildings/building_4/0000271/reference/0000271_041.jpg
building_4,0000271,reference,dataset_splits/10_buildings/building_4/0000271/reference/0000271_045.jpg
building_4,0000271,reference,dataset_splits/10_buildings/building_4/0000271/reference/0000271_056.jpg
building_4,0000271,reference,dataset_splits/10_buildings/building_4/0000271/reference/0000271_058.jpg
building_4,0000271,reference,dataset_splits/10_buildings/building_4/0000271/reference/0000271_061.jpg
building_4,0000271,reference,dataset_splits/10_buildings/building_4/0000271/reference/0000271_062.jpg
building_4,0000271,reference,dataset_splits/10_buildings/building_4/0000271/reference/0000271_063.jpg
building_4,0000271,test,dataset_splits/10_buildings/building_4/0000271/test/0000271_007.jpg
building_4,0000271,test,dataset_splits/10_buildings/building_4/0000271/test/0000271_008.jpg
building_4,0000271,test,dataset_splits/10_buildings/building_4/0000271/test/0000271_009.jpg
building_4,0000271,test,dataset_splits/10_buildings/building_4/0000271/test/0000271_010.jpg
building_4,0000271,test,dataset_splits/10_buildings/building_4/0000271/test/0000271_012.jpg
building_4,0000271,test,dataset_splits/10_buildings/building_4/0000271/test/0000271_017.jpg
building_4,0000271,test,dataset_splits/10_buildings/building_4/0000271/test/0000271_018.jpg
building_4,0000271,test,dataset_splits/10_buildings/building_4/0000271/test/0000271_023.jpg
building_4,0000271,test,dataset_splits/10_buildings/building_4/0000271/test/0000271_030.jpg
building_4,0000271,test,dataset_splits/10_buildings/building_4/0000271/test/0000271_031.jpg
building_4,0000271,test,dataset_splits/10_buildings/building_4/0000271/test/0000271_035.jpg
building_4,0000271,test,dataset_splits/10_buildings/building_4/0000271/test/0000271_039.jpg
building_4,0000271,test,dataset_splits/10_buildings/building_4/0000271/test/0000271_040.jpg
building_4,0000271,test,dataset_splits/10_buildings/building_4/0000271/test/0000271_043.jpg
building_4,0000271,test,dataset_splits/10_buildings/building_4/0000271/test/0000271_044.jpg
building_4,0000271,test,dataset_splits/10_buildings/building_4/0000271/test/0000271_046.jpg
building_4,0000271,test,dataset_splits/10_buildings/building_4/0000271/test/0000271_047.jpg
building_4,0000271,test,dataset_splits/10_buildings/building_4/0000271/test/0000271_048.jpg
building_4,0000271,test,dataset_splits/10_buildings/building_4/0000271/test/0000271_050.jpg
building_4,0000271,test,dataset_splits/10_buildings/building_4/0000271/test/0000271_053.jpg
building_4,0000332,reference,dataset_splits/10_buildings/building_4/0000332/reference/0000332_017.jpg
building_4,0000332,reference,dataset_splits/10_buildings/building_4/0000332/reference/0000332_054.jpg
building_4,0000332,reference,dataset_splits/10_buildings/building_4/0000332/reference/0000332_057.jpg
building_4,0000332,reference,dataset_splits/10_buildings/building_4/0000332/reference/0000332_073.jpg
building_4,0000332,reference,dataset_splits/10_buildings/building_4/0000332/reference/0000332_087.jpg
building_4,0000332,reference,dataset_splits/10_buildings/building_4/0000332/reference/0000332_088.jpg
building_4,0000332,reference,dataset_splits/10_buildings/building_4/0000332/reference/0000332_096.jpg
building_4,0000332,reference,dataset_splits/10_buildings/building_4/0000332/reference/0000332_106.jpg
building_4,0000332,reference,dataset_splits/10_buildings/building_4/0000332/reference/0000332_123.jpg
building_4,0000332,reference,dataset_splits/10_buildings/building_4/0000332/reference/0000332_145.jpg
building_4,0000332,reference,dataset_splits/10_buildings/building_4/0000332/reference/0000332_156.jpg
building_4,0000332,reference,dataset_splits/10_buildings/building_4/0000332/reference/0000332_167.jpg
building_4,0000332,reference,dataset_splits/10_buildings/building_4/0000332/reference/0000332_175.jpg
building_4,0000332,reference,dataset_splits/10_buildings/building_4/0000332/reference/0000332_194.jpg
building_4,0000332,reference,dataset_splits/10_buildings/building_4/0000332/reference/0000332_201.jpg
building_4,0000332,reference,dataset_splits/10_buildings/building_4/0000332/reference/0000332_242.jpg
building_4,0000332,reference,dataset_splits/10_buildings/building_4/0000332/reference/0000332_250.jpg
building_4,0000332,reference,dataset_splits/10_buildings/building_4/0000332/reference/0000332_256.jpg
building_4,0000332,reference,dataset_splits/10_buildings/building_4/0000332/reference/0000332_291.jpg
building_4,0000332,reference,dataset_splits/10_buildings/building_4/0000332/reference/0000332_296.jpg
building_4,0000332,test,dataset_splits/10_buildings/building_4/0000332/test/0000332_003.jpg
building_4,0000332,test,dataset_splits/10_buildings/building_4/0000332/test/0000332_029.jpg
building_4,0000332,test,dataset_splits/10_buildings/building_4/0000332/test/0000332_033.jpg
building_4,0000332,test,dataset_splits/10_buildings/building_4/0000332/test/0000332_046.jpg
building_4,0000332,test,dataset_splits/10_buildings/building_4/0000332/test/0000332_058.jpg
building_4,0000332,test,dataset_splits/10_buildings/building_4/0000332/test/0000332_102.jpg
building_4,0000332,test,dataset_splits/10_buildings/building_4/0000332/test/0000332_116.jpg
building_4,0000332,test,dataset_splits/10_buildings/building_4/0000332/test/0000332_121.jpg
building_4,0000332,test,dataset_splits/10_buildings/building_4/0000332/test/0000332_122.jpg
building_4,0000332,test,dataset_splits/10_buildings/building_4/0000332/test/0000332_125.jpg
building_4,0000332,test,dataset_splits/10_buildings/building_4/0000332/test/0000332_153.jpg
building_4,0000332,test,dataset_splits/10_buildings/building_4/0000332/test/0000332_174.jpg
building_4,0000332,test,dataset_splits/10_buildings/building_4/0000332/test/0000332_210.jpg
building_4,0000332,test,dataset_splits/10_buildings/building_4/0000332/test/0000332_216.jpg
building_4,0000332,test,dataset_splits/10_buildings/building_4/0000332/test/0000332_226.jpg
building_4,0000332,test,dataset_splits/10_buildings/building_4/0000332/test/0000332_229.jpg
building_4,0000332,test,dataset_splits/10_buildings/building_4/0000332/test/0000332_258.jpg
building_4,0000332,test,dataset_splits/10_buildings/building_4/0000332/test/0000332_266.jpg
building_4,0000332,test,dataset_splits/10_buildings/building_4/0000332/test/0000332_267.jpg
building_4,0000332,test,dataset_splits/10_buildings/building_4/0000332/test/0000332_274.jpg
building_4,0000335,reference,dataset_splits/10_buildings/building_4/0000335/reference/0000335_012.jpg
building_4,0000335,reference,dataset_splits/10_buildings/building_4/0000335/reference/0000335_046.jpg
building_4,0000335,reference,dataset_splits/10_buildings/building_4/0000335/reference/0000335_062.jpg
building_4,0000335,reference,dataset_splits/10_buildings/building_4/0000335/reference/0000335_065.jpg
building_4,0000335,reference,dataset_splits/10_buildings/building_4/0000335/reference/0000335_067.jpg
building_4,0000335,reference,dataset_splits/10_buildings/building_4/0000335/reference/0000335_076.jpg
building_4,0000335,reference,dataset_splits/10_buildings/building_4/0000335/reference/0000335_087.jpg
building_4,0000335,reference,dataset_splits/10_buildings/building_4/0000335/reference/0000335_113.jpg
building_4,0000335,reference,dataset_splits/10_buildings/building_4/0000335/reference/0000335_115.jpg
building_4,0000335,reference,dataset_splits/10_buildings/building_4/0000335/reference/0000335_155.jpg
building_4,0000335,reference,dataset_splits/10_buildings/building_4/0000335/reference/0000335_181.jpg
building_4,0000335,reference,dataset_splits/10_buildings/building_4/0000335/reference/0000335_185.jpg
building_4,0000335,reference,dataset_splits/10_buildings/building_4/0000335/reference/0000335_190.jpg
building_4,0000335,reference,dataset_splits/10_buildings/building_4/0000335/reference/0000335_205.jpg
building_4,0000335,reference,dataset_splits/10_buildings/building_4/0000335/reference/0000335_217.jpg
building_4,0000335,reference,dataset_splits/10_buildings/building_4/0000335/reference/0000335_221.jpg
building_4,0000335,reference,dataset_splits/10_buildings/building_4/0000335/reference/0000335_226.jpg
building_4,0000335,reference,dataset_splits/10_buildings/building_4/0000335/reference/0000335_255.jpg
building_4,0000335,reference,dataset_splits/10_buildings/building_4/0000335/reference/0000335_290.jpg
building_4,0000335,reference,dataset_splits/10_buildings/building_4/0000335/reference/0000335_300.jpg
building_4,0000335,test,dataset_splits/10_buildings/building_4/0000335/test/0000335_022.jpg
building_4,0000335,test,dataset_splits/10_buildings/building_4/0000335/test/0000335_056.jpg
building_4,0000335,test,dataset_splits/10_buildings/building_4/0000335/test/0000335_058.jpg
building_4,0000335,test,dataset_splits/10_buildings/building_4/0000335/test/0000335_060.jpg
building_4,0000335,test,dataset_splits/10_buildings/building_4/0000335/test/0000335_072.jpg
building_4,0000335,test,dataset_splits/10_buildings/building_4/0000335/test/0000335_074.jpg
building_4,0000335,test,dataset_splits/10_buildings/building_4/0000335/test/0000335_100.jpg
building_4,0000335,test,dataset_splits/10_buildings/building_4/0000335/test/0000335_124.jpg
building_4,0000335,test,dataset_splits/10_buildings/building_4/0000335/test/0000335_134.jpg
building_4,0000335,test,dataset_splits/10_buildings/building_4/0000335/test/0000335_151.jpg
building_4,0000335,test,dataset_splits/10_buildings/building_4/0000335/test/0000335_154.jpg
building_4,0000335,test,dataset_splits/10_buildings/building_4/0000335/test/0000335_159.jpg
building_4,0000335,test,dataset_splits/10_buildings/building_4/0000335/test/0000335_171.jpg
building_4,0000335,test,dataset_splits/10_buildings/building_4/0000335/test/0000335_173.jpg
building_4,0000335,test,dataset_splits/10_buildings/building_4/0000335/test/0000335_183.jpg
building_4,0000335,test,dataset_splits/10_buildings/building_4/0000335/test/0000335_200.jpg
building_4,0000335,test,dataset_splits/10_buildings/building_4/0000335/test/0000335_223.jpg
building_4,0000335,test,dataset_splits/10_buildings/building_4/0000335/test/0000335_240.jpg
building_4,0000335,test,dataset_splits/10_buildings/building_4/0000335/test/0000335_281.jpg
building_4,0000335,test,dataset_splits/10_buildings/building_4/0000335/test/0000335_301.jpg
building_4,0000430,reference,dataset_splits/10_buildings/building_4/0000430/reference/0000430_004.jpg
building_4,0000430,reference,dataset_splits/10_buildings/building_4/0000430/reference/0000430_007.jpg
building_4,0000430,reference,dataset_splits/10_buildings/building_4/0000430/reference/0000430_008.jpg
building_4,0000430,reference,dataset_splits/10_buildings/building_4/0000430/reference/0000430_009.jpg
building_4,0000430,reference,dataset_splits/10_buildings/building_4/0000430/reference/0000430_014.jpg
building_4,0000430,reference,dataset_splits/10_buildings/building_4/0000430/reference/0000430_016.jpg
building_4,0000430,reference,dataset_splits/10_buildings/building_4/0000430/reference/0000430_026.jpg
building_4,0000430,reference,dataset_splits/10_buildings/building_4/0000430/reference/0000430_029.jpg
building_4,0000430,reference,dataset_splits/10_buildings/building_4/0000430/reference/0000430_030.jpg
building_4,0000430,reference,dataset_splits/10_buildings/building_4/0000430/reference/0000430_031.jpg
building_4,0000430,reference,dataset_splits/10_buildings/building_4/0000430/reference/0000430_033.jpg
building_4,0000430,reference,dataset_splits/10_buildings/building_4/0000430/reference/0000430_035.jpg
building_4,0000430,reference,dataset_splits/10_buildings/building_4/0000430/reference/0000430_036.jpg
building_4,0000430,reference,dataset_splits/10_buildings/building_4/0000430/reference/0000430_041.jpg
building_4,0000430,reference,dataset_splits/10_buildings/building_4/0000430/reference/0000430_043.jpg
building_4,0000430,reference,dataset_splits/10_buildings/building_4/0000430/reference/0000430_049.jpg
building_4,0000430,reference,dataset_splits/10_buildings/building_4/0000430/reference/0000430_050.jpg
building_4,0000430,reference,dataset_splits/10_buildings/building_4/0000430/reference/0000430_059.jpg
building_4,0000430,reference,dataset_splits/10_buildings/building_4/0000430/reference/0000430_065.jpg
building_4,0000430,reference,dataset_splits/10_buildings/building_4/0000430/reference/0000430_066.jpg
building_4,0000430,test,dataset_splits/10_buildings/building_4/0000430/test/0000430_001.jpg
building_4,0000430,test,dataset_splits/10_buildings/building_4/0000430/test/0000430_002.jpg
building_4,0000430,test,dataset_splits/10_buildings/building_4/0000430/test/0000430_006.jpg
building_4,0000430,test,dataset_splits/10_buildings/building_4/0000430/test/0000430_011.jpg
building_4,0000430,test,dataset_splits/10_buildings/building_4/0000430/test/0000430_012.jpg
building_4,0000430,test,dataset_splits/10_buildings/building_4/0000430/test/0000430_019.jpg
building_4,0000430,test,dataset_splits/10_buildings/building_4/0000430/test/0000430_020.jpg
building_4,0000430,test,dataset_splits/10_buildings/building_4/0000430/test/0000430_022.jpg
building_4,0000430,test,dataset_splits/10_buildings/building_4/0000430/test/0000430_024.jpg
building_4,0000430,test,dataset_splits/10_buildings/building_4/0000430/test/0000430_032.jpg
building_4,0000430,test,dataset_splits/10_buildings/building_4/0000430/test/0000430_034.jpg
building_4,0000430,test,dataset_splits/10_buildings/building_4/0000430/test/0000430_037.jpg
building_4,0000430,test,dataset_splits/10_buildings/building_4/0000430/test/0000430_040.jpg
building_4,0000430,test,dataset_splits/10_buildings/building_4/0000430/test/0000430_044.jpg
building_4,0000430,test,dataset_splits/10_buildings/building_4/0000430/test/0000430_046.jpg
building_4,0000430,test,dataset_splits/10_buildings/building_4/0000430/test/0000430_048.jpg
building_4,0000430,test,dataset_splits/10_buildings/building_4/0000430/test/0000430_055.jpg
building_4,0000430,test,dataset_splits/10_buildings/building_4/0000430/test/0000430_060.jpg
building_4,0000430,test,dataset_splits/10_buildings/building_4/0000430/test/0000430_064.jpg
building_4,0000430,test,dataset_splits/10_buildings/building_4/0000430/test/0000430_067.jpg
building_4,0000477,reference,dataset_splits/10_buildings/building_4/0000477/reference/0000477_003.jpg
building_4,0000477,reference,dataset_splits/10_buildings/building_4/0000477/reference/0000477_010.jpg
building_4,0000477,reference,dataset_splits/10_buildings/building_4/0000477/reference/0000477_023.jpg
building_4,0000477,reference,dataset_splits/10_buildings/building_4/0000477/reference/0000477_028.jpg
building_4,0000477,reference,dataset_splits/10_buildings/building_4/0000477/reference/0000477_032.jpg
building_4,0000477,reference,dataset_splits/10_buildings/building_4/0000477/reference/0000477_033.jpg
building_4,0000477,reference,dataset_splits/10_buildings/building_4/0000477/reference/0000477_035.jpg
building_4,0000477,reference,dataset_splits/10_buildings/building_4/0000477/reference/0000477_039.jpg
building_4,0000477,reference,dataset_splits/10_buildings/building_4/0000477/reference/0000477_042.jpg
building_4,0000477,reference,dataset_splits/10_buildings/building_4/0000477/reference/0000477_043.jpg
building_4,0000477,reference,dataset_splits/10_buildings/building_4/0000477/reference/0000477_044.jpg
building_4,0000477,reference,dataset_splits/10_buildings/building_4/0000477/reference/0000477_045.jpg
building_4,0000477,reference,dataset_splits/10_buildings/building_4/0000477/reference/0000477_047.jpg
building_4,0000477,reference,dataset_splits/10_buildings/building_4/0000477/reference/0000477_053.jpg
building_4,0000477,reference,dataset_splits/10_buildings/building_4/0000477/reference/0000477_061.jpg
building_4,0000477,reference,dataset_splits/10_buildings/building_4/0000477/reference/0000477_065.jpg
building_4,0000477,reference,dataset_splits/10_buildings/building_4/0000477/reference/0000477_068.jpg
building_4,0000477,reference,dataset_splits/10_buildings/building_4/0000477/reference/0000477_071.jpg
building_4,0000477,reference,dataset_splits/10_buildings/building_4/0000477/reference/0000477_083.jpg
building_4,0000477,reference,dataset_splits/10_buildings/building_4/0000477/reference/0000477_088.jpg
building_4,0000477,test,dataset_splits/10_buildings/building_4/0000477/test/0000477_007.jpg
building_4,0000477,test,dataset_splits/10_buildings/building_4/0000477/test/0000477_009.jpg
building_4,0000477,test,dataset_splits/10_buildings/building_4/0000477/test/0000477_014.jpg
building_4,0000477,test,dataset_splits/10_buildings/building_4/0000477/test/0000477_016.jpg
building_4,0000477,test,dataset_splits/10_buildings/building_4/0000477/test/0000477_018.jpg
building_4,0000477,test,dataset_splits/10_buildings/building_4/0000477/test/0000477_025.jpg
building_4,0000477,test,dataset_splits/10_buildings/building_4/0000477/test/0000477_026.jpg
building_4,0000477,test,dataset_splits/10_buildings/building_4/0000477/test/0000477_027.jpg
building_4,0000477,test,dataset_splits/10_buildings/building_4/0000477/test/0000477_034.jpg
building_4,0000477,test,dataset_splits/10_buildings/building_4/0000477/test/0000477_046.jpg
building_4,0000477,test,dataset_splits/10_buildings/building_4/0000477/test/0000477_056.jpg
building_4,0000477,test,dataset_splits/10_buildings/building_4/0000477/test/0000477_062.jpg
building_4,0000477,test,dataset_splits/10_buildings/building_4/0000477/test/0000477_064.jpg
building_4,0000477,test,dataset_splits/10_buildings/building_4/0000477/test/0000477_070.jpg
building_4,0000477,test,dataset_splits/10_buildings/building_4/0000477/test/0000477_073.jpg
building_4,0000477,test,dataset_splits/10_buildings/building_4/0000477/test/0000477_077.jpg
building_4,0000477,test,dataset_splits/10_buildings/building_4/0000477/test/0000477_080.jpg
building_4,0000477,test,dataset_splits/10_buildings/building_4/0000477/test/0000477_081.jpg
building_4,0000477,test,dataset_splits/10_buildings/building_4/0000477/test/0000477_089.jpg
building_4,0000477,test,dataset_splits/10_buildings/building_4/0000477/test/0000477_090.jpg
building_4,0000495,reference,dataset_splits/10_buildings/building_4/0000495/reference/0000495_003.jpg
building_4,0000495,reference,dataset_splits/10_buildings/building_4/0000495/reference/0000495_009.jpg
building_4,0000495,reference,dataset_splits/10_buildings/building_4/0000495/reference/0000495_013.jpg
building_4,0000495,reference,dataset_splits/10_buildings/building_4/0000495/reference/0000495_019.jpg
building_4,0000495,reference,dataset_splits/10_buildings/building_4/0000495/reference/0000495_023.jpg
building_4,0000495,reference,dataset_splits/10_buildings/building_4/0000495/reference/0000495_032.jpg
building_4,0000495,reference,dataset_splits/10_buildings/building_4/0000495/reference/0000495_040.jpg
building_4,0000495,reference,dataset_splits/10_buildings/building_4/0000495/reference/0000495_043.jpg
building_4,0000495,reference,dataset_splits/10_buildings/building_4/0000495/reference/0000495_044.jpg
building_4,0000495,reference,dataset_splits/10_buildings/building_4/0000495/reference/0000495_046.jpg
building_4,0000495,reference,dataset_splits/10_buildings/building_4/0000495/reference/0000495_051.jpg
building_4,0000495,reference,dataset_splits/10_buildings/building_4/0000495/reference/0000495_053.jpg
building_4,0000495,reference,dataset_splits/10_buildings/building_4/0000495/reference/0000495_054.jpg
building_4,0000495,reference,dataset_splits/10_buildings/building_4/0000495/reference/0000495_057.jpg
building_4,0000495,reference,dataset_splits/10_buildings/building_4/0000495/reference/0000495_061.jpg
building_4,0000495,reference,dataset_splits/10_buildings/building_4/0000495/reference/0000495_079.jpg
building_4,0000495,reference,dataset_splits/10_buildings/building_4/0000495/reference/0000495_097.jpg
building_4,0000495,reference,dataset_splits/10_buildings/building_4/0000495/reference/0000495_100.jpg
building_4,0000495,reference,dataset_splits/10_buildings/building_4/0000495/reference/0000495_102.jpg
building_4,0000495,reference,dataset_splits/10_buildings/building_4/0000495/reference/0000495_130.jpg
building_4,0000495,test,dataset_splits/10_buildings/building_4/0000495/test/0000495_001.jpg
building_4,0000495,test,dataset_splits/10_buildings/building_4/0000495/test/0000495_008.jpg
building_4,0000495,test,dataset_splits/10_buildings/building_4/0000495/test/0000495_014.jpg
building_4,0000495,test,dataset_splits/10_buildings/building_4/0000495/test/0000495_020.jpg
building_4,0000495,test,dataset_splits/10_buildings/building_4/0000495/test/0000495_024.jpg
building_4,0000495,test,dataset_splits/10_buildings/building_4/0000495/test/0000495_025.jpg
building_4,0000495,test,dataset_splits/10_buildings/building_4/0000495/test/0000495_027.jpg
building_4,0000495,test,dataset_splits/10_buildings/building_4/0000495/test/0000495_031.jpg
building_4,0000495,test,dataset_splits/10_buildings/building_4/0000495/test/0000495_041.jpg
building_4,0000495,test,dataset_splits/10_buildings/building_4/0000495/test/0000495_047.jpg
building_4,0000495,test,dataset_splits/10_buildings/building_4/0000495/test/0000495_049.jpg
building_4,0000495,test,dataset_splits/10_buildings/building_4/0000495/test/0000495_084.jpg
building_4,0000495,test,dataset_splits/10_buildings/building_4/0000495/test/0000495_093.jpg
building_4,0000495,test,dataset_splits/10_buildings/building_4/0000495/test/0000495_094.jpg
building_4,0000495,test,dataset_splits/10_buildings/building_4/0000495/test/0000495_104.jpg
building_4,0000495,test,dataset_splits/10_buildings/building_4/0000495/test/0000495_107.jpg
building_4,0000495,test,dataset_splits/10_buildings/building_4/0000495/test/0000495_108.jpg
building_4,0000495,test,dataset_splits/10_buildings/building_4/0000495/test/0000495_109.jpg
building_4,0000495,test,dataset_splits/10_buildings/building_4/0000495/test/0000495_113.jpg
building_4,0000495,test,dataset_splits/10_buildings/building_4/0000495/test/0000495_133.jpg
building_4,0000500,reference,dataset_splits/10_buildings/building_4/0000500/reference/0000500_012.jpg
building_4,0000500,reference,dataset_splits/10_buildings/building_4/0000500/reference/0000500_018.jpg
building_4,0000500,reference,dataset_splits/10_buildings/building_4/0000500/reference/0000500_020.jpg
building_4,0000500,reference,dataset_splits/10_buildings/building_4/0000500/reference/0000500_024.jpg
building_4,0000500,reference,dataset_splits/10_buildings/building_4/0000500/reference/0000500_026.jpg
building_4,0000500,reference,dataset_splits/10_buildings/building_4/0000500/reference/0000500_029.jpg
building_4,0000500,reference,dataset_splits/10_buildings/building_4/0000500/reference/0000500_030.jpg
building_4,0000500,reference,dataset_splits/10_buildings/building_4/0000500/reference/0000500_034.jpg
building_4,0000500,reference,dataset_splits/10_buildings/building_4/0000500/reference/0000500_036.jpg
building_4,0000500,reference,dataset_splits/10_buildings/building_4/0000500/reference/0000500_039.jpg
building_4,0000500,reference,dataset_splits/10_buildings/building_4/0000500/reference/0000500_040.jpg
building_4,0000500,reference,dataset_splits/10_buildings/building_4/0000500/reference/0000500_045.jpg
building_4,0000500,reference,dataset_splits/10_buildings/building_4/0000500/reference/0000500_046.jpg
building_4,0000500,reference,dataset_splits/10_buildings/building_4/0000500/reference/0000500_051.jpg
building_4,0000500,reference,dataset_splits/10_buildings/building_4/0000500/reference/0000500_057.jpg
building_4,0000500,reference,dataset_splits/10_buildings/building_4/0000500/reference/0000500_062.jpg
building_4,0000500,reference,dataset_splits/10_buildings/building_4/0000500/reference/0000500_069.jpg
building_4,0000500,reference,dataset_splits/10_buildings/building_4/0000500/reference/0000500_073.jpg
building_4,0000500,reference,dataset_splits/10_buildings/building_4/0000500/reference/0000500_080.jpg
building_4,0000500,reference,dataset_splits/10_buildings/building_4/0000500/reference/0000500_083.jpg
building_4,0000500,test,dataset_splits/10_buildings/building_4/0000500/test/0000500_001.jpg
building_4,0000500,test,dataset_splits/10_buildings/building_4/0000500/test/0000500_004.jpg
building_4,0000500,test,dataset_splits/10_buildings/building_4/0000500/test/0000500_006.jpg
building_4,0000500,test,dataset_splits/10_buildings/building_4/0000500/test/0000500_007.jpg
building_4,0000500,test,dataset_splits/10_buildings/building_4/0000500/test/0000500_009.jpg
building_4,0000500,test,dataset_splits/10_buildings/building_4/0000500/test/0000500_010.jpg
building_4,0000500,test,dataset_splits/10_buildings/building_4/0000500/test/0000500_013.jpg
building_4,0000500,test,dataset_splits/10_buildings/building_4/0000500/test/0000500_015.jpg
building_4,0000500,test,dataset_splits/10_buildings/building_4/0000500/test/0000500_016.jpg
building_4,0000500,test,dataset_splits/10_buildings/building_4/0000500/test/0000500_023.jpg
building_4,0000500,test,dataset_splits/10_buildings/building_4/0000500/test/0000500_025.jpg
building_4,0000500,test,dataset_splits/10_buildings/building_4/0000500/test/0000500_037.jpg
building_4,0000500,test,dataset_splits/10_buildings/building_4/0000500/test/0000500_049.jpg
building_4,0000500,test,dataset_splits/10_buildings/building_4/0000500/test/0000500_053.jpg
building_4,0000500,test,dataset_splits/10_buildings/building_4/0000500/test/0000500_056.jpg
building_4,0000500,test,dataset_splits/10_buildings/building_4/0000500/test/0000500_058.jpg
building_4,0000500,test,dataset_splits/10_buildings/building_4/0000500/test/0000500_059.jpg
building_4,0000500,test,dataset_splits/10_buildings/building_4/0000500/test/0000500_064.jpg
building_4,0000500,test,dataset_splits/10_buildings/building_4/0000500/test/0000500_068.jpg
building_4,0000500,test,dataset_splits/10_buildings/building_4/0000500/test/0000500_077.jpg
building_4,0000530,reference,dataset_splits/10_buildings/building_4/0000530/reference/0000530_003.jpg
building_4,0000530,reference,dataset_splits/10_buildings/building_4/0000530/reference/0000530_005.jpg
building_4,0000530,reference,dataset_splits/10_buildings/building_4/0000530/reference/0000530_006.jpg
building_4,0000530,reference,dataset_splits/10_buildings/building_4/0000530/reference/0000530_007.jpg
building_4,0000530,reference,dataset_splits/10_buildings/building_4/0000530/reference/0000530_008.jpg
building_4,0000530,reference,dataset_splits/10_buildings/building_4/0000530/reference/0000530_010.jpg
building_4,0000530,reference,dataset_splits/10_buildings/building_4/0000530/reference/0000530_011.jpg
building_4,0000530,reference,dataset_splits/10_buildings/building_4/0000530/reference/0000530_015.jpg
building_4,0000530,reference,dataset_splits/10_buildings/building_4/0000530/reference/0000530_019.jpg
building_4,0000530,reference,dataset_splits/10_buildings/building_4/0000530/reference/0000530_024.jpg
building_4,0000530,reference,dataset_splits/10_buildings/building_4/0000530/reference/0000530_026.jpg
building_4,0000530,reference,dataset_splits/10_buildings/building_4/0000530/reference/0000530_028.jpg
building_4,0000530,reference,dataset_splits/10_buildings/building_4/0000530/reference/0000530_031.jpg
building_4,0000530,reference,dataset_splits/10_buildings/building_4/0000530/reference/0000530_033.jpg
building_4,0000530,reference,dataset_splits/10_buildings/building_4/0000530/reference/0000530_036.jpg
building_4,0000530,reference,dataset_splits/10_buildings/building_4/0000530/reference/0000530_047.jpg
building_4,0000530,reference,dataset_splits/10_buildings/building_4/0000530/reference/0000530_049.jpg
building_4,0000530,reference,dataset_splits/10_buildings/building_4/0000530/reference/0000530_056.jpg
building_4,0000530,reference,dataset_splits/10_buildings/building_4/0000530/reference/0000530_057.jpg
building_4,0000530,reference,dataset_splits/10_buildings/building_4/0000530/reference/0000530_062.jpg
building_4,0000530,test,dataset_splits/10_buildings/building_4/0000530/test/0000530_002.jpg
building_4,0000530,test,dataset_splits/10_buildings/building_4/0000530/test/0000530_012.jpg
building_4,0000530,test,dataset_splits/10_buildings/building_4/0000530/test/0000530_013.jpg
building_4,0000530,test,dataset_splits/10_buildings/building_4/0000530/test/0000530_014.jpg
building_4,0000530,test,dataset_splits/10_buildings/building_4/0000530/test/0000530_022.jpg
building_4,0000530,test,dataset_splits/10_buildings/building_4/0000530/test/0000530_023.jpg
building_4,0000530,test,dataset_splits/10_buildings/building_4/0000530/test/0000530_025.jpg
building_4,0000530,test,dataset_splits/10_buildings/building_4/0000530/test/0000530_030.jpg
building_4,0000530,test,dataset_splits/10_buildings/building_4/0000530/test/0000530_034.jpg
building_4,0000530,test,dataset_splits/10_buildings/building_4/0000530/test/0000530_037.jpg
building_4,0000530,test,dataset_splits/10_buildings/building_4/0000530/test/0000530_042.jpg
building_4,0000530,test,dataset_splits/10_buildings/building_4/0000530/test/0000530_043.jpg
building_4,0000530,test,dataset_splits/10_buildings/building_4/0000530/test/0000530_046.jpg
building_4,0000530,test,dataset_splits/10_buildings/building_4/0000530/test/0000530_050.jpg
building_4,0000530,test,dataset_splits/10_buildings/building_4/0000530/test/0000530_051.jpg
building_4,0000530,test,dataset_splits/10_buildings/building_4/0000530/test/0000530_052.jpg
building_4,0000530,test,dataset_splits/10_buildings/building_4/0000530/test/0000530_053.jpg
building_4,0000530,test,dataset_splits/10_buildings/building_4/0000530/test/0000530_055.jpg
building_4,0000530,test,dataset_splits/10_buildings/building_4/0000530/test/0000530_060.jpg
building_4,0000530,test,dataset_splits/10_buildings/building_4/0000530/test/0000530_061.jpg
building_4,0000582,reference,dataset_splits/10_buildings/building_4/0000582/reference/0000582_018.jpg
building_4,0000582,reference,dataset_splits/10_buildings/building_4/0000582/reference/0000582_021.jpg
building_4,0000582,reference,dataset_splits/10_buildings/building_4/0000582/reference/0000582_025.jpg
building_4,0000582,reference,dataset_splits/10_buildings/building_4/0000582/reference/0000582_026.jpg
building_4,0000582,reference,dataset_splits/10_buildings/building_4/0000582/reference/0000582_030.jpg
building_4,0000582,reference,dataset_splits/10_buildings/building_4/0000582/reference/0000582_037.jpg
building_4,0000582,reference,dataset_splits/10_buildings/building_4/0000582/reference/0000582_044.jpg
building_4,0000582,reference,dataset_splits/10_buildings/building_4/0000582/reference/0000582_052.jpg
building_4,0000582,reference,dataset_splits/10_buildings/building_4/0000582/reference/0000582_053.jpg
building_4,0000582,reference,dataset_splits/10_buildings/building_4/0000582/reference/0000582_057.jpg
building_4,0000582,reference,dataset_splits/10_buildings/building_4/0000582/reference/0000582_058.jpg
building_4,0000582,reference,dataset_splits/10_buildings/building_4/0000582/reference/0000582_059.jpg
building_4,0000582,reference,dataset_splits/10_buildings/building_4/0000582/reference/0000582_065.jpg
building_4,0000582,reference,dataset_splits/10_buildings/building_4/0000582/reference/0000582_074.jpg
building_4,0000582,reference,dataset_splits/10_buildings/building_4/0000582/reference/0000582_076.jpg
building_4,0000582,reference,dataset_splits/10_buildings/building_4/0000582/reference/0000582_077.jpg
building_4,0000582,reference,dataset_splits/10_buildings/building_4/0000582/reference/0000582_084.jpg
building_4,0000582,reference,dataset_splits/10_buildings/building_4/0000582/reference/0000582_086.jpg
building_4,0000582,reference,dataset_splits/10_buildings/building_4/0000582/reference/0000582_087.jpg
building_4,0000582,reference,dataset_splits/10_buildings/building_4/0000582/reference/0000582_088.jpg
building_4,0000582,test,dataset_splits/10_buildings/building_4/0000582/test/0000582_003.jpg
building_4,0000582,test,dataset_splits/10_buildings/building_4/0000582/test/0000582_005.jpg
building_4,0000582,test,dataset_splits/10_buildings/building_4/0000582/test/0000582_016.jpg
building_4,0000582,test,dataset_splits/10_buildings/building_4/0000582/test/0000582_017.jpg
building_4,0000582,test,dataset_splits/10_buildings/building_4/0000582/test/0000582_023.jpg
building_4,0000582,test,dataset_splits/10_buildings/building_4/0000582/test/0000582_024.jpg
building_4,0000582,test,dataset_splits/10_buildings/building_4/0000582/test/0000582_028.jpg
building_4,0000582,test,dataset_splits/10_buildings/building_4/0000582/test/0000582_031.jpg
building_4,0000582,test,dataset_splits/10_buildings/building_4/0000582/test/0000582_034.jpg
building_4,0000582,test,dataset_splits/10_buildings/building_4/0000582/test/0000582_035.jpg
building_4,0000582,test,dataset_splits/10_buildings/building_4/0000582/test/0000582_036.jpg
building_4,0000582,test,dataset_splits/10_buildings/building_4/0000582/test/0000582_042.jpg
building_4,0000582,test,dataset_splits/10_buildings/building_4/0000582/test/0000582_048.jpg
building_4,0000582,test,dataset_splits/10_buildings/building_4/0000582/test/0000582_060.jpg
building_4,0000582,test,dataset_splits/10_buildings/building_4/0000582/test/0000582_067.jpg
building_4,0000582,test,dataset_splits/10_buildings/building_4/0000582/test/0000582_068.jpg
building_4,0000582,test,dataset_splits/10_buildings/building_4/0000582/test/0000582_069.jpg
building_4,0000582,test,dataset_splits/10_buildings/building_4/0000582/test/0000582_071.jpg
building_4,0000582,test,dataset_splits/10_buildings/building_4/0000582/test/0000582_079.jpg
building_4,0000582,test,dataset_splits/10_buildings/building_4/0000582/test/0000582_081.jpg
building_4,0000606,reference,dataset_splits/10_buildings/building_4/0000606/reference/0000606_018.jpg
building_4,0000606,reference,dataset_splits/10_buildings/building_4/0000606/reference/0000606_019.jpg
building_4,0000606,reference,dataset_splits/10_buildings/building_4/0000606/reference/0000606_024.jpg
building_4,0000606,reference,dataset_splits/10_buildings/building_4/0000606/reference/0000606_025.jpg
building_4,0000606,reference,dataset_splits/10_buildings/building_4/0000606/reference/0000606_028.jpg
building_4,0000606,reference,dataset_splits/10_buildings/building_4/0000606/reference/0000606_030.jpg
building_4,0000606,reference,dataset_splits/10_buildings/building_4/0000606/reference/0000606_033.jpg
building_4,0000606,reference,dataset_splits/10_buildings/building_4/0000606/reference/0000606_036.jpg
building_4,0000606,reference,dataset_splits/10_buildings/building_4/0000606/reference/0000606_042.jpg
building_4,0000606,reference,dataset_splits/10_buildings/building_4/0000606/reference/0000606_043.jpg
building_4,0000606,reference,dataset_splits/10_buildings/building_4/0000606/reference/0000606_049.jpg
building_4,0000606,reference,dataset_splits/10_buildings/building_4/0000606/reference/0000606_052.jpg
building_4,0000606,reference,dataset_splits/10_buildings/building_4/0000606/reference/0000606_053.jpg
building_4,0000606,reference,dataset_splits/10_buildings/building_4/0000606/reference/0000606_057.jpg
building_4,0000606,reference,dataset_splits/10_buildings/building_4/0000606/reference/0000606_060.jpg
building_4,0000606,reference,dataset_splits/10_buildings/building_4/0000606/reference/0000606_064.jpg
building_4,0000606,reference,dataset_splits/10_buildings/building_4/0000606/reference/0000606_065.jpg
building_4,0000606,reference,dataset_splits/10_buildings/building_4/0000606/reference/0000606_067.jpg
building_4,0000606,reference,dataset_splits/10_buildings/building_4/0000606/reference/0000606_068.jpg
building_4,0000606,reference,dataset_splits/10_buildings/building_4/0000606/reference/0000606_070.jpg
building_4,0000606,test,dataset_splits/10_buildings/building_4/0000606/test/0000606_007.jpg
building_4,0000606,test,dataset_splits/10_buildings/building_4/0000606/test/0000606_009.jpg
building_4,0000606,test,dataset_splits/10_buildings/building_4/0000606/test/0000606_010.jpg
building_4,0000606,test,dataset_splits/10_buildings/building_4/0000606/test/0000606_012.jpg
building_4,0000606,test,dataset_splits/10_buildings/building_4/0000606/test/0000606_013.jpg
building_4,0000606,test,dataset_splits/10_buildings/building_4/0000606/test/0000606_022.jpg
building_4,0000606,test,dataset_splits/10_buildings/building_4/0000606/test/0000606_023.jpg
building_4,0000606,test,dataset_splits/10_buildings/building_4/0000606/test/0000606_026.jpg
building_4,0000606,test,dataset_splits/10_buildings/building_4/0000606/test/0000606_027.jpg
building_4,0000606,test,dataset_splits/10_buildings/building_4/0000606/test/0000606_031.jpg
building_4,0000606,test,dataset_splits/10_buildings/building_4/0000606/test/0000606_037.jpg
building_4,0000606,test,dataset_splits/10_buildings/building_4/0000606/test/0000606_038.jpg
building_4,0000606,test,dataset_splits/10_buildings/building_4/0000606/test/0000606_047.jpg
building_4,0000606,test,dataset_splits/10_buildings/building_4/0000606/test/0000606_048.jpg
building_4,0000606,test,dataset_splits/10_buildings/building_4/0000606/test/0000606_051.jpg
building_4,0000606,test,dataset_splits/10_buildings/building_4/0000606/test/0000606_054.jpg
building_4,0000606,test,dataset_splits/10_buildings/building_4/0000606/test/0000606_058.jpg
building_4,0000606,test,dataset_splits/10_buildings/building_4/0000606/test/0000606_059.jpg
building_4,0000606,test,dataset_splits/10_buildings/building_4/0000606/test/0000606_066.jpg
building_4,0000606,test,dataset_splits/10_buildings/building_4/0000606/test/0000606_069.jpg
building_4,0000628,reference,dataset_splits/10_buildings/building_4/0000628/reference/0000628_001.jpg
building_4,0000628,reference,dataset_splits/10_buildings/building_4/0000628/reference/0000628_005.jpg
building_4,0000628,reference,dataset_splits/10_buildings/building_4/0000628/reference/0000628_012.jpg
building_4,0000628,reference,dataset_splits/10_buildings/building_4/0000628/reference/0000628_016.jpg
building_4,0000628,reference,dataset_splits/10_buildings/building_4/0000628/reference/0000628_017.jpg
building_4,0000628,reference,dataset_splits/10_buildings/building_4/0000628/reference/0000628_020.jpg
building_4,0000628,reference,dataset_splits/10_buildings/building_4/0000628/reference/0000628_022.jpg
building_4,0000628,reference,dataset_splits/10_buildings/building_4/0000628/reference/0000628_028.jpg
building_4,0000628,reference,dataset_splits/10_buildings/building_4/0000628/reference/0000628_033.jpg
building_4,0000628,reference,dataset_splits/10_buildings/building_4/0000628/reference/0000628_037.jpg
building_4,0000628,reference,dataset_splits/10_buildings/building_4/0000628/reference/0000628_038.jpg
building_4,0000628,reference,dataset_splits/10_buildings/building_4/0000628/reference/0000628_041.jpg
building_4,0000628,reference,dataset_splits/10_buildings/building_4/0000628/reference/0000628_046.jpg
building_4,0000628,reference,dataset_splits/10_buildings/building_4/0000628/reference/0000628_047.jpg
building_4,0000628,reference,dataset_splits/10_buildings/building_4/0000628/reference/0000628_054.jpg
building_4,0000628,reference,dataset_splits/10_buildings/building_4/0000628/reference/0000628_060.jpg
building_4,0000628,reference,dataset_splits/10_buildings/building_4/0000628/reference/0000628_062.jpg
building_4,0000628,reference,dataset_splits/10_buildings/building_4/0000628/reference/0000628_089.jpg
building_4,0000628,reference,dataset_splits/10_buildings/building_4/0000628/reference/0000628_092.jpg
building_4,0000628,reference,dataset_splits/10_buildings/building_4/0000628/reference/0000628_101.jpg
building_4,0000628,test,dataset_splits/10_buildings/building_4/0000628/test/0000628_004.jpg
building_4,0000628,test,dataset_splits/10_buildings/building_4/0000628/test/0000628_011.jpg
building_4,0000628,test,dataset_splits/10_buildings/building_4/0000628/test/0000628_013.jpg
building_4,0000628,test,dataset_splits/10_buildings/building_4/0000628/test/0000628_030.jpg
building_4,0000628,test,dataset_splits/10_buildings/building_4/0000628/test/0000628_035.jpg
building_4,0000628,test,dataset_splits/10_buildings/building_4/0000628/test/0000628_040.jpg
building_4,0000628,test,dataset_splits/10_buildings/building_4/0000628/test/0000628_044.jpg
building_4,0000628,test,dataset_splits/10_buildings/building_4/0000628/test/0000628_045.jpg
building_4,0000628,test,dataset_splits/10_buildings/building_4/0000628/test/0000628_050.jpg
building_4,0000628,test,dataset_splits/10_buildings/building_4/0000628/test/0000628_058.jpg
building_4,0000628,test,dataset_splits/10_buildings/building_4/0000628/test/0000628_061.jpg
building_4,0000628,test,dataset_splits/10_buildings/building_4/0000628/test/0000628_069.jpg
building_4,0000628,test,dataset_splits/10_buildings/building_4/0000628/test/0000628_073.jpg
building_4,0000628,test,dataset_splits/10_buildings/building_4/0000628/test/0000628_074.jpg
building_4,0000628,test,dataset_splits/10_buildings/building_4/0000628/test/0000628_078.jpg
building_4,0000628,test,dataset_splits/10_buildings/building_4/0000628/test/0000628_079.jpg
building_4,0000628,test,dataset_splits/10_buildings/building_4/0000628/test/0000628_083.jpg
building_4,0000628,test,dataset_splits/10_buildings/building_4/0000628/test/0000628_085.jpg
building_4,0000628,test,dataset_splits/10_buildings/building_4/0000628/test/0000628_087.jpg
building_4,0000628,test,dataset_splits/10_buildings/building_4/0000628/test/0000628_095.jpg
building_4,0000679,reference,dataset_splits/10_buildings/building_4/0000679/reference/0000679_002.jpg
building_4,0000679,reference,dataset_splits/10_buildings/building_4/0000679/reference/0000679_003.jpg
building_4,0000679,reference,dataset_splits/10_buildings/building_4/0000679/reference/0000679_004.jpg
building_4,0000679,reference,dataset_splits/10_buildings/building_4/0000679/reference/0000679_006.jpg
building_4,0000679,reference,dataset_splits/10_buildings/building_4/0000679/reference/0000679_008.jpg
building_4,0000679,reference,dataset_splits/10_buildings/building_4/0000679/reference/0000679_010.jpg
building_4,0000679,reference,dataset_splits/10_buildings/building_4/0000679/reference/0000679_012.jpg
building_4,0000679,reference,dataset_splits/10_buildings/building_4/0000679/reference/0000679_017.jpg
building_4,0000679,reference,dataset_splits/10_buildings/building_4/0000679/reference/0000679_021.jpg
building_4,0000679,reference,dataset_splits/10_buildings/building_4/0000679/reference/0000679_022.jpg
building_4,0000679,reference,dataset_splits/10_buildings/building_4/0000679/reference/0000679_025.jpg
building_4,0000679,reference,dataset_splits/10_buildings/building_4/0000679/reference/0000679_027.jpg
building_4,0000679,reference,dataset_splits/10_buildings/building_4/0000679/reference/0000679_036.jpg
building_4,0000679,reference,dataset_splits/10_buildings/building_4/0000679/reference/0000679_039.jpg
building_4,0000679,reference,dataset_splits/10_buildings/building_4/0000679/reference/0000679_041.jpg
building_4,0000679,reference,dataset_splits/10_buildings/building_4/0000679/reference/0000679_042.jpg
building_4,0000679,reference,dataset_splits/10_buildings/building_4/0000679/reference/0000679_045.jpg
building_4,0000679,reference,dataset_splits/10_buildings/building_4/0000679/reference/0000679_047.jpg
building_4,0000679,reference,dataset_splits/10_buildings/building_4/0000679/reference/0000679_048.jpg
building_4,0000679,reference,dataset_splits/10_buildings/building_4/0000679/reference/0000679_051.jpg
building_4,0000679,test,dataset_splits/10_buildings/building_4/0000679/test/0000679_001.jpg
building_4,0000679,test,dataset_splits/10_buildings/building_4/0000679/test/0000679_005.jpg
building_4,0000679,test,dataset_splits/10_buildings/building_4/0000679/test/0000679_013.jpg
building_4,0000679,test,dataset_splits/10_buildings/building_4/0000679/test/0000679_014.jpg
building_4,0000679,test,dataset_splits/10_buildings/building_4/0000679/test/0000679_015.jpg
building_4,0000679,test,dataset_splits/10_buildings/building_4/0000679/test/0000679_016.jpg
building_4,0000679,test,dataset_splits/10_buildings/building_4/0000679/test/0000679_019.jpg
building_4,0000679,test,dataset_splits/10_buildings/building_4/0000679/test/0000679_020.jpg
building_4,0000679,test,dataset_splits/10_buildings/building_4/0000679/test/0000679_023.jpg
building_4,0000679,test,dataset_splits/10_buildings/building_4/0000679/test/0000679_026.jpg
building_4,0000679,test,dataset_splits/10_buildings/building_4/0000679/test/0000679_029.jpg
building_4,0000679,test,dataset_splits/10_buildings/building_4/0000679/test/0000679_032.jpg
building_4,0000679,test,dataset_splits/10_buildings/building_4/0000679/test/0000679_033.jpg
building_4,0000679,test,dataset_splits/10_buildings/building_4/0000679/test/0000679_035.jpg
building_4,0000679,test,dataset_splits/10_buildings/building_4/0000679/test/0000679_037.jpg
building_4,0000679,test,dataset_splits/10_buildings/building_4/0000679/test/0000679_038.jpg
building_4,0000679,test,dataset_splits/10_buildings/building_4/0000679/test/0000679_040.jpg
building_4,0000679,test,dataset_splits/10_buildings/building_4/0000679/test/0000679_046.jpg
building_4,0000679,test,dataset_splits/10_buildings/building_4/0000679/test/0000679_050.jpg
building_4,0000679,test,dataset_splits/10_buildings/building_4/0000679/test/0000679_052.jpg
building_4,0000691,reference,dataset_splits/10_buildings/building_4/0000691/reference/0000691_003.jpg
building_4,0000691,reference,dataset_splits/10_buildings/building_4/0000691/reference/0000691_012.jpg
building_4,0000691,reference,dataset_splits/10_buildings/building_4/0000691/reference/0000691_015.jpg
building_4,0000691,reference,dataset_splits/10_buildings/building_4/0000691/reference/0000691_017.jpg
building_4,0000691,reference,dataset_splits/10_buildings/building_4/0000691/reference/0000691_019.jpg
building_4,0000691,reference,dataset_splits/10_buildings/building_4/0000691/reference/0000691_020.jpg
building_4,0000691,reference,dataset_splits/10_buildings/building_4/0000691/reference/0000691_021.jpg
building_4,0000691,reference,dataset_splits/10_buildings/building_4/0000691/reference/0000691_022.jpg
building_4,0000691,reference,dataset_splits/10_buildings/building_4/0000691/reference/0000691_033.jpg
building_4,0000691,reference,dataset_splits/10_buildings/building_4/0000691/reference/0000691_034.jpg
building_4,0000691,reference,dataset_splits/10_buildings/building_4/0000691/reference/0000691_047.jpg
building_4,0000691,reference,dataset_splits/10_buildings/building_4/0000691/reference/0000691_051.jpg
building_4,0000691,reference,dataset_splits/10_buildings/building_4/0000691/reference/0000691_062.jpg
building_4,0000691,reference,dataset_splits/10_buildings/building_4/0000691/reference/0000691_068.jpg
building_4,0000691,reference,dataset_splits/10_buildings/building_4/0000691/reference/0000691_076.jpg
building_4,0000691,reference,dataset_splits/10_buildings/building_4/0000691/reference/0000691_078.jpg
building_4,0000691,reference,dataset_splits/10_buildings/building_4/0000691/reference/0000691_081.jpg
building_4,0000691,reference,dataset_splits/10_buildings/building_4/0000691/reference/0000691_082.jpg
building_4,0000691,reference,dataset_splits/10_buildings/building_4/0000691/reference/0000691_098.jpg
building_4,0000691,reference,dataset_splits/10_buildings/building_4/0000691/reference/0000691_106.jpg
building_4,0000691,test,dataset_splits/10_buildings/building_4/0000691/test/0000691_001.jpg
building_4,0000691,test,dataset_splits/10_buildings/building_4/0000691/test/0000691_010.jpg
building_4,0000691,test,dataset_splits/10_buildings/building_4/0000691/test/0000691_013.jpg
building_4,0000691,test,dataset_splits/10_buildings/building_4/0000691/test/0000691_041.jpg
building_4,0000691,test,dataset_splits/10_buildings/building_4/0000691/test/0000691_043.jpg
building_4,0000691,test,dataset_splits/10_buildings/building_4/0000691/test/0000691_046.jpg
building_4,0000691,test,dataset_splits/10_buildings/building_4/0000691/test/0000691_052.jpg
building_4,0000691,test,dataset_splits/10_buildings/building_4/0000691/test/0000691_053.jpg
building_4,0000691,test,dataset_splits/10_buildings/building_4/0000691/test/0000691_055.jpg
building_4,0000691,test,dataset_splits/10_buildings/building_4/0000691/test/0000691_061.jpg
building_4,0000691,test,dataset_splits/10_buildings/building_4/0000691/test/0000691_065.jpg
building_4,0000691,test,dataset_splits/10_buildings/building_4/0000691/test/0000691_067.jpg
building_4,0000691,test,dataset_splits/10_buildings/building_4/0000691/test/0000691_070.jpg
building_4,0000691,test,dataset_splits/10_buildings/building_4/0000691/test/0000691_071.jpg
building_4,0000691,test,dataset_splits/10_buildings/building_4/0000691/test/0000691_072.jpg
building_4,0000691,test,dataset_splits/10_buildings/building_4/0000691/test/0000691_074.jpg
building_4,0000691,test,dataset_splits/10_buildings/building_4/0000691/test/0000691_077.jpg
building_4,0000691,test,dataset_splits/10_buildings/building_4/0000691/test/0000691_085.jpg
building_4,0000691,test,dataset_splits/10_buildings/building_4/0000691/test/0000691_088.jpg
building_4,0000691,test,dataset_splits/10_buildings/building_4/0000691/test/0000691_093.jpg
building_4,0000874,reference,dataset_splits/10_buildings/building_4/0000874/reference/0000874_003.jpg
building_4,0000874,reference,dataset_splits/10_buildings/building_4/0000874/reference/0000874_004.jpg
building_4,0000874,reference,dataset_splits/10_buildings/building_4/0000874/reference/0000874_009.jpg
building_4,0000874,reference,dataset_splits/10_buildings/building_4/0000874/reference/0000874_010.jpg
building_4,0000874,reference,dataset_splits/10_buildings/building_4/0000874/reference/0000874_011.jpg
building_4,0000874,reference,dataset_splits/10_buildings/building_4/0000874/reference/0000874_014.jpg
building_4,0000874,reference,dataset_splits/10_buildings/building_4/0000874/reference/0000874_015.jpg
building_4,0000874,reference,dataset_splits/10_buildings/building_4/0000874/reference/0000874_019.jpg
building_4,0000874,reference,dataset_splits/10_buildings/building_4/0000874/reference/0000874_021.jpg
building_4,0000874,reference,dataset_splits/10_buildings/building_4/0000874/reference/0000874_024.jpg
building_4,0000874,reference,dataset_splits/10_buildings/building_4/0000874/reference/0000874_025.jpg
building_4,0000874,reference,dataset_splits/10_buildings/building_4/0000874/reference/0000874_030.jpg
building_4,0000874,reference,dataset_splits/10_buildings/building_4/0000874/reference/0000874_031.jpg
building_4,0000874,reference,dataset_splits/10_buildings/building_4/0000874/reference/0000874_035.jpg
building_4,0000874,reference,dataset_splits/10_buildings/building_4/0000874/reference/0000874_036.jpg
building_4,0000874,reference,dataset_splits/10_buildings/building_4/0000874/reference/0000874_037.jpg
building_4,0000874,reference,dataset_splits/10_buildings/building_4/0000874/reference/0000874_038.jpg
building_4,0000874,reference,dataset_splits/10_buildings/building_4/0000874/reference/0000874_049.jpg
building_4,0000874,reference,dataset_splits/10_buildings/building_4/0000874/reference/0000874_052.jpg
building_4,0000874,reference,dataset_splits/10_buildings/building_4/0000874/reference/0000874_056.jpg
building_4,0000874,test,dataset_splits/10_buildings/building_4/0000874/test/0000874_001.jpg
building_4,0000874,test,dataset_splits/10_buildings/building_4/0000874/test/0000874_002.jpg
building_4,0000874,test,dataset_splits/10_buildings/building_4/0000874/test/0000874_008.jpg
building_4,0000874,test,dataset_splits/10_buildings/building_4/0000874/test/0000874_017.jpg
building_4,0000874,test,dataset_splits/10_buildings/building_4/0000874/test/0000874_023.jpg
building_4,0000874,test,dataset_splits/10_buildings/building_4/0000874/test/0000874_027.jpg
building_4,0000874,test,dataset_splits/10_buildings/building_4/0000874/test/0000874_029.jpg
building_4,0000874,test,dataset_splits/10_buildings/building_4/0000874/test/0000874_032.jpg
building_4,0000874,test,dataset_splits/10_buildings/building_4/0000874/test/0000874_033.jpg
building_4,0000874,test,dataset_splits/10_buildings/building_4/0000874/test/0000874_034.jpg
building_4,0000874,test,dataset_splits/10_buildings/building_4/0000874/test/0000874_039.jpg
building_4,0000874,test,dataset_splits/10_buildings/building_4/0000874/test/0000874_040.jpg
building_4,0000874,test,dataset_splits/10_buildings/building_4/0000874/test/0000874_042.jpg
building_4,0000874,test,dataset_splits/10_buildings/building_4/0000874/test/0000874_043.jpg
building_4,0000874,test,dataset_splits/10_buildings/building_4/0000874/test/0000874_046.jpg
building_4,0000874,test,dataset_splits/10_buildings/building_4/0000874/test/0000874_048.jpg
building_4,0000874,test,dataset_splits/10_buildings/building_4/0000874/test/0000874_053.jpg
building_4,0000874,test,dataset_splits/10_buildings/building_4/0000874/test/0000874_058.jpg
building_4,0000874,test,dataset_splits/10_buildings/building_4/0000874/test/0000874_059.jpg
building_4,0000874,test,dataset_splits/10_buildings/building_4/0000874/test/0000874_061.jpg
building_4,0000943,reference,dataset_splits/10_buildings/building_4/0000943/reference/0000943_007.jpg
building_4,0000943,reference,dataset_splits/10_buildings/building_4/0000943/reference/0000943_014.jpg
building_4,0000943,reference,dataset_splits/10_buildings/building_4/0000943/reference/0000943_017.jpg
building_4,0000943,reference,dataset_splits/10_buildings/building_4/0000943/reference/0000943_018.jpg
building_4,0000943,reference,dataset_splits/10_buildings/building_4/0000943/reference/0000943_019.jpg
building_4,0000943,reference,dataset_splits/10_buildings/building_4/0000943/reference/0000943_022.jpg
building_4,0000943,reference,dataset_splits/10_buildings/building_4/0000943/reference/0000943_027.jpg
building_4,0000943,reference,dataset_splits/10_buildings/building_4/0000943/reference/0000943_028.jpg
building_4,0000943,reference,dataset_splits/10_buildings/building_4/0000943/reference/0000943_032.jpg
building_4,0000943,reference,dataset_splits/10_buildings/building_4/0000943/reference/0000943_039.jpg
building_4,0000943,reference,dataset_splits/10_buildings/building_4/0000943/reference/0000943_048.jpg
building_4,0000943,reference,dataset_splits/10_buildings/building_4/0000943/reference/0000943_051.jpg
building_4,0000943,reference,dataset_splits/10_buildings/building_4/0000943/reference/0000943_055.jpg
building_4,0000943,reference,dataset_splits/10_buildings/building_4/0000943/reference/0000943_060.jpg
building_4,0000943,reference,dataset_splits/10_buildings/building_4/0000943/reference/0000943_065.jpg
building_4,0000943,reference,dataset_splits/10_buildings/building_4/0000943/reference/0000943_068.jpg
building_4,0000943,reference,dataset_splits/10_buildings/building_4/0000943/reference/0000943_071.jpg
building_4,0000943,reference,dataset_splits/10_buildings/building_4/0000943/reference/0000943_072.jpg
building_4,0000943,reference,dataset_splits/10_buildings/building_4/0000943/reference/0000943_073.jpg
building_4,0000943,reference,dataset_splits/10_buildings/building_4/0000943/reference/0000943_074.jpg
building_4,0000943,test,dataset_splits/10_buildings/building_4/0000943/test/0000943_001.jpg
building_4,0000943,test,dataset_splits/10_buildings/building_4/0000943/test/0000943_004.jpg
building_4,0000943,test,dataset_splits/10_buildings/building_4/0000943/test/0000943_006.jpg
building_4,0000943,test,dataset_splits/10_buildings/building_4/0000943/test/0000943_008.jpg
building_4,0000943,test,dataset_splits/10_buildings/building_4/0000943/test/0000943_012.jpg
building_4,0000943,test,dataset_splits/10_buildings/building_4/0000943/test/0000943_015.jpg
building_4,0000943,test,dataset_splits/10_buildings/building_4/0000943/test/0000943_020.jpg
building_4,0000943,test,dataset_splits/10_buildings/building_4/0000943/test/0000943_024.jpg
building_4,0000943,test,dataset_splits/10_buildings/building_4/0000943/test/0000943_031.jpg
building_4,0000943,test,dataset_splits/10_buildings/building_4/0000943/test/0000943_034.jpg
building_4,0000943,test,dataset_splits/10_buildings/building_4/0000943/test/0000943_035.jpg
building_4,0000943,test,dataset_splits/10_buildings/building_4/0000943/test/0000943_043.jpg
building_4,0000943,test,dataset_splits/10_buildings/building_4/0000943/test/0000943_050.jpg
building_4,0000943,test,dataset_splits/10_buildings/building_4/0000943/test/0000943_053.jpg
building_4,0000943,test,dataset_splits/10_buildings/building_4/0000943/test/0000943_056.jpg
building_4,0000943,test,dataset_splits/10_buildings/building_4/0000943/test/0000943_058.jpg
building_4,0000943,test,dataset_splits/10_buildings/building_4/0000943/test/0000943_061.jpg
building_4,0000943,test,dataset_splits/10_buildings/building_4/0000943/test/0000943_063.jpg
building_4,0000943,test,dataset_splits/10_buildings/building_4/0000943/test/0000943_064.jpg
building_4,0000943,test,dataset_splits/10_buildings/building_4/0000943/test/0000943_066.jpg
building_4,0000977,reference,dataset_splits/10_buildings/building_4/0000977/reference/0000977_002.jpg
building_4,0000977,reference,dataset_splits/10_buildings/building_4/0000977/reference/0000977_006.jpg
building_4,0000977,reference,dataset_splits/10_buildings/building_4/0000977/reference/0000977_022.jpg
building_4,0000977,reference,dataset_splits/10_buildings/building_4/0000977/reference/0000977_035.jpg
building_4,0000977,reference,dataset_splits/10_buildings/building_4/0000977/reference/0000977_039.jpg
building_4,0000977,reference,dataset_splits/10_buildings/building_4/0000977/reference/0000977_042.jpg
building_4,0000977,reference,dataset_splits/10_buildings/building_4/0000977/reference/0000977_049.jpg
building_4,0000977,reference,dataset_splits/10_buildings/building_4/0000977/reference/0000977_053.jpg
building_4,0000977,reference,dataset_splits/10_buildings/building_4/0000977/reference/0000977_054.jpg
building_4,0000977,reference,dataset_splits/10_buildings/building_4/0000977/reference/0000977_055.jpg
building_4,0000977,reference,dataset_splits/10_buildings/building_4/0000977/reference/0000977_058.jpg
building_4,0000977,reference,dataset_splits/10_buildings/building_4/0000977/reference/0000977_063.jpg
building_4,0000977,reference,dataset_splits/10_buildings/building_4/0000977/reference/0000977_064.jpg
building_4,0000977,reference,dataset_splits/10_buildings/building_4/0000977/reference/0000977_067.jpg
building_4,0000977,reference,dataset_splits/10_buildings/building_4/0000977/reference/0000977_075.jpg
building_4,0000977,reference,dataset_splits/10_buildings/building_4/0000977/reference/0000977_090.jpg
building_4,0000977,reference,dataset_splits/10_buildings/building_4/0000977/reference/0000977_093.jpg
building_4,0000977,reference,dataset_splits/10_buildings/building_4/0000977/reference/0000977_094.jpg
building_4,0000977,reference,dataset_splits/10_buildings/building_4/0000977/reference/0000977_095.jpg
building_4,0000977,reference,dataset_splits/10_buildings/building_4/0000977/reference/0000977_098.jpg
building_4,0000977,test,dataset_splits/10_buildings/building_4/0000977/test/0000977_003.jpg
building_4,0000977,test,dataset_splits/10_buildings/building_4/0000977/test/0000977_008.jpg
building_4,0000977,test,dataset_splits/10_buildings/building_4/0000977/test/0000977_009.jpg
building_4,0000977,test,dataset_splits/10_buildings/building_4/0000977/test/0000977_012.jpg
building_4,0000977,test,dataset_splits/10_buildings/building_4/0000977/test/0000977_019.jpg
building_4,0000977,test,dataset_splits/10_buildings/building_4/0000977/test/0000977_020.jpg
building_4,0000977,test,dataset_splits/10_buildings/building_4/0000977/test/0000977_024.jpg
building_4,0000977,test,dataset_splits/10_buildings/building_4/0000977/test/0000977_030.jpg
building_4,0000977,test,dataset_splits/10_buildings/building_4/0000977/test/0000977_032.jpg
building_4,0000977,test,dataset_splits/10_buildings/building_4/0000977/test/0000977_038.jpg
building_4,0000977,test,dataset_splits/10_buildings/building_4/0000977/test/0000977_043.jpg
building_4,0000977,test,dataset_splits/10_buildings/building_4/0000977/test/0000977_048.jpg
building_4,0000977,test,dataset_splits/10_buildings/building_4/0000977/test/0000977_068.jpg
building_4,0000977,test,dataset_splits/10_buildings/building_4/0000977/test/0000977_072.jpg
building_4,0000977,test,dataset_splits/10_buildings/building_4/0000977/test/0000977_073.jpg
building_4,0000977,test,dataset_splits/10_buildings/building_4/0000977/test/0000977_078.jpg
building_4,0000977,test,dataset_splits/10_buildings/building_4/0000977/test/0000977_081.jpg
building_4,0000977,test,dataset_splits/10_buildings/building_4/0000977/test/0000977_091.jpg
building_4,0000977,test,dataset_splits/10_buildings/building_4/0000977/test/0000977_096.jpg
building_4,0000977,test,dataset_splits/10_buildings/building_4/0000977/test/0000977_097.jpg
building_4,0001057,reference,dataset_splits/10_buildings/building_4/0001057/reference/0001057_007.jpg
building_4,0001057,reference,dataset_splits/10_buildings/building_4/0001057/reference/0001057_018.jpg
building_4,0001057,reference,dataset_splits/10_buildings/building_4/0001057/reference/0001057_023.jpg
building_4,0001057,reference,dataset_splits/10_buildings/building_4/0001057/reference/0001057_038.jpg
building_4,0001057,reference,dataset_splits/10_buildings/building_4/0001057/reference/0001057_042.jpg
building_4,0001057,reference,dataset_splits/10_buildings/building_4/0001057/reference/0001057_056.jpg
building_4,0001057,reference,dataset_splits/10_buildings/building_4/0001057/reference/0001057_075.jpg
building_4,0001057,reference,dataset_splits/10_buildings/building_4/0001057/reference/0001057_082.jpg
building_4,0001057,reference,dataset_splits/10_buildings/building_4/0001057/reference/0001057_083.jpg
building_4,0001057,reference,dataset_splits/10_buildings/building_4/0001057/reference/0001057_128.jpg
building_4,0001057,reference,dataset_splits/10_buildings/building_4/0001057/reference/0001057_136.jpg
building_4,0001057,reference,dataset_splits/10_buildings/building_4/0001057/reference/0001057_152.jpg
building_4,0001057,reference,dataset_splits/10_buildings/building_4/0001057/reference/0001057_154.jpg
building_4,0001057,reference,dataset_splits/10_buildings/building_4/0001057/reference/0001057_170.jpg
building_4,0001057,reference,dataset_splits/10_buildings/building_4/0001057/reference/0001057_204.jpg
building_4,0001057,reference,dataset_splits/10_buildings/building_4/0001057/reference/0001057_210.jpg
building_4,0001057,reference,dataset_splits/10_buildings/building_4/0001057/reference/0001057_215.jpg
building_4,0001057,reference,dataset_splits/10_buildings/building_4/0001057/reference/0001057_229.jpg
building_4,0001057,reference,dataset_splits/10_buildings/building_4/0001057/reference/0001057_232.jpg
building_4,0001057,reference,dataset_splits/10_buildings/building_4/0001057/reference/0001057_236.jpg
building_4,0001057,test,dataset_splits/10_buildings/building_4/0001057/test/0001057_001.jpg
building_4,0001057,test,dataset_splits/10_buildings/building_4/0001057/test/0001057_008.jpg
building_4,0001057,test,dataset_splits/10_buildings/building_4/0001057/test/0001057_027.jpg
building_4,0001057,test,dataset_splits/10_buildings/building_4/0001057/test/0001057_035.jpg
building_4,0001057,test,dataset_splits/10_buildings/building_4/0001057/test/0001057_041.jpg
building_4,0001057,test,dataset_splits/10_buildings/building_4/0001057/test/0001057_045.jpg
building_4,0001057,test,dataset_splits/10_buildings/building_4/0001057/test/0001057_046.jpg
building_4,0001057,test,dataset_splits/10_buildings/building_4/0001057/test/0001057_091.jpg
building_4,0001057,test,dataset_splits/10_buildings/building_4/0001057/test/0001057_107.jpg
building_4,0001057,test,dataset_splits/10_buildings/building_4/0001057/test/0001057_112.jpg
building_4,0001057,test,dataset_splits/10_buildings/building_4/0001057/test/0001057_118.jpg
building_4,0001057,test,dataset_splits/10_buildings/building_4/0001057/test/0001057_121.jpg
building_4,0001057,test,dataset_splits/10_buildings/building_4/0001057/test/0001057_122.jpg
building_4,0001057,test,dataset_splits/10_buildings/building_4/0001057/test/0001057_127.jpg
building_4,0001057,test,dataset_splits/10_buildings/building_4/0001057/test/0001057_138.jpg
building_4,0001057,test,dataset_splits/10_buildings/building_4/0001057/test/0001057_160.jpg
building_4,0001057,test,dataset_splits/10_buildings/building_4/0001057/test/0001057_179.jpg
building_4,0001057,test,dataset_splits/10_buildings/building_4/0001057/test/0001057_182.jpg
building_4,0001057,test,dataset_splits/10_buildings/building_4/0001057/test/0001057_192.jpg
building_4,0001057,test,dataset_splits/10_buildings/building_4/0001057/test/0001057_213.jpg
building_4,0001114,reference,dataset_splits/10_buildings/building_4/0001114/reference/0001114_003.jpg
building_4,0001114,reference,dataset_splits/10_buildings/building_4/0001114/reference/0001114_005.jpg
building_4,0001114,reference,dataset_splits/10_buildings/building_4/0001114/reference/0001114_007.jpg
building_4,0001114,reference,dataset_splits/10_buildings/building_4/0001114/reference/0001114_008.jpg
building_4,0001114,reference,dataset_splits/10_buildings/building_4/0001114/reference/0001114_009.jpg
building_4,0001114,reference,dataset_splits/10_buildings/building_4/0001114/reference/0001114_011.jpg
building_4,0001114,reference,dataset_splits/10_buildings/building_4/0001114/reference/0001114_015.jpg
building_4,0001114,reference,dataset_splits/10_buildings/building_4/0001114/reference/0001114_021.jpg
building_4,0001114,reference,dataset_splits/10_buildings/building_4/0001114/reference/0001114_030.jpg
building_4,0001114,reference,dataset_splits/10_buildings/building_4/0001114/reference/0001114_031.jpg
building_4,0001114,reference,dataset_splits/10_buildings/building_4/0001114/reference/0001114_032.jpg
building_4,0001114,reference,dataset_splits/10_buildings/building_4/0001114/reference/0001114_034.jpg
building_4,0001114,reference,dataset_splits/10_buildings/building_4/0001114/reference/0001114_038.jpg
building_4,0001114,reference,dataset_splits/10_buildings/building_4/0001114/reference/0001114_040.jpg
building_4,0001114,reference,dataset_splits/10_buildings/building_4/0001114/reference/0001114_041.jpg
building_4,0001114,reference,dataset_splits/10_buildings/building_4/0001114/reference/0001114_043.jpg
building_4,0001114,reference,dataset_splits/10_buildings/building_4/0001114/reference/0001114_051.jpg
building_4,0001114,reference,dataset_splits/10_buildings/building_4/0001114/reference/0001114_052.jpg
building_4,0001114,reference,dataset_splits/10_buildings/building_4/0001114/reference/0001114_053.jpg
building_4,0001114,reference,dataset_splits/10_buildings/building_4/0001114/reference/0001114_055.jpg
building_4,0001114,test,dataset_splits/10_buildings/building_4/0001114/test/0001114_002.jpg
building_4,0001114,test,dataset_splits/10_buildings/building_4/0001114/test/0001114_004.jpg
building_4,0001114,test,dataset_splits/10_buildings/building_4/0001114/test/0001114_014.jpg
building_4,0001114,test,dataset_splits/10_buildings/building_4/0001114/test/0001114_016.jpg
building_4,0001114,test,dataset_splits/10_buildings/building_4/0001114/test/0001114_017.jpg
building_4,0001114,test,dataset_splits/10_buildings/building_4/0001114/test/0001114_018.jpg
building_4,0001114,test,dataset_splits/10_buildings/building_4/0001114/test/0001114_020.jpg
building_4,0001114,test,dataset_splits/10_buildings/building_4/0001114/test/0001114_022.jpg
building_4,0001114,test,dataset_splits/10_buildings/building_4/0001114/test/0001114_025.jpg
building_4,0001114,test,dataset_splits/10_buildings/building_4/0001114/test/0001114_026.jpg
building_4,0001114,test,dataset_splits/10_buildings/building_4/0001114/test/0001114_029.jpg
building_4,0001114,test,dataset_splits/10_buildings/building_4/0001114/test/0001114_033.jpg
building_4,0001114,test,dataset_splits/10_buildings/building_4/0001114/test/0001114_035.jpg
building_4,0001114,test,dataset_splits/10_buildings/building_4/0001114/test/0001114_042.jpg
building_4,0001114,test,dataset_splits/10_buildings/building_4/0001114/test/0001114_046.jpg
building_4,0001114,test,dataset_splits/10_buildings/building_4/0001114/test/0001114_047.jpg
building_4,0001114,test,dataset_splits/10_buildings/building_4/0001114/test/0001114_048.jpg
building_4,0001114,test,dataset_splits/10_buildings/building_4/0001114/test/0001114_049.jpg
building_4,0001114,test,dataset_splits/10_buildings/building_4/0001114/test/0001114_050.jpg
building_4,0001114,test,dataset_splits/10_buildings/building_4/0001114/test/0001114_054.jpg
building_4,0001187,reference,dataset_splits/10_buildings/building_4/0001187/reference/0001187_003.jpg
building_4,0001187,reference,dataset_splits/10_buildings/building_4/0001187/reference/0001187_006.jpg
building_4,0001187,reference,dataset_splits/10_buildings/building_4/0001187/reference/0001187_012.jpg
building_4,0001187,reference,dataset_splits/10_buildings/building_4/0001187/reference/0001187_014.jpg
building_4,0001187,reference,dataset_splits/10_buildings/building_4/0001187/reference/0001187_015.jpg
building_4,0001187,reference,dataset_splits/10_buildings/building_4/0001187/reference/0001187_020.jpg
building_4,0001187,reference,dataset_splits/10_buildings/building_4/0001187/reference/0001187_025.jpg
building_4,0001187,reference,dataset_splits/10_buildings/building_4/0001187/reference/0001187_027.jpg
building_4,0001187,reference,dataset_splits/10_buildings/building_4/0001187/reference/0001187_030.jpg
building_4,0001187,reference,dataset_splits/10_buildings/building_4/0001187/reference/0001187_034.jpg
building_4,0001187,reference,dataset_splits/10_buildings/building_4/0001187/reference/0001187_039.jpg
building_4,0001187,reference,dataset_splits/10_buildings/building_4/0001187/reference/0001187_040.jpg
building_4,0001187,reference,dataset_splits/10_buildings/building_4/0001187/reference/0001187_042.jpg
building_4,0001187,reference,dataset_splits/10_buildings/building_4/0001187/reference/0001187_047.jpg
building_4,0001187,reference,dataset_splits/10_buildings/building_4/0001187/reference/0001187_048.jpg
building_4,0001187,reference,dataset_splits/10_buildings/building_4/0001187/reference/0001187_054.jpg
building_4,0001187,reference,dataset_splits/10_buildings/building_4/0001187/reference/0001187_055.jpg
building_4,0001187,reference,dataset_splits/10_buildings/building_4/0001187/reference/0001187_056.jpg
building_4,0001187,reference,dataset_splits/10_buildings/building_4/0001187/reference/0001187_057.jpg
building_4,0001187,reference,dataset_splits/10_buildings/building_4/0001187/reference/0001187_062.jpg
building_4,0001187,test,dataset_splits/10_buildings/building_4/0001187/test/0001187_004.jpg
building_4,0001187,test,dataset_splits/10_buildings/building_4/0001187/test/0001187_007.jpg
building_4,0001187,test,dataset_splits/10_buildings/building_4/0001187/test/0001187_013.jpg
building_4,0001187,test,dataset_splits/10_buildings/building_4/0001187/test/0001187_016.jpg
building_4,0001187,test,dataset_splits/10_buildings/building_4/0001187/test/0001187_019.jpg
building_4,0001187,test,dataset_splits/10_buildings/building_4/0001187/test/0001187_026.jpg
building_4,0001187,test,dataset_splits/10_buildings/building_4/0001187/test/0001187_028.jpg
building_4,0001187,test,dataset_splits/10_buildings/building_4/0001187/test/0001187_029.jpg
building_4,0001187,test,dataset_splits/10_buildings/building_4/0001187/test/0001187_031.jpg
building_4,0001187,test,dataset_splits/10_buildings/building_4/0001187/test/0001187_032.jpg
building_4,0001187,test,dataset_splits/10_buildings/building_4/0001187/test/0001187_041.jpg
building_4,0001187,test,dataset_splits/10_buildings/building_4/0001187/test/0001187_043.jpg
building_4,0001187,test,dataset_splits/10_buildings/building_4/0001187/test/0001187_045.jpg
building_4,0001187,test,dataset_splits/10_buildings/building_4/0001187/test/0001187_050.jpg
building_4,0001187,test,dataset_splits/10_buildings/building_4/0001187/test/0001187_051.jpg
building_4,0001187,test,dataset_splits/10_buildings/building_4/0001187/test/0001187_053.jpg
building_4,0001187,test,dataset_splits/10_buildings/building_4/0001187/test/0001187_058.jpg
building_4,0001187,test,dataset_splits/10_buildings/building_4/0001187/test/0001187_060.jpg
building_4,0001187,test,dataset_splits/10_buildings/building_4/0001187/test/0001187_063.jpg
building_4,0001187,test,dataset_splits/10_buildings/building_4/0001187/test/0001187_064.jpg
building_4,0001282,reference,dataset_splits/10_buildings/building_4/0001282/reference/0001282_001.jpg
building_4,0001282,reference,dataset_splits/10_buildings/building_4/0001282/reference/0001282_005.jpg
building_4,0001282,reference,dataset_splits/10_buildings/building_4/0001282/reference/0001282_010.jpg
building_4,0001282,reference,dataset_splits/10_buildings/building_4/0001282/reference/0001282_012.jpg
building_4,0001282,reference,dataset_splits/10_buildings/building_4/0001282/reference/0001282_014.jpg
building_4,0001282,reference,dataset_splits/10_buildings/building_4/0001282/reference/0001282_029.jpg
building_4,0001282,reference,dataset_splits/10_buildings/building_4/0001282/reference/0001282_038.jpg
building_4,0001282,reference,dataset_splits/10_buildings/building_4/0001282/reference/0001282_039.jpg
building_4,0001282,reference,dataset_splits/10_buildings/building_4/0001282/reference/0001282_046.jpg
building_4,0001282,reference,dataset_splits/10_buildings/building_4/0001282/reference/0001282_049.jpg
building_4,0001282,reference,dataset_splits/10_buildings/building_4/0001282/reference/0001282_051.jpg
building_4,0001282,reference,dataset_splits/10_buildings/building_4/0001282/reference/0001282_054.jpg
building_4,0001282,reference,dataset_splits/10_buildings/building_4/0001282/reference/0001282_073.jpg
building_4,0001282,reference,dataset_splits/10_buildings/building_4/0001282/reference/0001282_082.jpg
building_4,0001282,reference,dataset_splits/10_buildings/building_4/0001282/reference/0001282_083.jpg
building_4,0001282,reference,dataset_splits/10_buildings/building_4/0001282/reference/0001282_089.jpg
building_4,0001282,reference,dataset_splits/10_buildings/building_4/0001282/reference/0001282_092.jpg
building_4,0001282,reference,dataset_splits/10_buildings/building_4/0001282/reference/0001282_094.jpg
building_4,0001282,reference,dataset_splits/10_buildings/building_4/0001282/reference/0001282_101.jpg
building_4,0001282,reference,dataset_splits/10_buildings/building_4/0001282/reference/0001282_103.jpg
building_4,0001282,test,dataset_splits/10_buildings/building_4/0001282/test/0001282_015.jpg
building_4,0001282,test,dataset_splits/10_buildings/building_4/0001282/test/0001282_016.jpg
building_4,0001282,test,dataset_splits/10_buildings/building_4/0001282/test/0001282_017.jpg
building_4,0001282,test,dataset_splits/10_buildings/building_4/0001282/test/0001282_018.jpg
building_4,0001282,test,dataset_splits/10_buildings/building_4/0001282/test/0001282_022.jpg
building_4,0001282,test,dataset_splits/10_buildings/building_4/0001282/test/0001282_023.jpg
building_4,0001282,test,dataset_splits/10_buildings/building_4/0001282/test/0001282_025.jpg
building_4,0001282,test,dataset_splits/10_buildings/building_4/0001282/test/0001282_026.jpg
building_4,0001282,test,dataset_splits/10_buildings/building_4/0001282/test/0001282_036.jpg
building_4,0001282,test,dataset_splits/10_buildings/building_4/0001282/test/0001282_042.jpg
building_4,0001282,test,dataset_splits/10_buildings/building_4/0001282/test/0001282_044.jpg
building_4,0001282,test,dataset_splits/10_buildings/building_4/0001282/test/0001282_048.jpg
building_4,0001282,test,dataset_splits/10_buildings/building_4/0001282/test/0001282_052.jpg
building_4,0001282,test,dataset_splits/10_buildings/building_4/0001282/test/0001282_053.jpg
building_4,0001282,test,dataset_splits/10_buildings/building_4/0001282/test/0001282_059.jpg
building_4,0001282,test,dataset_splits/10_buildings/building_4/0001282/test/0001282_061.jpg
building_4,0001282,test,dataset_splits/10_buildings/building_4/0001282/test/0001282_062.jpg
building_4,0001282,test,dataset_splits/10_buildings/building_4/0001282/test/0001282_070.jpg
building_4,0001282,test,dataset_splits/10_buildings/building_4/0001282/test/0001282_079.jpg
building_4,0001282,test,dataset_splits/10_buildings/building_4/0001282/test/0001282_098.jpg
building_4,0001293,reference,dataset_splits/10_buildings/building_4/0001293/reference/0001293_008.jpg
building_4,0001293,reference,dataset_splits/10_buildings/building_4/0001293/reference/0001293_028.jpg
building_4,0001293,reference,dataset_splits/10_buildings/building_4/0001293/reference/0001293_037.jpg
building_4,0001293,reference,dataset_splits/10_buildings/building_4/0001293/reference/0001293_043.jpg
building_4,0001293,reference,dataset_splits/10_buildings/building_4/0001293/reference/0001293_045.jpg
building_4,0001293,reference,dataset_splits/10_buildings/building_4/0001293/reference/0001293_049.jpg
building_4,0001293,reference,dataset_splits/10_buildings/building_4/0001293/reference/0001293_071.jpg
building_4,0001293,reference,dataset_splits/10_buildings/building_4/0001293/reference/0001293_092.jpg
building_4,0001293,reference,dataset_splits/10_buildings/building_4/0001293/reference/0001293_100.jpg
building_4,0001293,reference,dataset_splits/10_buildings/building_4/0001293/reference/0001293_104.jpg
building_4,0001293,reference,dataset_splits/10_buildings/building_4/0001293/reference/0001293_120.jpg
building_4,0001293,reference,dataset_splits/10_buildings/building_4/0001293/reference/0001293_131.jpg
building_4,0001293,reference,dataset_splits/10_buildings/building_4/0001293/reference/0001293_136.jpg
building_4,0001293,reference,dataset_splits/10_buildings/building_4/0001293/reference/0001293_138.jpg
building_4,0001293,reference,dataset_splits/10_buildings/building_4/0001293/reference/0001293_144.jpg
building_4,0001293,reference,dataset_splits/10_buildings/building_4/0001293/reference/0001293_147.jpg
building_4,0001293,reference,dataset_splits/10_buildings/building_4/0001293/reference/0001293_166.jpg
building_4,0001293,reference,dataset_splits/10_buildings/building_4/0001293/reference/0001293_179.jpg
building_4,0001293,reference,dataset_splits/10_buildings/building_4/0001293/reference/0001293_181.jpg
building_4,0001293,reference,dataset_splits/10_buildings/building_4/0001293/reference/0001293_187.jpg
building_4,0001293,test,dataset_splits/10_buildings/building_4/0001293/test/0001293_002.jpg
building_4,0001293,test,dataset_splits/10_buildings/building_4/0001293/test/0001293_007.jpg
building_4,0001293,test,dataset_splits/10_buildings/building_4/0001293/test/0001293_016.jpg
building_4,0001293,test,dataset_splits/10_buildings/building_4/0001293/test/0001293_022.jpg
building_4,0001293,test,dataset_splits/10_buildings/building_4/0001293/test/0001293_023.jpg
building_4,0001293,test,dataset_splits/10_buildings/building_4/0001293/test/0001293_024.jpg
building_4,0001293,test,dataset_splits/10_buildings/building_4/0001293/test/0001293_033.jpg
building_4,0001293,test,dataset_splits/10_buildings/building_4/0001293/test/0001293_042.jpg
building_4,0001293,test,dataset_splits/10_buildings/building_4/0001293/test/0001293_048.jpg
building_4,0001293,test,dataset_splits/10_buildings/building_4/0001293/test/0001293_052.jpg
building_4,0001293,test,dataset_splits/10_buildings/building_4/0001293/test/0001293_057.jpg
building_4,0001293,test,dataset_splits/10_buildings/building_4/0001293/test/0001293_059.jpg
building_4,0001293,test,dataset_splits/10_buildings/building_4/0001293/test/0001293_064.jpg
building_4,0001293,test,dataset_splits/10_buildings/building_4/0001293/test/0001293_081.jpg
building_4,0001293,test,dataset_splits/10_buildings/building_4/0001293/test/0001293_091.jpg
building_4,0001293,test,dataset_splits/10_buildings/building_4/0001293/test/0001293_109.jpg
building_4,0001293,test,dataset_splits/10_buildings/building_4/0001293/test/0001293_153.jpg
building_4,0001293,test,dataset_splits/10_buildings/building_4/0001293/test/0001293_160.jpg
building_4,0001293,test,dataset_splits/10_buildings/building_4/0001293/test/0001293_176.jpg
building_4,0001293,test,dataset_splits/10_buildings/building_4/0001293/test/0001293_191.jpg
building_4,0001305,reference,dataset_splits/10_buildings/building_4/0001305/reference/0001305_006.jpg
building_4,0001305,reference,dataset_splits/10_buildings/building_4/0001305/reference/0001305_007.jpg
building_4,0001305,reference,dataset_splits/10_buildings/building_4/0001305/reference/0001305_010.jpg
building_4,0001305,reference,dataset_splits/10_buildings/building_4/0001305/reference/0001305_021.jpg
building_4,0001305,reference,dataset_splits/10_buildings/building_4/0001305/reference/0001305_022.jpg
building_4,0001305,reference,dataset_splits/10_buildings/building_4/0001305/reference/0001305_042.jpg
building_4,0001305,reference,dataset_splits/10_buildings/building_4/0001305/reference/0001305_050.jpg
building_4,0001305,reference,dataset_splits/10_buildings/building_4/0001305/reference/0001305_052.jpg
building_4,0001305,reference,dataset_splits/10_buildings/building_4/0001305/reference/0001305_053.jpg
building_4,0001305,reference,dataset_splits/10_buildings/building_4/0001305/reference/0001305_057.jpg
building_4,0001305,reference,dataset_splits/10_buildings/building_4/0001305/reference/0001305_064.jpg
building_4,0001305,reference,dataset_splits/10_buildings/building_4/0001305/reference/0001305_067.jpg
building_4,0001305,reference,dataset_splits/10_buildings/building_4/0001305/reference/0001305_071.jpg
building_4,0001305,reference,dataset_splits/10_buildings/building_4/0001305/reference/0001305_072.jpg
building_4,0001305,reference,dataset_splits/10_buildings/building_4/0001305/reference/0001305_074.jpg
building_4,0001305,reference,dataset_splits/10_buildings/building_4/0001305/reference/0001305_076.jpg
building_4,0001305,reference,dataset_splits/10_buildings/building_4/0001305/reference/0001305_079.jpg
building_4,0001305,reference,dataset_splits/10_buildings/building_4/0001305/reference/0001305_084.jpg
building_4,0001305,reference,dataset_splits/10_buildings/building_4/0001305/reference/0001305_090.jpg
building_4,0001305,reference,dataset_splits/10_buildings/building_4/0001305/reference/0001305_091.jpg
building_4,0001305,test,dataset_splits/10_buildings/building_4/0001305/test/0001305_012.jpg
building_4,0001305,test,dataset_splits/10_buildings/building_4/0001305/test/0001305_019.jpg
building_4,0001305,test,dataset_splits/10_buildings/building_4/0001305/test/0001305_024.jpg
building_4,0001305,test,dataset_splits/10_buildings/building_4/0001305/test/0001305_033.jpg
building_4,0001305,test,dataset_splits/10_buildings/building_4/0001305/test/0001305_036.jpg
building_4,0001305,test,dataset_splits/10_buildings/building_4/0001305/test/0001305_043.jpg
building_4,0001305,test,dataset_splits/10_buildings/building_4/0001305/test/0001305_047.jpg
building_4,0001305,test,dataset_splits/10_buildings/building_4/0001305/test/0001305_055.jpg
building_4,0001305,test,dataset_splits/10_buildings/building_4/0001305/test/0001305_056.jpg
building_4,0001305,test,dataset_splits/10_buildings/building_4/0001305/test/0001305_059.jpg
building_4,0001305,test,dataset_splits/10_buildings/building_4/0001305/test/0001305_065.jpg
building_4,0001305,test,dataset_splits/10_buildings/building_4/0001305/test/0001305_068.jpg
building_4,0001305,test,dataset_splits/10_buildings/building_4/0001305/test/0001305_070.jpg
building_4,0001305,test,dataset_splits/10_buildings/building_4/0001305/test/0001305_078.jpg
building_4,0001305,test,dataset_splits/10_buildings/building_4/0001305/test/0001305_080.jpg
building_4,0001305,test,dataset_splits/10_buildings/building_4/0001305/test/0001305_082.jpg
building_4,0001305,test,dataset_splits/10_buildings/building_4/0001305/test/0001305_083.jpg
building_4,0001305,test,dataset_splits/10_buildings/building_4/0001305/test/0001305_086.jpg
building_4,0001305,test,dataset_splits/10_buildings/building_4/0001305/test/0001305_087.jpg
building_4,0001305,test,dataset_splits/10_buildings/building_4/0001305/test/0001305_093.jpg
building_4,0001518,reference,dataset_splits/10_buildings/building_4/0001518/reference/0001518_007.jpg
building_4,0001518,reference,dataset_splits/10_buildings/building_4/0001518/reference/0001518_030.jpg
building_4,0001518,reference,dataset_splits/10_buildings/building_4/0001518/reference/0001518_039.jpg
building_4,0001518,reference,dataset_splits/10_buildings/building_4/0001518/reference/0001518_044.jpg
building_4,0001518,reference,dataset_splits/10_buildings/building_4/0001518/reference/0001518_048.jpg
building_4,0001518,reference,dataset_splits/10_buildings/building_4/0001518/reference/0001518_070.jpg
building_4,0001518,reference,dataset_splits/10_buildings/building_4/0001518/reference/0001518_077.jpg
building_4,0001518,reference,dataset_splits/10_buildings/building_4/0001518/reference/0001518_081.jpg
building_4,0001518,reference,dataset_splits/10_buildings/building_4/0001518/reference/0001518_086.jpg
building_4,0001518,reference,dataset_splits/10_buildings/building_4/0001518/reference/0001518_092.jpg
building_4,0001518,reference,dataset_splits/10_buildings/building_4/0001518/reference/0001518_110.jpg
building_4,0001518,reference,dataset_splits/10_buildings/building_4/0001518/reference/0001518_113.jpg
building_4,0001518,reference,dataset_splits/10_buildings/building_4/0001518/reference/0001518_125.jpg
building_4,0001518,reference,dataset_splits/10_buildings/building_4/0001518/reference/0001518_129.jpg
building_4,0001518,reference,dataset_splits/10_buildings/building_4/0001518/reference/0001518_134.jpg
building_4,0001518,reference,dataset_splits/10_buildings/building_4/0001518/reference/0001518_139.jpg
building_4,0001518,reference,dataset_splits/10_buildings/building_4/0001518/reference/0001518_152.jpg
building_4,0001518,reference,dataset_splits/10_buildings/building_4/0001518/reference/0001518_154.jpg
building_4,0001518,reference,dataset_splits/10_buildings/building_4/0001518/reference/0001518_163.jpg
building_4,0001518,reference,dataset_splits/10_buildings/building_4/0001518/reference/0001518_168.jpg
building_4,0001518,test,dataset_splits/10_buildings/building_4/0001518/test/0001518_009.jpg
building_4,0001518,test,dataset_splits/10_buildings/building_4/0001518/test/0001518_016.jpg
building_4,0001518,test,dataset_splits/10_buildings/building_4/0001518/test/0001518_035.jpg
building_4,0001518,test,dataset_splits/10_buildings/building_4/0001518/test/0001518_042.jpg
building_4,0001518,test,dataset_splits/10_buildings/building_4/0001518/test/0001518_052.jpg
building_4,0001518,test,dataset_splits/10_buildings/building_4/0001518/test/0001518_055.jpg
building_4,0001518,test,dataset_splits/10_buildings/building_4/0001518/test/0001518_064.jpg
building_4,0001518,test,dataset_splits/10_buildings/building_4/0001518/test/0001518_067.jpg
building_4,0001518,test,dataset_splits/10_buildings/building_4/0001518/test/0001518_071.jpg
building_4,0001518,test,dataset_splits/10_buildings/building_4/0001518/test/0001518_082.jpg
building_4,0001518,test,dataset_splits/10_buildings/building_4/0001518/test/0001518_087.jpg
building_4,0001518,test,dataset_splits/10_buildings/building_4/0001518/test/0001518_096.jpg
building_4,0001518,test,dataset_splits/10_buildings/building_4/0001518/test/0001518_102.jpg
building_4,0001518,test,dataset_splits/10_buildings/building_4/0001518/test/0001518_106.jpg
building_4,0001518,test,dataset_splits/10_buildings/building_4/0001518/test/0001518_109.jpg
building_4,0001518,test,dataset_splits/10_buildings/building_4/0001518/test/0001518_112.jpg
building_4,0001518,test,dataset_splits/10_buildings/building_4/0001518/test/0001518_119.jpg
building_4,0001518,test,dataset_splits/10_buildings/building_4/0001518/test/0001518_135.jpg
building_4,0001518,test,dataset_splits/10_buildings/building_4/0001518/test/0001518_141.jpg
building_4,0001518,test,dataset_splits/10_buildings/building_4/0001518/test/0001518_147.jpg
building_4,0001525,reference,dataset_splits/10_buildings/building_4/0001525/reference/0001525_002.jpg
building_4,0001525,reference,dataset_splits/10_buildings/building_4/0001525/reference/0001525_003.jpg
building_4,0001525,reference,dataset_splits/10_buildings/building_4/0001525/reference/0001525_011.jpg
building_4,0001525,reference,dataset_splits/10_buildings/building_4/0001525/reference/0001525_013.jpg
building_4,0001525,reference,dataset_splits/10_buildings/building_4/0001525/reference/0001525_014.jpg
building_4,0001525,reference,dataset_splits/10_buildings/building_4/0001525/reference/0001525_016.jpg
building_4,0001525,reference,dataset_splits/10_buildings/building_4/0001525/reference/0001525_018.jpg
building_4,0001525,reference,dataset_splits/10_buildings/building_4/0001525/reference/0001525_020.jpg
building_4,0001525,reference,dataset_splits/10_buildings/building_4/0001525/reference/0001525_026.jpg
building_4,0001525,reference,dataset_splits/10_buildings/building_4/0001525/reference/0001525_028.jpg
building_4,0001525,reference,dataset_splits/10_buildings/building_4/0001525/reference/0001525_030.jpg
building_4,0001525,reference,dataset_splits/10_buildings/building_4/0001525/reference/0001525_034.jpg
building_4,0001525,reference,dataset_splits/10_buildings/building_4/0001525/reference/0001525_036.jpg
building_4,0001525,reference,dataset_splits/10_buildings/building_4/0001525/reference/0001525_038.jpg
building_4,0001525,reference,dataset_splits/10_buildings/building_4/0001525/reference/0001525_042.jpg
building_4,0001525,reference,dataset_splits/10_buildings/building_4/0001525/reference/0001525_044.jpg
building_4,0001525,reference,dataset_splits/10_buildings/building_4/0001525/reference/0001525_045.jpg
building_4,0001525,reference,dataset_splits/10_buildings/building_4/0001525/reference/0001525_051.jpg
building_4,0001525,reference,dataset_splits/10_buildings/building_4/0001525/reference/0001525_054.jpg
building_4,0001525,reference,dataset_splits/10_buildings/building_4/0001525/reference/0001525_056.jpg
building_4,0001525,test,dataset_splits/10_buildings/building_4/0001525/test/0001525_004.jpg
building_4,0001525,test,dataset_splits/10_buildings/building_4/0001525/test/0001525_005.jpg
building_4,0001525,test,dataset_splits/10_buildings/building_4/0001525/test/0001525_006.jpg
building_4,0001525,test,dataset_splits/10_buildings/building_4/0001525/test/0001525_007.jpg
building_4,0001525,test,dataset_splits/10_buildings/building_4/0001525/test/0001525_008.jpg
building_4,0001525,test,dataset_splits/10_buildings/building_4/0001525/test/0001525_022.jpg
building_4,0001525,test,dataset_splits/10_buildings/building_4/0001525/test/0001525_023.jpg
building_4,0001525,test,dataset_splits/10_buildings/building_4/0001525/test/0001525_029.jpg
building_4,0001525,test,dataset_splits/10_buildings/building_4/0001525/test/0001525_031.jpg
building_4,0001525,test,dataset_splits/10_buildings/building_4/0001525/test/0001525_033.jpg
building_4,0001525,test,dataset_splits/10_buildings/building_4/0001525/test/0001525_039.jpg
building_4,0001525,test,dataset_splits/10_buildings/building_4/0001525/test/0001525_040.jpg
building_4,0001525,test,dataset_splits/10_buildings/building_4/0001525/test/0001525_043.jpg
building_4,0001525,test,dataset_splits/10_buildings/building_4/0001525/test/0001525_047.jpg
building_4,0001525,test,dataset_splits/10_buildings/building_4/0001525/test/0001525_048.jpg
building_4,0001525,test,dataset_splits/10_buildings/building_4/0001525/test/0001525_049.jpg
building_4,0001525,test,dataset_splits/10_buildings/building_4/0001525/test/0001525_052.jpg
building_4,0001525,test,dataset_splits/10_buildings/building_4/0001525/test/0001525_053.jpg
building_4,0001525,test,dataset_splits/10_buildings/building_4/0001525/test/0001525_055.jpg
building_4,0001525,test,dataset_splits/10_buildings/building_4/0001525/test/0001525_057.jpg
building_4,0001527,reference,dataset_splits/10_buildings/building_4/0001527/reference/0001527_003.jpg
building_4,0001527,reference,dataset_splits/10_buildings/building_4/0001527/reference/0001527_011.jpg
building_4,0001527,reference,dataset_splits/10_buildings/building_4/0001527/reference/0001527_012.jpg
building_4,0001527,reference,dataset_splits/10_buildings/building_4/0001527/reference/0001527_015.jpg
building_4,0001527,reference,dataset_splits/10_buildings/building_4/0001527/reference/0001527_016.jpg
building_4,0001527,reference,dataset_splits/10_buildings/building_4/0001527/reference/0001527_021.jpg
building_4,0001527,reference,dataset_splits/10_buildings/building_4/0001527/reference/0001527_026.jpg
building_4,0001527,reference,dataset_splits/10_buildings/building_4/0001527/reference/0001527_031.jpg
building_4,0001527,reference,dataset_splits/10_buildings/building_4/0001527/reference/0001527_037.jpg
building_4,0001527,reference,dataset_splits/10_buildings/building_4/0001527/reference/0001527_039.jpg
building_4,0001527,reference,dataset_splits/10_buildings/building_4/0001527/reference/0001527_040.jpg
building_4,0001527,reference,dataset_splits/10_buildings/building_4/0001527/reference/0001527_044.jpg
building_4,0001527,reference,dataset_splits/10_buildings/building_4/0001527/reference/0001527_045.jpg
building_4,0001527,reference,dataset_splits/10_buildings/building_4/0001527/reference/0001527_050.jpg
building_4,0001527,reference,dataset_splits/10_buildings/building_4/0001527/reference/0001527_058.jpg
building_4,0001527,reference,dataset_splits/10_buildings/building_4/0001527/reference/0001527_060.jpg
building_4,0001527,reference,dataset_splits/10_buildings/building_4/0001527/reference/0001527_062.jpg
building_4,0001527,reference,dataset_splits/10_buildings/building_4/0001527/reference/0001527_069.jpg
building_4,0001527,reference,dataset_splits/10_buildings/building_4/0001527/reference/0001527_073.jpg
building_4,0001527,reference,dataset_splits/10_buildings/building_4/0001527/reference/0001527_075.jpg
building_4,0001527,test,dataset_splits/10_buildings/building_4/0001527/test/0001527_001.jpg
building_4,0001527,test,dataset_splits/10_buildings/building_4/0001527/test/0001527_002.jpg
building_4,0001527,test,dataset_splits/10_buildings/building_4/0001527/test/0001527_005.jpg
building_4,0001527,test,dataset_splits/10_buildings/building_4/0001527/test/0001527_010.jpg
building_4,0001527,test,dataset_splits/10_buildings/building_4/0001527/test/0001527_014.jpg
building_4,0001527,test,dataset_splits/10_buildings/building_4/0001527/test/0001527_018.jpg
building_4,0001527,test,dataset_splits/10_buildings/building_4/0001527/test/0001527_020.jpg
building_4,0001527,test,dataset_splits/10_buildings/building_4/0001527/test/0001527_023.jpg
building_4,0001527,test,dataset_splits/10_buildings/building_4/0001527/test/0001527_034.jpg
building_4,0001527,test,dataset_splits/10_buildings/building_4/0001527/test/0001527_035.jpg
building_4,0001527,test,dataset_splits/10_buildings/building_4/0001527/test/0001527_038.jpg
building_4,0001527,test,dataset_splits/10_buildings/building_4/0001527/test/0001527_041.jpg
building_4,0001527,test,dataset_splits/10_buildings/building_4/0001527/test/0001527_043.jpg
building_4,0001527,test,dataset_splits/10_buildings/building_4/0001527/test/0001527_046.jpg
building_4,0001527,test,dataset_splits/10_buildings/building_4/0001527/test/0001527_049.jpg
building_4,0001527,test,dataset_splits/10_buildings/building_4/0001527/test/0001527_052.jpg
building_4,0001527,test,dataset_splits/10_buildings/building_4/0001527/test/0001527_053.jpg
building_4,0001527,test,dataset_splits/10_buildings/building_4/0001527/test/0001527_065.jpg
building_4,0001527,test,dataset_splits/10_buildings/building_4/0001527/test/0001527_074.jpg
building_4,0001527,test,dataset_splits/10_buildings/building_4/0001527/test/0001527_076.jpg
building_4,0001573,reference,dataset_splits/10_buildings/building_4/0001573/reference/0001573_001.jpg
building_4,0001573,reference,dataset_splits/10_buildings/building_4/0001573/reference/0001573_005.jpg
building_4,0001573,reference,dataset_splits/10_buildings/building_4/0001573/reference/0001573_009.jpg
building_4,0001573,reference,dataset_splits/10_buildings/building_4/0001573/reference/0001573_011.jpg
building_4,0001573,reference,dataset_splits/10_buildings/building_4/0001573/reference/0001573_015.jpg
building_4,0001573,reference,dataset_splits/10_buildings/building_4/0001573/reference/0001573_016.jpg
building_4,0001573,reference,dataset_splits/10_buildings/building_4/0001573/reference/0001573_022.jpg
building_4,0001573,reference,dataset_splits/10_buildings/building_4/0001573/reference/0001573_023.jpg
building_4,0001573,reference,dataset_splits/10_buildings/building_4/0001573/reference/0001573_024.jpg
building_4,0001573,reference,dataset_splits/10_buildings/building_4/0001573/reference/0001573_032.jpg
building_4,0001573,reference,dataset_splits/10_buildings/building_4/0001573/reference/0001573_035.jpg
building_4,0001573,reference,dataset_splits/10_buildings/building_4/0001573/reference/0001573_036.jpg
building_4,0001573,reference,dataset_splits/10_buildings/building_4/0001573/reference/0001573_043.jpg
building_4,0001573,reference,dataset_splits/10_buildings/building_4/0001573/reference/0001573_044.jpg
building_4,0001573,reference,dataset_splits/10_buildings/building_4/0001573/reference/0001573_049.jpg
building_4,0001573,reference,dataset_splits/10_buildings/building_4/0001573/reference/0001573_051.jpg
building_4,0001573,reference,dataset_splits/10_buildings/building_4/0001573/reference/0001573_054.jpg
building_4,0001573,reference,dataset_splits/10_buildings/building_4/0001573/reference/0001573_055.jpg
building_4,0001573,reference,dataset_splits/10_buildings/building_4/0001573/reference/0001573_057.jpg
building_4,0001573,reference,dataset_splits/10_buildings/building_4/0001573/reference/0001573_061.jpg
building_4,0001573,test,dataset_splits/10_buildings/building_4/0001573/test/0001573_006.jpg
building_4,0001573,test,dataset_splits/10_buildings/building_4/0001573/test/0001573_007.jpg
building_4,0001573,test,dataset_splits/10_buildings/building_4/0001573/test/0001573_010.jpg
building_4,0001573,test,dataset_splits/10_buildings/building_4/0001573/test/0001573_012.jpg
building_4,0001573,test,dataset_splits/10_buildings/building_4/0001573/test/0001573_017.jpg
building_4,0001573,test,dataset_splits/10_buildings/building_4/0001573/test/0001573_018.jpg
building_4,0001573,test,dataset_splits/10_buildings/building_4/0001573/test/0001573_025.jpg
building_4,0001573,test,dataset_splits/10_buildings/building_4/0001573/test/0001573_026.jpg
building_4,0001573,test,dataset_splits/10_buildings/building_4/0001573/test/0001573_033.jpg
building_4,0001573,test,dataset_splits/10_buildings/building_4/0001573/test/0001573_037.jpg
building_4,0001573,test,dataset_splits/10_buildings/building_4/0001573/test/0001573_038.jpg
building_4,0001573,test,dataset_splits/10_buildings/building_4/0001573/test/0001573_039.jpg
building_4,0001573,test,dataset_splits/10_buildings/building_4/0001573/test/0001573_040.jpg
building_4,0001573,test,dataset_splits/10_buildings/building_4/0001573/test/0001573_045.jpg
building_4,0001573,test,dataset_splits/10_buildings/building_4/0001573/test/0001573_048.jpg
building_4,0001573,test,dataset_splits/10_buildings/building_4/0001573/test/0001573_050.jpg
building_4,0001573,test,dataset_splits/10_buildings/building_4/0001573/test/0001573_053.jpg
building_4,0001573,test,dataset_splits/10_buildings/building_4/0001573/test/0001573_058.jpg
building_4,0001573,test,dataset_splits/10_buildings/building_4/0001573/test/0001573_059.jpg
building_4,0001573,test,dataset_splits/10_buildings/building_4/0001573/test/0001573_060.jpg
building_4,0001575,reference,dataset_splits/10_buildings/building_4/0001575/reference/0001575_002.jpg
building_4,0001575,reference,dataset_splits/10_buildings/building_4/0001575/reference/0001575_004.jpg
building_4,0001575,reference,dataset_splits/10_buildings/building_4/0001575/reference/0001575_005.jpg
building_4,0001575,reference,dataset_splits/10_buildings/building_4/0001575/reference/0001575_006.jpg
building_4,0001575,reference,dataset_splits/10_buildings/building_4/0001575/reference/0001575_010.jpg
building_4,0001575,reference,dataset_splits/10_buildings/building_4/0001575/reference/0001575_012.jpg
building_4,0001575,reference,dataset_splits/10_buildings/building_4/0001575/reference/0001575_013.jpg
building_4,0001575,reference,dataset_splits/10_buildings/building_4/0001575/reference/0001575_017.jpg
building_4,0001575,reference,dataset_splits/10_buildings/building_4/0001575/reference/0001575_018.jpg
building_4,0001575,reference,dataset_splits/10_buildings/building_4/0001575/reference/0001575_020.jpg
building_4,0001575,reference,dataset_splits/10_buildings/building_4/0001575/reference/0001575_021.jpg
building_4,0001575,reference,dataset_splits/10_buildings/building_4/0001575/reference/0001575_029.jpg
building_4,0001575,reference,dataset_splits/10_buildings/building_4/0001575/reference/0001575_031.jpg
building_4,0001575,reference,dataset_splits/10_buildings/building_4/0001575/reference/0001575_035.jpg
building_4,0001575,reference,dataset_splits/10_buildings/building_4/0001575/reference/0001575_036.jpg
building_4,0001575,reference,dataset_splits/10_buildings/building_4/0001575/reference/0001575_040.jpg
building_4,0001575,reference,dataset_splits/10_buildings/building_4/0001575/reference/0001575_044.jpg
building_4,0001575,reference,dataset_splits/10_buildings/building_4/0001575/reference/0001575_047.jpg
building_4,0001575,reference,dataset_splits/10_buildings/building_4/0001575/reference/0001575_050.jpg
building_4,0001575,reference,dataset_splits/10_buildings/building_4/0001575/reference/0001575_053.jpg
building_4,0001575,test,dataset_splits/10_buildings/building_4/0001575/test/0001575_003.jpg
building_4,0001575,test,dataset_splits/10_buildings/building_4/0001575/test/0001575_011.jpg
building_4,0001575,test,dataset_splits/10_buildings/building_4/0001575/test/0001575_015.jpg
building_4,0001575,test,dataset_splits/10_buildings/building_4/0001575/test/0001575_019.jpg
building_4,0001575,test,dataset_splits/10_buildings/building_4/0001575/test/0001575_022.jpg
building_4,0001575,test,dataset_splits/10_buildings/building_4/0001575/test/0001575_024.jpg
building_4,0001575,test,dataset_splits/10_buildings/building_4/0001575/test/0001575_027.jpg
building_4,0001575,test,dataset_splits/10_buildings/building_4/0001575/test/0001575_028.jpg
building_4,0001575,test,dataset_splits/10_buildings/building_4/0001575/test/0001575_032.jpg
building_4,0001575,test,dataset_splits/10_buildings/building_4/0001575/test/0001575_033.jpg
building_4,0001575,test,dataset_splits/10_buildings/building_4/0001575/test/0001575_034.jpg
building_4,0001575,test,dataset_splits/10_buildings/building_4/0001575/test/0001575_043.jpg
building_4,0001575,test,dataset_splits/10_buildings/building_4/0001575/test/0001575_045.jpg
building_4,0001575,test,dataset_splits/10_buildings/building_4/0001575/test/0001575_046.jpg
building_4,0001575,test,dataset_splits/10_buildings/building_4/0001575/test/0001575_049.jpg
building_4,0001575,test,dataset_splits/10_buildings/building_4/0001575/test/0001575_051.jpg
building_4,0001575,test,dataset_splits/10_buildings/building_4/0001575/test/0001575_052.jpg
building_4,0001575,test,dataset_splits/10_buildings/building_4/0001575/test/0001575_057.jpg
building_4,0001575,test,dataset_splits/10_buildings/building_4/0001575/test/0001575_058.jpg
building_4,0001575,test,dataset_splits/10_buildings/building_4/0001575/test/0001575_059.jpg
building_4,0001667,reference,dataset_splits/10_buildings/building_4/0001667/reference/0001667_012.jpg
building_4,0001667,reference,dataset_splits/10_buildings/building_4/0001667/reference/0001667_016.jpg
building_4,0001667,reference,dataset_splits/10_buildings/building_4/0001667/reference/0001667_019.jpg
building_4,0001667,reference,dataset_splits/10_buildings/building_4/0001667/reference/0001667_022.jpg
building_4,0001667,reference,dataset_splits/10_buildings/building_4/0001667/reference/0001667_035.jpg
building_4,0001667,reference,dataset_splits/10_buildings/building_4/0001667/reference/0001667_039.jpg
building_4,0001667,reference,dataset_splits/10_buildings/building_4/0001667/reference/0001667_069.jpg
building_4,0001667,reference,dataset_splits/10_buildings/building_4/0001667/reference/0001667_094.jpg
building_4,0001667,reference,dataset_splits/10_buildings/building_4/0001667/reference/0001667_100.jpg
building_4,0001667,reference,dataset_splits/10_buildings/building_4/0001667/reference/0001667_103.jpg
building_4,0001667,reference,dataset_splits/10_buildings/building_4/0001667/reference/0001667_117.jpg
building_4,0001667,reference,dataset_splits/10_buildings/building_4/0001667/reference/0001667_124.jpg
building_4,0001667,reference,dataset_splits/10_buildings/building_4/0001667/reference/0001667_146.jpg
building_4,0001667,reference,dataset_splits/10_buildings/building_4/0001667/reference/0001667_195.jpg
building_4,0001667,reference,dataset_splits/10_buildings/building_4/0001667/reference/0001667_205.jpg
building_4,0001667,reference,dataset_splits/10_buildings/building_4/0001667/reference/0001667_210.jpg
building_4,0001667,reference,dataset_splits/10_buildings/building_4/0001667/reference/0001667_216.jpg
building_4,0001667,reference,dataset_splits/10_buildings/building_4/0001667/reference/0001667_229.jpg
building_4,0001667,reference,dataset_splits/10_buildings/building_4/0001667/reference/0001667_241.jpg
building_4,0001667,reference,dataset_splits/10_buildings/building_4/0001667/reference/0001667_255.jpg
building_4,0001667,test,dataset_splits/10_buildings/building_4/0001667/test/0001667_005.jpg
building_4,0001667,test,dataset_splits/10_buildings/building_4/0001667/test/0001667_027.jpg
building_4,0001667,test,dataset_splits/10_buildings/building_4/0001667/test/0001667_031.jpg
building_4,0001667,test,dataset_splits/10_buildings/building_4/0001667/test/0001667_041.jpg
building_4,0001667,test,dataset_splits/10_buildings/building_4/0001667/test/0001667_063.jpg
building_4,0001667,test,dataset_splits/10_buildings/building_4/0001667/test/0001667_086.jpg
building_4,0001667,test,dataset_splits/10_buildings/building_4/0001667/test/0001667_095.jpg
building_4,0001667,test,dataset_splits/10_buildings/building_4/0001667/test/0001667_138.jpg
building_4,0001667,test,dataset_splits/10_buildings/building_4/0001667/test/0001667_139.jpg
building_4,0001667,test,dataset_splits/10_buildings/building_4/0001667/test/0001667_150.jpg
building_4,0001667,test,dataset_splits/10_buildings/building_4/0001667/test/0001667_152.jpg
building_4,0001667,test,dataset_splits/10_buildings/building_4/0001667/test/0001667_154.jpg
building_4,0001667,test,dataset_splits/10_buildings/building_4/0001667/test/0001667_163.jpg
building_4,0001667,test,dataset_splits/10_buildings/building_4/0001667/test/0001667_202.jpg
building_4,0001667,test,dataset_splits/10_buildings/building_4/0001667/test/0001667_204.jpg
building_4,0001667,test,dataset_splits/10_buildings/building_4/0001667/test/0001667_222.jpg
building_4,0001667,test,dataset_splits/10_buildings/building_4/0001667/test/0001667_226.jpg
building_4,0001667,test,dataset_splits/10_buildings/building_4/0001667/test/0001667_234.jpg
building_4,0001667,test,dataset_splits/10_buildings/building_4/0001667/test/0001667_253.jpg
building_4,0001667,test,dataset_splits/10_buildings/building_4/0001667/test/0001667_259.jpg
building_4,0001851,reference,dataset_splits/10_buildings/building_4/0001851/reference/0001851_002.jpg
building_4,0001851,reference,dataset_splits/10_buildings/building_4/0001851/reference/0001851_003.jpg
building_4,0001851,reference,dataset_splits/10_buildings/building_4/0001851/reference/0001851_004.jpg
building_4,0001851,reference,dataset_splits/10_buildings/building_4/0001851/reference/0001851_005.jpg
building_4,0001851,reference,dataset_splits/10_buildings/building_4/0001851/reference/0001851_006.jpg
building_4,0001851,reference,dataset_splits/10_buildings/building_4/0001851/reference/0001851_013.jpg
building_4,0001851,reference,dataset_splits/10_buildings/building_4/0001851/reference/0001851_014.jpg
building_4,0001851,reference,dataset_splits/10_buildings/building_4/0001851/reference/0001851_018.jpg
building_4,0001851,reference,dataset_splits/10_buildings/building_4/0001851/reference/0001851_020.jpg
building_4,0001851,reference,dataset_splits/10_buildings/building_4/0001851/reference/0001851_021.jpg
building_4,0001851,reference,dataset_splits/10_buildings/building_4/0001851/reference/0001851_023.jpg
building_4,0001851,reference,dataset_splits/10_buildings/building_4/0001851/reference/0001851_024.jpg
building_4,0001851,reference,dataset_splits/10_buildings/building_4/0001851/reference/0001851_029.jpg
building_4,0001851,reference,dataset_splits/10_buildings/building_4/0001851/reference/0001851_038.jpg
building_4,0001851,reference,dataset_splits/10_buildings/building_4/0001851/reference/0001851_040.jpg
building_4,0001851,reference,dataset_splits/10_buildings/building_4/0001851/reference/0001851_041.jpg
building_4,0001851,reference,dataset_splits/10_buildings/building_4/0001851/reference/0001851_045.jpg
building_4,0001851,reference,dataset_splits/10_buildings/building_4/0001851/reference/0001851_046.jpg
building_4,0001851,reference,dataset_splits/10_buildings/building_4/0001851/reference/0001851_048.jpg
building_4,0001851,reference,dataset_splits/10_buildings/building_4/0001851/reference/0001851_049.jpg
building_4,0001851,test,dataset_splits/10_buildings/building_4/0001851/test/0001851_001.jpg
building_4,0001851,test,dataset_splits/10_buildings/building_4/0001851/test/0001851_007.jpg
building_4,0001851,test,dataset_splits/10_buildings/building_4/0001851/test/0001851_009.jpg
building_4,0001851,test,dataset_splits/10_buildings/building_4/0001851/test/0001851_010.jpg
building_4,0001851,test,dataset_splits/10_buildings/building_4/0001851/test/0001851_015.jpg
building_4,0001851,test,dataset_splits/10_buildings/building_4/0001851/test/0001851_017.jpg
building_4,0001851,test,dataset_splits/10_buildings/building_4/0001851/test/0001851_019.jpg
building_4,0001851,test,dataset_splits/10_buildings/building_4/0001851/test/0001851_022.jpg
building_4,0001851,test,dataset_splits/10_buildings/building_4/0001851/test/0001851_025.jpg
building_4,0001851,test,dataset_splits/10_buildings/building_4/0001851/test/0001851_026.jpg
building_4,0001851,test,dataset_splits/10_buildings/building_4/0001851/test/0001851_028.jpg
building_4,0001851,test,dataset_splits/10_buildings/building_4/0001851/test/0001851_031.jpg
building_4,0001851,test,dataset_splits/10_buildings/building_4/0001851/test/0001851_032.jpg
building_4,0001851,test,dataset_splits/10_buildings/building_4/0001851/test/0001851_033.jpg
building_4,0001851,test,dataset_splits/10_buildings/building_4/0001851/test/0001851_034.jpg
building_4,0001851,test,dataset_splits/10_buildings/building_4/0001851/test/0001851_035.jpg
building_4,0001851,test,dataset_splits/10_buildings/building_4/0001851/test/0001851_039.jpg
building_4,0001851,test,dataset_splits/10_buildings/building_4/0001851/test/0001851_042.jpg
building_4,0001851,test,dataset_splits/10_buildings/building_4/0001851/test/0001851_047.jpg
building_4,0001851,test,dataset_splits/10_buildings/building_4/0001851/test/0001851_052.jpg
building_4,0001857,reference,dataset_splits/10_buildings/building_4/0001857/reference/0001857_001.jpg
building_4,0001857,reference,dataset_splits/10_buildings/building_4/0001857/reference/0001857_002.jpg
building_4,0001857,reference,dataset_splits/10_buildings/building_4/0001857/reference/0001857_010.jpg
building_4,0001857,reference,dataset_splits/10_buildings/building_4/0001857/reference/0001857_028.jpg
building_4,0001857,reference,dataset_splits/10_buildings/building_4/0001857/reference/0001857_032.jpg
building_4,0001857,reference,dataset_splits/10_buildings/building_4/0001857/reference/0001857_033.jpg
building_4,0001857,reference,dataset_splits/10_buildings/building_4/0001857/reference/0001857_037.jpg
building_4,0001857,reference,dataset_splits/10_buildings/building_4/0001857/reference/0001857_043.jpg
building_4,0001857,reference,dataset_splits/10_buildings/building_4/0001857/reference/0001857_051.jpg
building_4,0001857,reference,dataset_splits/10_buildings/building_4/0001857/reference/0001857_054.jpg
building_4,0001857,reference,dataset_splits/10_buildings/building_4/0001857/reference/0001857_057.jpg
building_4,0001857,reference,dataset_splits/10_buildings/building_4/0001857/reference/0001857_064.jpg
building_4,0001857,reference,dataset_splits/10_buildings/building_4/0001857/reference/0001857_084.jpg
building_4,0001857,reference,dataset_splits/10_buildings/building_4/0001857/reference/0001857_092.jpg
building_4,0001857,reference,dataset_splits/10_buildings/building_4/0001857/reference/0001857_106.jpg
building_4,0001857,reference,dataset_splits/10_buildings/building_4/0001857/reference/0001857_107.jpg
building_4,0001857,reference,dataset_splits/10_buildings/building_4/0001857/reference/0001857_110.jpg
building_4,0001857,reference,dataset_splits/10_buildings/building_4/0001857/reference/0001857_112.jpg
building_4,0001857,reference,dataset_splits/10_buildings/building_4/0001857/reference/0001857_113.jpg
building_4,0001857,reference,dataset_splits/10_buildings/building_4/0001857/reference/0001857_118.jpg
building_4,0001857,test,dataset_splits/10_buildings/building_4/0001857/test/0001857_011.jpg
building_4,0001857,test,dataset_splits/10_buildings/building_4/0001857/test/0001857_013.jpg
building_4,0001857,test,dataset_splits/10_buildings/building_4/0001857/test/0001857_015.jpg
building_4,0001857,test,dataset_splits/10_buildings/building_4/0001857/test/0001857_023.jpg
building_4,0001857,test,dataset_splits/10_buildings/building_4/0001857/test/0001857_025.jpg
building_4,0001857,test,dataset_splits/10_buildings/building_4/0001857/test/0001857_026.jpg
building_4,0001857,test,dataset_splits/10_buildings/building_4/0001857/test/0001857_036.jpg
building_4,0001857,test,dataset_splits/10_buildings/building_4/0001857/test/0001857_048.jpg
building_4,0001857,test,dataset_splits/10_buildings/building_4/0001857/test/0001857_052.jpg
building_4,0001857,test,dataset_splits/10_buildings/building_4/0001857/test/0001857_053.jpg
building_4,0001857,test,dataset_splits/10_buildings/building_4/0001857/test/0001857_058.jpg
building_4,0001857,test,dataset_splits/10_buildings/building_4/0001857/test/0001857_060.jpg
building_4,0001857,test,dataset_splits/10_buildings/building_4/0001857/test/0001857_065.jpg
building_4,0001857,test,dataset_splits/10_buildings/building_4/0001857/test/0001857_082.jpg
building_4,0001857,test,dataset_splits/10_buildings/building_4/0001857/test/0001857_093.jpg
building_4,0001857,test,dataset_splits/10_buildings/building_4/0001857/test/0001857_098.jpg
building_4,0001857,test,dataset_splits/10_buildings/building_4/0001857/test/0001857_101.jpg
building_4,0001857,test,dataset_splits/10_buildings/building_4/0001857/test/0001857_102.jpg
building_4,0001857,test,dataset_splits/10_buildings/building_4/0001857/test/0001857_109.jpg
building_4,0001857,test,dataset_splits/10_buildings/building_4/0001857/test/0001857_117.jpg
building_4,0002436,reference,dataset_splits/10_buildings/building_4/0002436/reference/0002436_001.jpg
building_4,0002436,reference,dataset_splits/10_buildings/building_4/0002436/reference/0002436_011.jpg
building_4,0002436,reference,dataset_splits/10_buildings/building_4/0002436/reference/0002436_017.jpg
building_4,0002436,reference,dataset_splits/10_buildings/building_4/0002436/reference/0002436_019.jpg
building_4,0002436,reference,dataset_splits/10_buildings/building_4/0002436/reference/0002436_021.jpg
building_4,0002436,reference,dataset_splits/10_buildings/building_4/0002436/reference/0002436_041.jpg
building_4,0002436,reference,dataset_splits/10_buildings/building_4/0002436/reference/0002436_047.jpg
building_4,0002436,reference,dataset_splits/10_buildings/building_4/0002436/reference/0002436_054.jpg
building_4,0002436,reference,dataset_splits/10_buildings/building_4/0002436/reference/0002436_065.jpg
building_4,0002436,reference,dataset_splits/10_buildings/building_4/0002436/reference/0002436_076.jpg
building_4,0002436,reference,dataset_splits/10_buildings/building_4/0002436/reference/0002436_085.jpg
building_4,0002436,reference,dataset_splits/10_buildings/building_4/0002436/reference/0002436_086.jpg
building_4,0002436,reference,dataset_splits/10_buildings/building_4/0002436/reference/0002436_159.jpg
building_4,0002436,reference,dataset_splits/10_buildings/building_4/0002436/reference/0002436_160.jpg
building_4,0002436,reference,dataset_splits/10_buildings/building_4/0002436/reference/0002436_175.jpg
building_4,0002436,reference,dataset_splits/10_buildings/building_4/0002436/reference/0002436_177.jpg
building_4,0002436,reference,dataset_splits/10_buildings/building_4/0002436/reference/0002436_211.jpg
building_4,0002436,reference,dataset_splits/10_buildings/building_4/0002436/reference/0002436_216.jpg
building_4,0002436,reference,dataset_splits/10_buildings/building_4/0002436/reference/0002436_219.jpg
building_4,0002436,reference,dataset_splits/10_buildings/building_4/0002436/reference/0002436_224.jpg
building_4,0002436,test,dataset_splits/10_buildings/building_4/0002436/test/0002436_010.jpg
building_4,0002436,test,dataset_splits/10_buildings/building_4/0002436/test/0002436_024.jpg
building_4,0002436,test,dataset_splits/10_buildings/building_4/0002436/test/0002436_051.jpg
building_4,0002436,test,dataset_splits/10_buildings/building_4/0002436/test/0002436_070.jpg
building_4,0002436,test,dataset_splits/10_buildings/building_4/0002436/test/0002436_084.jpg
building_4,0002436,test,dataset_splits/10_buildings/building_4/0002436/test/0002436_091.jpg
building_4,0002436,test,dataset_splits/10_buildings/building_4/0002436/test/0002436_103.jpg
building_4,0002436,test,dataset_splits/10_buildings/building_4/0002436/test/0002436_105.jpg
building_4,0002436,test,dataset_splits/10_buildings/building_4/0002436/test/0002436_109.jpg
building_4,0002436,test,dataset_splits/10_buildings/building_4/0002436/test/0002436_139.jpg
building_4,0002436,test,dataset_splits/10_buildings/building_4/0002436/test/0002436_145.jpg
building_4,0002436,test,dataset_splits/10_buildings/building_4/0002436/test/0002436_146.jpg
building_4,0002436,test,dataset_splits/10_buildings/building_4/0002436/test/0002436_168.jpg
building_4,0002436,test,dataset_splits/10_buildings/building_4/0002436/test/0002436_169.jpg
building_4,0002436,test,dataset_splits/10_buildings/building_4/0002436/test/0002436_171.jpg
building_4,0002436,test,dataset_splits/10_buildings/building_4/0002436/test/0002436_190.jpg
building_4,0002436,test,dataset_splits/10_buildings/building_4/0002436/test/0002436_201.jpg
building_4,0002436,test,dataset_splits/10_buildings/building_4/0002436/test/0002436_215.jpg
building_4,0002436,test,dataset_splits/10_buildings/building_4/0002436/test/0002436_229.jpg
building_4,0002436,test,dataset_splits/10_buildings/building_4/0002436/test/0002436_230.jpg
building_4,0004747,reference,dataset_splits/10_buildings/building_4/0004747/reference/0004747_001.jpg
building_4,0004747,reference,dataset_splits/10_buildings/building_4/0004747/reference/0004747_008.jpg
building_4,0004747,reference,dataset_splits/10_buildings/building_4/0004747/reference/0004747_014.jpg
building_4,0004747,reference,dataset_splits/10_buildings/building_4/0004747/reference/0004747_016.jpg
building_4,0004747,reference,dataset_splits/10_buildings/building_4/0004747/reference/0004747_017.jpg
building_4,0004747,reference,dataset_splits/10_buildings/building_4/0004747/reference/0004747_023.jpg
building_4,0004747,reference,dataset_splits/10_buildings/building_4/0004747/reference/0004747_024.jpg
building_4,0004747,reference,dataset_splits/10_buildings/building_4/0004747/reference/0004747_031.jpg
building_4,0004747,reference,dataset_splits/10_buildings/building_4/0004747/reference/0004747_032.jpg
building_4,0004747,reference,dataset_splits/10_buildings/building_4/0004747/reference/0004747_039.jpg
building_4,0004747,reference,dataset_splits/10_buildings/building_4/0004747/reference/0004747_043.jpg
building_4,0004747,reference,dataset_splits/10_buildings/building_4/0004747/reference/0004747_046.jpg
building_4,0004747,reference,dataset_splits/10_buildings/building_4/0004747/reference/0004747_049.jpg
building_4,0004747,reference,dataset_splits/10_buildings/building_4/0004747/reference/0004747_050.jpg
building_4,0004747,reference,dataset_splits/10_buildings/building_4/0004747/reference/0004747_057.jpg
building_4,0004747,reference,dataset_splits/10_buildings/building_4/0004747/reference/0004747_058.jpg
building_4,0004747,reference,dataset_splits/10_buildings/building_4/0004747/reference/0004747_059.jpg
building_4,0004747,reference,dataset_splits/10_buildings/building_4/0004747/reference/0004747_071.jpg
building_4,0004747,reference,dataset_splits/10_buildings/building_4/0004747/reference/0004747_076.jpg
building_4,0004747,reference,dataset_splits/10_buildings/building_4/0004747/reference/0004747_077.jpg
building_4,0004747,test,dataset_splits/10_buildings/building_4/0004747/test/0004747_003.jpg
building_4,0004747,test,dataset_splits/10_buildings/building_4/0004747/test/0004747_007.jpg
building_4,0004747,test,dataset_splits/10_buildings/building_4/0004747/test/0004747_011.jpg
building_4,0004747,test,dataset_splits/10_buildings/building_4/0004747/test/0004747_018.jpg
building_4,0004747,test,dataset_splits/10_buildings/building_4/0004747/test/0004747_019.jpg
building_4,0004747,test,dataset_splits/10_buildings/building_4/0004747/test/0004747_020.jpg
building_4,0004747,test,dataset_splits/10_buildings/building_4/0004747/test/0004747_021.jpg
building_4,0004747,test,dataset_splits/10_buildings/building_4/0004747/test/0004747_022.jpg
building_4,0004747,test,dataset_splits/10_buildings/building_4/0004747/test/0004747_025.jpg
building_4,0004747,test,dataset_splits/10_buildings/building_4/0004747/test/0004747_029.jpg
building_4,0004747,test,dataset_splits/10_buildings/building_4/0004747/test/0004747_030.jpg
building_4,0004747,test,dataset_splits/10_buildings/building_4/0004747/test/0004747_033.jpg
building_4,0004747,test,dataset_splits/10_buildings/building_4/0004747/test/0004747_035.jpg
building_4,0004747,test,dataset_splits/10_buildings/building_4/0004747/test/0004747_036.jpg
building_4,0004747,test,dataset_splits/10_buildings/building_4/0004747/test/0004747_041.jpg
building_4,0004747,test,dataset_splits/10_buildings/building_4/0004747/test/0004747_042.jpg
building_4,0004747,test,dataset_splits/10_buildings/building_4/0004747/test/0004747_052.jpg
building_4,0004747,test,dataset_splits/10_buildings/building_4/0004747/test/0004747_062.jpg
building_4,0004747,test,dataset_splits/10_buildings/building_4/0004747/test/0004747_064.jpg
building_4,0004747,test,dataset_splits/10_buildings/building_4/0004747/test/0004747_068.jpg
building_4,0004753,reference,dataset_splits/10_buildings/building_4/0004753/reference/0004753_028.jpg
building_4,0004753,reference,dataset_splits/10_buildings/building_4/0004753/reference/0004753_035.jpg
building_4,0004753,reference,dataset_splits/10_buildings/building_4/0004753/reference/0004753_045.jpg
building_4,0004753,reference,dataset_splits/10_buildings/building_4/0004753/reference/0004753_059.jpg
building_4,0004753,reference,dataset_splits/10_buildings/building_4/0004753/reference/0004753_061.jpg
building_4,0004753,reference,dataset_splits/10_buildings/building_4/0004753/reference/0004753_069.jpg
building_4,0004753,reference,dataset_splits/10_buildings/building_4/0004753/reference/0004753_070.jpg
building_4,0004753,reference,dataset_splits/10_buildings/building_4/0004753/reference/0004753_071.jpg
building_4,0004753,reference,dataset_splits/10_buildings/building_4/0004753/reference/0004753_078.jpg
building_4,0004753,reference,dataset_splits/10_buildings/building_4/0004753/reference/0004753_079.jpg
building_4,0004753,reference,dataset_splits/10_buildings/building_4/0004753/reference/0004753_083.jpg
building_4,0004753,reference,dataset_splits/10_buildings/building_4/0004753/reference/0004753_091.jpg
building_4,0004753,reference,dataset_splits/10_buildings/building_4/0004753/reference/0004753_113.jpg
building_4,0004753,reference,dataset_splits/10_buildings/building_4/0004753/reference/0004753_116.jpg
building_4,0004753,reference,dataset_splits/10_buildings/building_4/0004753/reference/0004753_121.jpg
building_4,0004753,reference,dataset_splits/10_buildings/building_4/0004753/reference/0004753_135.jpg
building_4,0004753,reference,dataset_splits/10_buildings/building_4/0004753/reference/0004753_140.jpg
building_4,0004753,reference,dataset_splits/10_buildings/building_4/0004753/reference/0004753_141.jpg
building_4,0004753,reference,dataset_splits/10_buildings/building_4/0004753/reference/0004753_142.jpg
building_4,0004753,reference,dataset_splits/10_buildings/building_4/0004753/reference/0004753_161.jpg
building_4,0004753,test,dataset_splits/10_buildings/building_4/0004753/test/0004753_008.jpg
building_4,0004753,test,dataset_splits/10_buildings/building_4/0004753/test/0004753_010.jpg
building_4,0004753,test,dataset_splits/10_buildings/building_4/0004753/test/0004753_011.jpg
building_4,0004753,test,dataset_splits/10_buildings/building_4/0004753/test/0004753_015.jpg
building_4,0004753,test,dataset_splits/10_buildings/building_4/0004753/test/0004753_029.jpg
building_4,0004753,test,dataset_splits/10_buildings/building_4/0004753/test/0004753_031.jpg
building_4,0004753,test,dataset_splits/10_buildings/building_4/0004753/test/0004753_034.jpg
building_4,0004753,test,dataset_splits/10_buildings/building_4/0004753/test/0004753_049.jpg
building_4,0004753,test,dataset_splits/10_buildings/building_4/0004753/test/0004753_054.jpg
building_4,0004753,test,dataset_splits/10_buildings/building_4/0004753/test/0004753_056.jpg
building_4,0004753,test,dataset_splits/10_buildings/building_4/0004753/test/0004753_074.jpg
building_4,0004753,test,dataset_splits/10_buildings/building_4/0004753/test/0004753_075.jpg
building_4,0004753,test,dataset_splits/10_buildings/building_4/0004753/test/0004753_094.jpg
building_4,0004753,test,dataset_splits/10_buildings/building_4/0004753/test/0004753_110.jpg
building_4,0004753,test,dataset_splits/10_buildings/building_4/0004753/test/0004753_115.jpg
building_4,0004753,test,dataset_splits/10_buildings/building_4/0004753/test/0004753_122.jpg
building_4,0004753,test,dataset_splits/10_buildings/building_4/0004753/test/0004753_132.jpg
building_4,0004753,test,dataset_splits/10_buildings/building_4/0004753/test/0004753_137.jpg
building_4,0004753,test,dataset_splits/10_buildings/building_4/0004753/test/0004753_139.jpg
building_4,0004753,test,dataset_splits/10_buildings/building_4/0004753/test/0004753_153.jpg
building_4,0004760,reference,dataset_splits/10_buildings/building_4/0004760/reference/0004760_005.jpg
building_4,0004760,reference,dataset_splits/10_buildings/building_4/0004760/reference/0004760_011.jpg
building_4,0004760,reference,dataset_splits/10_buildings/building_4/0004760/reference/0004760_014.jpg
building_4,0004760,reference,dataset_splits/10_buildings/building_4/0004760/reference/0004760_021.jpg
building_4,0004760,reference,dataset_splits/10_buildings/building_4/0004760/reference/0004760_038.jpg
building_4,0004760,reference,dataset_splits/10_buildings/building_4/0004760/reference/0004760_051.jpg
building_4,0004760,reference,dataset_splits/10_buildings/building_4/0004760/reference/0004760_052.jpg
building_4,0004760,reference,dataset_splits/10_buildings/building_4/0004760/reference/0004760_054.jpg
building_4,0004760,reference,dataset_splits/10_buildings/building_4/0004760/reference/0004760_063.jpg
building_4,0004760,reference,dataset_splits/10_buildings/building_4/0004760/reference/0004760_069.jpg
building_4,0004760,reference,dataset_splits/10_buildings/building_4/0004760/reference/0004760_070.jpg
building_4,0004760,reference,dataset_splits/10_buildings/building_4/0004760/reference/0004760_071.jpg
building_4,0004760,reference,dataset_splits/10_buildings/building_4/0004760/reference/0004760_073.jpg
building_4,0004760,reference,dataset_splits/10_buildings/building_4/0004760/reference/0004760_092.jpg
building_4,0004760,reference,dataset_splits/10_buildings/building_4/0004760/reference/0004760_111.jpg
building_4,0004760,reference,dataset_splits/10_buildings/building_4/0004760/reference/0004760_115.jpg
building_4,0004760,reference,dataset_splits/10_buildings/building_4/0004760/reference/0004760_116.jpg
building_4,0004760,reference,dataset_splits/10_buildings/building_4/0004760/reference/0004760_123.jpg
building_4,0004760,reference,dataset_splits/10_buildings/building_4/0004760/reference/0004760_129.jpg
building_4,0004760,reference,dataset_splits/10_buildings/building_4/0004760/reference/0004760_132.jpg
building_4,0004760,test,dataset_splits/10_buildings/building_4/0004760/test/0004760_003.jpg
building_4,0004760,test,dataset_splits/10_buildings/building_4/0004760/test/0004760_007.jpg
building_4,0004760,test,dataset_splits/10_buildings/building_4/0004760/test/0004760_012.jpg
building_4,0004760,test,dataset_splits/10_buildings/building_4/0004760/test/0004760_029.jpg
building_4,0004760,test,dataset_splits/10_buildings/building_4/0004760/test/0004760_030.jpg
building_4,0004760,test,dataset_splits/10_buildings/building_4/0004760/test/0004760_033.jpg
building_4,0004760,test,dataset_splits/10_buildings/building_4/0004760/test/0004760_034.jpg
building_4,0004760,test,dataset_splits/10_buildings/building_4/0004760/test/0004760_043.jpg
building_4,0004760,test,dataset_splits/10_buildings/building_4/0004760/test/0004760_060.jpg
building_4,0004760,test,dataset_splits/10_buildings/building_4/0004760/test/0004760_066.jpg
building_4,0004760,test,dataset_splits/10_buildings/building_4/0004760/test/0004760_077.jpg
building_4,0004760,test,dataset_splits/10_buildings/building_4/0004760/test/0004760_080.jpg
building_4,0004760,test,dataset_splits/10_buildings/building_4/0004760/test/0004760_081.jpg
building_4,0004760,test,dataset_splits/10_buildings/building_4/0004760/test/0004760_086.jpg
building_4,0004760,test,dataset_splits/10_buildings/building_4/0004760/test/0004760_096.jpg
building_4,0004760,test,dataset_splits/10_buildings/building_4/0004760/test/0004760_098.jpg
building_4,0004760,test,dataset_splits/10_buildings/building_4/0004760/test/0004760_106.jpg
building_4,0004760,test,dataset_splits/10_buildings/building_4/0004760/test/0004760_119.jpg
building_4,0004760,test,dataset_splits/10_buildings/building_4/0004760/test/0004760_130.jpg
building_4,0004760,test,dataset_splits/10_buildings/building_4/0004760/test/0004760_131.jpg
building_4,0004787,reference,dataset_splits/10_buildings/building_4/0004787/reference/0004787_001.jpg
building_4,0004787,reference,dataset_splits/10_buildings/building_4/0004787/reference/0004787_005.jpg
building_4,0004787,reference,dataset_splits/10_buildings/building_4/0004787/reference/0004787_012.jpg
building_4,0004787,reference,dataset_splits/10_buildings/building_4/0004787/reference/0004787_017.jpg
building_4,0004787,reference,dataset_splits/10_buildings/building_4/0004787/reference/0004787_019.jpg
building_4,0004787,reference,dataset_splits/10_buildings/building_4/0004787/reference/0004787_026.jpg
building_4,0004787,reference,dataset_splits/10_buildings/building_4/0004787/reference/0004787_030.jpg
building_4,0004787,reference,dataset_splits/10_buildings/building_4/0004787/reference/0004787_037.jpg
building_4,0004787,reference,dataset_splits/10_buildings/building_4/0004787/reference/0004787_038.jpg
building_4,0004787,reference,dataset_splits/10_buildings/building_4/0004787/reference/0004787_039.jpg
building_4,0004787,reference,dataset_splits/10_buildings/building_4/0004787/reference/0004787_040.jpg
building_4,0004787,reference,dataset_splits/10_buildings/building_4/0004787/reference/0004787_046.jpg
building_4,0004787,reference,dataset_splits/10_buildings/building_4/0004787/reference/0004787_047.jpg
building_4,0004787,reference,dataset_splits/10_buildings/building_4/0004787/reference/0004787_049.jpg
building_4,0004787,reference,dataset_splits/10_buildings/building_4/0004787/reference/0004787_052.jpg
building_4,0004787,reference,dataset_splits/10_buildings/building_4/0004787/reference/0004787_054.jpg
building_4,0004787,reference,dataset_splits/10_buildings/building_4/0004787/reference/0004787_056.jpg
building_4,0004787,reference,dataset_splits/10_buildings/building_4/0004787/reference/0004787_059.jpg
building_4,0004787,reference,dataset_splits/10_buildings/building_4/0004787/reference/0004787_064.jpg
building_4,0004787,reference,dataset_splits/10_buildings/building_4/0004787/reference/0004787_073.jpg
building_4,0004787,test,dataset_splits/10_buildings/building_4/0004787/test/0004787_004.jpg
building_4,0004787,test,dataset_splits/10_buildings/building_4/0004787/test/0004787_006.jpg
building_4,0004787,test,dataset_splits/10_buildings/building_4/0004787/test/0004787_007.jpg
building_4,0004787,test,dataset_splits/10_buildings/building_4/0004787/test/0004787_013.jpg
building_4,0004787,test,dataset_splits/10_buildings/building_4/0004787/test/0004787_014.jpg
building_4,0004787,test,dataset_splits/10_buildings/building_4/0004787/test/0004787_015.jpg
building_4,0004787,test,dataset_splits/10_buildings/building_4/0004787/test/0004787_023.jpg
building_4,0004787,test,dataset_splits/10_buildings/building_4/0004787/test/0004787_027.jpg
building_4,0004787,test,dataset_splits/10_buildings/building_4/0004787/test/0004787_031.jpg
building_4,0004787,test,dataset_splits/10_buildings/building_4/0004787/test/0004787_033.jpg
building_4,0004787,test,dataset_splits/10_buildings/building_4/0004787/test/0004787_041.jpg
building_4,0004787,test,dataset_splits/10_buildings/building_4/0004787/test/0004787_042.jpg
building_4,0004787,test,dataset_splits/10_buildings/building_4/0004787/test/0004787_053.jpg
building_4,0004787,test,dataset_splits/10_buildings/building_4/0004787/test/0004787_055.jpg
building_4,0004787,test,dataset_splits/10_buildings/building_4/0004787/test/0004787_057.jpg
building_4,0004787,test,dataset_splits/10_buildings/building_4/0004787/test/0004787_065.jpg
building_4,0004787,test,dataset_splits/10_buildings/building_4/0004787/test/0004787_067.jpg
building_4,0004787,test,dataset_splits/10_buildings/building_4/0004787/test/0004787_068.jpg
building_4,0004787,test,dataset_splits/10_buildings/building_4/0004787/test/0004787_070.jpg
building_4,0004787,test,dataset_splits/10_buildings/building_4/0004787/test/0004787_074.jpg
building_4,0004826,reference,dataset_splits/10_buildings/building_4/0004826/reference/0004826_003.jpg
building_4,0004826,reference,dataset_splits/10_buildings/building_4/0004826/reference/0004826_004.jpg
building_4,0004826,reference,dataset_splits/10_buildings/building_4/0004826/reference/0004826_006.jpg
building_4,0004826,reference,dataset_splits/10_buildings/building_4/0004826/reference/0004826_013.jpg
building_4,0004826,reference,dataset_splits/10_buildings/building_4/0004826/reference/0004826_019.jpg
building_4,0004826,reference,dataset_splits/10_buildings/building_4/0004826/reference/0004826_020.jpg
building_4,0004826,reference,dataset_splits/10_buildings/building_4/0004826/reference/0004826_024.jpg
building_4,0004826,reference,dataset_splits/10_buildings/building_4/0004826/reference/0004826_027.jpg
building_4,0004826,reference,dataset_splits/10_buildings/building_4/0004826/reference/0004826_030.jpg
building_4,0004826,reference,dataset_splits/10_buildings/building_4/0004826/reference/0004826_036.jpg
building_4,0004826,reference,dataset_splits/10_buildings/building_4/0004826/reference/0004826_041.jpg
building_4,0004826,reference,dataset_splits/10_buildings/building_4/0004826/reference/0004826_042.jpg
building_4,0004826,reference,dataset_splits/10_buildings/building_4/0004826/reference/0004826_049.jpg
building_4,0004826,reference,dataset_splits/10_buildings/building_4/0004826/reference/0004826_056.jpg
building_4,0004826,reference,dataset_splits/10_buildings/building_4/0004826/reference/0004826_061.jpg
building_4,0004826,reference,dataset_splits/10_buildings/building_4/0004826/reference/0004826_063.jpg
building_4,0004826,reference,dataset_splits/10_buildings/building_4/0004826/reference/0004826_067.jpg
building_4,0004826,reference,dataset_splits/10_buildings/building_4/0004826/reference/0004826_079.jpg
building_4,0004826,reference,dataset_splits/10_buildings/building_4/0004826/reference/0004826_080.jpg
building_4,0004826,reference,dataset_splits/10_buildings/building_4/0004826/reference/0004826_085.jpg
building_4,0004826,test,dataset_splits/10_buildings/building_4/0004826/test/0004826_008.jpg
building_4,0004826,test,dataset_splits/10_buildings/building_4/0004826/test/0004826_012.jpg
building_4,0004826,test,dataset_splits/10_buildings/building_4/0004826/test/0004826_017.jpg
building_4,0004826,test,dataset_splits/10_buildings/building_4/0004826/test/0004826_018.jpg
building_4,0004826,test,dataset_splits/10_buildings/building_4/0004826/test/0004826_021.jpg
building_4,0004826,test,dataset_splits/10_buildings/building_4/0004826/test/0004826_022.jpg
building_4,0004826,test,dataset_splits/10_buildings/building_4/0004826/test/0004826_032.jpg
building_4,0004826,test,dataset_splits/10_buildings/building_4/0004826/test/0004826_033.jpg
building_4,0004826,test,dataset_splits/10_buildings/building_4/0004826/test/0004826_034.jpg
building_4,0004826,test,dataset_splits/10_buildings/building_4/0004826/test/0004826_039.jpg
building_4,0004826,test,dataset_splits/10_buildings/building_4/0004826/test/0004826_043.jpg
building_4,0004826,test,dataset_splits/10_buildings/building_4/0004826/test/0004826_046.jpg
building_4,0004826,test,dataset_splits/10_buildings/building_4/0004826/test/0004826_065.jpg
building_4,0004826,test,dataset_splits/10_buildings/building_4/0004826/test/0004826_066.jpg
building_4,0004826,test,dataset_splits/10_buildings/building_4/0004826/test/0004826_069.jpg
building_4,0004826,test,dataset_splits/10_buildings/building_4/0004826/test/0004826_070.jpg
building_4,0004826,test,dataset_splits/10_buildings/building_4/0004826/test/0004826_073.jpg
building_4,0004826,test,dataset_splits/10_buildings/building_4/0004826/test/0004826_077.jpg
building_4,0004826,test,dataset_splits/10_buildings/building_4/0004826/test/0004826_078.jpg
building_4,0004826,test,dataset_splits/10_buildings/building_4/0004826/test/0004826_083.jpg
building_4,0004979,reference,dataset_splits/10_buildings/building_4/0004979/reference/0004979_003.jpg
building_4,0004979,reference,dataset_splits/10_buildings/building_4/0004979/reference/0004979_006.jpg
building_4,0004979,reference,dataset_splits/10_buildings/building_4/0004979/reference/0004979_017.jpg
building_4,0004979,reference,dataset_splits/10_buildings/building_4/0004979/reference/0004979_022.jpg
building_4,0004979,reference,dataset_splits/10_buildings/building_4/0004979/reference/0004979_024.jpg
building_4,0004979,reference,dataset_splits/10_buildings/building_4/0004979/reference/0004979_025.jpg
building_4,0004979,reference,dataset_splits/10_buildings/building_4/0004979/reference/0004979_038.jpg
building_4,0004979,reference,dataset_splits/10_buildings/building_4/0004979/reference/0004979_048.jpg
building_4,0004979,reference,dataset_splits/10_buildings/building_4/0004979/reference/0004979_063.jpg
building_4,0004979,reference,dataset_splits/10_buildings/building_4/0004979/reference/0004979_065.jpg
building_4,0004979,reference,dataset_splits/10_buildings/building_4/0004979/reference/0004979_068.jpg
building_4,0004979,reference,dataset_splits/10_buildings/building_4/0004979/reference/0004979_069.jpg
building_4,0004979,reference,dataset_splits/10_buildings/building_4/0004979/reference/0004979_081.jpg
building_4,0004979,reference,dataset_splits/10_buildings/building_4/0004979/reference/0004979_084.jpg
building_4,0004979,reference,dataset_splits/10_buildings/building_4/0004979/reference/0004979_093.jpg
building_4,0004979,reference,dataset_splits/10_buildings/building_4/0004979/reference/0004979_097.jpg
building_4,0004979,reference,dataset_splits/10_buildings/building_4/0004979/reference/0004979_098.jpg
building_4,0004979,reference,dataset_splits/10_buildings/building_4/0004979/reference/0004979_102.jpg
building_4,0004979,reference,dataset_splits/10_buildings/building_4/0004979/reference/0004979_103.jpg
building_4,0004979,reference,dataset_splits/10_buildings/building_4/0004979/reference/0004979_104.jpg
building_4,0004979,test,dataset_splits/10_buildings/building_4/0004979/test/0004979_001.jpg
building_4,0004979,test,dataset_splits/10_buildings/building_4/0004979/test/0004979_002.jpg
building_4,0004979,test,dataset_splits/10_buildings/building_4/0004979/test/0004979_013.jpg
building_4,0004979,test,dataset_splits/10_buildings/building_4/0004979/test/0004979_015.jpg
building_4,0004979,test,dataset_splits/10_buildings/building_4/0004979/test/0004979_031.jpg
building_4,0004979,test,dataset_splits/10_buildings/building_4/0004979/test/0004979_033.jpg
building_4,0004979,test,dataset_splits/10_buildings/building_4/0004979/test/0004979_034.jpg
building_4,0004979,test,dataset_splits/10_buildings/building_4/0004979/test/0004979_035.jpg
building_4,0004979,test,dataset_splits/10_buildings/building_4/0004979/test/0004979_041.jpg
building_4,0004979,test,dataset_splits/10_buildings/building_4/0004979/test/0004979_050.jpg
building_4,0004979,test,dataset_splits/10_buildings/building_4/0004979/test/0004979_055.jpg
building_4,0004979,test,dataset_splits/10_buildings/building_4/0004979/test/0004979_061.jpg
building_4,0004979,test,dataset_splits/10_buildings/building_4/0004979/test/0004979_064.jpg
building_4,0004979,test,dataset_splits/10_buildings/building_4/0004979/test/0004979_066.jpg
building_4,0004979,test,dataset_splits/10_buildings/building_4/0004979/test/0004979_071.jpg
building_4,0004979,test,dataset_splits/10_buildings/building_4/0004979/test/0004979_075.jpg
building_4,0004979,test,dataset_splits/10_buildings/building_4/0004979/test/0004979_089.jpg
building_4,0004979,test,dataset_splits/10_buildings/building_4/0004979/test/0004979_091.jpg
building_4,0004979,test,dataset_splits/10_buildings/building_4/0004979/test/0004979_095.jpg
building_4,0004979,test,dataset_splits/10_buildings/building_4/0004979/test/0004979_105.jpg
building_4,0004991,reference,dataset_splits/10_buildings/building_4/0004991/reference/0004991_006.jpg
building_4,0004991,reference,dataset_splits/10_buildings/building_4/0004991/reference/0004991_008.jpg
building_4,0004991,reference,dataset_splits/10_buildings/building_4/0004991/reference/0004991_012.jpg
building_4,0004991,reference,dataset_splits/10_buildings/building_4/0004991/reference/0004991_022.jpg
building_4,0004991,reference,dataset_splits/10_buildings/building_4/0004991/reference/0004991_023.jpg
building_4,0004991,reference,dataset_splits/10_buildings/building_4/0004991/reference/0004991_025.jpg
building_4,0004991,reference,dataset_splits/10_buildings/building_4/0004991/reference/0004991_028.jpg
building_4,0004991,reference,dataset_splits/10_buildings/building_4/0004991/reference/0004991_029.jpg
building_4,0004991,reference,dataset_splits/10_buildings/building_4/0004991/reference/0004991_031.jpg
building_4,0004991,reference,dataset_splits/10_buildings/building_4/0004991/reference/0004991_032.jpg
building_4,0004991,reference,dataset_splits/10_buildings/building_4/0004991/reference/0004991_036.jpg
building_4,0004991,reference,dataset_splits/10_buildings/building_4/0004991/reference/0004991_044.jpg
building_4,0004991,reference,dataset_splits/10_buildings/building_4/0004991/reference/0004991_053.jpg
building_4,0004991,reference,dataset_splits/10_buildings/building_4/0004991/reference/0004991_055.jpg
building_4,0004991,reference,dataset_splits/10_buildings/building_4/0004991/reference/0004991_059.jpg
building_4,0004991,reference,dataset_splits/10_buildings/building_4/0004991/reference/0004991_060.jpg
building_4,0004991,reference,dataset_splits/10_buildings/building_4/0004991/reference/0004991_062.jpg
building_4,0004991,reference,dataset_splits/10_buildings/building_4/0004991/reference/0004991_068.jpg
building_4,0004991,reference,dataset_splits/10_buildings/building_4/0004991/reference/0004991_071.jpg
building_4,0004991,reference,dataset_splits/10_buildings/building_4/0004991/reference/0004991_078.jpg
building_4,0004991,test,dataset_splits/10_buildings/building_4/0004991/test/0004991_002.jpg
building_4,0004991,test,dataset_splits/10_buildings/building_4/0004991/test/0004991_009.jpg
building_4,0004991,test,dataset_splits/10_buildings/building_4/0004991/test/0004991_013.jpg
building_4,0004991,test,dataset_splits/10_buildings/building_4/0004991/test/0004991_015.jpg
building_4,0004991,test,dataset_splits/10_buildings/building_4/0004991/test/0004991_020.jpg
building_4,0004991,test,dataset_splits/10_buildings/building_4/0004991/test/0004991_024.jpg
building_4,0004991,test,dataset_splits/10_buildings/building_4/0004991/test/0004991_033.jpg
building_4,0004991,test,dataset_splits/10_buildings/building_4/0004991/test/0004991_035.jpg
building_4,0004991,test,dataset_splits/10_buildings/building_4/0004991/test/0004991_040.jpg
building_4,0004991,test,dataset_splits/10_buildings/building_4/0004991/test/0004991_042.jpg
building_4,0004991,test,dataset_splits/10_buildings/building_4/0004991/test/0004991_056.jpg
building_4,0004991,test,dataset_splits/10_buildings/building_4/0004991/test/0004991_058.jpg
building_4,0004991,test,dataset_splits/10_buildings/building_4/0004991/test/0004991_064.jpg
building_4,0004991,test,dataset_splits/10_buildings/building_4/0004991/test/0004991_065.jpg
building_4,0004991,test,dataset_splits/10_buildings/building_4/0004991/test/0004991_066.jpg
building_4,0004991,test,dataset_splits/10_buildings/building_4/0004991/test/0004991_069.jpg
building_4,0004991,test,dataset_splits/10_buildings/building_4/0004991/test/0004991_070.jpg
building_4,0004991,test,dataset_splits/10_buildings/building_4/0004991/test/0004991_074.jpg
building_4,0004991,test,dataset_splits/10_buildings/building_4/0004991/test/0004991_075.jpg
building_4,0004991,test,dataset_splits/10_buildings/building_4/0004991/test/0004991_076.jpg
building_4,0004999,reference,dataset_splits/10_buildings/building_4/0004999/reference/0004999_001.jpg
building_4,0004999,reference,dataset_splits/10_buildings/building_4/0004999/reference/0004999_002.jpg
building_4,0004999,reference,dataset_splits/10_buildings/building_4/0004999/reference/0004999_014.jpg
building_4,0004999,reference,dataset_splits/10_buildings/building_4/0004999/reference/0004999_016.jpg
building_4,0004999,reference,dataset_splits/10_buildings/building_4/0004999/reference/0004999_021.jpg
building_4,0004999,reference,dataset_splits/10_buildings/building_4/0004999/reference/0004999_022.jpg
building_4,0004999,reference,dataset_splits/10_buildings/building_4/0004999/reference/0004999_023.jpg
building_4,0004999,reference,dataset_splits/10_buildings/building_4/0004999/reference/0004999_026.jpg
building_4,0004999,reference,dataset_splits/10_buildings/building_4/0004999/reference/0004999_027.jpg
building_4,0004999,reference,dataset_splits/10_buildings/building_4/0004999/reference/0004999_029.jpg
building_4,0004999,reference,dataset_splits/10_buildings/building_4/0004999/reference/0004999_030.jpg
building_4,0004999,reference,dataset_splits/10_buildings/building_4/0004999/reference/0004999_034.jpg
building_4,0004999,reference,dataset_splits/10_buildings/building_4/0004999/reference/0004999_035.jpg
building_4,0004999,reference,dataset_splits/10_buildings/building_4/0004999/reference/0004999_036.jpg
building_4,0004999,reference,dataset_splits/10_buildings/building_4/0004999/reference/0004999_040.jpg
building_4,0004999,reference,dataset_splits/10_buildings/building_4/0004999/reference/0004999_043.jpg
building_4,0004999,reference,dataset_splits/10_buildings/building_4/0004999/reference/0004999_044.jpg
building_4,0004999,reference,dataset_splits/10_buildings/building_4/0004999/reference/0004999_045.jpg
building_4,0004999,reference,dataset_splits/10_buildings/building_4/0004999/reference/0004999_047.jpg
building_4,0004999,reference,dataset_splits/10_buildings/building_4/0004999/reference/0004999_051.jpg
building_4,0004999,test,dataset_splits/10_buildings/building_4/0004999/test/0004999_003.jpg
building_4,0004999,test,dataset_splits/10_buildings/building_4/0004999/test/0004999_004.jpg
building_4,0004999,test,dataset_splits/10_buildings/building_4/0004999/test/0004999_006.jpg
building_4,0004999,test,dataset_splits/10_buildings/building_4/0004999/test/0004999_008.jpg
building_4,0004999,test,dataset_splits/10_buildings/building_4/0004999/test/0004999_009.jpg
building_4,0004999,test,dataset_splits/10_buildings/building_4/0004999/test/0004999_010.jpg
building_4,0004999,test,dataset_splits/10_buildings/building_4/0004999/test/0004999_012.jpg
building_4,0004999,test,dataset_splits/10_buildings/building_4/0004999/test/0004999_013.jpg
building_4,0004999,test,dataset_splits/10_buildings/building_4/0004999/test/0004999_017.jpg
building_4,0004999,test,dataset_splits/10_buildings/building_4/0004999/test/0004999_019.jpg
building_4,0004999,test,dataset_splits/10_buildings/building_4/0004999/test/0004999_020.jpg
building_4,0004999,test,dataset_splits/10_buildings/building_4/0004999/test/0004999_024.jpg
building_4,0004999,test,dataset_splits/10_buildings/building_4/0004999/test/0004999_028.jpg
building_4,0004999,test,dataset_splits/10_buildings/building_4/0004999/test/0004999_031.jpg
building_4,0004999,test,dataset_splits/10_buildings/building_4/0004999/test/0004999_032.jpg
building_4,0004999,test,dataset_splits/10_buildings/building_4/0004999/test/0004999_038.jpg
building_4,0004999,test,dataset_splits/10_buildings/building_4/0004999/test/0004999_039.jpg
building_4,0004999,test,dataset_splits/10_buildings/building_4/0004999/test/0004999_041.jpg
building_4,0004999,test,dataset_splits/10_buildings/building_4/0004999/test/0004999_042.jpg
building_4,0004999,test,dataset_splits/10_buildings/building_4/0004999/test/0004999_049.jpg
building_4,0005029,reference,dataset_splits/10_buildings/building_4/0005029/reference/0005029_001.jpg
building_4,0005029,reference,dataset_splits/10_buildings/building_4/0005029/reference/0005029_004.jpg
building_4,0005029,reference,dataset_splits/10_buildings/building_4/0005029/reference/0005029_010.jpg
building_4,0005029,reference,dataset_splits/10_buildings/building_4/0005029/reference/0005029_013.jpg
building_4,0005029,reference,dataset_splits/10_buildings/building_4/0005029/reference/0005029_014.jpg
building_4,0005029,reference,dataset_splits/10_buildings/building_4/0005029/reference/0005029_017.jpg
building_4,0005029,reference,dataset_splits/10_buildings/building_4/0005029/reference/0005029_020.jpg
building_4,0005029,reference,dataset_splits/10_buildings/building_4/0005029/reference/0005029_021.jpg
building_4,0005029,reference,dataset_splits/10_buildings/building_4/0005029/reference/0005029_027.jpg
building_4,0005029,reference,dataset_splits/10_buildings/building_4/0005029/reference/0005029_028.jpg
building_4,0005029,reference,dataset_splits/10_buildings/building_4/0005029/reference/0005029_029.jpg
building_4,0005029,reference,dataset_splits/10_buildings/building_4/0005029/reference/0005029_034.jpg
building_4,0005029,reference,dataset_splits/10_buildings/building_4/0005029/reference/0005029_035.jpg
building_4,0005029,reference,dataset_splits/10_buildings/building_4/0005029/reference/0005029_037.jpg
building_4,0005029,reference,dataset_splits/10_buildings/building_4/0005029/reference/0005029_041.jpg
building_4,0005029,reference,dataset_splits/10_buildings/building_4/0005029/reference/0005029_046.jpg
building_4,0005029,reference,dataset_splits/10_buildings/building_4/0005029/reference/0005029_050.jpg
building_4,0005029,reference,dataset_splits/10_buildings/building_4/0005029/reference/0005029_056.jpg
building_4,0005029,reference,dataset_splits/10_buildings/building_4/0005029/reference/0005029_057.jpg
building_4,0005029,reference,dataset_splits/10_buildings/building_4/0005029/reference/0005029_060.jpg
building_4,0005029,test,dataset_splits/10_buildings/building_4/0005029/test/0005029_003.jpg
building_4,0005029,test,dataset_splits/10_buildings/building_4/0005029/test/0005029_006.jpg
building_4,0005029,test,dataset_splits/10_buildings/building_4/0005029/test/0005029_007.jpg
building_4,0005029,test,dataset_splits/10_buildings/building_4/0005029/test/0005029_008.jpg
building_4,0005029,test,dataset_splits/10_buildings/building_4/0005029/test/0005029_012.jpg
building_4,0005029,test,dataset_splits/10_buildings/building_4/0005029/test/0005029_015.jpg
building_4,0005029,test,dataset_splits/10_buildings/building_4/0005029/test/0005029_016.jpg
building_4,0005029,test,dataset_splits/10_buildings/building_4/0005029/test/0005029_019.jpg
building_4,0005029,test,dataset_splits/10_buildings/building_4/0005029/test/0005029_023.jpg
building_4,0005029,test,dataset_splits/10_buildings/building_4/0005029/test/0005029_025.jpg
building_4,0005029,test,dataset_splits/10_buildings/building_4/0005029/test/0005029_026.jpg
building_4,0005029,test,dataset_splits/10_buildings/building_4/0005029/test/0005029_030.jpg
building_4,0005029,test,dataset_splits/10_buildings/building_4/0005029/test/0005029_032.jpg
building_4,0005029,test,dataset_splits/10_buildings/building_4/0005029/test/0005029_033.jpg
building_4,0005029,test,dataset_splits/10_buildings/building_4/0005029/test/0005029_036.jpg
building_4,0005029,test,dataset_splits/10_buildings/building_4/0005029/test/0005029_038.jpg
building_4,0005029,test,dataset_splits/10_buildings/building_4/0005029/test/0005029_039.jpg
building_4,0005029,test,dataset_splits/10_buildings/building_4/0005029/test/0005029_045.jpg
building_4,0005029,test,dataset_splits/10_buildings/building_4/0005029/test/0005029_049.jpg
building_4,0005029,test,dataset_splits/10_buildings/building_4/0005029/test/0005029_053.jpg
building_4,0005207,reference,dataset_splits/10_buildings/building_4/0005207/reference/0005207_005.jpg
building_4,0005207,reference,dataset_splits/10_buildings/building_4/0005207/reference/0005207_017.jpg
building_4,0005207,reference,dataset_splits/10_buildings/building_4/0005207/reference/0005207_020.jpg
building_4,0005207,reference,dataset_splits/10_buildings/building_4/0005207/reference/0005207_027.jpg
building_4,0005207,reference,dataset_splits/10_buildings/building_4/0005207/reference/0005207_033.jpg
building_4,0005207,reference,dataset_splits/10_buildings/building_4/0005207/reference/0005207_038.jpg
building_4,0005207,reference,dataset_splits/10_buildings/building_4/0005207/reference/0005207_044.jpg
building_4,0005207,reference,dataset_splits/10_buildings/building_4/0005207/reference/0005207_053.jpg
building_4,0005207,reference,dataset_splits/10_buildings/building_4/0005207/reference/0005207_057.jpg
building_4,0005207,reference,dataset_splits/10_buildings/building_4/0005207/reference/0005207_060.jpg
building_4,0005207,reference,dataset_splits/10_buildings/building_4/0005207/reference/0005207_070.jpg
building_4,0005207,reference,dataset_splits/10_buildings/building_4/0005207/reference/0005207_077.jpg
building_4,0005207,reference,dataset_splits/10_buildings/building_4/0005207/reference/0005207_080.jpg
building_4,0005207,reference,dataset_splits/10_buildings/building_4/0005207/reference/0005207_081.jpg
building_4,0005207,reference,dataset_splits/10_buildings/building_4/0005207/reference/0005207_085.jpg
building_4,0005207,reference,dataset_splits/10_buildings/building_4/0005207/reference/0005207_087.jpg
building_4,0005207,reference,dataset_splits/10_buildings/building_4/0005207/reference/0005207_093.jpg
building_4,0005207,reference,dataset_splits/10_buildings/building_4/0005207/reference/0005207_094.jpg
building_4,0005207,reference,dataset_splits/10_buildings/building_4/0005207/reference/0005207_096.jpg
building_4,0005207,reference,dataset_splits/10_buildings/building_4/0005207/reference/0005207_100.jpg
building_4,0005207,test,dataset_splits/10_buildings/building_4/0005207/test/0005207_006.jpg
building_4,0005207,test,dataset_splits/10_buildings/building_4/0005207/test/0005207_012.jpg
building_4,0005207,test,dataset_splits/10_buildings/building_4/0005207/test/0005207_013.jpg
building_4,0005207,test,dataset_splits/10_buildings/building_4/0005207/test/0005207_015.jpg
building_4,0005207,test,dataset_splits/10_buildings/building_4/0005207/test/0005207_032.jpg
building_4,0005207,test,dataset_splits/10_buildings/building_4/0005207/test/0005207_034.jpg
building_4,0005207,test,dataset_splits/10_buildings/building_4/0005207/test/0005207_035.jpg
building_4,0005207,test,dataset_splits/10_buildings/building_4/0005207/test/0005207_037.jpg
building_4,0005207,test,dataset_splits/10_buildings/building_4/0005207/test/0005207_039.jpg
building_4,0005207,test,dataset_splits/10_buildings/building_4/0005207/test/0005207_043.jpg
building_4,0005207,test,dataset_splits/10_buildings/building_4/0005207/test/0005207_046.jpg
building_4,0005207,test,dataset_splits/10_buildings/building_4/0005207/test/0005207_061.jpg
building_4,0005207,test,dataset_splits/10_buildings/building_4/0005207/test/0005207_068.jpg
building_4,0005207,test,dataset_splits/10_buildings/building_4/0005207/test/0005207_071.jpg
building_4,0005207,test,dataset_splits/10_buildings/building_4/0005207/test/0005207_075.jpg
building_4,0005207,test,dataset_splits/10_buildings/building_4/0005207/test/0005207_084.jpg
building_4,0005207,test,dataset_splits/10_buildings/building_4/0005207/test/0005207_089.jpg
building_4,0005207,test,dataset_splits/10_buildings/building_4/0005207/test/0005207_090.jpg
building_4,0005207,test,dataset_splits/10_buildings/building_4/0005207/test/0005207_091.jpg
building_4,0005207,test,dataset_splits/10_buildings/building_4/0005207/test/0005207_101.jpg
building_4,0005256,reference,dataset_splits/10_buildings/building_4/0005256/reference/0005256_001.jpg
building_4,0005256,reference,dataset_splits/10_buildings/building_4/0005256/reference/0005256_011.jpg
building_4,0005256,reference,dataset_splits/10_buildings/building_4/0005256/reference/0005256_017.jpg
building_4,0005256,reference,dataset_splits/10_buildings/building_4/0005256/reference/0005256_018.jpg
building_4,0005256,reference,dataset_splits/10_buildings/building_4/0005256/reference/0005256_025.jpg
building_4,0005256,reference,dataset_splits/10_buildings/building_4/0005256/reference/0005256_034.jpg
building_4,0005256,reference,dataset_splits/10_buildings/building_4/0005256/reference/0005256_038.jpg
building_4,0005256,reference,dataset_splits/10_buildings/building_4/0005256/reference/0005256_040.jpg
building_4,0005256,reference,dataset_splits/10_buildings/building_4/0005256/reference/0005256_048.jpg
building_4,0005256,reference,dataset_splits/10_buildings/building_4/0005256/reference/0005256_049.jpg
building_4,0005256,reference,dataset_splits/10_buildings/building_4/0005256/reference/0005256_059.jpg
building_4,0005256,reference,dataset_splits/10_buildings/building_4/0005256/reference/0005256_064.jpg
building_4,0005256,reference,dataset_splits/10_buildings/building_4/0005256/reference/0005256_067.jpg
building_4,0005256,reference,dataset_splits/10_buildings/building_4/0005256/reference/0005256_071.jpg
building_4,0005256,reference,dataset_splits/10_buildings/building_4/0005256/reference/0005256_080.jpg
building_4,0005256,reference,dataset_splits/10_buildings/building_4/0005256/reference/0005256_085.jpg
building_4,0005256,reference,dataset_splits/10_buildings/building_4/0005256/reference/0005256_097.jpg
building_4,0005256,reference,dataset_splits/10_buildings/building_4/0005256/reference/0005256_115.jpg
building_4,0005256,reference,dataset_splits/10_buildings/building_4/0005256/reference/0005256_116.jpg
building_4,0005256,reference,dataset_splits/10_buildings/building_4/0005256/reference/0005256_136.jpg
building_4,0005256,test,dataset_splits/10_buildings/building_4/0005256/test/0005256_003.jpg
building_4,0005256,test,dataset_splits/10_buildings/building_4/0005256/test/0005256_006.jpg
building_4,0005256,test,dataset_splits/10_buildings/building_4/0005256/test/0005256_016.jpg
building_4,0005256,test,dataset_splits/10_buildings/building_4/0005256/test/0005256_020.jpg
building_4,0005256,test,dataset_splits/10_buildings/building_4/0005256/test/0005256_022.jpg
building_4,0005256,test,dataset_splits/10_buildings/building_4/0005256/test/0005256_026.jpg
building_4,0005256,test,dataset_splits/10_buildings/building_4/0005256/test/0005256_036.jpg
building_4,0005256,test,dataset_splits/10_buildings/building_4/0005256/test/0005256_041.jpg
building_4,0005256,test,dataset_splits/10_buildings/building_4/0005256/test/0005256_058.jpg
building_4,0005256,test,dataset_splits/10_buildings/building_4/0005256/test/0005256_068.jpg
building_4,0005256,test,dataset_splits/10_buildings/building_4/0005256/test/0005256_075.jpg
building_4,0005256,test,dataset_splits/10_buildings/building_4/0005256/test/0005256_079.jpg
building_4,0005256,test,dataset_splits/10_buildings/building_4/0005256/test/0005256_087.jpg
building_4,0005256,test,dataset_splits/10_buildings/building_4/0005256/test/0005256_088.jpg
building_4,0005256,test,dataset_splits/10_buildings/building_4/0005256/test/0005256_098.jpg
building_4,0005256,test,dataset_splits/10_buildings/building_4/0005256/test/0005256_111.jpg
building_4,0005256,test,dataset_splits/10_buildings/building_4/0005256/test/0005256_112.jpg
building_4,0005256,test,dataset_splits/10_buildings/building_4/0005256/test/0005256_119.jpg
building_4,0005256,test,dataset_splits/10_buildings/building_4/0005256/test/0005256_128.jpg
building_4,0005256,test,dataset_splits/10_buildings/building_4/0005256/test/0005256_134.jpg
building_4,0005370,reference,dataset_splits/10_buildings/building_4/0005370/reference/0005370_001.jpg
building_4,0005370,reference,dataset_splits/10_buildings/building_4/0005370/reference/0005370_015.jpg
building_4,0005370,reference,dataset_splits/10_buildings/building_4/0005370/reference/0005370_019.jpg
building_4,0005370,reference,dataset_splits/10_buildings/building_4/0005370/reference/0005370_022.jpg
building_4,0005370,reference,dataset_splits/10_buildings/building_4/0005370/reference/0005370_031.jpg
building_4,0005370,reference,dataset_splits/10_buildings/building_4/0005370/reference/0005370_036.jpg
building_4,0005370,reference,dataset_splits/10_buildings/building_4/0005370/reference/0005370_040.jpg
building_4,0005370,reference,dataset_splits/10_buildings/building_4/0005370/reference/0005370_048.jpg
building_4,0005370,reference,dataset_splits/10_buildings/building_4/0005370/reference/0005370_051.jpg
building_4,0005370,reference,dataset_splits/10_buildings/building_4/0005370/reference/0005370_053.jpg
building_4,0005370,reference,dataset_splits/10_buildings/building_4/0005370/reference/0005370_056.jpg
building_4,0005370,reference,dataset_splits/10_buildings/building_4/0005370/reference/0005370_057.jpg
building_4,0005370,reference,dataset_splits/10_buildings/building_4/0005370/reference/0005370_062.jpg
building_4,0005370,reference,dataset_splits/10_buildings/building_4/0005370/reference/0005370_063.jpg
building_4,0005370,reference,dataset_splits/10_buildings/building_4/0005370/reference/0005370_065.jpg
building_4,0005370,reference,dataset_splits/10_buildings/building_4/0005370/reference/0005370_066.jpg
building_4,0005370,reference,dataset_splits/10_buildings/building_4/0005370/reference/0005370_071.jpg
building_4,0005370,reference,dataset_splits/10_buildings/building_4/0005370/reference/0005370_072.jpg
building_4,0005370,reference,dataset_splits/10_buildings/building_4/0005370/reference/0005370_076.jpg
building_4,0005370,reference,dataset_splits/10_buildings/building_4/0005370/reference/0005370_082.jpg
building_4,0005370,test,dataset_splits/10_buildings/building_4/0005370/test/0005370_002.jpg
building_4,0005370,test,dataset_splits/10_buildings/building_4/0005370/test/0005370_003.jpg
building_4,0005370,test,dataset_splits/10_buildings/building_4/0005370/test/0005370_006.jpg
building_4,0005370,test,dataset_splits/10_buildings/building_4/0005370/test/0005370_009.jpg
building_4,0005370,test,dataset_splits/10_buildings/building_4/0005370/test/0005370_024.jpg
building_4,0005370,test,dataset_splits/10_buildings/building_4/0005370/test/0005370_025.jpg
building_4,0005370,test,dataset_splits/10_buildings/building_4/0005370/test/0005370_029.jpg
building_4,0005370,test,dataset_splits/10_buildings/building_4/0005370/test/0005370_032.jpg
building_4,0005370,test,dataset_splits/10_buildings/building_4/0005370/test/0005370_038.jpg
building_4,0005370,test,dataset_splits/10_buildings/building_4/0005370/test/0005370_043.jpg
building_4,0005370,test,dataset_splits/10_buildings/building_4/0005370/test/0005370_044.jpg
building_4,0005370,test,dataset_splits/10_buildings/building_4/0005370/test/0005370_049.jpg
building_4,0005370,test,dataset_splits/10_buildings/building_4/0005370/test/0005370_052.jpg
building_4,0005370,test,dataset_splits/10_buildings/building_4/0005370/test/0005370_054.jpg
building_4,0005370,test,dataset_splits/10_buildings/building_4/0005370/test/0005370_058.jpg
building_4,0005370,test,dataset_splits/10_buildings/building_4/0005370/test/0005370_059.jpg
building_4,0005370,test,dataset_splits/10_buildings/building_4/0005370/test/0005370_060.jpg
building_4,0005370,test,dataset_splits/10_buildings/building_4/0005370/test/0005370_073.jpg
building_4,0005370,test,dataset_splits/10_buildings/building_4/0005370/test/0005370_075.jpg
building_4,0005370,test,dataset_splits/10_buildings/building_4/0005370/test/0005370_077.jpg
building_4,0005403,reference,dataset_splits/10_buildings/building_4/0005403/reference/0005403_002.jpg
building_4,0005403,reference,dataset_splits/10_buildings/building_4/0005403/reference/0005403_003.jpg
building_4,0005403,reference,dataset_splits/10_buildings/building_4/0005403/reference/0005403_021.jpg
building_4,0005403,reference,dataset_splits/10_buildings/building_4/0005403/reference/0005403_025.jpg
building_4,0005403,reference,dataset_splits/10_buildings/building_4/0005403/reference/0005403_030.jpg
building_4,0005403,reference,dataset_splits/10_buildings/building_4/0005403/reference/0005403_031.jpg
building_4,0005403,reference,dataset_splits/10_buildings/building_4/0005403/reference/0005403_034.jpg
building_4,0005403,reference,dataset_splits/10_buildings/building_4/0005403/reference/0005403_047.jpg
building_4,0005403,reference,dataset_splits/10_buildings/building_4/0005403/reference/0005403_050.jpg
building_4,0005403,reference,dataset_splits/10_buildings/building_4/0005403/reference/0005403_055.jpg
building_4,0005403,reference,dataset_splits/10_buildings/building_4/0005403/reference/0005403_058.jpg
building_4,0005403,reference,dataset_splits/10_buildings/building_4/0005403/reference/0005403_063.jpg
building_4,0005403,reference,dataset_splits/10_buildings/building_4/0005403/reference/0005403_096.jpg
building_4,0005403,reference,dataset_splits/10_buildings/building_4/0005403/reference/0005403_110.jpg
building_4,0005403,reference,dataset_splits/10_buildings/building_4/0005403/reference/0005403_114.jpg
building_4,0005403,reference,dataset_splits/10_buildings/building_4/0005403/reference/0005403_133.jpg
building_4,0005403,reference,dataset_splits/10_buildings/building_4/0005403/reference/0005403_137.jpg
building_4,0005403,reference,dataset_splits/10_buildings/building_4/0005403/reference/0005403_139.jpg
building_4,0005403,reference,dataset_splits/10_buildings/building_4/0005403/reference/0005403_158.jpg
building_4,0005403,reference,dataset_splits/10_buildings/building_4/0005403/reference/0005403_169.jpg
building_4,0005403,test,dataset_splits/10_buildings/building_4/0005403/test/0005403_001.jpg
building_4,0005403,test,dataset_splits/10_buildings/building_4/0005403/test/0005403_006.jpg
building_4,0005403,test,dataset_splits/10_buildings/building_4/0005403/test/0005403_007.jpg
building_4,0005403,test,dataset_splits/10_buildings/building_4/0005403/test/0005403_010.jpg
building_4,0005403,test,dataset_splits/10_buildings/building_4/0005403/test/0005403_023.jpg
building_4,0005403,test,dataset_splits/10_buildings/building_4/0005403/test/0005403_035.jpg
building_4,0005403,test,dataset_splits/10_buildings/building_4/0005403/test/0005403_061.jpg
building_4,0005403,test,dataset_splits/10_buildings/building_4/0005403/test/0005403_071.jpg
building_4,0005403,test,dataset_splits/10_buildings/building_4/0005403/test/0005403_075.jpg
building_4,0005403,test,dataset_splits/10_buildings/building_4/0005403/test/0005403_077.jpg
building_4,0005403,test,dataset_splits/10_buildings/building_4/0005403/test/0005403_106.jpg
building_4,0005403,test,dataset_splits/10_buildings/building_4/0005403/test/0005403_113.jpg
building_4,0005403,test,dataset_splits/10_buildings/building_4/0005403/test/0005403_117.jpg
building_4,0005403,test,dataset_splits/10_buildings/building_4/0005403/test/0005403_123.jpg
building_4,0005403,test,dataset_splits/10_buildings/building_4/0005403/test/0005403_129.jpg
building_4,0005403,test,dataset_splits/10_buildings/building_4/0005403/test/0005403_145.jpg
building_4,0005403,test,dataset_splits/10_buildings/building_4/0005403/test/0005403_151.jpg
building_4,0005403,test,dataset_splits/10_buildings/building_4/0005403/test/0005403_152.jpg
building_4,0005403,test,dataset_splits/10_buildings/building_4/0005403/test/0005403_157.jpg
building_4,0005403,test,dataset_splits/10_buildings/building_4/0005403/test/0005403_162.jpg
