building,occupant_id,split,image_path
building_1,0000147,reference,dataset_splits/10_buildings/building_1/0000147/reference/0000147_005.jpg
building_1,0000147,reference,dataset_splits/10_buildings/building_1/0000147/reference/0000147_021.jpg
building_1,0000147,reference,dataset_splits/10_buildings/building_1/0000147/reference/0000147_022.jpg
building_1,0000147,reference,dataset_splits/10_buildings/building_1/0000147/reference/0000147_025.jpg
building_1,0000147,reference,dataset_splits/10_buildings/building_1/0000147/reference/0000147_029.jpg
building_1,0000147,reference,dataset_splits/10_buildings/building_1/0000147/reference/0000147_036.jpg
building_1,0000147,reference,dataset_splits/10_buildings/building_1/0000147/reference/0000147_037.jpg
building_1,0000147,reference,dataset_splits/10_buildings/building_1/0000147/reference/0000147_053.jpg
building_1,0000147,reference,dataset_splits/10_buildings/building_1/0000147/reference/0000147_071.jpg
building_1,0000147,reference,dataset_splits/10_buildings/building_1/0000147/reference/0000147_077.jpg
building_1,0000147,reference,dataset_splits/10_buildings/building_1/0000147/reference/0000147_088.jpg
building_1,0000147,reference,dataset_splits/10_buildings/building_1/0000147/reference/0000147_177.jpg
building_1,0000147,reference,dataset_splits/10_buildings/building_1/0000147/reference/0000147_197.jpg
building_1,0000147,reference,dataset_splits/10_buildings/building_1/0000147/reference/0000147_203.jpg
building_1,0000147,reference,dataset_splits/10_buildings/building_1/0000147/reference/0000147_240.jpg
building_1,0000147,reference,dataset_splits/10_buildings/building_1/0000147/reference/0000147_259.jpg
building_1,0000147,reference,dataset_splits/10_buildings/building_1/0000147/reference/0000147_291.jpg
building_1,0000147,reference,dataset_splits/10_buildings/building_1/0000147/reference/0000147_309.jpg
building_1,0000147,reference,dataset_splits/10_buildings/building_1/0000147/reference/0000147_313.jpg
building_1,0000147,reference,dataset_splits/10_buildings/building_1/0000147/reference/0000147_337.jpg
building_1,0000147,test,dataset_splits/10_buildings/building_1/0000147/test/0000147_018.jpg
building_1,0000147,test,dataset_splits/10_buildings/building_1/0000147/test/0000147_045.jpg
building_1,0000147,test,dataset_splits/10_buildings/building_1/0000147/test/0000147_055.jpg
building_1,0000147,test,dataset_splits/10_buildings/building_1/0000147/test/0000147_057.jpg
building_1,0000147,test,dataset_splits/10_buildings/building_1/0000147/test/0000147_141.jpg
building_1,0000147,test,dataset_splits/10_buildings/building_1/0000147/test/0000147_145.jpg
building_1,0000147,test,dataset_splits/10_buildings/building_1/0000147/test/0000147_147.jpg
building_1,0000147,test,dataset_splits/10_buildings/building_1/0000147/test/0000147_156.jpg
building_1,0000147,test,dataset_splits/10_buildings/building_1/0000147/test/0000147_169.jpg
building_1,0000147,test,dataset_splits/10_buildings/building_1/0000147/test/0000147_171.jpg
building_1,0000147,test,dataset_splits/10_buildings/building_1/0000147/test/0000147_174.jpg
building_1,0000147,test,dataset_splits/10_buildings/building_1/0000147/test/0000147_181.jpg
building_1,0000147,test,dataset_splits/10_buildings/building_1/0000147/test/0000147_231.jpg
building_1,0000147,test,dataset_splits/10_buildings/building_1/0000147/test/0000147_233.jpg
building_1,0000147,test,dataset_splits/10_buildings/building_1/0000147/test/0000147_260.jpg
building_1,0000147,test,dataset_splits/10_buildings/building_1/0000147/test/0000147_268.jpg
building_1,0000147,test,dataset_splits/10_buildings/building_1/0000147/test/0000147_274.jpg
building_1,0000147,test,dataset_splits/10_buildings/building_1/0000147/test/0000147_314.jpg
building_1,0000147,test,dataset_splits/10_buildings/building_1/0000147/test/0000147_349.jpg
building_1,0000147,test,dataset_splits/10_buildings/building_1/0000147/test/0000147_368.jpg
building_1,0000177,reference,dataset_splits/10_buildings/building_1/0000177/reference/0000177_002.jpg
building_1,0000177,reference,dataset_splits/10_buildings/building_1/0000177/reference/0000177_003.jpg
building_1,0000177,reference,dataset_splits/10_buildings/building_1/0000177/reference/0000177_005.jpg
building_1,0000177,reference,dataset_splits/10_buildings/building_1/0000177/reference/0000177_028.jpg
building_1,0000177,reference,dataset_splits/10_buildings/building_1/0000177/reference/0000177_030.jpg
building_1,0000177,reference,dataset_splits/10_buildings/building_1/0000177/reference/0000177_032.jpg
building_1,0000177,reference,dataset_splits/10_buildings/building_1/0000177/reference/0000177_038.jpg
building_1,0000177,reference,dataset_splits/10_buildings/building_1/0000177/reference/0000177_050.jpg
building_1,0000177,reference,dataset_splits/10_buildings/building_1/0000177/reference/0000177_060.jpg
building_1,0000177,reference,dataset_splits/10_buildings/building_1/0000177/reference/0000177_062.jpg
building_1,0000177,reference,dataset_splits/10_buildings/building_1/0000177/reference/0000177_067.jpg
building_1,0000177,reference,dataset_splits/10_buildings/building_1/0000177/reference/0000177_078.jpg
building_1,0000177,reference,dataset_splits/10_buildings/building_1/0000177/reference/0000177_081.jpg
building_1,0000177,reference,dataset_splits/10_buildings/building_1/0000177/reference/0000177_082.jpg
building_1,0000177,reference,dataset_splits/10_buildings/building_1/0000177/reference/0000177_086.jpg
building_1,0000177,reference,dataset_splits/10_buildings/building_1/0000177/reference/0000177_088.jpg
building_1,0000177,reference,dataset_splits/10_buildings/building_1/0000177/reference/0000177_089.jpg
building_1,0000177,reference,dataset_splits/10_buildings/building_1/0000177/reference/0000177_139.jpg
building_1,0000177,reference,dataset_splits/10_buildings/building_1/0000177/reference/0000177_146.jpg
building_1,0000177,reference,dataset_splits/10_buildings/building_1/0000177/reference/0000177_155.jpg
building_1,0000177,test,dataset_splits/10_buildings/building_1/0000177/test/0000177_007.jpg
building_1,0000177,test,dataset_splits/10_buildings/building_1/0000177/test/0000177_016.jpg
building_1,0000177,test,dataset_splits/10_buildings/building_1/0000177/test/0000177_021.jpg
building_1,0000177,test,dataset_splits/10_buildings/building_1/0000177/test/0000177_026.jpg
building_1,0000177,test,dataset_splits/10_buildings/building_1/0000177/test/0000177_033.jpg
building_1,0000177,test,dataset_splits/10_buildings/building_1/0000177/test/0000177_039.jpg
building_1,0000177,test,dataset_splits/10_buildings/building_1/0000177/test/0000177_045.jpg
building_1,0000177,test,dataset_splits/10_buildings/building_1/0000177/test/0000177_061.jpg
building_1,0000177,test,dataset_splits/10_buildings/building_1/0000177/test/0000177_069.jpg
building_1,0000177,test,dataset_splits/10_buildings/building_1/0000177/test/0000177_080.jpg
building_1,0000177,test,dataset_splits/10_buildings/building_1/0000177/test/0000177_094.jpg
building_1,0000177,test,dataset_splits/10_buildings/building_1/0000177/test/0000177_102.jpg
building_1,0000177,test,dataset_splits/10_buildings/building_1/0000177/test/0000177_104.jpg
building_1,0000177,test,dataset_splits/10_buildings/building_1/0000177/test/0000177_118.jpg
building_1,0000177,test,dataset_splits/10_buildings/building_1/0000177/test/0000177_121.jpg
building_1,0000177,test,dataset_splits/10_buildings/building_1/0000177/test/0000177_127.jpg
building_1,0000177,test,dataset_splits/10_buildings/building_1/0000177/test/0000177_129.jpg
building_1,0000177,test,dataset_splits/10_buildings/building_1/0000177/test/0000177_136.jpg
building_1,0000177,test,dataset_splits/10_buildings/building_1/0000177/test/0000177_141.jpg
building_1,0000177,test,dataset_splits/10_buildings/building_1/0000177/test/0000177_142.jpg
building_1,0000331,reference,dataset_splits/10_buildings/building_1/0000331/reference/0000331_006.jpg
building_1,0000331,reference,dataset_splits/10_buildings/building_1/0000331/reference/0000331_011.jpg
building_1,0000331,reference,dataset_splits/10_buildings/building_1/0000331/reference/0000331_019.jpg
building_1,0000331,reference,dataset_splits/10_buildings/building_1/0000331/reference/0000331_053.jpg
building_1,0000331,reference,dataset_splits/10_buildings/building_1/0000331/reference/0000331_054.jpg
building_1,0000331,reference,dataset_splits/10_buildings/building_1/0000331/reference/0000331_057.jpg
building_1,0000331,reference,dataset_splits/10_buildings/building_1/0000331/reference/0000331_067.jpg
building_1,0000331,reference,dataset_splits/10_buildings/building_1/0000331/reference/0000331_069.jpg
building_1,0000331,reference,dataset_splits/10_buildings/building_1/0000331/reference/0000331_091.jpg
building_1,0000331,reference,dataset_splits/10_buildings/building_1/0000331/reference/0000331_102.jpg
building_1,0000331,reference,dataset_splits/10_buildings/building_1/0000331/reference/0000331_103.jpg
building_1,0000331,reference,dataset_splits/10_buildings/building_1/0000331/reference/0000331_108.jpg
building_1,0000331,reference,dataset_splits/10_buildings/building_1/0000331/reference/0000331_132.jpg
building_1,0000331,reference,dataset_splits/10_buildings/building_1/0000331/reference/0000331_138.jpg
building_1,0000331,reference,dataset_splits/10_buildings/building_1/0000331/reference/0000331_141.jpg
building_1,0000331,reference,dataset_splits/10_buildings/building_1/0000331/reference/0000331_158.jpg
building_1,0000331,reference,dataset_splits/10_buildings/building_1/0000331/reference/0000331_159.jpg
building_1,0000331,reference,dataset_splits/10_buildings/building_1/0000331/reference/0000331_176.jpg
building_1,0000331,reference,dataset_splits/10_buildings/building_1/0000331/reference/0000331_178.jpg
building_1,0000331,reference,dataset_splits/10_buildings/building_1/0000331/reference/0000331_190.jpg
building_1,0000331,test,dataset_splits/10_buildings/building_1/0000331/test/0000331_003.jpg
building_1,0000331,test,dataset_splits/10_buildings/building_1/0000331/test/0000331_005.jpg
building_1,0000331,test,dataset_splits/10_buildings/building_1/0000331/test/0000331_021.jpg
building_1,0000331,test,dataset_splits/10_buildings/building_1/0000331/test/0000331_034.jpg
building_1,0000331,test,dataset_splits/10_buildings/building_1/0000331/test/0000331_048.jpg
building_1,0000331,test,dataset_splits/10_buildings/building_1/0000331/test/0000331_049.jpg
building_1,0000331,test,dataset_splits/10_buildings/building_1/0000331/test/0000331_063.jpg
building_1,0000331,test,dataset_splits/10_buildings/building_1/0000331/test/0000331_082.jpg
building_1,0000331,test,dataset_splits/10_buildings/building_1/0000331/test/0000331_089.jpg
building_1,0000331,test,dataset_splits/10_buildings/building_1/0000331/test/0000331_094.jpg
building_1,0000331,test,dataset_splits/10_buildings/building_1/0000331/test/0000331_096.jpg
building_1,0000331,test,dataset_splits/10_buildings/building_1/0000331/test/0000331_113.jpg
building_1,0000331,test,dataset_splits/10_buildings/building_1/0000331/test/0000331_130.jpg
building_1,0000331,test,dataset_splits/10_buildings/building_1/0000331/test/0000331_134.jpg
building_1,0000331,test,dataset_splits/10_buildings/building_1/0000331/test/0000331_145.jpg
building_1,0000331,test,dataset_splits/10_buildings/building_1/0000331/test/0000331_147.jpg
building_1,0000331,test,dataset_splits/10_buildings/building_1/0000331/test/0000331_148.jpg
building_1,0000331,test,dataset_splits/10_buildings/building_1/0000331/test/0000331_165.jpg
building_1,0000331,test,dataset_splits/10_buildings/building_1/0000331/test/0000331_167.jpg
building_1,0000331,test,dataset_splits/10_buildings/building_1/0000331/test/0000331_171.jpg
building_1,0000411,reference,dataset_splits/10_buildings/building_1/0000411/reference/0000411_003.jpg
building_1,0000411,reference,dataset_splits/10_buildings/building_1/0000411/reference/0000411_007.jpg
building_1,0000411,reference,dataset_splits/10_buildings/building_1/0000411/reference/0000411_010.jpg
building_1,0000411,reference,dataset_splits/10_buildings/building_1/0000411/reference/0000411_014.jpg
building_1,0000411,reference,dataset_splits/10_buildings/building_1/0000411/reference/0000411_015.jpg
building_1,0000411,reference,dataset_splits/10_buildings/building_1/0000411/reference/0000411_018.jpg
building_1,0000411,reference,dataset_splits/10_buildings/building_1/0000411/reference/0000411_023.jpg
building_1,0000411,reference,dataset_splits/10_buildings/building_1/0000411/reference/0000411_025.jpg
building_1,0000411,reference,dataset_splits/10_buildings/building_1/0000411/reference/0000411_026.jpg
building_1,0000411,reference,dataset_splits/10_buildings/building_1/0000411/reference/0000411_030.jpg
building_1,0000411,reference,dataset_splits/10_buildings/building_1/0000411/reference/0000411_031.jpg
building_1,0000411,reference,dataset_splits/10_buildings/building_1/0000411/reference/0000411_032.jpg
building_1,0000411,reference,dataset_splits/10_buildings/building_1/0000411/reference/0000411_033.jpg
building_1,0000411,reference,dataset_splits/10_buildings/building_1/0000411/reference/0000411_034.jpg
building_1,0000411,reference,dataset_splits/10_buildings/building_1/0000411/reference/0000411_036.jpg
building_1,0000411,reference,dataset_splits/10_buildings/building_1/0000411/reference/0000411_038.jpg
building_1,0000411,reference,dataset_splits/10_buildings/building_1/0000411/reference/0000411_041.jpg
building_1,0000411,reference,dataset_splits/10_buildings/building_1/0000411/reference/0000411_042.jpg
building_1,0000411,reference,dataset_splits/10_buildings/building_1/0000411/reference/0000411_052.jpg
building_1,0000411,reference,dataset_splits/10_buildings/building_1/0000411/reference/0000411_054.jpg
building_1,0000411,test,dataset_splits/10_buildings/building_1/0000411/test/0000411_001.jpg
building_1,0000411,test,dataset_splits/10_buildings/building_1/0000411/test/0000411_002.jpg
building_1,0000411,test,dataset_splits/10_buildings/building_1/0000411/test/0000411_004.jpg
building_1,0000411,test,dataset_splits/10_buildings/building_1/0000411/test/0000411_006.jpg
building_1,0000411,test,dataset_splits/10_buildings/building_1/0000411/test/0000411_008.jpg
building_1,0000411,test,dataset_splits/10_buildings/building_1/0000411/test/0000411_011.jpg
building_1,0000411,test,dataset_splits/10_buildings/building_1/0000411/test/0000411_019.jpg
building_1,0000411,test,dataset_splits/10_buildings/building_1/0000411/test/0000411_020.jpg
building_1,0000411,test,dataset_splits/10_buildings/building_1/0000411/test/0000411_035.jpg
building_1,0000411,test,dataset_splits/10_buildings/building_1/0000411/test/0000411_037.jpg
building_1,0000411,test,dataset_splits/10_buildings/building_1/0000411/test/0000411_040.jpg
building_1,0000411,test,dataset_splits/10_buildings/building_1/0000411/test/0000411_045.jpg
building_1,0000411,test,dataset_splits/10_buildings/building_1/0000411/test/0000411_047.jpg
building_1,0000411,test,dataset_splits/10_buildings/building_1/0000411/test/0000411_048.jpg
building_1,0000411,test,dataset_splits/10_buildings/building_1/0000411/test/0000411_049.jpg
building_1,0000411,test,dataset_splits/10_buildings/building_1/0000411/test/0000411_055.jpg
building_1,0000411,test,dataset_splits/10_buildings/building_1/0000411/test/0000411_056.jpg
building_1,0000411,test,dataset_splits/10_buildings/building_1/0000411/test/0000411_057.jpg
building_1,0000411,test,dataset_splits/10_buildings/building_1/0000411/test/0000411_059.jpg
building_1,0000411,test,dataset_splits/10_buildings/building_1/0000411/test/0000411_060.jpg
building_1,0000434,reference,dataset_splits/10_buildings/building_1/0000434/reference/0000434_011.jpg
building_1,0000434,reference,dataset_splits/10_buildings/building_1/0000434/reference/0000434_018.jpg
building_1,0000434,reference,dataset_splits/10_buildings/building_1/0000434/reference/0000434_025.jpg
building_1,0000434,reference,dataset_splits/10_buildings/building_1/0000434/reference/0000434_026.jpg
building_1,0000434,reference,dataset_splits/10_buildings/building_1/0000434/reference/0000434_035.jpg
building_1,0000434,reference,dataset_splits/10_buildings/building_1/0000434/reference/0000434_036.jpg
building_1,0000434,reference,dataset_splits/10_buildings/building_1/0000434/reference/0000434_038.jpg
building_1,0000434,reference,dataset_splits/10_buildings/building_1/0000434/reference/0000434_040.jpg
building_1,0000434,reference,dataset_splits/10_buildings/building_1/0000434/reference/0000434_041.jpg
building_1,0000434,reference,dataset_splits/10_buildings/building_1/0000434/reference/0000434_043.jpg
building_1,0000434,reference,dataset_splits/10_buildings/building_1/0000434/reference/0000434_044.jpg
building_1,0000434,reference,dataset_splits/10_buildings/building_1/0000434/reference/0000434_049.jpg
building_1,0000434,reference,dataset_splits/10_buildings/building_1/0000434/reference/0000434_050.jpg
building_1,0000434,reference,dataset_splits/10_buildings/building_1/0000434/reference/0000434_055.jpg
building_1,0000434,reference,dataset_splits/10_buildings/building_1/0000434/reference/0000434_059.jpg
building_1,0000434,reference,dataset_splits/10_buildings/building_1/0000434/reference/0000434_060.jpg
building_1,0000434,reference,dataset_splits/10_buildings/building_1/0000434/reference/0000434_062.jpg
building_1,0000434,reference,dataset_splits/10_buildings/building_1/0000434/reference/0000434_065.jpg
building_1,0000434,reference,dataset_splits/10_buildings/building_1/0000434/reference/0000434_066.jpg
building_1,0000434,reference,dataset_splits/10_buildings/building_1/0000434/reference/0000434_070.jpg
building_1,0000434,test,dataset_splits/10_buildings/building_1/0000434/test/0000434_003.jpg
building_1,0000434,test,dataset_splits/10_buildings/building_1/0000434/test/0000434_006.jpg
building_1,0000434,test,dataset_splits/10_buildings/building_1/0000434/test/0000434_008.jpg
building_1,0000434,test,dataset_splits/10_buildings/building_1/0000434/test/0000434_009.jpg
building_1,0000434,test,dataset_splits/10_buildings/building_1/0000434/test/0000434_024.jpg
building_1,0000434,test,dataset_splits/10_buildings/building_1/0000434/test/0000434_027.jpg
building_1,0000434,test,dataset_splits/10_buildings/building_1/0000434/test/0000434_028.jpg
building_1,0000434,test,dataset_splits/10_buildings/building_1/0000434/test/0000434_032.jpg
building_1,0000434,test,dataset_splits/10_buildings/building_1/0000434/test/0000434_039.jpg
building_1,0000434,test,dataset_splits/10_buildings/building_1/0000434/test/0000434_042.jpg
building_1,0000434,test,dataset_splits/10_buildings/building_1/0000434/test/0000434_045.jpg
building_1,0000434,test,dataset_splits/10_buildings/building_1/0000434/test/0000434_046.jpg
building_1,0000434,test,dataset_splits/10_buildings/building_1/0000434/test/0000434_051.jpg
building_1,0000434,test,dataset_splits/10_buildings/building_1/0000434/test/0000434_052.jpg
building_1,0000434,test,dataset_splits/10_buildings/building_1/0000434/test/0000434_053.jpg
building_1,0000434,test,dataset_splits/10_buildings/building_1/0000434/test/0000434_054.jpg
building_1,0000434,test,dataset_splits/10_buildings/building_1/0000434/test/0000434_058.jpg
building_1,0000434,test,dataset_splits/10_buildings/building_1/0000434/test/0000434_061.jpg
building_1,0000434,test,dataset_splits/10_buildings/building_1/0000434/test/0000434_063.jpg
building_1,0000434,test,dataset_splits/10_buildings/building_1/0000434/test/0000434_064.jpg
building_1,0000447,reference,dataset_splits/10_buildings/building_1/0000447/reference/0000447_005.jpg
building_1,0000447,reference,dataset_splits/10_buildings/building_1/0000447/reference/0000447_007.jpg
building_1,0000447,reference,dataset_splits/10_buildings/building_1/0000447/reference/0000447_008.jpg
building_1,0000447,reference,dataset_splits/10_buildings/building_1/0000447/reference/0000447_011.jpg
building_1,0000447,reference,dataset_splits/10_buildings/building_1/0000447/reference/0000447_024.jpg
building_1,0000447,reference,dataset_splits/10_buildings/building_1/0000447/reference/0000447_025.jpg
building_1,0000447,reference,dataset_splits/10_buildings/building_1/0000447/reference/0000447_026.jpg
building_1,0000447,reference,dataset_splits/10_buildings/building_1/0000447/reference/0000447_027.jpg
building_1,0000447,reference,dataset_splits/10_buildings/building_1/0000447/reference/0000447_037.jpg
building_1,0000447,reference,dataset_splits/10_buildings/building_1/0000447/reference/0000447_038.jpg
building_1,0000447,reference,dataset_splits/10_buildings/building_1/0000447/reference/0000447_039.jpg
building_1,0000447,reference,dataset_splits/10_buildings/building_1/0000447/reference/0000447_040.jpg
building_1,0000447,reference,dataset_splits/10_buildings/building_1/0000447/reference/0000447_041.jpg
building_1,0000447,reference,dataset_splits/10_buildings/building_1/0000447/reference/0000447_044.jpg
building_1,0000447,reference,dataset_splits/10_buildings/building_1/0000447/reference/0000447_045.jpg
building_1,0000447,reference,dataset_splits/10_buildings/building_1/0000447/reference/0000447_046.jpg
building_1,0000447,reference,dataset_splits/10_buildings/building_1/0000447/reference/0000447_047.jpg
building_1,0000447,reference,dataset_splits/10_buildings/building_1/0000447/reference/0000447_049.jpg
building_1,0000447,reference,dataset_splits/10_buildings/building_1/0000447/reference/0000447_052.jpg
building_1,0000447,reference,dataset_splits/10_buildings/building_1/0000447/reference/0000447_055.jpg
building_1,0000447,test,dataset_splits/10_buildings/building_1/0000447/test/0000447_001.jpg
building_1,0000447,test,dataset_splits/10_buildings/building_1/0000447/test/0000447_002.jpg
building_1,0000447,test,dataset_splits/10_buildings/building_1/0000447/test/0000447_006.jpg
building_1,0000447,test,dataset_splits/10_buildings/building_1/0000447/test/0000447_012.jpg
building_1,0000447,test,dataset_splits/10_buildings/building_1/0000447/test/0000447_013.jpg
building_1,0000447,test,dataset_splits/10_buildings/building_1/0000447/test/0000447_014.jpg
building_1,0000447,test,dataset_splits/10_buildings/building_1/0000447/test/0000447_017.jpg
building_1,0000447,test,dataset_splits/10_buildings/building_1/0000447/test/0000447_018.jpg
building_1,0000447,test,dataset_splits/10_buildings/building_1/0000447/test/0000447_019.jpg
building_1,0000447,test,dataset_splits/10_buildings/building_1/0000447/test/0000447_021.jpg
building_1,0000447,test,dataset_splits/10_buildings/building_1/0000447/test/0000447_022.jpg
building_1,0000447,test,dataset_splits/10_buildings/building_1/0000447/test/0000447_023.jpg
building_1,0000447,test,dataset_splits/10_buildings/building_1/0000447/test/0000447_028.jpg
building_1,0000447,test,dataset_splits/10_buildings/building_1/0000447/test/0000447_030.jpg
building_1,0000447,test,dataset_splits/10_buildings/building_1/0000447/test/0000447_032.jpg
building_1,0000447,test,dataset_splits/10_buildings/building_1/0000447/test/0000447_033.jpg
building_1,0000447,test,dataset_splits/10_buildings/building_1/0000447/test/0000447_035.jpg
building_1,0000447,test,dataset_splits/10_buildings/building_1/0000447/test/0000447_036.jpg
building_1,0000447,test,dataset_splits/10_buildings/building_1/0000447/test/0000447_050.jpg
building_1,0000447,test,dataset_splits/10_buildings/building_1/0000447/test/0000447_054.jpg
building_1,0000510,reference,dataset_splits/10_buildings/building_1/0000510/reference/0000510_009.jpg
building_1,0000510,reference,dataset_splits/10_buildings/building_1/0000510/reference/0000510_016.jpg
building_1,0000510,reference,dataset_splits/10_buildings/building_1/0000510/reference/0000510_026.jpg
building_1,0000510,reference,dataset_splits/10_buildings/building_1/0000510/reference/0000510_037.jpg
building_1,0000510,reference,dataset_splits/10_buildings/building_1/0000510/reference/0000510_050.jpg
building_1,0000510,reference,dataset_splits/10_buildings/building_1/0000510/reference/0000510_066.jpg
building_1,0000510,reference,dataset_splits/10_buildings/building_1/0000510/reference/0000510_071.jpg
building_1,0000510,reference,dataset_splits/10_buildings/building_1/0000510/reference/0000510_072.jpg
building_1,0000510,reference,dataset_splits/10_buildings/building_1/0000510/reference/0000510_079.jpg
building_1,0000510,reference,dataset_splits/10_buildings/building_1/0000510/reference/0000510_083.jpg
building_1,0000510,reference,dataset_splits/10_buildings/building_1/0000510/reference/0000510_084.jpg
building_1,0000510,reference,dataset_splits/10_buildings/building_1/0000510/reference/0000510_092.jpg
building_1,0000510,reference,dataset_splits/10_buildings/building_1/0000510/reference/0000510_117.jpg
building_1,0000510,reference,dataset_splits/10_buildings/building_1/0000510/reference/0000510_129.jpg
building_1,0000510,reference,dataset_splits/10_buildings/building_1/0000510/reference/0000510_143.jpg
building_1,0000510,reference,dataset_splits/10_buildings/building_1/0000510/reference/0000510_151.jpg
building_1,0000510,reference,dataset_splits/10_buildings/building_1/0000510/reference/0000510_153.jpg
building_1,0000510,reference,dataset_splits/10_buildings/building_1/0000510/reference/0000510_171.jpg
building_1,0000510,reference,dataset_splits/10_buildings/building_1/0000510/reference/0000510_174.jpg
building_1,0000510,reference,dataset_splits/10_buildings/building_1/0000510/reference/0000510_181.jpg
building_1,0000510,test,dataset_splits/10_buildings/building_1/0000510/test/0000510_002.jpg
building_1,0000510,test,dataset_splits/10_buildings/building_1/0000510/test/0000510_020.jpg
building_1,0000510,test,dataset_splits/10_buildings/building_1/0000510/test/0000510_030.jpg
building_1,0000510,test,dataset_splits/10_buildings/building_1/0000510/test/0000510_038.jpg
building_1,0000510,test,dataset_splits/10_buildings/building_1/0000510/test/0000510_053.jpg
building_1,0000510,test,dataset_splits/10_buildings/building_1/0000510/test/0000510_060.jpg
building_1,0000510,test,dataset_splits/10_buildings/building_1/0000510/test/0000510_064.jpg
building_1,0000510,test,dataset_splits/10_buildings/building_1/0000510/test/0000510_078.jpg
building_1,0000510,test,dataset_splits/10_buildings/building_1/0000510/test/0000510_089.jpg
building_1,0000510,test,dataset_splits/10_buildings/building_1/0000510/test/0000510_094.jpg
building_1,0000510,test,dataset_splits/10_buildings/building_1/0000510/test/0000510_108.jpg
building_1,0000510,test,dataset_splits/10_buildings/building_1/0000510/test/0000510_114.jpg
building_1,0000510,test,dataset_splits/10_buildings/building_1/0000510/test/0000510_121.jpg
building_1,0000510,test,dataset_splits/10_buildings/building_1/0000510/test/0000510_131.jpg
building_1,0000510,test,dataset_splits/10_buildings/building_1/0000510/test/0000510_136.jpg
building_1,0000510,test,dataset_splits/10_buildings/building_1/0000510/test/0000510_138.jpg
building_1,0000510,test,dataset_splits/10_buildings/building_1/0000510/test/0000510_161.jpg
building_1,0000510,test,dataset_splits/10_buildings/building_1/0000510/test/0000510_162.jpg
building_1,0000510,test,dataset_splits/10_buildings/building_1/0000510/test/0000510_169.jpg
building_1,0000510,test,dataset_splits/10_buildings/building_1/0000510/test/0000510_193.jpg
building_1,0000545,reference,dataset_splits/10_buildings/building_1/0000545/reference/0000545_024.jpg
building_1,0000545,reference,dataset_splits/10_buildings/building_1/0000545/reference/0000545_052.jpg
building_1,0000545,reference,dataset_splits/10_buildings/building_1/0000545/reference/0000545_093.jpg
building_1,0000545,reference,dataset_splits/10_buildings/building_1/0000545/reference/0000545_125.jpg
building_1,0000545,reference,dataset_splits/10_buildings/building_1/0000545/reference/0000545_136.jpg
building_1,0000545,reference,dataset_splits/10_buildings/building_1/0000545/reference/0000545_187.jpg
building_1,0000545,reference,dataset_splits/10_buildings/building_1/0000545/reference/0000545_206.jpg
building_1,0000545,reference,dataset_splits/10_buildings/building_1/0000545/reference/0000545_243.jpg
building_1,0000545,reference,dataset_splits/10_buildings/building_1/0000545/reference/0000545_266.jpg
building_1,0000545,reference,dataset_splits/10_buildings/building_1/0000545/reference/0000545_306.jpg
building_1,0000545,reference,dataset_splits/10_buildings/building_1/0000545/reference/0000545_339.jpg
building_1,0000545,reference,dataset_splits/10_buildings/building_1/0000545/reference/0000545_347.jpg
building_1,0000545,reference,dataset_splits/10_buildings/building_1/0000545/reference/0000545_352.jpg
building_1,0000545,reference,dataset_splits/10_buildings/building_1/0000545/reference/0000545_404.jpg
building_1,0000545,reference,dataset_splits/10_buildings/building_1/0000545/reference/0000545_418.jpg
building_1,0000545,reference,dataset_splits/10_buildings/building_1/0000545/reference/0000545_434.jpg
building_1,0000545,reference,dataset_splits/10_buildings/building_1/0000545/reference/0000545_439.jpg
building_1,0000545,reference,dataset_splits/10_buildings/building_1/0000545/reference/0000545_443.jpg
building_1,0000545,reference,dataset_splits/10_buildings/building_1/0000545/reference/0000545_469.jpg
building_1,0000545,reference,dataset_splits/10_buildings/building_1/0000545/reference/0000545_485.jpg
building_1,0000545,test,dataset_splits/10_buildings/building_1/0000545/test/0000545_006.jpg
building_1,0000545,test,dataset_splits/10_buildings/building_1/0000545/test/0000545_038.jpg
building_1,0000545,test,dataset_splits/10_buildings/building_1/0000545/test/0000545_049.jpg
building_1,0000545,test,dataset_splits/10_buildings/building_1/0000545/test/0000545_130.jpg
building_1,0000545,test,dataset_splits/10_buildings/building_1/0000545/test/0000545_137.jpg
building_1,0000545,test,dataset_splits/10_buildings/building_1/0000545/test/0000545_192.jpg
building_1,0000545,test,dataset_splits/10_buildings/building_1/0000545/test/0000545_219.jpg
building_1,0000545,test,dataset_splits/10_buildings/building_1/0000545/test/0000545_249.jpg
building_1,0000545,test,dataset_splits/10_buildings/building_1/0000545/test/0000545_270.jpg
building_1,0000545,test,dataset_splits/10_buildings/building_1/0000545/test/0000545_289.jpg
building_1,0000545,test,dataset_splits/10_buildings/building_1/0000545/test/0000545_297.jpg
building_1,0000545,test,dataset_splits/10_buildings/building_1/0000545/test/0000545_317.jpg
building_1,0000545,test,dataset_splits/10_buildings/building_1/0000545/test/0000545_324.jpg
building_1,0000545,test,dataset_splits/10_buildings/building_1/0000545/test/0000545_329.jpg
building_1,0000545,test,dataset_splits/10_buildings/building_1/0000545/test/0000545_338.jpg
building_1,0000545,test,dataset_splits/10_buildings/building_1/0000545/test/0000545_358.jpg
building_1,0000545,test,dataset_splits/10_buildings/building_1/0000545/test/0000545_379.jpg
building_1,0000545,test,dataset_splits/10_buildings/building_1/0000545/test/0000545_381.jpg
building_1,0000545,test,dataset_splits/10_buildings/building_1/0000545/test/0000545_425.jpg
building_1,0000545,test,dataset_splits/10_buildings/building_1/0000545/test/0000545_430.jpg
building_1,0000546,reference,dataset_splits/10_buildings/building_1/0000546/reference/0000546_005.jpg
building_1,0000546,reference,dataset_splits/10_buildings/building_1/0000546/reference/0000546_018.jpg
building_1,0000546,reference,dataset_splits/10_buildings/building_1/0000546/reference/0000546_023.jpg
building_1,0000546,reference,dataset_splits/10_buildings/building_1/0000546/reference/0000546_041.jpg
building_1,0000546,reference,dataset_splits/10_buildings/building_1/0000546/reference/0000546_042.jpg
building_1,0000546,reference,dataset_splits/10_buildings/building_1/0000546/reference/0000546_049.jpg
building_1,0000546,reference,dataset_splits/10_buildings/building_1/0000546/reference/0000546_053.jpg
building_1,0000546,reference,dataset_splits/10_buildings/building_1/0000546/reference/0000546_055.jpg
building_1,0000546,reference,dataset_splits/10_buildings/building_1/0000546/reference/0000546_062.jpg
building_1,0000546,reference,dataset_splits/10_buildings/building_1/0000546/reference/0000546_065.jpg
building_1,0000546,reference,dataset_splits/10_buildings/building_1/0000546/reference/0000546_070.jpg
building_1,0000546,reference,dataset_splits/10_buildings/building_1/0000546/reference/0000546_090.jpg
building_1,0000546,reference,dataset_splits/10_buildings/building_1/0000546/reference/0000546_098.jpg
building_1,0000546,reference,dataset_splits/10_buildings/building_1/0000546/reference/0000546_099.jpg
building_1,0000546,reference,dataset_splits/10_buildings/building_1/0000546/reference/0000546_103.jpg
building_1,0000546,reference,dataset_splits/10_buildings/building_1/0000546/reference/0000546_106.jpg
building_1,0000546,reference,dataset_splits/10_buildings/building_1/0000546/reference/0000546_107.jpg
building_1,0000546,reference,dataset_splits/10_buildings/building_1/0000546/reference/0000546_111.jpg
building_1,0000546,reference,dataset_splits/10_buildings/building_1/0000546/reference/0000546_115.jpg
building_1,0000546,reference,dataset_splits/10_buildings/building_1/0000546/reference/0000546_116.jpg
building_1,0000546,test,dataset_splits/10_buildings/building_1/0000546/test/0000546_014.jpg
building_1,0000546,test,dataset_splits/10_buildings/building_1/0000546/test/0000546_019.jpg
building_1,0000546,test,dataset_splits/10_buildings/building_1/0000546/test/0000546_028.jpg
building_1,0000546,test,dataset_splits/10_buildings/building_1/0000546/test/0000546_034.jpg
building_1,0000546,test,dataset_splits/10_buildings/building_1/0000546/test/0000546_038.jpg
building_1,0000546,test,dataset_splits/10_buildings/building_1/0000546/test/0000546_039.jpg
building_1,0000546,test,dataset_splits/10_buildings/building_1/0000546/test/0000546_046.jpg
building_1,0000546,test,dataset_splits/10_buildings/building_1/0000546/test/0000546_047.jpg
building_1,0000546,test,dataset_splits/10_buildings/building_1/0000546/test/0000546_050.jpg
building_1,0000546,test,dataset_splits/10_buildings/building_1/0000546/test/0000546_052.jpg
building_1,0000546,test,dataset_splits/10_buildings/building_1/0000546/test/0000546_058.jpg
building_1,0000546,test,dataset_splits/10_buildings/building_1/0000546/test/0000546_059.jpg
building_1,0000546,test,dataset_splits/10_buildings/building_1/0000546/test/0000546_074.jpg
building_1,0000546,test,dataset_splits/10_buildings/building_1/0000546/test/0000546_076.jpg
building_1,0000546,test,dataset_splits/10_buildings/building_1/0000546/test/0000546_077.jpg
building_1,0000546,test,dataset_splits/10_buildings/building_1/0000546/test/0000546_082.jpg
building_1,0000546,test,dataset_splits/10_buildings/building_1/0000546/test/0000546_092.jpg
building_1,0000546,test,dataset_splits/10_buildings/building_1/0000546/test/0000546_096.jpg
building_1,0000546,test,dataset_splits/10_buildings/building_1/0000546/test/0000546_113.jpg
building_1,0000546,test,dataset_splits/10_buildings/building_1/0000546/test/0000546_114.jpg
building_1,0000571,reference,dataset_splits/10_buildings/building_1/0000571/reference/0000571_007.jpg
building_1,0000571,reference,dataset_splits/10_buildings/building_1/0000571/reference/0000571_011.jpg
building_1,0000571,reference,dataset_splits/10_buildings/building_1/0000571/reference/0000571_030.jpg
building_1,0000571,reference,dataset_splits/10_buildings/building_1/0000571/reference/0000571_035.jpg
building_1,0000571,reference,dataset_splits/10_buildings/building_1/0000571/reference/0000571_042.jpg
building_1,0000571,reference,dataset_splits/10_buildings/building_1/0000571/reference/0000571_069.jpg
building_1,0000571,reference,dataset_splits/10_buildings/building_1/0000571/reference/0000571_098.jpg
building_1,0000571,reference,dataset_splits/10_buildings/building_1/0000571/reference/0000571_108.jpg
building_1,0000571,reference,dataset_splits/10_buildings/building_1/0000571/reference/0000571_111.jpg
building_1,0000571,reference,dataset_splits/10_buildings/building_1/0000571/reference/0000571_117.jpg
building_1,0000571,reference,dataset_splits/10_buildings/building_1/0000571/reference/0000571_157.jpg
building_1,0000571,reference,dataset_splits/10_buildings/building_1/0000571/reference/0000571_163.jpg
building_1,0000571,reference,dataset_splits/10_buildings/building_1/0000571/reference/0000571_202.jpg
building_1,0000571,reference,dataset_splits/10_buildings/building_1/0000571/reference/0000571_204.jpg
building_1,0000571,reference,dataset_splits/10_buildings/building_1/0000571/reference/0000571_209.jpg
building_1,0000571,reference,dataset_splits/10_buildings/building_1/0000571/reference/0000571_214.jpg
building_1,0000571,reference,dataset_splits/10_buildings/building_1/0000571/reference/0000571_229.jpg
building_1,0000571,reference,dataset_splits/10_buildings/building_1/0000571/reference/0000571_234.jpg
building_1,0000571,reference,dataset_splits/10_buildings/building_1/0000571/reference/0000571_249.jpg
building_1,0000571,reference,dataset_splits/10_buildings/building_1/0000571/reference/0000571_250.jpg
building_1,0000571,test,dataset_splits/10_buildings/building_1/0000571/test/0000571_014.jpg
building_1,0000571,test,dataset_splits/10_buildings/building_1/0000571/test/0000571_022.jpg
building_1,0000571,test,dataset_splits/10_buildings/building_1/0000571/test/0000571_025.jpg
building_1,0000571,test,dataset_splits/10_buildings/building_1/0000571/test/0000571_032.jpg
building_1,0000571,test,dataset_splits/10_buildings/building_1/0000571/test/0000571_044.jpg
building_1,0000571,test,dataset_splits/10_buildings/building_1/0000571/test/0000571_067.jpg
building_1,0000571,test,dataset_splits/10_buildings/building_1/0000571/test/0000571_092.jpg
building_1,0000571,test,dataset_splits/10_buildings/building_1/0000571/test/0000571_106.jpg
building_1,0000571,test,dataset_splits/10_buildings/building_1/0000571/test/0000571_112.jpg
building_1,0000571,test,dataset_splits/10_buildings/building_1/0000571/test/0000571_133.jpg
building_1,0000571,test,dataset_splits/10_buildings/building_1/0000571/test/0000571_141.jpg
building_1,0000571,test,dataset_splits/10_buildings/building_1/0000571/test/0000571_182.jpg
building_1,0000571,test,dataset_splits/10_buildings/building_1/0000571/test/0000571_184.jpg
building_1,0000571,test,dataset_splits/10_buildings/building_1/0000571/test/0000571_185.jpg
building_1,0000571,test,dataset_splits/10_buildings/building_1/0000571/test/0000571_194.jpg
building_1,0000571,test,dataset_splits/10_buildings/building_1/0000571/test/0000571_196.jpg
building_1,0000571,test,dataset_splits/10_buildings/building_1/0000571/test/0000571_216.jpg
building_1,0000571,test,dataset_splits/10_buildings/building_1/0000571/test/0000571_221.jpg
building_1,0000571,test,dataset_splits/10_buildings/building_1/0000571/test/0000571_223.jpg
building_1,0000571,test,dataset_splits/10_buildings/building_1/0000571/test/0000571_248.jpg
building_1,0000575,reference,dataset_splits/10_buildings/building_1/0000575/reference/0000575_001.jpg
building_1,0000575,reference,dataset_splits/10_buildings/building_1/0000575/reference/0000575_003.jpg
building_1,0000575,reference,dataset_splits/10_buildings/building_1/0000575/reference/0000575_007.jpg
building_1,0000575,reference,dataset_splits/10_buildings/building_1/0000575/reference/0000575_013.jpg
building_1,0000575,reference,dataset_splits/10_buildings/building_1/0000575/reference/0000575_014.jpg
building_1,0000575,reference,dataset_splits/10_buildings/building_1/0000575/reference/0000575_018.jpg
building_1,0000575,reference,dataset_splits/10_buildings/building_1/0000575/reference/0000575_024.jpg
building_1,0000575,reference,dataset_splits/10_buildings/building_1/0000575/reference/0000575_026.jpg
building_1,0000575,reference,dataset_splits/10_buildings/building_1/0000575/reference/0000575_028.jpg
building_1,0000575,reference,dataset_splits/10_buildings/building_1/0000575/reference/0000575_033.jpg
building_1,0000575,reference,dataset_splits/10_buildings/building_1/0000575/reference/0000575_043.jpg
building_1,0000575,reference,dataset_splits/10_buildings/building_1/0000575/reference/0000575_044.jpg
building_1,0000575,reference,dataset_splits/10_buildings/building_1/0000575/reference/0000575_056.jpg
building_1,0000575,reference,dataset_splits/10_buildings/building_1/0000575/reference/0000575_063.jpg
building_1,0000575,reference,dataset_splits/10_buildings/building_1/0000575/reference/0000575_064.jpg
building_1,0000575,reference,dataset_splits/10_buildings/building_1/0000575/reference/0000575_066.jpg
building_1,0000575,reference,dataset_splits/10_buildings/building_1/0000575/reference/0000575_070.jpg
building_1,0000575,reference,dataset_splits/10_buildings/building_1/0000575/reference/0000575_077.jpg
building_1,0000575,reference,dataset_splits/10_buildings/building_1/0000575/reference/0000575_078.jpg
building_1,0000575,reference,dataset_splits/10_buildings/building_1/0000575/reference/0000575_087.jpg
building_1,0000575,test,dataset_splits/10_buildings/building_1/0000575/test/0000575_008.jpg
building_1,0000575,test,dataset_splits/10_buildings/building_1/0000575/test/0000575_009.jpg
building_1,0000575,test,dataset_splits/10_buildings/building_1/0000575/test/0000575_011.jpg
building_1,0000575,test,dataset_splits/10_buildings/building_1/0000575/test/0000575_019.jpg
building_1,0000575,test,dataset_splits/10_buildings/building_1/0000575/test/0000575_020.jpg
building_1,0000575,test,dataset_splits/10_buildings/building_1/0000575/test/0000575_022.jpg
building_1,0000575,test,dataset_splits/10_buildings/building_1/0000575/test/0000575_029.jpg
building_1,0000575,test,dataset_splits/10_buildings/building_1/0000575/test/0000575_047.jpg
building_1,0000575,test,dataset_splits/10_buildings/building_1/0000575/test/0000575_049.jpg
building_1,0000575,test,dataset_splits/10_buildings/building_1/0000575/test/0000575_054.jpg
building_1,0000575,test,dataset_splits/10_buildings/building_1/0000575/test/0000575_058.jpg
building_1,0000575,test,dataset_splits/10_buildings/building_1/0000575/test/0000575_061.jpg
building_1,0000575,test,dataset_splits/10_buildings/building_1/0000575/test/0000575_069.jpg
building_1,0000575,test,dataset_splits/10_buildings/building_1/0000575/test/0000575_071.jpg
building_1,0000575,test,dataset_splits/10_buildings/building_1/0000575/test/0000575_072.jpg
building_1,0000575,test,dataset_splits/10_buildings/building_1/0000575/test/0000575_074.jpg
building_1,0000575,test,dataset_splits/10_buildings/building_1/0000575/test/0000575_075.jpg
building_1,0000575,test,dataset_splits/10_buildings/building_1/0000575/test/0000575_080.jpg
building_1,0000575,test,dataset_splits/10_buildings/building_1/0000575/test/0000575_081.jpg
building_1,0000575,test,dataset_splits/10_buildings/building_1/0000575/test/0000575_083.jpg
building_1,0000593,reference,dataset_splits/10_buildings/building_1/0000593/reference/0000593_003.jpg
building_1,0000593,reference,dataset_splits/10_buildings/building_1/0000593/reference/0000593_014.jpg
building_1,0000593,reference,dataset_splits/10_buildings/building_1/0000593/reference/0000593_018.jpg
building_1,0000593,reference,dataset_splits/10_buildings/building_1/0000593/reference/0000593_028.jpg
building_1,0000593,reference,dataset_splits/10_buildings/building_1/0000593/reference/0000593_031.jpg
building_1,0000593,reference,dataset_splits/10_buildings/building_1/0000593/reference/0000593_034.jpg
building_1,0000593,reference,dataset_splits/10_buildings/building_1/0000593/reference/0000593_035.jpg
building_1,0000593,reference,dataset_splits/10_buildings/building_1/0000593/reference/0000593_048.jpg
building_1,0000593,reference,dataset_splits/10_buildings/building_1/0000593/reference/0000593_068.jpg
building_1,0000593,reference,dataset_splits/10_buildings/building_1/0000593/reference/0000593_079.jpg
building_1,0000593,reference,dataset_splits/10_buildings/building_1/0000593/reference/0000593_099.jpg
building_1,0000593,reference,dataset_splits/10_buildings/building_1/0000593/reference/0000593_116.jpg
building_1,0000593,reference,dataset_splits/10_buildings/building_1/0000593/reference/0000593_118.jpg
building_1,0000593,reference,dataset_splits/10_buildings/building_1/0000593/reference/0000593_128.jpg
building_1,0000593,reference,dataset_splits/10_buildings/building_1/0000593/reference/0000593_150.jpg
building_1,0000593,reference,dataset_splits/10_buildings/building_1/0000593/reference/0000593_167.jpg
building_1,0000593,reference,dataset_splits/10_buildings/building_1/0000593/reference/0000593_174.jpg
building_1,0000593,reference,dataset_splits/10_buildings/building_1/0000593/reference/0000593_181.jpg
building_1,0000593,reference,dataset_splits/10_buildings/building_1/0000593/reference/0000593_185.jpg
building_1,0000593,reference,dataset_splits/10_buildings/building_1/0000593/reference/0000593_200.jpg
building_1,0000593,test,dataset_splits/10_buildings/building_1/0000593/test/0000593_008.jpg
building_1,0000593,test,dataset_splits/10_buildings/building_1/0000593/test/0000593_025.jpg
building_1,0000593,test,dataset_splits/10_buildings/building_1/0000593/test/0000593_026.jpg
building_1,0000593,test,dataset_splits/10_buildings/building_1/0000593/test/0000593_047.jpg
building_1,0000593,test,dataset_splits/10_buildings/building_1/0000593/test/0000593_054.jpg
building_1,0000593,test,dataset_splits/10_buildings/building_1/0000593/test/0000593_060.jpg
building_1,0000593,test,dataset_splits/10_buildings/building_1/0000593/test/0000593_073.jpg
building_1,0000593,test,dataset_splits/10_buildings/building_1/0000593/test/0000593_101.jpg
building_1,0000593,test,dataset_splits/10_buildings/building_1/0000593/test/0000593_127.jpg
building_1,0000593,test,dataset_splits/10_buildings/building_1/0000593/test/0000593_141.jpg
building_1,0000593,test,dataset_splits/10_buildings/building_1/0000593/test/0000593_142.jpg
building_1,0000593,test,dataset_splits/10_buildings/building_1/0000593/test/0000593_151.jpg
building_1,0000593,test,dataset_splits/10_buildings/building_1/0000593/test/0000593_157.jpg
building_1,0000593,test,dataset_splits/10_buildings/building_1/0000593/test/0000593_165.jpg
building_1,0000593,test,dataset_splits/10_buildings/building_1/0000593/test/0000593_169.jpg
building_1,0000593,test,dataset_splits/10_buildings/building_1/0000593/test/0000593_184.jpg
building_1,0000593,test,dataset_splits/10_buildings/building_1/0000593/test/0000593_188.jpg
building_1,0000593,test,dataset_splits/10_buildings/building_1/0000593/test/0000593_207.jpg
building_1,0000593,test,dataset_splits/10_buildings/building_1/0000593/test/0000593_211.jpg
building_1,0000593,test,dataset_splits/10_buildings/building_1/0000593/test/0000593_220.jpg
building_1,0000600,reference,dataset_splits/10_buildings/building_1/0000600/reference/0000600_001.jpg
building_1,0000600,reference,dataset_splits/10_buildings/building_1/0000600/reference/0000600_003.jpg
building_1,0000600,reference,dataset_splits/10_buildings/building_1/0000600/reference/0000600_004.jpg
building_1,0000600,reference,dataset_splits/10_buildings/building_1/0000600/reference/0000600_012.jpg
building_1,0000600,reference,dataset_splits/10_buildings/building_1/0000600/reference/0000600_017.jpg
building_1,0000600,reference,dataset_splits/10_buildings/building_1/0000600/reference/0000600_019.jpg
building_1,0000600,reference,dataset_splits/10_buildings/building_1/0000600/reference/0000600_026.jpg
building_1,0000600,reference,dataset_splits/10_buildings/building_1/0000600/reference/0000600_027.jpg
building_1,0000600,reference,dataset_splits/10_buildings/building_1/0000600/reference/0000600_031.jpg
building_1,0000600,reference,dataset_splits/10_buildings/building_1/0000600/reference/0000600_034.jpg
building_1,0000600,reference,dataset_splits/10_buildings/building_1/0000600/reference/0000600_035.jpg
building_1,0000600,reference,dataset_splits/10_buildings/building_1/0000600/reference/0000600_039.jpg
building_1,0000600,reference,dataset_splits/10_buildings/building_1/0000600/reference/0000600_040.jpg
building_1,0000600,reference,dataset_splits/10_buildings/building_1/0000600/reference/0000600_041.jpg
building_1,0000600,reference,dataset_splits/10_buildings/building_1/0000600/reference/0000600_043.jpg
building_1,0000600,reference,dataset_splits/10_buildings/building_1/0000600/reference/0000600_046.jpg
building_1,0000600,reference,dataset_splits/10_buildings/building_1/0000600/reference/0000600_047.jpg
building_1,0000600,reference,dataset_splits/10_buildings/building_1/0000600/reference/0000600_050.jpg
building_1,0000600,reference,dataset_splits/10_buildings/building_1/0000600/reference/0000600_052.jpg
building_1,0000600,reference,dataset_splits/10_buildings/building_1/0000600/reference/0000600_053.jpg
building_1,0000600,test,dataset_splits/10_buildings/building_1/0000600/test/0000600_002.jpg
building_1,0000600,test,dataset_splits/10_buildings/building_1/0000600/test/0000600_005.jpg
building_1,0000600,test,dataset_splits/10_buildings/building_1/0000600/test/0000600_006.jpg
building_1,0000600,test,dataset_splits/10_buildings/building_1/0000600/test/0000600_007.jpg
building_1,0000600,test,dataset_splits/10_buildings/building_1/0000600/test/0000600_009.jpg
building_1,0000600,test,dataset_splits/10_buildings/building_1/0000600/test/0000600_013.jpg
building_1,0000600,test,dataset_splits/10_buildings/building_1/0000600/test/0000600_014.jpg
building_1,0000600,test,dataset_splits/10_buildings/building_1/0000600/test/0000600_015.jpg
building_1,0000600,test,dataset_splits/10_buildings/building_1/0000600/test/0000600_018.jpg
building_1,0000600,test,dataset_splits/10_buildings/building_1/0000600/test/0000600_022.jpg
building_1,0000600,test,dataset_splits/10_buildings/building_1/0000600/test/0000600_025.jpg
building_1,0000600,test,dataset_splits/10_buildings/building_1/0000600/test/0000600_028.jpg
building_1,0000600,test,dataset_splits/10_buildings/building_1/0000600/test/0000600_030.jpg
building_1,0000600,test,dataset_splits/10_buildings/building_1/0000600/test/0000600_032.jpg
building_1,0000600,test,dataset_splits/10_buildings/building_1/0000600/test/0000600_036.jpg
building_1,0000600,test,dataset_splits/10_buildings/building_1/0000600/test/0000600_037.jpg
building_1,0000600,test,dataset_splits/10_buildings/building_1/0000600/test/0000600_042.jpg
building_1,0000600,test,dataset_splits/10_buildings/building_1/0000600/test/0000600_044.jpg
building_1,0000600,test,dataset_splits/10_buildings/building_1/0000600/test/0000600_048.jpg
building_1,0000600,test,dataset_splits/10_buildings/building_1/0000600/test/0000600_049.jpg
building_1,0000619,reference,dataset_splits/10_buildings/building_1/0000619/reference/0000619_004.jpg
building_1,0000619,reference,dataset_splits/10_buildings/building_1/0000619/reference/0000619_008.jpg
building_1,0000619,reference,dataset_splits/10_buildings/building_1/0000619/reference/0000619_021.jpg
building_1,0000619,reference,dataset_splits/10_buildings/building_1/0000619/reference/0000619_032.jpg
building_1,0000619,reference,dataset_splits/10_buildings/building_1/0000619/reference/0000619_035.jpg
building_1,0000619,reference,dataset_splits/10_buildings/building_1/0000619/reference/0000619_041.jpg
building_1,0000619,reference,dataset_splits/10_buildings/building_1/0000619/reference/0000619_066.jpg
building_1,0000619,reference,dataset_splits/10_buildings/building_1/0000619/reference/0000619_073.jpg
building_1,0000619,reference,dataset_splits/10_buildings/building_1/0000619/reference/0000619_079.jpg
building_1,0000619,reference,dataset_splits/10_buildings/building_1/0000619/reference/0000619_080.jpg
building_1,0000619,reference,dataset_splits/10_buildings/building_1/0000619/reference/0000619_089.jpg
building_1,0000619,reference,dataset_splits/10_buildings/building_1/0000619/reference/0000619_099.jpg
building_1,0000619,reference,dataset_splits/10_buildings/building_1/0000619/reference/0000619_114.jpg
building_1,0000619,reference,dataset_splits/10_buildings/building_1/0000619/reference/0000619_140.jpg
building_1,0000619,reference,dataset_splits/10_buildings/building_1/0000619/reference/0000619_157.jpg
building_1,0000619,reference,dataset_splits/10_buildings/building_1/0000619/reference/0000619_169.jpg
building_1,0000619,reference,dataset_splits/10_buildings/building_1/0000619/reference/0000619_204.jpg
building_1,0000619,reference,dataset_splits/10_buildings/building_1/0000619/reference/0000619_205.jpg
building_1,0000619,reference,dataset_splits/10_buildings/building_1/0000619/reference/0000619_210.jpg
building_1,0000619,reference,dataset_splits/10_buildings/building_1/0000619/reference/0000619_228.jpg
building_1,0000619,test,dataset_splits/10_buildings/building_1/0000619/test/0000619_001.jpg
building_1,0000619,test,dataset_splits/10_buildings/building_1/0000619/test/0000619_012.jpg
building_1,0000619,test,dataset_splits/10_buildings/building_1/0000619/test/0000619_023.jpg
building_1,0000619,test,dataset_splits/10_buildings/building_1/0000619/test/0000619_031.jpg
building_1,0000619,test,dataset_splits/10_buildings/building_1/0000619/test/0000619_049.jpg
building_1,0000619,test,dataset_splits/10_buildings/building_1/0000619/test/0000619_074.jpg
building_1,0000619,test,dataset_splits/10_buildings/building_1/0000619/test/0000619_110.jpg
building_1,0000619,test,dataset_splits/10_buildings/building_1/0000619/test/0000619_122.jpg
building_1,0000619,test,dataset_splits/10_buildings/building_1/0000619/test/0000619_124.jpg
building_1,0000619,test,dataset_splits/10_buildings/building_1/0000619/test/0000619_129.jpg
building_1,0000619,test,dataset_splits/10_buildings/building_1/0000619/test/0000619_131.jpg
building_1,0000619,test,dataset_splits/10_buildings/building_1/0000619/test/0000619_139.jpg
building_1,0000619,test,dataset_splits/10_buildings/building_1/0000619/test/0000619_158.jpg
building_1,0000619,test,dataset_splits/10_buildings/building_1/0000619/test/0000619_168.jpg
building_1,0000619,test,dataset_splits/10_buildings/building_1/0000619/test/0000619_170.jpg
building_1,0000619,test,dataset_splits/10_buildings/building_1/0000619/test/0000619_201.jpg
building_1,0000619,test,dataset_splits/10_buildings/building_1/0000619/test/0000619_213.jpg
building_1,0000619,test,dataset_splits/10_buildings/building_1/0000619/test/0000619_218.jpg
building_1,0000619,test,dataset_splits/10_buildings/building_1/0000619/test/0000619_226.jpg
building_1,0000619,test,dataset_splits/10_buildings/building_1/0000619/test/0000619_233.jpg
building_1,0000657,reference,dataset_splits/10_buildings/building_1/0000657/reference/0000657_010.jpg
building_1,0000657,reference,dataset_splits/10_buildings/building_1/0000657/reference/0000657_011.jpg
building_1,0000657,reference,dataset_splits/10_buildings/building_1/0000657/reference/0000657_016.jpg
building_1,0000657,reference,dataset_splits/10_buildings/building_1/0000657/reference/0000657_017.jpg
building_1,0000657,reference,dataset_splits/10_buildings/building_1/0000657/reference/0000657_034.jpg
building_1,0000657,reference,dataset_splits/10_buildings/building_1/0000657/reference/0000657_047.jpg
building_1,0000657,reference,dataset_splits/10_buildings/building_1/0000657/reference/0000657_056.jpg
building_1,0000657,reference,dataset_splits/10_buildings/building_1/0000657/reference/0000657_058.jpg
building_1,0000657,reference,dataset_splits/10_buildings/building_1/0000657/reference/0000657_071.jpg
building_1,0000657,reference,dataset_splits/10_buildings/building_1/0000657/reference/0000657_072.jpg
building_1,0000657,reference,dataset_splits/10_buildings/building_1/0000657/reference/0000657_074.jpg
building_1,0000657,reference,dataset_splits/10_buildings/building_1/0000657/reference/0000657_076.jpg
building_1,0000657,reference,dataset_splits/10_buildings/building_1/0000657/reference/0000657_079.jpg
building_1,0000657,reference,dataset_splits/10_buildings/building_1/0000657/reference/0000657_081.jpg
building_1,0000657,reference,dataset_splits/10_buildings/building_1/0000657/reference/0000657_086.jpg
building_1,0000657,reference,dataset_splits/10_buildings/building_1/0000657/reference/0000657_088.jpg
building_1,0000657,reference,dataset_splits/10_buildings/building_1/0000657/reference/0000657_089.jpg
building_1,0000657,reference,dataset_splits/10_buildings/building_1/0000657/reference/0000657_091.jpg
building_1,0000657,reference,dataset_splits/10_buildings/building_1/0000657/reference/0000657_095.jpg
building_1,0000657,reference,dataset_splits/10_buildings/building_1/0000657/reference/0000657_096.jpg
building_1,0000657,test,dataset_splits/10_buildings/building_1/0000657/test/0000657_008.jpg
building_1,0000657,test,dataset_splits/10_buildings/building_1/0000657/test/0000657_019.jpg
building_1,0000657,test,dataset_splits/10_buildings/building_1/0000657/test/0000657_024.jpg
building_1,0000657,test,dataset_splits/10_buildings/building_1/0000657/test/0000657_030.jpg
building_1,0000657,test,dataset_splits/10_buildings/building_1/0000657/test/0000657_031.jpg
building_1,0000657,test,dataset_splits/10_buildings/building_1/0000657/test/0000657_036.jpg
building_1,0000657,test,dataset_splits/10_buildings/building_1/0000657/test/0000657_039.jpg
building_1,0000657,test,dataset_splits/10_buildings/building_1/0000657/test/0000657_045.jpg
building_1,0000657,test,dataset_splits/10_buildings/building_1/0000657/test/0000657_046.jpg
building_1,0000657,test,dataset_splits/10_buildings/building_1/0000657/test/0000657_049.jpg
building_1,0000657,test,dataset_splits/10_buildings/building_1/0000657/test/0000657_057.jpg
building_1,0000657,test,dataset_splits/10_buildings/building_1/0000657/test/0000657_062.jpg
building_1,0000657,test,dataset_splits/10_buildings/building_1/0000657/test/0000657_063.jpg
building_1,0000657,test,dataset_splits/10_buildings/building_1/0000657/test/0000657_065.jpg
building_1,0000657,test,dataset_splits/10_buildings/building_1/0000657/test/0000657_066.jpg
building_1,0000657,test,dataset_splits/10_buildings/building_1/0000657/test/0000657_070.jpg
building_1,0000657,test,dataset_splits/10_buildings/building_1/0000657/test/0000657_077.jpg
building_1,0000657,test,dataset_splits/10_buildings/building_1/0000657/test/0000657_080.jpg
building_1,0000657,test,dataset_splits/10_buildings/building_1/0000657/test/0000657_101.jpg
building_1,0000657,test,dataset_splits/10_buildings/building_1/0000657/test/0000657_102.jpg
building_1,0000675,reference,dataset_splits/10_buildings/building_1/0000675/reference/0000675_006.jpg
building_1,0000675,reference,dataset_splits/10_buildings/building_1/0000675/reference/0000675_008.jpg
building_1,0000675,reference,dataset_splits/10_buildings/building_1/0000675/reference/0000675_009.jpg
building_1,0000675,reference,dataset_splits/10_buildings/building_1/0000675/reference/0000675_012.jpg
building_1,0000675,reference,dataset_splits/10_buildings/building_1/0000675/reference/0000675_013.jpg
building_1,0000675,reference,dataset_splits/10_buildings/building_1/0000675/reference/0000675_015.jpg
building_1,0000675,reference,dataset_splits/10_buildings/building_1/0000675/reference/0000675_017.jpg
building_1,0000675,reference,dataset_splits/10_buildings/building_1/0000675/reference/0000675_028.jpg
building_1,0000675,reference,dataset_splits/10_buildings/building_1/0000675/reference/0000675_031.jpg
building_1,0000675,reference,dataset_splits/10_buildings/building_1/0000675/reference/0000675_036.jpg
building_1,0000675,reference,dataset_splits/10_buildings/building_1/0000675/reference/0000675_038.jpg
building_1,0000675,reference,dataset_splits/10_buildings/building_1/0000675/reference/0000675_039.jpg
building_1,0000675,reference,dataset_splits/10_buildings/building_1/0000675/reference/0000675_047.jpg
building_1,0000675,reference,dataset_splits/10_buildings/building_1/0000675/reference/0000675_065.jpg
building_1,0000675,reference,dataset_splits/10_buildings/building_1/0000675/reference/0000675_073.jpg
building_1,0000675,reference,dataset_splits/10_buildings/building_1/0000675/reference/0000675_079.jpg
building_1,0000675,reference,dataset_splits/10_buildings/building_1/0000675/reference/0000675_104.jpg
building_1,0000675,reference,dataset_splits/10_buildings/building_1/0000675/reference/0000675_109.jpg
building_1,0000675,reference,dataset_splits/10_buildings/building_1/0000675/reference/0000675_110.jpg
building_1,0000675,reference,dataset_splits/10_buildings/building_1/0000675/reference/0000675_112.jpg
building_1,0000675,test,dataset_splits/10_buildings/building_1/0000675/test/0000675_001.jpg
building_1,0000675,test,dataset_splits/10_buildings/building_1/0000675/test/0000675_004.jpg
building_1,0000675,test,dataset_splits/10_buildings/building_1/0000675/test/0000675_014.jpg
building_1,0000675,test,dataset_splits/10_buildings/building_1/0000675/test/0000675_021.jpg
building_1,0000675,test,dataset_splits/10_buildings/building_1/0000675/test/0000675_042.jpg
building_1,0000675,test,dataset_splits/10_buildings/building_1/0000675/test/0000675_044.jpg
building_1,0000675,test,dataset_splits/10_buildings/building_1/0000675/test/0000675_053.jpg
building_1,0000675,test,dataset_splits/10_buildings/building_1/0000675/test/0000675_058.jpg
building_1,0000675,test,dataset_splits/10_buildings/building_1/0000675/test/0000675_059.jpg
building_1,0000675,test,dataset_splits/10_buildings/building_1/0000675/test/0000675_061.jpg
building_1,0000675,test,dataset_splits/10_buildings/building_1/0000675/test/0000675_066.jpg
building_1,0000675,test,dataset_splits/10_buildings/building_1/0000675/test/0000675_067.jpg
building_1,0000675,test,dataset_splits/10_buildings/building_1/0000675/test/0000675_084.jpg
building_1,0000675,test,dataset_splits/10_buildings/building_1/0000675/test/0000675_090.jpg
building_1,0000675,test,dataset_splits/10_buildings/building_1/0000675/test/0000675_093.jpg
building_1,0000675,test,dataset_splits/10_buildings/building_1/0000675/test/0000675_094.jpg
building_1,0000675,test,dataset_splits/10_buildings/building_1/0000675/test/0000675_096.jpg
building_1,0000675,test,dataset_splits/10_buildings/building_1/0000675/test/0000675_106.jpg
building_1,0000675,test,dataset_splits/10_buildings/building_1/0000675/test/0000675_108.jpg
building_1,0000675,test,dataset_splits/10_buildings/building_1/0000675/test/0000675_113.jpg
building_1,0000678,reference,dataset_splits/10_buildings/building_1/0000678/reference/0000678_011.jpg
building_1,0000678,reference,dataset_splits/10_buildings/building_1/0000678/reference/0000678_017.jpg
building_1,0000678,reference,dataset_splits/10_buildings/building_1/0000678/reference/0000678_019.jpg
building_1,0000678,reference,dataset_splits/10_buildings/building_1/0000678/reference/0000678_021.jpg
building_1,0000678,reference,dataset_splits/10_buildings/building_1/0000678/reference/0000678_045.jpg
building_1,0000678,reference,dataset_splits/10_buildings/building_1/0000678/reference/0000678_046.jpg
building_1,0000678,reference,dataset_splits/10_buildings/building_1/0000678/reference/0000678_050.jpg
building_1,0000678,reference,dataset_splits/10_buildings/building_1/0000678/reference/0000678_051.jpg
building_1,0000678,reference,dataset_splits/10_buildings/building_1/0000678/reference/0000678_052.jpg
building_1,0000678,reference,dataset_splits/10_buildings/building_1/0000678/reference/0000678_057.jpg
building_1,0000678,reference,dataset_splits/10_buildings/building_1/0000678/reference/0000678_058.jpg
building_1,0000678,reference,dataset_splits/10_buildings/building_1/0000678/reference/0000678_064.jpg
building_1,0000678,reference,dataset_splits/10_buildings/building_1/0000678/reference/0000678_066.jpg
building_1,0000678,reference,dataset_splits/10_buildings/building_1/0000678/reference/0000678_070.jpg
building_1,0000678,reference,dataset_splits/10_buildings/building_1/0000678/reference/0000678_074.jpg
building_1,0000678,reference,dataset_splits/10_buildings/building_1/0000678/reference/0000678_075.jpg
building_1,0000678,reference,dataset_splits/10_buildings/building_1/0000678/reference/0000678_076.jpg
building_1,0000678,reference,dataset_splits/10_buildings/building_1/0000678/reference/0000678_077.jpg
building_1,0000678,reference,dataset_splits/10_buildings/building_1/0000678/reference/0000678_082.jpg
building_1,0000678,reference,dataset_splits/10_buildings/building_1/0000678/reference/0000678_087.jpg
building_1,0000678,test,dataset_splits/10_buildings/building_1/0000678/test/0000678_001.jpg
building_1,0000678,test,dataset_splits/10_buildings/building_1/0000678/test/0000678_010.jpg
building_1,0000678,test,dataset_splits/10_buildings/building_1/0000678/test/0000678_012.jpg
building_1,0000678,test,dataset_splits/10_buildings/building_1/0000678/test/0000678_024.jpg
building_1,0000678,test,dataset_splits/10_buildings/building_1/0000678/test/0000678_033.jpg
building_1,0000678,test,dataset_splits/10_buildings/building_1/0000678/test/0000678_034.jpg
building_1,0000678,test,dataset_splits/10_buildings/building_1/0000678/test/0000678_040.jpg
building_1,0000678,test,dataset_splits/10_buildings/building_1/0000678/test/0000678_041.jpg
building_1,0000678,test,dataset_splits/10_buildings/building_1/0000678/test/0000678_042.jpg
building_1,0000678,test,dataset_splits/10_buildings/building_1/0000678/test/0000678_044.jpg
building_1,0000678,test,dataset_splits/10_buildings/building_1/0000678/test/0000678_048.jpg
building_1,0000678,test,dataset_splits/10_buildings/building_1/0000678/test/0000678_055.jpg
building_1,0000678,test,dataset_splits/10_buildings/building_1/0000678/test/0000678_063.jpg
building_1,0000678,test,dataset_splits/10_buildings/building_1/0000678/test/0000678_067.jpg
building_1,0000678,test,dataset_splits/10_buildings/building_1/0000678/test/0000678_071.jpg
building_1,0000678,test,dataset_splits/10_buildings/building_1/0000678/test/0000678_078.jpg
building_1,0000678,test,dataset_splits/10_buildings/building_1/0000678/test/0000678_080.jpg
building_1,0000678,test,dataset_splits/10_buildings/building_1/0000678/test/0000678_084.jpg
building_1,0000678,test,dataset_splits/10_buildings/building_1/0000678/test/0000678_085.jpg
building_1,0000678,test,dataset_splits/10_buildings/building_1/0000678/test/0000678_086.jpg
building_1,0000680,reference,dataset_splits/10_buildings/building_1/0000680/reference/0000680_004.jpg
building_1,0000680,reference,dataset_splits/10_buildings/building_1/0000680/reference/0000680_005.jpg
building_1,0000680,reference,dataset_splits/10_buildings/building_1/0000680/reference/0000680_008.jpg
building_1,0000680,reference,dataset_splits/10_buildings/building_1/0000680/reference/0000680_016.jpg
building_1,0000680,reference,dataset_splits/10_buildings/building_1/0000680/reference/0000680_020.jpg
building_1,0000680,reference,dataset_splits/10_buildings/building_1/0000680/reference/0000680_021.jpg
building_1,0000680,reference,dataset_splits/10_buildings/building_1/0000680/reference/0000680_038.jpg
building_1,0000680,reference,dataset_splits/10_buildings/building_1/0000680/reference/0000680_045.jpg
building_1,0000680,reference,dataset_splits/10_buildings/building_1/0000680/reference/0000680_048.jpg
building_1,0000680,reference,dataset_splits/10_buildings/building_1/0000680/reference/0000680_051.jpg
building_1,0000680,reference,dataset_splits/10_buildings/building_1/0000680/reference/0000680_055.jpg
building_1,0000680,reference,dataset_splits/10_buildings/building_1/0000680/reference/0000680_057.jpg
building_1,0000680,reference,dataset_splits/10_buildings/building_1/0000680/reference/0000680_061.jpg
building_1,0000680,reference,dataset_splits/10_buildings/building_1/0000680/reference/0000680_067.jpg
building_1,0000680,reference,dataset_splits/10_buildings/building_1/0000680/reference/0000680_073.jpg
building_1,0000680,reference,dataset_splits/10_buildings/building_1/0000680/reference/0000680_079.jpg
building_1,0000680,reference,dataset_splits/10_buildings/building_1/0000680/reference/0000680_085.jpg
building_1,0000680,reference,dataset_splits/10_buildings/building_1/0000680/reference/0000680_089.jpg
building_1,0000680,reference,dataset_splits/10_buildings/building_1/0000680/reference/0000680_100.jpg
building_1,0000680,reference,dataset_splits/10_buildings/building_1/0000680/reference/0000680_101.jpg
building_1,0000680,test,dataset_splits/10_buildings/building_1/0000680/test/0000680_001.jpg
building_1,0000680,test,dataset_splits/10_buildings/building_1/0000680/test/0000680_011.jpg
building_1,0000680,test,dataset_splits/10_buildings/building_1/0000680/test/0000680_017.jpg
building_1,0000680,test,dataset_splits/10_buildings/building_1/0000680/test/0000680_022.jpg
building_1,0000680,test,dataset_splits/10_buildings/building_1/0000680/test/0000680_036.jpg
building_1,0000680,test,dataset_splits/10_buildings/building_1/0000680/test/0000680_039.jpg
building_1,0000680,test,dataset_splits/10_buildings/building_1/0000680/test/0000680_040.jpg
building_1,0000680,test,dataset_splits/10_buildings/building_1/0000680/test/0000680_052.jpg
building_1,0000680,test,dataset_splits/10_buildings/building_1/0000680/test/0000680_062.jpg
building_1,0000680,test,dataset_splits/10_buildings/building_1/0000680/test/0000680_070.jpg
building_1,0000680,test,dataset_splits/10_buildings/building_1/0000680/test/0000680_071.jpg
building_1,0000680,test,dataset_splits/10_buildings/building_1/0000680/test/0000680_076.jpg
building_1,0000680,test,dataset_splits/10_buildings/building_1/0000680/test/0000680_082.jpg
building_1,0000680,test,dataset_splits/10_buildings/building_1/0000680/test/0000680_091.jpg
building_1,0000680,test,dataset_splits/10_buildings/building_1/0000680/test/0000680_092.jpg
building_1,0000680,test,dataset_splits/10_buildings/building_1/0000680/test/0000680_095.jpg
building_1,0000680,test,dataset_splits/10_buildings/building_1/0000680/test/0000680_096.jpg
building_1,0000680,test,dataset_splits/10_buildings/building_1/0000680/test/0000680_099.jpg
building_1,0000680,test,dataset_splits/10_buildings/building_1/0000680/test/0000680_102.jpg
building_1,0000680,test,dataset_splits/10_buildings/building_1/0000680/test/0000680_103.jpg
building_1,0000709,reference,dataset_splits/10_buildings/building_1/0000709/reference/0000709_005.jpg
building_1,0000709,reference,dataset_splits/10_buildings/building_1/0000709/reference/0000709_006.jpg
building_1,0000709,reference,dataset_splits/10_buildings/building_1/0000709/reference/0000709_014.jpg
building_1,0000709,reference,dataset_splits/10_buildings/building_1/0000709/reference/0000709_018.jpg
building_1,0000709,reference,dataset_splits/10_buildings/building_1/0000709/reference/0000709_024.jpg
building_1,0000709,reference,dataset_splits/10_buildings/building_1/0000709/reference/0000709_025.jpg
building_1,0000709,reference,dataset_splits/10_buildings/building_1/0000709/reference/0000709_026.jpg
building_1,0000709,reference,dataset_splits/10_buildings/building_1/0000709/reference/0000709_028.jpg
building_1,0000709,reference,dataset_splits/10_buildings/building_1/0000709/reference/0000709_029.jpg
building_1,0000709,reference,dataset_splits/10_buildings/building_1/0000709/reference/0000709_030.jpg
building_1,0000709,reference,dataset_splits/10_buildings/building_1/0000709/reference/0000709_031.jpg
building_1,0000709,reference,dataset_splits/10_buildings/building_1/0000709/reference/0000709_037.jpg
building_1,0000709,reference,dataset_splits/10_buildings/building_1/0000709/reference/0000709_040.jpg
building_1,0000709,reference,dataset_splits/10_buildings/building_1/0000709/reference/0000709_045.jpg
building_1,0000709,reference,dataset_splits/10_buildings/building_1/0000709/reference/0000709_046.jpg
building_1,0000709,reference,dataset_splits/10_buildings/building_1/0000709/reference/0000709_047.jpg
building_1,0000709,reference,dataset_splits/10_buildings/building_1/0000709/reference/0000709_048.jpg
building_1,0000709,reference,dataset_splits/10_buildings/building_1/0000709/reference/0000709_051.jpg
building_1,0000709,reference,dataset_splits/10_buildings/building_1/0000709/reference/0000709_053.jpg
building_1,0000709,reference,dataset_splits/10_buildings/building_1/0000709/reference/0000709_055.jpg
building_1,0000709,test,dataset_splits/10_buildings/building_1/0000709/test/0000709_001.jpg
building_1,0000709,test,dataset_splits/10_buildings/building_1/0000709/test/0000709_007.jpg
building_1,0000709,test,dataset_splits/10_buildings/building_1/0000709/test/0000709_008.jpg
building_1,0000709,test,dataset_splits/10_buildings/building_1/0000709/test/0000709_011.jpg
building_1,0000709,test,dataset_splits/10_buildings/building_1/0000709/test/0000709_012.jpg
building_1,0000709,test,dataset_splits/10_buildings/building_1/0000709/test/0000709_019.jpg
building_1,0000709,test,dataset_splits/10_buildings/building_1/0000709/test/0000709_020.jpg
building_1,0000709,test,dataset_splits/10_buildings/building_1/0000709/test/0000709_022.jpg
building_1,0000709,test,dataset_splits/10_buildings/building_1/0000709/test/0000709_027.jpg
building_1,0000709,test,dataset_splits/10_buildings/building_1/0000709/test/0000709_033.jpg
building_1,0000709,test,dataset_splits/10_buildings/building_1/0000709/test/0000709_035.jpg
building_1,0000709,test,dataset_splits/10_buildings/building_1/0000709/test/0000709_036.jpg
building_1,0000709,test,dataset_splits/10_buildings/building_1/0000709/test/0000709_038.jpg
building_1,0000709,test,dataset_splits/10_buildings/building_1/0000709/test/0000709_039.jpg
building_1,0000709,test,dataset_splits/10_buildings/building_1/0000709/test/0000709_042.jpg
building_1,0000709,test,dataset_splits/10_buildings/building_1/0000709/test/0000709_043.jpg
building_1,0000709,test,dataset_splits/10_buildings/building_1/0000709/test/0000709_056.jpg
building_1,0000709,test,dataset_splits/10_buildings/building_1/0000709/test/0000709_057.jpg
building_1,0000709,test,dataset_splits/10_buildings/building_1/0000709/test/0000709_058.jpg
building_1,0000709,test,dataset_splits/10_buildings/building_1/0000709/test/0000709_059.jpg
building_1,0000893,reference,dataset_splits/10_buildings/building_1/0000893/reference/0000893_001.jpg
building_1,0000893,reference,dataset_splits/10_buildings/building_1/0000893/reference/0000893_002.jpg
building_1,0000893,reference,dataset_splits/10_buildings/building_1/0000893/reference/0000893_003.jpg
building_1,0000893,reference,dataset_splits/10_buildings/building_1/0000893/reference/0000893_005.jpg
building_1,0000893,reference,dataset_splits/10_buildings/building_1/0000893/reference/0000893_006.jpg
building_1,0000893,reference,dataset_splits/10_buildings/building_1/0000893/reference/0000893_008.jpg
building_1,0000893,reference,dataset_splits/10_buildings/building_1/0000893/reference/0000893_009.jpg
building_1,0000893,reference,dataset_splits/10_buildings/building_1/0000893/reference/0000893_012.jpg
building_1,0000893,reference,dataset_splits/10_buildings/building_1/0000893/reference/0000893_020.jpg
building_1,0000893,reference,dataset_splits/10_buildings/building_1/0000893/reference/0000893_025.jpg
building_1,0000893,reference,dataset_splits/10_buildings/building_1/0000893/reference/0000893_026.jpg
building_1,0000893,reference,dataset_splits/10_buildings/building_1/0000893/reference/0000893_028.jpg
building_1,0000893,reference,dataset_splits/10_buildings/building_1/0000893/reference/0000893_029.jpg
building_1,0000893,reference,dataset_splits/10_buildings/building_1/0000893/reference/0000893_031.jpg
building_1,0000893,reference,dataset_splits/10_buildings/building_1/0000893/reference/0000893_036.jpg
building_1,0000893,reference,dataset_splits/10_buildings/building_1/0000893/reference/0000893_041.jpg
building_1,0000893,reference,dataset_splits/10_buildings/building_1/0000893/reference/0000893_042.jpg
building_1,0000893,reference,dataset_splits/10_buildings/building_1/0000893/reference/0000893_043.jpg
building_1,0000893,reference,dataset_splits/10_buildings/building_1/0000893/reference/0000893_045.jpg
building_1,0000893,reference,dataset_splits/10_buildings/building_1/0000893/reference/0000893_051.jpg
building_1,0000893,test,dataset_splits/10_buildings/building_1/0000893/test/0000893_013.jpg
building_1,0000893,test,dataset_splits/10_buildings/building_1/0000893/test/0000893_015.jpg
building_1,0000893,test,dataset_splits/10_buildings/building_1/0000893/test/0000893_016.jpg
building_1,0000893,test,dataset_splits/10_buildings/building_1/0000893/test/0000893_017.jpg
building_1,0000893,test,dataset_splits/10_buildings/building_1/0000893/test/0000893_018.jpg
building_1,0000893,test,dataset_splits/10_buildings/building_1/0000893/test/0000893_021.jpg
building_1,0000893,test,dataset_splits/10_buildings/building_1/0000893/test/0000893_022.jpg
building_1,0000893,test,dataset_splits/10_buildings/building_1/0000893/test/0000893_023.jpg
building_1,0000893,test,dataset_splits/10_buildings/building_1/0000893/test/0000893_024.jpg
building_1,0000893,test,dataset_splits/10_buildings/building_1/0000893/test/0000893_030.jpg
building_1,0000893,test,dataset_splits/10_buildings/building_1/0000893/test/0000893_032.jpg
building_1,0000893,test,dataset_splits/10_buildings/building_1/0000893/test/0000893_033.jpg
building_1,0000893,test,dataset_splits/10_buildings/building_1/0000893/test/0000893_034.jpg
building_1,0000893,test,dataset_splits/10_buildings/building_1/0000893/test/0000893_035.jpg
building_1,0000893,test,dataset_splits/10_buildings/building_1/0000893/test/0000893_038.jpg
building_1,0000893,test,dataset_splits/10_buildings/building_1/0000893/test/0000893_039.jpg
building_1,0000893,test,dataset_splits/10_buildings/building_1/0000893/test/0000893_046.jpg
building_1,0000893,test,dataset_splits/10_buildings/building_1/0000893/test/0000893_048.jpg
building_1,0000893,test,dataset_splits/10_buildings/building_1/0000893/test/0000893_049.jpg
building_1,0000893,test,dataset_splits/10_buildings/building_1/0000893/test/0000893_050.jpg
building_1,0000982,reference,dataset_splits/10_buildings/building_1/0000982/reference/0000982_005.jpg
building_1,0000982,reference,dataset_splits/10_buildings/building_1/0000982/reference/0000982_028.jpg
building_1,0000982,reference,dataset_splits/10_buildings/building_1/0000982/reference/0000982_054.jpg
building_1,0000982,reference,dataset_splits/10_buildings/building_1/0000982/reference/0000982_092.jpg
building_1,0000982,reference,dataset_splits/10_buildings/building_1/0000982/reference/0000982_121.jpg
building_1,0000982,reference,dataset_splits/10_buildings/building_1/0000982/reference/0000982_159.jpg
building_1,0000982,reference,dataset_splits/10_buildings/building_1/0000982/reference/0000982_166.jpg
building_1,0000982,reference,dataset_splits/10_buildings/building_1/0000982/reference/0000982_225.jpg
building_1,0000982,reference,dataset_splits/10_buildings/building_1/0000982/reference/0000982_238.jpg
building_1,0000982,reference,dataset_splits/10_buildings/building_1/0000982/reference/0000982_243.jpg
building_1,0000982,reference,dataset_splits/10_buildings/building_1/0000982/reference/0000982_245.jpg
building_1,0000982,reference,dataset_splits/10_buildings/building_1/0000982/reference/0000982_249.jpg
building_1,0000982,reference,dataset_splits/10_buildings/building_1/0000982/reference/0000982_269.jpg
building_1,0000982,reference,dataset_splits/10_buildings/building_1/0000982/reference/0000982_307.jpg
building_1,0000982,reference,dataset_splits/10_buildings/building_1/0000982/reference/0000982_315.jpg
building_1,0000982,reference,dataset_splits/10_buildings/building_1/0000982/reference/0000982_348.jpg
building_1,0000982,reference,dataset_splits/10_buildings/building_1/0000982/reference/0000982_349.jpg
building_1,0000982,reference,dataset_splits/10_buildings/building_1/0000982/reference/0000982_354.jpg
building_1,0000982,reference,dataset_splits/10_buildings/building_1/0000982/reference/0000982_359.jpg
building_1,0000982,reference,dataset_splits/10_buildings/building_1/0000982/reference/0000982_360.jpg
building_1,0000982,test,dataset_splits/10_buildings/building_1/0000982/test/0000982_022.jpg
building_1,0000982,test,dataset_splits/10_buildings/building_1/0000982/test/0000982_045.jpg
building_1,0000982,test,dataset_splits/10_buildings/building_1/0000982/test/0000982_053.jpg
building_1,0000982,test,dataset_splits/10_buildings/building_1/0000982/test/0000982_079.jpg
building_1,0000982,test,dataset_splits/10_buildings/building_1/0000982/test/0000982_093.jpg
building_1,0000982,test,dataset_splits/10_buildings/building_1/0000982/test/0000982_097.jpg
building_1,0000982,test,dataset_splits/10_buildings/building_1/0000982/test/0000982_120.jpg
building_1,0000982,test,dataset_splits/10_buildings/building_1/0000982/test/0000982_133.jpg
building_1,0000982,test,dataset_splits/10_buildings/building_1/0000982/test/0000982_156.jpg
building_1,0000982,test,dataset_splits/10_buildings/building_1/0000982/test/0000982_197.jpg
building_1,0000982,test,dataset_splits/10_buildings/building_1/0000982/test/0000982_220.jpg
building_1,0000982,test,dataset_splits/10_buildings/building_1/0000982/test/0000982_232.jpg
building_1,0000982,test,dataset_splits/10_buildings/building_1/0000982/test/0000982_268.jpg
building_1,0000982,test,dataset_splits/10_buildings/building_1/0000982/test/0000982_279.jpg
building_1,0000982,test,dataset_splits/10_buildings/building_1/0000982/test/0000982_287.jpg
building_1,0000982,test,dataset_splits/10_buildings/building_1/0000982/test/0000982_311.jpg
building_1,0000982,test,dataset_splits/10_buildings/building_1/0000982/test/0000982_319.jpg
building_1,0000982,test,dataset_splits/10_buildings/building_1/0000982/test/0000982_334.jpg
building_1,0000982,test,dataset_splits/10_buildings/building_1/0000982/test/0000982_352.jpg
building_1,0000982,test,dataset_splits/10_buildings/building_1/0000982/test/0000982_353.jpg
building_1,0001015,reference,dataset_splits/10_buildings/building_1/0001015/reference/0001015_007.jpg
building_1,0001015,reference,dataset_splits/10_buildings/building_1/0001015/reference/0001015_008.jpg
building_1,0001015,reference,dataset_splits/10_buildings/building_1/0001015/reference/0001015_009.jpg
building_1,0001015,reference,dataset_splits/10_buildings/building_1/0001015/reference/0001015_015.jpg
building_1,0001015,reference,dataset_splits/10_buildings/building_1/0001015/reference/0001015_018.jpg
building_1,0001015,reference,dataset_splits/10_buildings/building_1/0001015/reference/0001015_037.jpg
building_1,0001015,reference,dataset_splits/10_buildings/building_1/0001015/reference/0001015_041.jpg
building_1,0001015,reference,dataset_splits/10_buildings/building_1/0001015/reference/0001015_044.jpg
building_1,0001015,reference,dataset_splits/10_buildings/building_1/0001015/reference/0001015_045.jpg
building_1,0001015,reference,dataset_splits/10_buildings/building_1/0001015/reference/0001015_046.jpg
building_1,0001015,reference,dataset_splits/10_buildings/building_1/0001015/reference/0001015_049.jpg
building_1,0001015,reference,dataset_splits/10_buildings/building_1/0001015/reference/0001015_059.jpg
building_1,0001015,reference,dataset_splits/10_buildings/building_1/0001015/reference/0001015_064.jpg
building_1,0001015,reference,dataset_splits/10_buildings/building_1/0001015/reference/0001015_069.jpg
building_1,0001015,reference,dataset_splits/10_buildings/building_1/0001015/reference/0001015_075.jpg
building_1,0001015,reference,dataset_splits/10_buildings/building_1/0001015/reference/0001015_078.jpg
building_1,0001015,reference,dataset_splits/10_buildings/building_1/0001015/reference/0001015_086.jpg
building_1,0001015,reference,dataset_splits/10_buildings/building_1/0001015/reference/0001015_087.jpg
building_1,0001015,reference,dataset_splits/10_buildings/building_1/0001015/reference/0001015_095.jpg
building_1,0001015,reference,dataset_splits/10_buildings/building_1/0001015/reference/0001015_100.jpg
building_1,0001015,test,dataset_splits/10_buildings/building_1/0001015/test/0001015_019.jpg
building_1,0001015,test,dataset_splits/10_buildings/building_1/0001015/test/0001015_023.jpg
building_1,0001015,test,dataset_splits/10_buildings/building_1/0001015/test/0001015_030.jpg
building_1,0001015,test,dataset_splits/10_buildings/building_1/0001015/test/0001015_032.jpg
building_1,0001015,test,dataset_splits/10_buildings/building_1/0001015/test/0001015_035.jpg
building_1,0001015,test,dataset_splits/10_buildings/building_1/0001015/test/0001015_053.jpg
building_1,0001015,test,dataset_splits/10_buildings/building_1/0001015/test/0001015_058.jpg
building_1,0001015,test,dataset_splits/10_buildings/building_1/0001015/test/0001015_062.jpg
building_1,0001015,test,dataset_splits/10_buildings/building_1/0001015/test/0001015_065.jpg
building_1,0001015,test,dataset_splits/10_buildings/building_1/0001015/test/0001015_067.jpg
building_1,0001015,test,dataset_splits/10_buildings/building_1/0001015/test/0001015_068.jpg
building_1,0001015,test,dataset_splits/10_buildings/building_1/0001015/test/0001015_070.jpg
building_1,0001015,test,dataset_splits/10_buildings/building_1/0001015/test/0001015_077.jpg
building_1,0001015,test,dataset_splits/10_buildings/building_1/0001015/test/0001015_080.jpg
building_1,0001015,test,dataset_splits/10_buildings/building_1/0001015/test/0001015_089.jpg
building_1,0001015,test,dataset_splits/10_buildings/building_1/0001015/test/0001015_092.jpg
building_1,0001015,test,dataset_splits/10_buildings/building_1/0001015/test/0001015_094.jpg
building_1,0001015,test,dataset_splits/10_buildings/building_1/0001015/test/0001015_096.jpg
building_1,0001015,test,dataset_splits/10_buildings/building_1/0001015/test/0001015_101.jpg
building_1,0001015,test,dataset_splits/10_buildings/building_1/0001015/test/0001015_102.jpg
building_1,0001089,reference,dataset_splits/10_buildings/building_1/0001089/reference/0001089_009.jpg
building_1,0001089,reference,dataset_splits/10_buildings/building_1/0001089/reference/0001089_013.jpg
building_1,0001089,reference,dataset_splits/10_buildings/building_1/0001089/reference/0001089_014.jpg
building_1,0001089,reference,dataset_splits/10_buildings/building_1/0001089/reference/0001089_020.jpg
building_1,0001089,reference,dataset_splits/10_buildings/building_1/0001089/reference/0001089_021.jpg
building_1,0001089,reference,dataset_splits/10_buildings/building_1/0001089/reference/0001089_031.jpg
building_1,0001089,reference,dataset_splits/10_buildings/building_1/0001089/reference/0001089_033.jpg
building_1,0001089,reference,dataset_splits/10_buildings/building_1/0001089/reference/0001089_034.jpg
building_1,0001089,reference,dataset_splits/10_buildings/building_1/0001089/reference/0001089_036.jpg
building_1,0001089,reference,dataset_splits/10_buildings/building_1/0001089/reference/0001089_040.jpg
building_1,0001089,reference,dataset_splits/10_buildings/building_1/0001089/reference/0001089_042.jpg
building_1,0001089,reference,dataset_splits/10_buildings/building_1/0001089/reference/0001089_043.jpg
building_1,0001089,reference,dataset_splits/10_buildings/building_1/0001089/reference/0001089_044.jpg
building_1,0001089,reference,dataset_splits/10_buildings/building_1/0001089/reference/0001089_051.jpg
building_1,0001089,reference,dataset_splits/10_buildings/building_1/0001089/reference/0001089_056.jpg
building_1,0001089,reference,dataset_splits/10_buildings/building_1/0001089/reference/0001089_060.jpg
building_1,0001089,reference,dataset_splits/10_buildings/building_1/0001089/reference/0001089_062.jpg
building_1,0001089,reference,dataset_splits/10_buildings/building_1/0001089/reference/0001089_067.jpg
building_1,0001089,reference,dataset_splits/10_buildings/building_1/0001089/reference/0001089_077.jpg
building_1,0001089,reference,dataset_splits/10_buildings/building_1/0001089/reference/0001089_079.jpg
building_1,0001089,test,dataset_splits/10_buildings/building_1/0001089/test/0001089_001.jpg
building_1,0001089,test,dataset_splits/10_buildings/building_1/0001089/test/0001089_007.jpg
building_1,0001089,test,dataset_splits/10_buildings/building_1/0001089/test/0001089_010.jpg
building_1,0001089,test,dataset_splits/10_buildings/building_1/0001089/test/0001089_019.jpg
building_1,0001089,test,dataset_splits/10_buildings/building_1/0001089/test/0001089_024.jpg
building_1,0001089,test,dataset_splits/10_buildings/building_1/0001089/test/0001089_027.jpg
building_1,0001089,test,dataset_splits/10_buildings/building_1/0001089/test/0001089_037.jpg
building_1,0001089,test,dataset_splits/10_buildings/building_1/0001089/test/0001089_038.jpg
building_1,0001089,test,dataset_splits/10_buildings/building_1/0001089/test/0001089_039.jpg
building_1,0001089,test,dataset_splits/10_buildings/building_1/0001089/test/0001089_047.jpg
building_1,0001089,test,dataset_splits/10_buildings/building_1/0001089/test/0001089_050.jpg
building_1,0001089,test,dataset_splits/10_buildings/building_1/0001089/test/0001089_054.jpg
building_1,0001089,test,dataset_splits/10_buildings/building_1/0001089/test/0001089_059.jpg
building_1,0001089,test,dataset_splits/10_buildings/building_1/0001089/test/0001089_061.jpg
building_1,0001089,test,dataset_splits/10_buildings/building_1/0001089/test/0001089_064.jpg
building_1,0001089,test,dataset_splits/10_buildings/building_1/0001089/test/0001089_069.jpg
building_1,0001089,test,dataset_splits/10_buildings/building_1/0001089/test/0001089_071.jpg
building_1,0001089,test,dataset_splits/10_buildings/building_1/0001089/test/0001089_072.jpg
building_1,0001089,test,dataset_splits/10_buildings/building_1/0001089/test/0001089_074.jpg
building_1,0001089,test,dataset_splits/10_buildings/building_1/0001089/test/0001089_080.jpg
building_1,0001218,reference,dataset_splits/10_buildings/building_1/0001218/reference/0001218_004.jpg
building_1,0001218,reference,dataset_splits/10_buildings/building_1/0001218/reference/0001218_005.jpg
building_1,0001218,reference,dataset_splits/10_buildings/building_1/0001218/reference/0001218_008.jpg
building_1,0001218,reference,dataset_splits/10_buildings/building_1/0001218/reference/0001218_011.jpg
building_1,0001218,reference,dataset_splits/10_buildings/building_1/0001218/reference/0001218_015.jpg
building_1,0001218,reference,dataset_splits/10_buildings/building_1/0001218/reference/0001218_019.jpg
building_1,0001218,reference,dataset_splits/10_buildings/building_1/0001218/reference/0001218_020.jpg
building_1,0001218,reference,dataset_splits/10_buildings/building_1/0001218/reference/0001218_023.jpg
building_1,0001218,reference,dataset_splits/10_buildings/building_1/0001218/reference/0001218_026.jpg
building_1,0001218,reference,dataset_splits/10_buildings/building_1/0001218/reference/0001218_028.jpg
building_1,0001218,reference,dataset_splits/10_buildings/building_1/0001218/reference/0001218_029.jpg
building_1,0001218,reference,dataset_splits/10_buildings/building_1/0001218/reference/0001218_031.jpg
building_1,0001218,reference,dataset_splits/10_buildings/building_1/0001218/reference/0001218_033.jpg
building_1,0001218,reference,dataset_splits/10_buildings/building_1/0001218/reference/0001218_038.jpg
building_1,0001218,reference,dataset_splits/10_buildings/building_1/0001218/reference/0001218_043.jpg
building_1,0001218,reference,dataset_splits/10_buildings/building_1/0001218/reference/0001218_046.jpg
building_1,0001218,reference,dataset_splits/10_buildings/building_1/0001218/reference/0001218_049.jpg
building_1,0001218,reference,dataset_splits/10_buildings/building_1/0001218/reference/0001218_050.jpg
building_1,0001218,reference,dataset_splits/10_buildings/building_1/0001218/reference/0001218_051.jpg
building_1,0001218,reference,dataset_splits/10_buildings/building_1/0001218/reference/0001218_054.jpg
building_1,0001218,test,dataset_splits/10_buildings/building_1/0001218/test/0001218_006.jpg
building_1,0001218,test,dataset_splits/10_buildings/building_1/0001218/test/0001218_007.jpg
building_1,0001218,test,dataset_splits/10_buildings/building_1/0001218/test/0001218_009.jpg
building_1,0001218,test,dataset_splits/10_buildings/building_1/0001218/test/0001218_014.jpg
building_1,0001218,test,dataset_splits/10_buildings/building_1/0001218/test/0001218_016.jpg
building_1,0001218,test,dataset_splits/10_buildings/building_1/0001218/test/0001218_017.jpg
building_1,0001218,test,dataset_splits/10_buildings/building_1/0001218/test/0001218_021.jpg
building_1,0001218,test,dataset_splits/10_buildings/building_1/0001218/test/0001218_025.jpg
building_1,0001218,test,dataset_splits/10_buildings/building_1/0001218/test/0001218_036.jpg
building_1,0001218,test,dataset_splits/10_buildings/building_1/0001218/test/0001218_041.jpg
building_1,0001218,test,dataset_splits/10_buildings/building_1/0001218/test/0001218_048.jpg
building_1,0001218,test,dataset_splits/10_buildings/building_1/0001218/test/0001218_052.jpg
building_1,0001218,test,dataset_splits/10_buildings/building_1/0001218/test/0001218_053.jpg
building_1,0001218,test,dataset_splits/10_buildings/building_1/0001218/test/0001218_055.jpg
building_1,0001218,test,dataset_splits/10_buildings/building_1/0001218/test/0001218_058.jpg
building_1,0001218,test,dataset_splits/10_buildings/building_1/0001218/test/0001218_060.jpg
building_1,0001218,test,dataset_splits/10_buildings/building_1/0001218/test/0001218_061.jpg
building_1,0001218,test,dataset_splits/10_buildings/building_1/0001218/test/0001218_062.jpg
building_1,0001218,test,dataset_splits/10_buildings/building_1/0001218/test/0001218_063.jpg
building_1,0001218,test,dataset_splits/10_buildings/building_1/0001218/test/0001218_064.jpg
building_1,0001319,reference,dataset_splits/10_buildings/building_1/0001319/reference/0001319_040.jpg
building_1,0001319,reference,dataset_splits/10_buildings/building_1/0001319/reference/0001319_049.jpg
building_1,0001319,reference,dataset_splits/10_buildings/building_1/0001319/reference/0001319_083.jpg
building_1,0001319,reference,dataset_splits/10_buildings/building_1/0001319/reference/0001319_123.jpg
building_1,0001319,reference,dataset_splits/10_buildings/building_1/0001319/reference/0001319_133.jpg
building_1,0001319,reference,dataset_splits/10_buildings/building_1/0001319/reference/0001319_135.jpg
building_1,0001319,reference,dataset_splits/10_buildings/building_1/0001319/reference/0001319_149.jpg
building_1,0001319,reference,dataset_splits/10_buildings/building_1/0001319/reference/0001319_150.jpg
building_1,0001319,reference,dataset_splits/10_buildings/building_1/0001319/reference/0001319_179.jpg
building_1,0001319,reference,dataset_splits/10_buildings/building_1/0001319/reference/0001319_185.jpg
building_1,0001319,reference,dataset_splits/10_buildings/building_1/0001319/reference/0001319_186.jpg
building_1,0001319,reference,dataset_splits/10_buildings/building_1/0001319/reference/0001319_225.jpg
building_1,0001319,reference,dataset_splits/10_buildings/building_1/0001319/reference/0001319_227.jpg
building_1,0001319,reference,dataset_splits/10_buildings/building_1/0001319/reference/0001319_231.jpg
building_1,0001319,reference,dataset_splits/10_buildings/building_1/0001319/reference/0001319_250.jpg
building_1,0001319,reference,dataset_splits/10_buildings/building_1/0001319/reference/0001319_264.jpg
building_1,0001319,reference,dataset_splits/10_buildings/building_1/0001319/reference/0001319_279.jpg
building_1,0001319,reference,dataset_splits/10_buildings/building_1/0001319/reference/0001319_299.jpg
building_1,0001319,reference,dataset_splits/10_buildings/building_1/0001319/reference/0001319_307.jpg
building_1,0001319,reference,dataset_splits/10_buildings/building_1/0001319/reference/0001319_311.jpg
building_1,0001319,test,dataset_splits/10_buildings/building_1/0001319/test/0001319_016.jpg
building_1,0001319,test,dataset_splits/10_buildings/building_1/0001319/test/0001319_021.jpg
building_1,0001319,test,dataset_splits/10_buildings/building_1/0001319/test/0001319_028.jpg
building_1,0001319,test,dataset_splits/10_buildings/building_1/0001319/test/0001319_030.jpg
building_1,0001319,test,dataset_splits/10_buildings/building_1/0001319/test/0001319_041.jpg
building_1,0001319,test,dataset_splits/10_buildings/building_1/0001319/test/0001319_076.jpg
building_1,0001319,test,dataset_splits/10_buildings/building_1/0001319/test/0001319_092.jpg
building_1,0001319,test,dataset_splits/10_buildings/building_1/0001319/test/0001319_121.jpg
building_1,0001319,test,dataset_splits/10_buildings/building_1/0001319/test/0001319_122.jpg
building_1,0001319,test,dataset_splits/10_buildings/building_1/0001319/test/0001319_145.jpg
building_1,0001319,test,dataset_splits/10_buildings/building_1/0001319/test/0001319_165.jpg
building_1,0001319,test,dataset_splits/10_buildings/building_1/0001319/test/0001319_182.jpg
building_1,0001319,test,dataset_splits/10_buildings/building_1/0001319/test/0001319_192.jpg
building_1,0001319,test,dataset_splits/10_buildings/building_1/0001319/test/0001319_202.jpg
building_1,0001319,test,dataset_splits/10_buildings/building_1/0001319/test/0001319_234.jpg
building_1,0001319,test,dataset_splits/10_buildings/building_1/0001319/test/0001319_237.jpg
building_1,0001319,test,dataset_splits/10_buildings/building_1/0001319/test/0001319_259.jpg
building_1,0001319,test,dataset_splits/10_buildings/building_1/0001319/test/0001319_261.jpg
building_1,0001319,test,dataset_splits/10_buildings/building_1/0001319/test/0001319_270.jpg
building_1,0001319,test,dataset_splits/10_buildings/building_1/0001319/test/0001319_335.jpg
building_1,0001440,reference,dataset_splits/10_buildings/building_1/0001440/reference/0001440_004.jpg
building_1,0001440,reference,dataset_splits/10_buildings/building_1/0001440/reference/0001440_006.jpg
building_1,0001440,reference,dataset_splits/10_buildings/building_1/0001440/reference/0001440_014.jpg
building_1,0001440,reference,dataset_splits/10_buildings/building_1/0001440/reference/0001440_015.jpg
building_1,0001440,reference,dataset_splits/10_buildings/building_1/0001440/reference/0001440_020.jpg
building_1,0001440,reference,dataset_splits/10_buildings/building_1/0001440/reference/0001440_023.jpg
building_1,0001440,reference,dataset_splits/10_buildings/building_1/0001440/reference/0001440_026.jpg
building_1,0001440,reference,dataset_splits/10_buildings/building_1/0001440/reference/0001440_027.jpg
building_1,0001440,reference,dataset_splits/10_buildings/building_1/0001440/reference/0001440_028.jpg
building_1,0001440,reference,dataset_splits/10_buildings/building_1/0001440/reference/0001440_030.jpg
building_1,0001440,reference,dataset_splits/10_buildings/building_1/0001440/reference/0001440_032.jpg
building_1,0001440,reference,dataset_splits/10_buildings/building_1/0001440/reference/0001440_037.jpg
building_1,0001440,reference,dataset_splits/10_buildings/building_1/0001440/reference/0001440_038.jpg
building_1,0001440,reference,dataset_splits/10_buildings/building_1/0001440/reference/0001440_040.jpg
building_1,0001440,reference,dataset_splits/10_buildings/building_1/0001440/reference/0001440_043.jpg
building_1,0001440,reference,dataset_splits/10_buildings/building_1/0001440/reference/0001440_045.jpg
building_1,0001440,reference,dataset_splits/10_buildings/building_1/0001440/reference/0001440_050.jpg
building_1,0001440,reference,dataset_splits/10_buildings/building_1/0001440/reference/0001440_051.jpg
building_1,0001440,reference,dataset_splits/10_buildings/building_1/0001440/reference/0001440_053.jpg
building_1,0001440,reference,dataset_splits/10_buildings/building_1/0001440/reference/0001440_057.jpg
building_1,0001440,test,dataset_splits/10_buildings/building_1/0001440/test/0001440_002.jpg
building_1,0001440,test,dataset_splits/10_buildings/building_1/0001440/test/0001440_007.jpg
building_1,0001440,test,dataset_splits/10_buildings/building_1/0001440/test/0001440_008.jpg
building_1,0001440,test,dataset_splits/10_buildings/building_1/0001440/test/0001440_009.jpg
building_1,0001440,test,dataset_splits/10_buildings/building_1/0001440/test/0001440_012.jpg
building_1,0001440,test,dataset_splits/10_buildings/building_1/0001440/test/0001440_013.jpg
building_1,0001440,test,dataset_splits/10_buildings/building_1/0001440/test/0001440_018.jpg
building_1,0001440,test,dataset_splits/10_buildings/building_1/0001440/test/0001440_019.jpg
building_1,0001440,test,dataset_splits/10_buildings/building_1/0001440/test/0001440_021.jpg
building_1,0001440,test,dataset_splits/10_buildings/building_1/0001440/test/0001440_022.jpg
building_1,0001440,test,dataset_splits/10_buildings/building_1/0001440/test/0001440_025.jpg
building_1,0001440,test,dataset_splits/10_buildings/building_1/0001440/test/0001440_029.jpg
building_1,0001440,test,dataset_splits/10_buildings/building_1/0001440/test/0001440_034.jpg
building_1,0001440,test,dataset_splits/10_buildings/building_1/0001440/test/0001440_039.jpg
building_1,0001440,test,dataset_splits/10_buildings/building_1/0001440/test/0001440_041.jpg
building_1,0001440,test,dataset_splits/10_buildings/building_1/0001440/test/0001440_047.jpg
building_1,0001440,test,dataset_splits/10_buildings/building_1/0001440/test/0001440_048.jpg
building_1,0001440,test,dataset_splits/10_buildings/building_1/0001440/test/0001440_049.jpg
building_1,0001440,test,dataset_splits/10_buildings/building_1/0001440/test/0001440_052.jpg
building_1,0001440,test,dataset_splits/10_buildings/building_1/0001440/test/0001440_059.jpg
building_1,0001508,reference,dataset_splits/10_buildings/building_1/0001508/reference/0001508_003.jpg
building_1,0001508,reference,dataset_splits/10_buildings/building_1/0001508/reference/0001508_008.jpg
building_1,0001508,reference,dataset_splits/10_buildings/building_1/0001508/reference/0001508_017.jpg
building_1,0001508,reference,dataset_splits/10_buildings/building_1/0001508/reference/0001508_021.jpg
building_1,0001508,reference,dataset_splits/10_buildings/building_1/0001508/reference/0001508_022.jpg
building_1,0001508,reference,dataset_splits/10_buildings/building_1/0001508/reference/0001508_025.jpg
building_1,0001508,reference,dataset_splits/10_buildings/building_1/0001508/reference/0001508_026.jpg
building_1,0001508,reference,dataset_splits/10_buildings/building_1/0001508/reference/0001508_029.jpg
building_1,0001508,reference,dataset_splits/10_buildings/building_1/0001508/reference/0001508_033.jpg
building_1,0001508,reference,dataset_splits/10_buildings/building_1/0001508/reference/0001508_040.jpg
building_1,0001508,reference,dataset_splits/10_buildings/building_1/0001508/reference/0001508_042.jpg
building_1,0001508,reference,dataset_splits/10_buildings/building_1/0001508/reference/0001508_048.jpg
building_1,0001508,reference,dataset_splits/10_buildings/building_1/0001508/reference/0001508_055.jpg
building_1,0001508,reference,dataset_splits/10_buildings/building_1/0001508/reference/0001508_059.jpg
building_1,0001508,reference,dataset_splits/10_buildings/building_1/0001508/reference/0001508_062.jpg
building_1,0001508,reference,dataset_splits/10_buildings/building_1/0001508/reference/0001508_064.jpg
building_1,0001508,reference,dataset_splits/10_buildings/building_1/0001508/reference/0001508_068.jpg
building_1,0001508,reference,dataset_splits/10_buildings/building_1/0001508/reference/0001508_071.jpg
building_1,0001508,reference,dataset_splits/10_buildings/building_1/0001508/reference/0001508_077.jpg
building_1,0001508,reference,dataset_splits/10_buildings/building_1/0001508/reference/0001508_078.jpg
building_1,0001508,test,dataset_splits/10_buildings/building_1/0001508/test/0001508_007.jpg
building_1,0001508,test,dataset_splits/10_buildings/building_1/0001508/test/0001508_011.jpg
building_1,0001508,test,dataset_splits/10_buildings/building_1/0001508/test/0001508_020.jpg
building_1,0001508,test,dataset_splits/10_buildings/building_1/0001508/test/0001508_023.jpg
building_1,0001508,test,dataset_splits/10_buildings/building_1/0001508/test/0001508_032.jpg
building_1,0001508,test,dataset_splits/10_buildings/building_1/0001508/test/0001508_034.jpg
building_1,0001508,test,dataset_splits/10_buildings/building_1/0001508/test/0001508_036.jpg
building_1,0001508,test,dataset_splits/10_buildings/building_1/0001508/test/0001508_037.jpg
building_1,0001508,test,dataset_splits/10_buildings/building_1/0001508/test/0001508_039.jpg
building_1,0001508,test,dataset_splits/10_buildings/building_1/0001508/test/0001508_041.jpg
building_1,0001508,test,dataset_splits/10_buildings/building_1/0001508/test/0001508_045.jpg
building_1,0001508,test,dataset_splits/10_buildings/building_1/0001508/test/0001508_046.jpg
building_1,0001508,test,dataset_splits/10_buildings/building_1/0001508/test/0001508_047.jpg
building_1,0001508,test,dataset_splits/10_buildings/building_1/0001508/test/0001508_049.jpg
building_1,0001508,test,dataset_splits/10_buildings/building_1/0001508/test/0001508_050.jpg
building_1,0001508,test,dataset_splits/10_buildings/building_1/0001508/test/0001508_054.jpg
building_1,0001508,test,dataset_splits/10_buildings/building_1/0001508/test/0001508_061.jpg
building_1,0001508,test,dataset_splits/10_buildings/building_1/0001508/test/0001508_065.jpg
building_1,0001508,test,dataset_splits/10_buildings/building_1/0001508/test/0001508_070.jpg
building_1,0001508,test,dataset_splits/10_buildings/building_1/0001508/test/0001508_075.jpg
building_1,0001610,reference,dataset_splits/10_buildings/building_1/0001610/reference/0001610_005.jpg
building_1,0001610,reference,dataset_splits/10_buildings/building_1/0001610/reference/0001610_010.jpg
building_1,0001610,reference,dataset_splits/10_buildings/building_1/0001610/reference/0001610_020.jpg
building_1,0001610,reference,dataset_splits/10_buildings/building_1/0001610/reference/0001610_026.jpg
building_1,0001610,reference,dataset_splits/10_buildings/building_1/0001610/reference/0001610_028.jpg
building_1,0001610,reference,dataset_splits/10_buildings/building_1/0001610/reference/0001610_033.jpg
building_1,0001610,reference,dataset_splits/10_buildings/building_1/0001610/reference/0001610_049.jpg
building_1,0001610,reference,dataset_splits/10_buildings/building_1/0001610/reference/0001610_050.jpg
building_1,0001610,reference,dataset_splits/10_buildings/building_1/0001610/reference/0001610_056.jpg
building_1,0001610,reference,dataset_splits/10_buildings/building_1/0001610/reference/0001610_059.jpg
building_1,0001610,reference,dataset_splits/10_buildings/building_1/0001610/reference/0001610_069.jpg
building_1,0001610,reference,dataset_splits/10_buildings/building_1/0001610/reference/0001610_071.jpg
building_1,0001610,reference,dataset_splits/10_buildings/building_1/0001610/reference/0001610_080.jpg
building_1,0001610,reference,dataset_splits/10_buildings/building_1/0001610/reference/0001610_090.jpg
building_1,0001610,reference,dataset_splits/10_buildings/building_1/0001610/reference/0001610_093.jpg
building_1,0001610,reference,dataset_splits/10_buildings/building_1/0001610/reference/0001610_104.jpg
building_1,0001610,reference,dataset_splits/10_buildings/building_1/0001610/reference/0001610_105.jpg
building_1,0001610,reference,dataset_splits/10_buildings/building_1/0001610/reference/0001610_109.jpg
building_1,0001610,reference,dataset_splits/10_buildings/building_1/0001610/reference/0001610_110.jpg
building_1,0001610,reference,dataset_splits/10_buildings/building_1/0001610/reference/0001610_119.jpg
building_1,0001610,test,dataset_splits/10_buildings/building_1/0001610/test/0001610_006.jpg
building_1,0001610,test,dataset_splits/10_buildings/building_1/0001610/test/0001610_017.jpg
building_1,0001610,test,dataset_splits/10_buildings/building_1/0001610/test/0001610_021.jpg
building_1,0001610,test,dataset_splits/10_buildings/building_1/0001610/test/0001610_025.jpg
building_1,0001610,test,dataset_splits/10_buildings/building_1/0001610/test/0001610_035.jpg
building_1,0001610,test,dataset_splits/10_buildings/building_1/0001610/test/0001610_039.jpg
building_1,0001610,test,dataset_splits/10_buildings/building_1/0001610/test/0001610_042.jpg
building_1,0001610,test,dataset_splits/10_buildings/building_1/0001610/test/0001610_045.jpg
building_1,0001610,test,dataset_splits/10_buildings/building_1/0001610/test/0001610_047.jpg
building_1,0001610,test,dataset_splits/10_buildings/building_1/0001610/test/0001610_060.jpg
building_1,0001610,test,dataset_splits/10_buildings/building_1/0001610/test/0001610_062.jpg
building_1,0001610,test,dataset_splits/10_buildings/building_1/0001610/test/0001610_063.jpg
building_1,0001610,test,dataset_splits/10_buildings/building_1/0001610/test/0001610_070.jpg
building_1,0001610,test,dataset_splits/10_buildings/building_1/0001610/test/0001610_073.jpg
building_1,0001610,test,dataset_splits/10_buildings/building_1/0001610/test/0001610_084.jpg
building_1,0001610,test,dataset_splits/10_buildings/building_1/0001610/test/0001610_086.jpg
building_1,0001610,test,dataset_splits/10_buildings/building_1/0001610/test/0001610_101.jpg
building_1,0001610,test,dataset_splits/10_buildings/building_1/0001610/test/0001610_115.jpg
building_1,0001610,test,dataset_splits/10_buildings/building_1/0001610/test/0001610_120.jpg
building_1,0001610,test,dataset_splits/10_buildings/building_1/0001610/test/0001610_122.jpg
building_1,0001642,reference,dataset_splits/10_buildings/building_1/0001642/reference/0001642_005.jpg
building_1,0001642,reference,dataset_splits/10_buildings/building_1/0001642/reference/0001642_008.jpg
building_1,0001642,reference,dataset_splits/10_buildings/building_1/0001642/reference/0001642_009.jpg
building_1,0001642,reference,dataset_splits/10_buildings/building_1/0001642/reference/0001642_013.jpg
building_1,0001642,reference,dataset_splits/10_buildings/building_1/0001642/reference/0001642_014.jpg
building_1,0001642,reference,dataset_splits/10_buildings/building_1/0001642/reference/0001642_018.jpg
building_1,0001642,reference,dataset_splits/10_buildings/building_1/0001642/reference/0001642_021.jpg
building_1,0001642,reference,dataset_splits/10_buildings/building_1/0001642/reference/0001642_024.jpg
building_1,0001642,reference,dataset_splits/10_buildings/building_1/0001642/reference/0001642_028.jpg
building_1,0001642,reference,dataset_splits/10_buildings/building_1/0001642/reference/0001642_032.jpg
building_1,0001642,reference,dataset_splits/10_buildings/building_1/0001642/reference/0001642_034.jpg
building_1,0001642,reference,dataset_splits/10_buildings/building_1/0001642/reference/0001642_040.jpg
building_1,0001642,reference,dataset_splits/10_buildings/building_1/0001642/reference/0001642_041.jpg
building_1,0001642,reference,dataset_splits/10_buildings/building_1/0001642/reference/0001642_053.jpg
building_1,0001642,reference,dataset_splits/10_buildings/building_1/0001642/reference/0001642_054.jpg
building_1,0001642,reference,dataset_splits/10_buildings/building_1/0001642/reference/0001642_056.jpg
building_1,0001642,reference,dataset_splits/10_buildings/building_1/0001642/reference/0001642_059.jpg
building_1,0001642,reference,dataset_splits/10_buildings/building_1/0001642/reference/0001642_060.jpg
building_1,0001642,reference,dataset_splits/10_buildings/building_1/0001642/reference/0001642_068.jpg
building_1,0001642,reference,dataset_splits/10_buildings/building_1/0001642/reference/0001642_072.jpg
building_1,0001642,test,dataset_splits/10_buildings/building_1/0001642/test/0001642_002.jpg
building_1,0001642,test,dataset_splits/10_buildings/building_1/0001642/test/0001642_004.jpg
building_1,0001642,test,dataset_splits/10_buildings/building_1/0001642/test/0001642_006.jpg
building_1,0001642,test,dataset_splits/10_buildings/building_1/0001642/test/0001642_010.jpg
building_1,0001642,test,dataset_splits/10_buildings/building_1/0001642/test/0001642_011.jpg
building_1,0001642,test,dataset_splits/10_buildings/building_1/0001642/test/0001642_022.jpg
building_1,0001642,test,dataset_splits/10_buildings/building_1/0001642/test/0001642_026.jpg
building_1,0001642,test,dataset_splits/10_buildings/building_1/0001642/test/0001642_027.jpg
building_1,0001642,test,dataset_splits/10_buildings/building_1/0001642/test/0001642_037.jpg
building_1,0001642,test,dataset_splits/10_buildings/building_1/0001642/test/0001642_039.jpg
building_1,0001642,test,dataset_splits/10_buildings/building_1/0001642/test/0001642_050.jpg
building_1,0001642,test,dataset_splits/10_buildings/building_1/0001642/test/0001642_051.jpg
building_1,0001642,test,dataset_splits/10_buildings/building_1/0001642/test/0001642_063.jpg
building_1,0001642,test,dataset_splits/10_buildings/building_1/0001642/test/0001642_066.jpg
building_1,0001642,test,dataset_splits/10_buildings/building_1/0001642/test/0001642_069.jpg
building_1,0001642,test,dataset_splits/10_buildings/building_1/0001642/test/0001642_070.jpg
building_1,0001642,test,dataset_splits/10_buildings/building_1/0001642/test/0001642_071.jpg
building_1,0001642,test,dataset_splits/10_buildings/building_1/0001642/test/0001642_073.jpg
building_1,0001642,test,dataset_splits/10_buildings/building_1/0001642/test/0001642_076.jpg
building_1,0001642,test,dataset_splits/10_buildings/building_1/0001642/test/0001642_078.jpg
building_1,0001664,reference,dataset_splits/10_buildings/building_1/0001664/reference/0001664_001.jpg
building_1,0001664,reference,dataset_splits/10_buildings/building_1/0001664/reference/0001664_005.jpg
building_1,0001664,reference,dataset_splits/10_buildings/building_1/0001664/reference/0001664_007.jpg
building_1,0001664,reference,dataset_splits/10_buildings/building_1/0001664/reference/0001664_011.jpg
building_1,0001664,reference,dataset_splits/10_buildings/building_1/0001664/reference/0001664_017.jpg
building_1,0001664,reference,dataset_splits/10_buildings/building_1/0001664/reference/0001664_020.jpg
building_1,0001664,reference,dataset_splits/10_buildings/building_1/0001664/reference/0001664_024.jpg
building_1,0001664,reference,dataset_splits/10_buildings/building_1/0001664/reference/0001664_036.jpg
building_1,0001664,reference,dataset_splits/10_buildings/building_1/0001664/reference/0001664_042.jpg
building_1,0001664,reference,dataset_splits/10_buildings/building_1/0001664/reference/0001664_044.jpg
building_1,0001664,reference,dataset_splits/10_buildings/building_1/0001664/reference/0001664_046.jpg
building_1,0001664,reference,dataset_splits/10_buildings/building_1/0001664/reference/0001664_053.jpg
building_1,0001664,reference,dataset_splits/10_buildings/building_1/0001664/reference/0001664_055.jpg
building_1,0001664,reference,dataset_splits/10_buildings/building_1/0001664/reference/0001664_056.jpg
building_1,0001664,reference,dataset_splits/10_buildings/building_1/0001664/reference/0001664_057.jpg
building_1,0001664,reference,dataset_splits/10_buildings/building_1/0001664/reference/0001664_061.jpg
building_1,0001664,reference,dataset_splits/10_buildings/building_1/0001664/reference/0001664_063.jpg
building_1,0001664,reference,dataset_splits/10_buildings/building_1/0001664/reference/0001664_070.jpg
building_1,0001664,reference,dataset_splits/10_buildings/building_1/0001664/reference/0001664_077.jpg
building_1,0001664,reference,dataset_splits/10_buildings/building_1/0001664/reference/0001664_081.jpg
building_1,0001664,test,dataset_splits/10_buildings/building_1/0001664/test/0001664_003.jpg
building_1,0001664,test,dataset_splits/10_buildings/building_1/0001664/test/0001664_010.jpg
building_1,0001664,test,dataset_splits/10_buildings/building_1/0001664/test/0001664_018.jpg
building_1,0001664,test,dataset_splits/10_buildings/building_1/0001664/test/0001664_022.jpg
building_1,0001664,test,dataset_splits/10_buildings/building_1/0001664/test/0001664_023.jpg
building_1,0001664,test,dataset_splits/10_buildings/building_1/0001664/test/0001664_027.jpg
building_1,0001664,test,dataset_splits/10_buildings/building_1/0001664/test/0001664_031.jpg
building_1,0001664,test,dataset_splits/10_buildings/building_1/0001664/test/0001664_032.jpg
building_1,0001664,test,dataset_splits/10_buildings/building_1/0001664/test/0001664_035.jpg
building_1,0001664,test,dataset_splits/10_buildings/building_1/0001664/test/0001664_038.jpg
building_1,0001664,test,dataset_splits/10_buildings/building_1/0001664/test/0001664_041.jpg
building_1,0001664,test,dataset_splits/10_buildings/building_1/0001664/test/0001664_059.jpg
building_1,0001664,test,dataset_splits/10_buildings/building_1/0001664/test/0001664_062.jpg
building_1,0001664,test,dataset_splits/10_buildings/building_1/0001664/test/0001664_064.jpg
building_1,0001664,test,dataset_splits/10_buildings/building_1/0001664/test/0001664_065.jpg
building_1,0001664,test,dataset_splits/10_buildings/building_1/0001664/test/0001664_067.jpg
building_1,0001664,test,dataset_splits/10_buildings/building_1/0001664/test/0001664_069.jpg
building_1,0001664,test,dataset_splits/10_buildings/building_1/0001664/test/0001664_072.jpg
building_1,0001664,test,dataset_splits/10_buildings/building_1/0001664/test/0001664_075.jpg
building_1,0001664,test,dataset_splits/10_buildings/building_1/0001664/test/0001664_078.jpg
building_1,0001714,reference,dataset_splits/10_buildings/building_1/0001714/reference/0001714_003.jpg
building_1,0001714,reference,dataset_splits/10_buildings/building_1/0001714/reference/0001714_004.jpg
building_1,0001714,reference,dataset_splits/10_buildings/building_1/0001714/reference/0001714_010.jpg
building_1,0001714,reference,dataset_splits/10_buildings/building_1/0001714/reference/0001714_012.jpg
building_1,0001714,reference,dataset_splits/10_buildings/building_1/0001714/reference/0001714_014.jpg
building_1,0001714,reference,dataset_splits/10_buildings/building_1/0001714/reference/0001714_018.jpg
building_1,0001714,reference,dataset_splits/10_buildings/building_1/0001714/reference/0001714_019.jpg
building_1,0001714,reference,dataset_splits/10_buildings/building_1/0001714/reference/0001714_027.jpg
building_1,0001714,reference,dataset_splits/10_buildings/building_1/0001714/reference/0001714_028.jpg
building_1,0001714,reference,dataset_splits/10_buildings/building_1/0001714/reference/0001714_030.jpg
building_1,0001714,reference,dataset_splits/10_buildings/building_1/0001714/reference/0001714_033.jpg
building_1,0001714,reference,dataset_splits/10_buildings/building_1/0001714/reference/0001714_036.jpg
building_1,0001714,reference,dataset_splits/10_buildings/building_1/0001714/reference/0001714_040.jpg
building_1,0001714,reference,dataset_splits/10_buildings/building_1/0001714/reference/0001714_044.jpg
building_1,0001714,reference,dataset_splits/10_buildings/building_1/0001714/reference/0001714_045.jpg
building_1,0001714,reference,dataset_splits/10_buildings/building_1/0001714/reference/0001714_056.jpg
building_1,0001714,reference,dataset_splits/10_buildings/building_1/0001714/reference/0001714_057.jpg
building_1,0001714,reference,dataset_splits/10_buildings/building_1/0001714/reference/0001714_059.jpg
building_1,0001714,reference,dataset_splits/10_buildings/building_1/0001714/reference/0001714_061.jpg
building_1,0001714,reference,dataset_splits/10_buildings/building_1/0001714/reference/0001714_064.jpg
building_1,0001714,test,dataset_splits/10_buildings/building_1/0001714/test/0001714_013.jpg
building_1,0001714,test,dataset_splits/10_buildings/building_1/0001714/test/0001714_015.jpg
building_1,0001714,test,dataset_splits/10_buildings/building_1/0001714/test/0001714_016.jpg
building_1,0001714,test,dataset_splits/10_buildings/building_1/0001714/test/0001714_022.jpg
building_1,0001714,test,dataset_splits/10_buildings/building_1/0001714/test/0001714_023.jpg
building_1,0001714,test,dataset_splits/10_buildings/building_1/0001714/test/0001714_024.jpg
building_1,0001714,test,dataset_splits/10_buildings/building_1/0001714/test/0001714_025.jpg
building_1,0001714,test,dataset_splits/10_buildings/building_1/0001714/test/0001714_026.jpg
building_1,0001714,test,dataset_splits/10_buildings/building_1/0001714/test/0001714_032.jpg
building_1,0001714,test,dataset_splits/10_buildings/building_1/0001714/test/0001714_034.jpg
building_1,0001714,test,dataset_splits/10_buildings/building_1/0001714/test/0001714_035.jpg
building_1,0001714,test,dataset_splits/10_buildings/building_1/0001714/test/0001714_038.jpg
building_1,0001714,test,dataset_splits/10_buildings/building_1/0001714/test/0001714_039.jpg
building_1,0001714,test,dataset_splits/10_buildings/building_1/0001714/test/0001714_042.jpg
building_1,0001714,test,dataset_splits/10_buildings/building_1/0001714/test/0001714_047.jpg
building_1,0001714,test,dataset_splits/10_buildings/building_1/0001714/test/0001714_049.jpg
building_1,0001714,test,dataset_splits/10_buildings/building_1/0001714/test/0001714_051.jpg
building_1,0001714,test,dataset_splits/10_buildings/building_1/0001714/test/0001714_053.jpg
building_1,0001714,test,dataset_splits/10_buildings/building_1/0001714/test/0001714_062.jpg
building_1,0001714,test,dataset_splits/10_buildings/building_1/0001714/test/0001714_063.jpg
building_1,0001774,reference,dataset_splits/10_buildings/building_1/0001774/reference/0001774_006.jpg
building_1,0001774,reference,dataset_splits/10_buildings/building_1/0001774/reference/0001774_012.jpg
building_1,0001774,reference,dataset_splits/10_buildings/building_1/0001774/reference/0001774_097.jpg
building_1,0001774,reference,dataset_splits/10_buildings/building_1/0001774/reference/0001774_109.jpg
building_1,0001774,reference,dataset_splits/10_buildings/building_1/0001774/reference/0001774_112.jpg
building_1,0001774,reference,dataset_splits/10_buildings/building_1/0001774/reference/0001774_202.jpg
building_1,0001774,reference,dataset_splits/10_buildings/building_1/0001774/reference/0001774_247.jpg
building_1,0001774,reference,dataset_splits/10_buildings/building_1/0001774/reference/0001774_248.jpg
building_1,0001774,reference,dataset_splits/10_buildings/building_1/0001774/reference/0001774_251.jpg
building_1,0001774,reference,dataset_splits/10_buildings/building_1/0001774/reference/0001774_260.jpg
building_1,0001774,reference,dataset_splits/10_buildings/building_1/0001774/reference/0001774_289.jpg
building_1,0001774,reference,dataset_splits/10_buildings/building_1/0001774/reference/0001774_334.jpg
building_1,0001774,reference,dataset_splits/10_buildings/building_1/0001774/reference/0001774_340.jpg
building_1,0001774,reference,dataset_splits/10_buildings/building_1/0001774/reference/0001774_381.jpg
building_1,0001774,reference,dataset_splits/10_buildings/building_1/0001774/reference/0001774_395.jpg
building_1,0001774,reference,dataset_splits/10_buildings/building_1/0001774/reference/0001774_401.jpg
building_1,0001774,reference,dataset_splits/10_buildings/building_1/0001774/reference/0001774_446.jpg
building_1,0001774,reference,dataset_splits/10_buildings/building_1/0001774/reference/0001774_476.jpg
building_1,0001774,reference,dataset_splits/10_buildings/building_1/0001774/reference/0001774_499.jpg
building_1,0001774,reference,dataset_splits/10_buildings/building_1/0001774/reference/0001774_505.jpg
building_1,0001774,test,dataset_splits/10_buildings/building_1/0001774/test/0001774_023.jpg
building_1,0001774,test,dataset_splits/10_buildings/building_1/0001774/test/0001774_053.jpg
building_1,0001774,test,dataset_splits/10_buildings/building_1/0001774/test/0001774_068.jpg
building_1,0001774,test,dataset_splits/10_buildings/building_1/0001774/test/0001774_137.jpg
building_1,0001774,test,dataset_splits/10_buildings/building_1/0001774/test/0001774_142.jpg
building_1,0001774,test,dataset_splits/10_buildings/building_1/0001774/test/0001774_164.jpg
building_1,0001774,test,dataset_splits/10_buildings/building_1/0001774/test/0001774_170.jpg
building_1,0001774,test,dataset_splits/10_buildings/building_1/0001774/test/0001774_227.jpg
building_1,0001774,test,dataset_splits/10_buildings/building_1/0001774/test/0001774_232.jpg
building_1,0001774,test,dataset_splits/10_buildings/building_1/0001774/test/0001774_271.jpg
building_1,0001774,test,dataset_splits/10_buildings/building_1/0001774/test/0001774_273.jpg
building_1,0001774,test,dataset_splits/10_buildings/building_1/0001774/test/0001774_304.jpg
building_1,0001774,test,dataset_splits/10_buildings/building_1/0001774/test/0001774_347.jpg
building_1,0001774,test,dataset_splits/10_buildings/building_1/0001774/test/0001774_350.jpg
building_1,0001774,test,dataset_splits/10_buildings/building_1/0001774/test/0001774_351.jpg
building_1,0001774,test,dataset_splits/10_buildings/building_1/0001774/test/0001774_355.jpg
building_1,0001774,test,dataset_splits/10_buildings/building_1/0001774/test/0001774_357.jpg
building_1,0001774,test,dataset_splits/10_buildings/building_1/0001774/test/0001774_389.jpg
building_1,0001774,test,dataset_splits/10_buildings/building_1/0001774/test/0001774_413.jpg
building_1,0001774,test,dataset_splits/10_buildings/building_1/0001774/test/0001774_498.jpg
building_1,0001776,reference,dataset_splits/10_buildings/building_1/0001776/reference/0001776_018.jpg
building_1,0001776,reference,dataset_splits/10_buildings/building_1/0001776/reference/0001776_024.jpg
building_1,0001776,reference,dataset_splits/10_buildings/building_1/0001776/reference/0001776_030.jpg
building_1,0001776,reference,dataset_splits/10_buildings/building_1/0001776/reference/0001776_037.jpg
building_1,0001776,reference,dataset_splits/10_buildings/building_1/0001776/reference/0001776_048.jpg
building_1,0001776,reference,dataset_splits/10_buildings/building_1/0001776/reference/0001776_056.jpg
building_1,0001776,reference,dataset_splits/10_buildings/building_1/0001776/reference/0001776_063.jpg
building_1,0001776,reference,dataset_splits/10_buildings/building_1/0001776/reference/0001776_065.jpg
building_1,0001776,reference,dataset_splits/10_buildings/building_1/0001776/reference/0001776_075.jpg
building_1,0001776,reference,dataset_splits/10_buildings/building_1/0001776/reference/0001776_077.jpg
building_1,0001776,reference,dataset_splits/10_buildings/building_1/0001776/reference/0001776_081.jpg
building_1,0001776,reference,dataset_splits/10_buildings/building_1/0001776/reference/0001776_113.jpg
building_1,0001776,reference,dataset_splits/10_buildings/building_1/0001776/reference/0001776_119.jpg
building_1,0001776,reference,dataset_splits/10_buildings/building_1/0001776/reference/0001776_125.jpg
building_1,0001776,reference,dataset_splits/10_buildings/building_1/0001776/reference/0001776_127.jpg
building_1,0001776,reference,dataset_splits/10_buildings/building_1/0001776/reference/0001776_132.jpg
building_1,0001776,reference,dataset_splits/10_buildings/building_1/0001776/reference/0001776_151.jpg
building_1,0001776,reference,dataset_splits/10_buildings/building_1/0001776/reference/0001776_170.jpg
building_1,0001776,reference,dataset_splits/10_buildings/building_1/0001776/reference/0001776_175.jpg
building_1,0001776,reference,dataset_splits/10_buildings/building_1/0001776/reference/0001776_182.jpg
building_1,0001776,test,dataset_splits/10_buildings/building_1/0001776/test/0001776_006.jpg
building_1,0001776,test,dataset_splits/10_buildings/building_1/0001776/test/0001776_010.jpg
building_1,0001776,test,dataset_splits/10_buildings/building_1/0001776/test/0001776_011.jpg
building_1,0001776,test,dataset_splits/10_buildings/building_1/0001776/test/0001776_026.jpg
building_1,0001776,test,dataset_splits/10_buildings/building_1/0001776/test/0001776_055.jpg
building_1,0001776,test,dataset_splits/10_buildings/building_1/0001776/test/0001776_059.jpg
building_1,0001776,test,dataset_splits/10_buildings/building_1/0001776/test/0001776_067.jpg
building_1,0001776,test,dataset_splits/10_buildings/building_1/0001776/test/0001776_095.jpg
building_1,0001776,test,dataset_splits/10_buildings/building_1/0001776/test/0001776_096.jpg
building_1,0001776,test,dataset_splits/10_buildings/building_1/0001776/test/0001776_100.jpg
building_1,0001776,test,dataset_splits/10_buildings/building_1/0001776/test/0001776_111.jpg
building_1,0001776,test,dataset_splits/10_buildings/building_1/0001776/test/0001776_114.jpg
building_1,0001776,test,dataset_splits/10_buildings/building_1/0001776/test/0001776_121.jpg
building_1,0001776,test,dataset_splits/10_buildings/building_1/0001776/test/0001776_122.jpg
building_1,0001776,test,dataset_splits/10_buildings/building_1/0001776/test/0001776_123.jpg
building_1,0001776,test,dataset_splits/10_buildings/building_1/0001776/test/0001776_129.jpg
building_1,0001776,test,dataset_splits/10_buildings/building_1/0001776/test/0001776_137.jpg
building_1,0001776,test,dataset_splits/10_buildings/building_1/0001776/test/0001776_161.jpg
building_1,0001776,test,dataset_splits/10_buildings/building_1/0001776/test/0001776_172.jpg
building_1,0001776,test,dataset_splits/10_buildings/building_1/0001776/test/0001776_185.jpg
building_1,0002801,reference,dataset_splits/10_buildings/building_1/0002801/reference/0002801_002.jpg
building_1,0002801,reference,dataset_splits/10_buildings/building_1/0002801/reference/0002801_010.jpg
building_1,0002801,reference,dataset_splits/10_buildings/building_1/0002801/reference/0002801_011.jpg
building_1,0002801,reference,dataset_splits/10_buildings/building_1/0002801/reference/0002801_015.jpg
building_1,0002801,reference,dataset_splits/10_buildings/building_1/0002801/reference/0002801_016.jpg
building_1,0002801,reference,dataset_splits/10_buildings/building_1/0002801/reference/0002801_017.jpg
building_1,0002801,reference,dataset_splits/10_buildings/building_1/0002801/reference/0002801_020.jpg
building_1,0002801,reference,dataset_splits/10_buildings/building_1/0002801/reference/0002801_022.jpg
building_1,0002801,reference,dataset_splits/10_buildings/building_1/0002801/reference/0002801_025.jpg
building_1,0002801,reference,dataset_splits/10_buildings/building_1/0002801/reference/0002801_026.jpg
building_1,0002801,reference,dataset_splits/10_buildings/building_1/0002801/reference/0002801_032.jpg
building_1,0002801,reference,dataset_splits/10_buildings/building_1/0002801/reference/0002801_034.jpg
building_1,0002801,reference,dataset_splits/10_buildings/building_1/0002801/reference/0002801_036.jpg
building_1,0002801,reference,dataset_splits/10_buildings/building_1/0002801/reference/0002801_038.jpg
building_1,0002801,reference,dataset_splits/10_buildings/building_1/0002801/reference/0002801_039.jpg
building_1,0002801,reference,dataset_splits/10_buildings/building_1/0002801/reference/0002801_040.jpg
building_1,0002801,reference,dataset_splits/10_buildings/building_1/0002801/reference/0002801_045.jpg
building_1,0002801,reference,dataset_splits/10_buildings/building_1/0002801/reference/0002801_055.jpg
building_1,0002801,reference,dataset_splits/10_buildings/building_1/0002801/reference/0002801_059.jpg
building_1,0002801,reference,dataset_splits/10_buildings/building_1/0002801/reference/0002801_060.jpg
building_1,0002801,test,dataset_splits/10_buildings/building_1/0002801/test/0002801_003.jpg
building_1,0002801,test,dataset_splits/10_buildings/building_1/0002801/test/0002801_004.jpg
building_1,0002801,test,dataset_splits/10_buildings/building_1/0002801/test/0002801_005.jpg
building_1,0002801,test,dataset_splits/10_buildings/building_1/0002801/test/0002801_007.jpg
building_1,0002801,test,dataset_splits/10_buildings/building_1/0002801/test/0002801_009.jpg
building_1,0002801,test,dataset_splits/10_buildings/building_1/0002801/test/0002801_018.jpg
building_1,0002801,test,dataset_splits/10_buildings/building_1/0002801/test/0002801_019.jpg
building_1,0002801,test,dataset_splits/10_buildings/building_1/0002801/test/0002801_021.jpg
building_1,0002801,test,dataset_splits/10_buildings/building_1/0002801/test/0002801_030.jpg
building_1,0002801,test,dataset_splits/10_buildings/building_1/0002801/test/0002801_031.jpg
building_1,0002801,test,dataset_splits/10_buildings/building_1/0002801/test/0002801_035.jpg
building_1,0002801,test,dataset_splits/10_buildings/building_1/0002801/test/0002801_037.jpg
building_1,0002801,test,dataset_splits/10_buildings/building_1/0002801/test/0002801_041.jpg
building_1,0002801,test,dataset_splits/10_buildings/building_1/0002801/test/0002801_043.jpg
building_1,0002801,test,dataset_splits/10_buildings/building_1/0002801/test/0002801_046.jpg
building_1,0002801,test,dataset_splits/10_buildings/building_1/0002801/test/0002801_047.jpg
building_1,0002801,test,dataset_splits/10_buildings/building_1/0002801/test/0002801_049.jpg
building_1,0002801,test,dataset_splits/10_buildings/building_1/0002801/test/0002801_051.jpg
building_1,0002801,test,dataset_splits/10_buildings/building_1/0002801/test/0002801_052.jpg
building_1,0002801,test,dataset_splits/10_buildings/building_1/0002801/test/0002801_058.jpg
building_1,0004700,reference,dataset_splits/10_buildings/building_1/0004700/reference/0004700_001.jpg
building_1,0004700,reference,dataset_splits/10_buildings/building_1/0004700/reference/0004700_002.jpg
building_1,0004700,reference,dataset_splits/10_buildings/building_1/0004700/reference/0004700_003.jpg
building_1,0004700,reference,dataset_splits/10_buildings/building_1/0004700/reference/0004700_006.jpg
building_1,0004700,reference,dataset_splits/10_buildings/building_1/0004700/reference/0004700_008.jpg
building_1,0004700,reference,dataset_splits/10_buildings/building_1/0004700/reference/0004700_010.jpg
building_1,0004700,reference,dataset_splits/10_buildings/building_1/0004700/reference/0004700_011.jpg
building_1,0004700,reference,dataset_splits/10_buildings/building_1/0004700/reference/0004700_013.jpg
building_1,0004700,reference,dataset_splits/10_buildings/building_1/0004700/reference/0004700_016.jpg
building_1,0004700,reference,dataset_splits/10_buildings/building_1/0004700/reference/0004700_017.jpg
building_1,0004700,reference,dataset_splits/10_buildings/building_1/0004700/reference/0004700_027.jpg
building_1,0004700,reference,dataset_splits/10_buildings/building_1/0004700/reference/0004700_030.jpg
building_1,0004700,reference,dataset_splits/10_buildings/building_1/0004700/reference/0004700_036.jpg
building_1,0004700,reference,dataset_splits/10_buildings/building_1/0004700/reference/0004700_037.jpg
building_1,0004700,reference,dataset_splits/10_buildings/building_1/0004700/reference/0004700_039.jpg
building_1,0004700,reference,dataset_splits/10_buildings/building_1/0004700/reference/0004700_040.jpg
building_1,0004700,reference,dataset_splits/10_buildings/building_1/0004700/reference/0004700_043.jpg
building_1,0004700,reference,dataset_splits/10_buildings/building_1/0004700/reference/0004700_046.jpg
building_1,0004700,reference,dataset_splits/10_buildings/building_1/0004700/reference/0004700_048.jpg
building_1,0004700,reference,dataset_splits/10_buildings/building_1/0004700/reference/0004700_054.jpg
building_1,0004700,test,dataset_splits/10_buildings/building_1/0004700/test/0004700_004.jpg
building_1,0004700,test,dataset_splits/10_buildings/building_1/0004700/test/0004700_007.jpg
building_1,0004700,test,dataset_splits/10_buildings/building_1/0004700/test/0004700_012.jpg
building_1,0004700,test,dataset_splits/10_buildings/building_1/0004700/test/0004700_014.jpg
building_1,0004700,test,dataset_splits/10_buildings/building_1/0004700/test/0004700_020.jpg
building_1,0004700,test,dataset_splits/10_buildings/building_1/0004700/test/0004700_021.jpg
building_1,0004700,test,dataset_splits/10_buildings/building_1/0004700/test/0004700_023.jpg
building_1,0004700,test,dataset_splits/10_buildings/building_1/0004700/test/0004700_028.jpg
building_1,0004700,test,dataset_splits/10_buildings/building_1/0004700/test/0004700_029.jpg
building_1,0004700,test,dataset_splits/10_buildings/building_1/0004700/test/0004700_032.jpg
building_1,0004700,test,dataset_splits/10_buildings/building_1/0004700/test/0004700_034.jpg
building_1,0004700,test,dataset_splits/10_buildings/building_1/0004700/test/0004700_035.jpg
building_1,0004700,test,dataset_splits/10_buildings/building_1/0004700/test/0004700_041.jpg
building_1,0004700,test,dataset_splits/10_buildings/building_1/0004700/test/0004700_042.jpg
building_1,0004700,test,dataset_splits/10_buildings/building_1/0004700/test/0004700_044.jpg
building_1,0004700,test,dataset_splits/10_buildings/building_1/0004700/test/0004700_045.jpg
building_1,0004700,test,dataset_splits/10_buildings/building_1/0004700/test/0004700_050.jpg
building_1,0004700,test,dataset_splits/10_buildings/building_1/0004700/test/0004700_051.jpg
building_1,0004700,test,dataset_splits/10_buildings/building_1/0004700/test/0004700_052.jpg
building_1,0004700,test,dataset_splits/10_buildings/building_1/0004700/test/0004700_053.jpg
building_1,0004801,reference,dataset_splits/10_buildings/building_1/0004801/reference/0004801_001.jpg
building_1,0004801,reference,dataset_splits/10_buildings/building_1/0004801/reference/0004801_002.jpg
building_1,0004801,reference,dataset_splits/10_buildings/building_1/0004801/reference/0004801_003.jpg
building_1,0004801,reference,dataset_splits/10_buildings/building_1/0004801/reference/0004801_012.jpg
building_1,0004801,reference,dataset_splits/10_buildings/building_1/0004801/reference/0004801_013.jpg
building_1,0004801,reference,dataset_splits/10_buildings/building_1/0004801/reference/0004801_014.jpg
building_1,0004801,reference,dataset_splits/10_buildings/building_1/0004801/reference/0004801_015.jpg
building_1,0004801,reference,dataset_splits/10_buildings/building_1/0004801/reference/0004801_019.jpg
building_1,0004801,reference,dataset_splits/10_buildings/building_1/0004801/reference/0004801_022.jpg
building_1,0004801,reference,dataset_splits/10_buildings/building_1/0004801/reference/0004801_027.jpg
building_1,0004801,reference,dataset_splits/10_buildings/building_1/0004801/reference/0004801_028.jpg
building_1,0004801,reference,dataset_splits/10_buildings/building_1/0004801/reference/0004801_029.jpg
building_1,0004801,reference,dataset_splits/10_buildings/building_1/0004801/reference/0004801_030.jpg
building_1,0004801,reference,dataset_splits/10_buildings/building_1/0004801/reference/0004801_036.jpg
building_1,0004801,reference,dataset_splits/10_buildings/building_1/0004801/reference/0004801_040.jpg
building_1,0004801,reference,dataset_splits/10_buildings/building_1/0004801/reference/0004801_045.jpg
building_1,0004801,reference,dataset_splits/10_buildings/building_1/0004801/reference/0004801_046.jpg
building_1,0004801,reference,dataset_splits/10_buildings/building_1/0004801/reference/0004801_051.jpg
building_1,0004801,reference,dataset_splits/10_buildings/building_1/0004801/reference/0004801_053.jpg
building_1,0004801,reference,dataset_splits/10_buildings/building_1/0004801/reference/0004801_056.jpg
building_1,0004801,test,dataset_splits/10_buildings/building_1/0004801/test/0004801_004.jpg
building_1,0004801,test,dataset_splits/10_buildings/building_1/0004801/test/0004801_006.jpg
building_1,0004801,test,dataset_splits/10_buildings/building_1/0004801/test/0004801_007.jpg
building_1,0004801,test,dataset_splits/10_buildings/building_1/0004801/test/0004801_009.jpg
building_1,0004801,test,dataset_splits/10_buildings/building_1/0004801/test/0004801_011.jpg
building_1,0004801,test,dataset_splits/10_buildings/building_1/0004801/test/0004801_016.jpg
building_1,0004801,test,dataset_splits/10_buildings/building_1/0004801/test/0004801_020.jpg
building_1,0004801,test,dataset_splits/10_buildings/building_1/0004801/test/0004801_021.jpg
building_1,0004801,test,dataset_splits/10_buildings/building_1/0004801/test/0004801_024.jpg
building_1,0004801,test,dataset_splits/10_buildings/building_1/0004801/test/0004801_026.jpg
building_1,0004801,test,dataset_splits/10_buildings/building_1/0004801/test/0004801_032.jpg
building_1,0004801,test,dataset_splits/10_buildings/building_1/0004801/test/0004801_038.jpg
building_1,0004801,test,dataset_splits/10_buildings/building_1/0004801/test/0004801_041.jpg
building_1,0004801,test,dataset_splits/10_buildings/building_1/0004801/test/0004801_042.jpg
building_1,0004801,test,dataset_splits/10_buildings/building_1/0004801/test/0004801_044.jpg
building_1,0004801,test,dataset_splits/10_buildings/building_1/0004801/test/0004801_047.jpg
building_1,0004801,test,dataset_splits/10_buildings/building_1/0004801/test/0004801_048.jpg
building_1,0004801,test,dataset_splits/10_buildings/building_1/0004801/test/0004801_052.jpg
building_1,0004801,test,dataset_splits/10_buildings/building_1/0004801/test/0004801_054.jpg
building_1,0004801,test,dataset_splits/10_buildings/building_1/0004801/test/0004801_055.jpg
building_1,0004834,reference,dataset_splits/10_buildings/building_1/0004834/reference/0004834_002.jpg
building_1,0004834,reference,dataset_splits/10_buildings/building_1/0004834/reference/0004834_003.jpg
building_1,0004834,reference,dataset_splits/10_buildings/building_1/0004834/reference/0004834_005.jpg
building_1,0004834,reference,dataset_splits/10_buildings/building_1/0004834/reference/0004834_007.jpg
building_1,0004834,reference,dataset_splits/10_buildings/building_1/0004834/reference/0004834_008.jpg
building_1,0004834,reference,dataset_splits/10_buildings/building_1/0004834/reference/0004834_012.jpg
building_1,0004834,reference,dataset_splits/10_buildings/building_1/0004834/reference/0004834_016.jpg
building_1,0004834,reference,dataset_splits/10_buildings/building_1/0004834/reference/0004834_018.jpg
building_1,0004834,reference,dataset_splits/10_buildings/building_1/0004834/reference/0004834_023.jpg
building_1,0004834,reference,dataset_splits/10_buildings/building_1/0004834/reference/0004834_029.jpg
building_1,0004834,reference,dataset_splits/10_buildings/building_1/0004834/reference/0004834_032.jpg
building_1,0004834,reference,dataset_splits/10_buildings/building_1/0004834/reference/0004834_035.jpg
building_1,0004834,reference,dataset_splits/10_buildings/building_1/0004834/reference/0004834_038.jpg
building_1,0004834,reference,dataset_splits/10_buildings/building_1/0004834/reference/0004834_040.jpg
building_1,0004834,reference,dataset_splits/10_buildings/building_1/0004834/reference/0004834_042.jpg
building_1,0004834,reference,dataset_splits/10_buildings/building_1/0004834/reference/0004834_048.jpg
building_1,0004834,reference,dataset_splits/10_buildings/building_1/0004834/reference/0004834_052.jpg
building_1,0004834,reference,dataset_splits/10_buildings/building_1/0004834/reference/0004834_054.jpg
building_1,0004834,reference,dataset_splits/10_buildings/building_1/0004834/reference/0004834_056.jpg
building_1,0004834,reference,dataset_splits/10_buildings/building_1/0004834/reference/0004834_060.jpg
building_1,0004834,test,dataset_splits/10_buildings/building_1/0004834/test/0004834_006.jpg
building_1,0004834,test,dataset_splits/10_buildings/building_1/0004834/test/0004834_013.jpg
building_1,0004834,test,dataset_splits/10_buildings/building_1/0004834/test/0004834_015.jpg
building_1,0004834,test,dataset_splits/10_buildings/building_1/0004834/test/0004834_020.jpg
building_1,0004834,test,dataset_splits/10_buildings/building_1/0004834/test/0004834_021.jpg
building_1,0004834,test,dataset_splits/10_buildings/building_1/0004834/test/0004834_022.jpg
building_1,0004834,test,dataset_splits/10_buildings/building_1/0004834/test/0004834_024.jpg
building_1,0004834,test,dataset_splits/10_buildings/building_1/0004834/test/0004834_026.jpg
building_1,0004834,test,dataset_splits/10_buildings/building_1/0004834/test/0004834_028.jpg
building_1,0004834,test,dataset_splits/10_buildings/building_1/0004834/test/0004834_030.jpg
building_1,0004834,test,dataset_splits/10_buildings/building_1/0004834/test/0004834_031.jpg
building_1,0004834,test,dataset_splits/10_buildings/building_1/0004834/test/0004834_037.jpg
building_1,0004834,test,dataset_splits/10_buildings/building_1/0004834/test/0004834_039.jpg
building_1,0004834,test,dataset_splits/10_buildings/building_1/0004834/test/0004834_043.jpg
building_1,0004834,test,dataset_splits/10_buildings/building_1/0004834/test/0004834_044.jpg
building_1,0004834,test,dataset_splits/10_buildings/building_1/0004834/test/0004834_045.jpg
building_1,0004834,test,dataset_splits/10_buildings/building_1/0004834/test/0004834_046.jpg
building_1,0004834,test,dataset_splits/10_buildings/building_1/0004834/test/0004834_049.jpg
building_1,0004834,test,dataset_splits/10_buildings/building_1/0004834/test/0004834_050.jpg
building_1,0004834,test,dataset_splits/10_buildings/building_1/0004834/test/0004834_059.jpg
building_1,0004846,reference,dataset_splits/10_buildings/building_1/0004846/reference/0004846_006.jpg
building_1,0004846,reference,dataset_splits/10_buildings/building_1/0004846/reference/0004846_011.jpg
building_1,0004846,reference,dataset_splits/10_buildings/building_1/0004846/reference/0004846_017.jpg
building_1,0004846,reference,dataset_splits/10_buildings/building_1/0004846/reference/0004846_020.jpg
building_1,0004846,reference,dataset_splits/10_buildings/building_1/0004846/reference/0004846_025.jpg
building_1,0004846,reference,dataset_splits/10_buildings/building_1/0004846/reference/0004846_028.jpg
building_1,0004846,reference,dataset_splits/10_buildings/building_1/0004846/reference/0004846_029.jpg
building_1,0004846,reference,dataset_splits/10_buildings/building_1/0004846/reference/0004846_030.jpg
building_1,0004846,reference,dataset_splits/10_buildings/building_1/0004846/reference/0004846_031.jpg
building_1,0004846,reference,dataset_splits/10_buildings/building_1/0004846/reference/0004846_032.jpg
building_1,0004846,reference,dataset_splits/10_buildings/building_1/0004846/reference/0004846_033.jpg
building_1,0004846,reference,dataset_splits/10_buildings/building_1/0004846/reference/0004846_041.jpg
building_1,0004846,reference,dataset_splits/10_buildings/building_1/0004846/reference/0004846_050.jpg
building_1,0004846,reference,dataset_splits/10_buildings/building_1/0004846/reference/0004846_056.jpg
building_1,0004846,reference,dataset_splits/10_buildings/building_1/0004846/reference/0004846_057.jpg
building_1,0004846,reference,dataset_splits/10_buildings/building_1/0004846/reference/0004846_059.jpg
building_1,0004846,reference,dataset_splits/10_buildings/building_1/0004846/reference/0004846_064.jpg
building_1,0004846,reference,dataset_splits/10_buildings/building_1/0004846/reference/0004846_065.jpg
building_1,0004846,reference,dataset_splits/10_buildings/building_1/0004846/reference/0004846_069.jpg
building_1,0004846,reference,dataset_splits/10_buildings/building_1/0004846/reference/0004846_072.jpg
building_1,0004846,test,dataset_splits/10_buildings/building_1/0004846/test/0004846_004.jpg
building_1,0004846,test,dataset_splits/10_buildings/building_1/0004846/test/0004846_014.jpg
building_1,0004846,test,dataset_splits/10_buildings/building_1/0004846/test/0004846_015.jpg
building_1,0004846,test,dataset_splits/10_buildings/building_1/0004846/test/0004846_016.jpg
building_1,0004846,test,dataset_splits/10_buildings/building_1/0004846/test/0004846_023.jpg
building_1,0004846,test,dataset_splits/10_buildings/building_1/0004846/test/0004846_038.jpg
building_1,0004846,test,dataset_splits/10_buildings/building_1/0004846/test/0004846_039.jpg
building_1,0004846,test,dataset_splits/10_buildings/building_1/0004846/test/0004846_040.jpg
building_1,0004846,test,dataset_splits/10_buildings/building_1/0004846/test/0004846_046.jpg
building_1,0004846,test,dataset_splits/10_buildings/building_1/0004846/test/0004846_048.jpg
building_1,0004846,test,dataset_splits/10_buildings/building_1/0004846/test/0004846_054.jpg
building_1,0004846,test,dataset_splits/10_buildings/building_1/0004846/test/0004846_055.jpg
building_1,0004846,test,dataset_splits/10_buildings/building_1/0004846/test/0004846_058.jpg
building_1,0004846,test,dataset_splits/10_buildings/building_1/0004846/test/0004846_061.jpg
building_1,0004846,test,dataset_splits/10_buildings/building_1/0004846/test/0004846_063.jpg
building_1,0004846,test,dataset_splits/10_buildings/building_1/0004846/test/0004846_066.jpg
building_1,0004846,test,dataset_splits/10_buildings/building_1/0004846/test/0004846_068.jpg
building_1,0004846,test,dataset_splits/10_buildings/building_1/0004846/test/0004846_071.jpg
building_1,0004846,test,dataset_splits/10_buildings/building_1/0004846/test/0004846_075.jpg
building_1,0004846,test,dataset_splits/10_buildings/building_1/0004846/test/0004846_078.jpg
building_1,0004912,reference,dataset_splits/10_buildings/building_1/0004912/reference/0004912_002.jpg
building_1,0004912,reference,dataset_splits/10_buildings/building_1/0004912/reference/0004912_006.jpg
building_1,0004912,reference,dataset_splits/10_buildings/building_1/0004912/reference/0004912_007.jpg
building_1,0004912,reference,dataset_splits/10_buildings/building_1/0004912/reference/0004912_008.jpg
building_1,0004912,reference,dataset_splits/10_buildings/building_1/0004912/reference/0004912_012.jpg
building_1,0004912,reference,dataset_splits/10_buildings/building_1/0004912/reference/0004912_015.jpg
building_1,0004912,reference,dataset_splits/10_buildings/building_1/0004912/reference/0004912_017.jpg
building_1,0004912,reference,dataset_splits/10_buildings/building_1/0004912/reference/0004912_019.jpg
building_1,0004912,reference,dataset_splits/10_buildings/building_1/0004912/reference/0004912_020.jpg
building_1,0004912,reference,dataset_splits/10_buildings/building_1/0004912/reference/0004912_024.jpg
building_1,0004912,reference,dataset_splits/10_buildings/building_1/0004912/reference/0004912_025.jpg
building_1,0004912,reference,dataset_splits/10_buildings/building_1/0004912/reference/0004912_027.jpg
building_1,0004912,reference,dataset_splits/10_buildings/building_1/0004912/reference/0004912_029.jpg
building_1,0004912,reference,dataset_splits/10_buildings/building_1/0004912/reference/0004912_033.jpg
building_1,0004912,reference,dataset_splits/10_buildings/building_1/0004912/reference/0004912_034.jpg
building_1,0004912,reference,dataset_splits/10_buildings/building_1/0004912/reference/0004912_042.jpg
building_1,0004912,reference,dataset_splits/10_buildings/building_1/0004912/reference/0004912_050.jpg
building_1,0004912,reference,dataset_splits/10_buildings/building_1/0004912/reference/0004912_051.jpg
building_1,0004912,reference,dataset_splits/10_buildings/building_1/0004912/reference/0004912_056.jpg
building_1,0004912,reference,dataset_splits/10_buildings/building_1/0004912/reference/0004912_057.jpg
building_1,0004912,test,dataset_splits/10_buildings/building_1/0004912/test/0004912_001.jpg
building_1,0004912,test,dataset_splits/10_buildings/building_1/0004912/test/0004912_004.jpg
building_1,0004912,test,dataset_splits/10_buildings/building_1/0004912/test/0004912_010.jpg
building_1,0004912,test,dataset_splits/10_buildings/building_1/0004912/test/0004912_021.jpg
building_1,0004912,test,dataset_splits/10_buildings/building_1/0004912/test/0004912_023.jpg
building_1,0004912,test,dataset_splits/10_buildings/building_1/0004912/test/0004912_026.jpg
building_1,0004912,test,dataset_splits/10_buildings/building_1/0004912/test/0004912_032.jpg
building_1,0004912,test,dataset_splits/10_buildings/building_1/0004912/test/0004912_035.jpg
building_1,0004912,test,dataset_splits/10_buildings/building_1/0004912/test/0004912_036.jpg
building_1,0004912,test,dataset_splits/10_buildings/building_1/0004912/test/0004912_037.jpg
building_1,0004912,test,dataset_splits/10_buildings/building_1/0004912/test/0004912_039.jpg
building_1,0004912,test,dataset_splits/10_buildings/building_1/0004912/test/0004912_040.jpg
building_1,0004912,test,dataset_splits/10_buildings/building_1/0004912/test/0004912_041.jpg
building_1,0004912,test,dataset_splits/10_buildings/building_1/0004912/test/0004912_043.jpg
building_1,0004912,test,dataset_splits/10_buildings/building_1/0004912/test/0004912_045.jpg
building_1,0004912,test,dataset_splits/10_buildings/building_1/0004912/test/0004912_047.jpg
building_1,0004912,test,dataset_splits/10_buildings/building_1/0004912/test/0004912_048.jpg
building_1,0004912,test,dataset_splits/10_buildings/building_1/0004912/test/0004912_054.jpg
building_1,0004912,test,dataset_splits/10_buildings/building_1/0004912/test/0004912_055.jpg
building_1,0004912,test,dataset_splits/10_buildings/building_1/0004912/test/0004912_058.jpg
building_1,0004937,reference,dataset_splits/10_buildings/building_1/0004937/reference/0004937_007.jpg
building_1,0004937,reference,dataset_splits/10_buildings/building_1/0004937/reference/0004937_031.jpg
building_1,0004937,reference,dataset_splits/10_buildings/building_1/0004937/reference/0004937_048.jpg
building_1,0004937,reference,dataset_splits/10_buildings/building_1/0004937/reference/0004937_071.jpg
building_1,0004937,reference,dataset_splits/10_buildings/building_1/0004937/reference/0004937_081.jpg
building_1,0004937,reference,dataset_splits/10_buildings/building_1/0004937/reference/0004937_086.jpg
building_1,0004937,reference,dataset_splits/10_buildings/building_1/0004937/reference/0004937_127.jpg
building_1,0004937,reference,dataset_splits/10_buildings/building_1/0004937/reference/0004937_196.jpg
building_1,0004937,reference,dataset_splits/10_buildings/building_1/0004937/reference/0004937_224.jpg
building_1,0004937,reference,dataset_splits/10_buildings/building_1/0004937/reference/0004937_240.jpg
building_1,0004937,reference,dataset_splits/10_buildings/building_1/0004937/reference/0004937_259.jpg
building_1,0004937,reference,dataset_splits/10_buildings/building_1/0004937/reference/0004937_284.jpg
building_1,0004937,reference,dataset_splits/10_buildings/building_1/0004937/reference/0004937_285.jpg
building_1,0004937,reference,dataset_splits/10_buildings/building_1/0004937/reference/0004937_323.jpg
building_1,0004937,reference,dataset_splits/10_buildings/building_1/0004937/reference/0004937_337.jpg
building_1,0004937,reference,dataset_splits/10_buildings/building_1/0004937/reference/0004937_392.jpg
building_1,0004937,reference,dataset_splits/10_buildings/building_1/0004937/reference/0004937_406.jpg
building_1,0004937,reference,dataset_splits/10_buildings/building_1/0004937/reference/0004937_416.jpg
building_1,0004937,reference,dataset_splits/10_buildings/building_1/0004937/reference/0004937_432.jpg
building_1,0004937,reference,dataset_splits/10_buildings/building_1/0004937/reference/0004937_461.jpg
building_1,0004937,test,dataset_splits/10_buildings/building_1/0004937/test/0004937_003.jpg
building_1,0004937,test,dataset_splits/10_buildings/building_1/0004937/test/0004937_024.jpg
building_1,0004937,test,dataset_splits/10_buildings/building_1/0004937/test/0004937_029.jpg
building_1,0004937,test,dataset_splits/10_buildings/building_1/0004937/test/0004937_036.jpg
building_1,0004937,test,dataset_splits/10_buildings/building_1/0004937/test/0004937_044.jpg
building_1,0004937,test,dataset_splits/10_buildings/building_1/0004937/test/0004937_099.jpg
building_1,0004937,test,dataset_splits/10_buildings/building_1/0004937/test/0004937_109.jpg
building_1,0004937,test,dataset_splits/10_buildings/building_1/0004937/test/0004937_111.jpg
building_1,0004937,test,dataset_splits/10_buildings/building_1/0004937/test/0004937_175.jpg
building_1,0004937,test,dataset_splits/10_buildings/building_1/0004937/test/0004937_180.jpg
building_1,0004937,test,dataset_splits/10_buildings/building_1/0004937/test/0004937_210.jpg
building_1,0004937,test,dataset_splits/10_buildings/building_1/0004937/test/0004937_255.jpg
building_1,0004937,test,dataset_splits/10_buildings/building_1/0004937/test/0004937_324.jpg
building_1,0004937,test,dataset_splits/10_buildings/building_1/0004937/test/0004937_325.jpg
building_1,0004937,test,dataset_splits/10_buildings/building_1/0004937/test/0004937_342.jpg
building_1,0004937,test,dataset_splits/10_buildings/building_1/0004937/test/0004937_456.jpg
building_1,0004937,test,dataset_splits/10_buildings/building_1/0004937/test/0004937_482.jpg
building_1,0004937,test,dataset_splits/10_buildings/building_1/0004937/test/0004937_503.jpg
building_1,0004937,test,dataset_splits/10_buildings/building_1/0004937/test/0004937_507.jpg
building_1,0004937,test,dataset_splits/10_buildings/building_1/0004937/test/0004937_521.jpg
building_1,0004965,reference,dataset_splits/10_buildings/building_1/0004965/reference/0004965_002.jpg
building_1,0004965,reference,dataset_splits/10_buildings/building_1/0004965/reference/0004965_013.jpg
building_1,0004965,reference,dataset_splits/10_buildings/building_1/0004965/reference/0004965_015.jpg
building_1,0004965,reference,dataset_splits/10_buildings/building_1/0004965/reference/0004965_017.jpg
building_1,0004965,reference,dataset_splits/10_buildings/building_1/0004965/reference/0004965_021.jpg
building_1,0004965,reference,dataset_splits/10_buildings/building_1/0004965/reference/0004965_025.jpg
building_1,0004965,reference,dataset_splits/10_buildings/building_1/0004965/reference/0004965_028.jpg
building_1,0004965,reference,dataset_splits/10_buildings/building_1/0004965/reference/0004965_037.jpg
building_1,0004965,reference,dataset_splits/10_buildings/building_1/0004965/reference/0004965_038.jpg
building_1,0004965,reference,dataset_splits/10_buildings/building_1/0004965/reference/0004965_040.jpg
building_1,0004965,reference,dataset_splits/10_buildings/building_1/0004965/reference/0004965_049.jpg
building_1,0004965,reference,dataset_splits/10_buildings/building_1/0004965/reference/0004965_054.jpg
building_1,0004965,reference,dataset_splits/10_buildings/building_1/0004965/reference/0004965_057.jpg
building_1,0004965,reference,dataset_splits/10_buildings/building_1/0004965/reference/0004965_058.jpg
building_1,0004965,reference,dataset_splits/10_buildings/building_1/0004965/reference/0004965_063.jpg
building_1,0004965,reference,dataset_splits/10_buildings/building_1/0004965/reference/0004965_067.jpg
building_1,0004965,reference,dataset_splits/10_buildings/building_1/0004965/reference/0004965_074.jpg
building_1,0004965,reference,dataset_splits/10_buildings/building_1/0004965/reference/0004965_077.jpg
building_1,0004965,reference,dataset_splits/10_buildings/building_1/0004965/reference/0004965_079.jpg
building_1,0004965,reference,dataset_splits/10_buildings/building_1/0004965/reference/0004965_094.jpg
building_1,0004965,test,dataset_splits/10_buildings/building_1/0004965/test/0004965_004.jpg
building_1,0004965,test,dataset_splits/10_buildings/building_1/0004965/test/0004965_005.jpg
building_1,0004965,test,dataset_splits/10_buildings/building_1/0004965/test/0004965_006.jpg
building_1,0004965,test,dataset_splits/10_buildings/building_1/0004965/test/0004965_007.jpg
building_1,0004965,test,dataset_splits/10_buildings/building_1/0004965/test/0004965_008.jpg
building_1,0004965,test,dataset_splits/10_buildings/building_1/0004965/test/0004965_009.jpg
building_1,0004965,test,dataset_splits/10_buildings/building_1/0004965/test/0004965_010.jpg
building_1,0004965,test,dataset_splits/10_buildings/building_1/0004965/test/0004965_026.jpg
building_1,0004965,test,dataset_splits/10_buildings/building_1/0004965/test/0004965_030.jpg
building_1,0004965,test,dataset_splits/10_buildings/building_1/0004965/test/0004965_042.jpg
building_1,0004965,test,dataset_splits/10_buildings/building_1/0004965/test/0004965_051.jpg
building_1,0004965,test,dataset_splits/10_buildings/building_1/0004965/test/0004965_060.jpg
building_1,0004965,test,dataset_splits/10_buildings/building_1/0004965/test/0004965_065.jpg
building_1,0004965,test,dataset_splits/10_buildings/building_1/0004965/test/0004965_066.jpg
building_1,0004965,test,dataset_splits/10_buildings/building_1/0004965/test/0004965_068.jpg
building_1,0004965,test,dataset_splits/10_buildings/building_1/0004965/test/0004965_069.jpg
building_1,0004965,test,dataset_splits/10_buildings/building_1/0004965/test/0004965_071.jpg
building_1,0004965,test,dataset_splits/10_buildings/building_1/0004965/test/0004965_082.jpg
building_1,0004965,test,dataset_splits/10_buildings/building_1/0004965/test/0004965_091.jpg
building_1,0004965,test,dataset_splits/10_buildings/building_1/0004965/test/0004965_095.jpg
building_1,0004993,reference,dataset_splits/10_buildings/building_1/0004993/reference/0004993_001.jpg
building_1,0004993,reference,dataset_splits/10_buildings/building_1/0004993/reference/0004993_004.jpg
building_1,0004993,reference,dataset_splits/10_buildings/building_1/0004993/reference/0004993_007.jpg
building_1,0004993,reference,dataset_splits/10_buildings/building_1/0004993/reference/0004993_011.jpg
building_1,0004993,reference,dataset_splits/10_buildings/building_1/0004993/reference/0004993_012.jpg
building_1,0004993,reference,dataset_splits/10_buildings/building_1/0004993/reference/0004993_013.jpg
building_1,0004993,reference,dataset_splits/10_buildings/building_1/0004993/reference/0004993_026.jpg
building_1,0004993,reference,dataset_splits/10_buildings/building_1/0004993/reference/0004993_034.jpg
building_1,0004993,reference,dataset_splits/10_buildings/building_1/0004993/reference/0004993_037.jpg
building_1,0004993,reference,dataset_splits/10_buildings/building_1/0004993/reference/0004993_041.jpg
building_1,0004993,reference,dataset_splits/10_buildings/building_1/0004993/reference/0004993_042.jpg
building_1,0004993,reference,dataset_splits/10_buildings/building_1/0004993/reference/0004993_052.jpg
building_1,0004993,reference,dataset_splits/10_buildings/building_1/0004993/reference/0004993_055.jpg
building_1,0004993,reference,dataset_splits/10_buildings/building_1/0004993/reference/0004993_057.jpg
building_1,0004993,reference,dataset_splits/10_buildings/building_1/0004993/reference/0004993_060.jpg
building_1,0004993,reference,dataset_splits/10_buildings/building_1/0004993/reference/0004993_066.jpg
building_1,0004993,reference,dataset_splits/10_buildings/building_1/0004993/reference/0004993_068.jpg
building_1,0004993,reference,dataset_splits/10_buildings/building_1/0004993/reference/0004993_069.jpg
building_1,0004993,reference,dataset_splits/10_buildings/building_1/0004993/reference/0004993_080.jpg
building_1,0004993,reference,dataset_splits/10_buildings/building_1/0004993/reference/0004993_082.jpg
building_1,0004993,test,dataset_splits/10_buildings/building_1/0004993/test/0004993_005.jpg
building_1,0004993,test,dataset_splits/10_buildings/building_1/0004993/test/0004993_018.jpg
building_1,0004993,test,dataset_splits/10_buildings/building_1/0004993/test/0004993_019.jpg
building_1,0004993,test,dataset_splits/10_buildings/building_1/0004993/test/0004993_021.jpg
building_1,0004993,test,dataset_splits/10_buildings/building_1/0004993/test/0004993_022.jpg
building_1,0004993,test,dataset_splits/10_buildings/building_1/0004993/test/0004993_023.jpg
building_1,0004993,test,dataset_splits/10_buildings/building_1/0004993/test/0004993_025.jpg
building_1,0004993,test,dataset_splits/10_buildings/building_1/0004993/test/0004993_030.jpg
building_1,0004993,test,dataset_splits/10_buildings/building_1/0004993/test/0004993_031.jpg
building_1,0004993,test,dataset_splits/10_buildings/building_1/0004993/test/0004993_035.jpg
building_1,0004993,test,dataset_splits/10_buildings/building_1/0004993/test/0004993_036.jpg
building_1,0004993,test,dataset_splits/10_buildings/building_1/0004993/test/0004993_038.jpg
building_1,0004993,test,dataset_splits/10_buildings/building_1/0004993/test/0004993_039.jpg
building_1,0004993,test,dataset_splits/10_buildings/building_1/0004993/test/0004993_043.jpg
building_1,0004993,test,dataset_splits/10_buildings/building_1/0004993/test/0004993_051.jpg
building_1,0004993,test,dataset_splits/10_buildings/building_1/0004993/test/0004993_062.jpg
building_1,0004993,test,dataset_splits/10_buildings/building_1/0004993/test/0004993_063.jpg
building_1,0004993,test,dataset_splits/10_buildings/building_1/0004993/test/0004993_076.jpg
building_1,0004993,test,dataset_splits/10_buildings/building_1/0004993/test/0004993_084.jpg
building_1,0004993,test,dataset_splits/10_buildings/building_1/0004993/test/0004993_085.jpg
building_1,0005024,reference,dataset_splits/10_buildings/building_1/0005024/reference/0005024_022.jpg
building_1,0005024,reference,dataset_splits/10_buildings/building_1/0005024/reference/0005024_035.jpg
building_1,0005024,reference,dataset_splits/10_buildings/building_1/0005024/reference/0005024_064.jpg
building_1,0005024,reference,dataset_splits/10_buildings/building_1/0005024/reference/0005024_133.jpg
building_1,0005024,reference,dataset_splits/10_buildings/building_1/0005024/reference/0005024_135.jpg
building_1,0005024,reference,dataset_splits/10_buildings/building_1/0005024/reference/0005024_147.jpg
building_1,0005024,reference,dataset_splits/10_buildings/building_1/0005024/reference/0005024_162.jpg
building_1,0005024,reference,dataset_splits/10_buildings/building_1/0005024/reference/0005024_165.jpg
building_1,0005024,reference,dataset_splits/10_buildings/building_1/0005024/reference/0005024_208.jpg
building_1,0005024,reference,dataset_splits/10_buildings/building_1/0005024/reference/0005024_210.jpg
building_1,0005024,reference,dataset_splits/10_buildings/building_1/0005024/reference/0005024_216.jpg
building_1,0005024,reference,dataset_splits/10_buildings/building_1/0005024/reference/0005024_248.jpg
building_1,0005024,reference,dataset_splits/10_buildings/building_1/0005024/reference/0005024_264.jpg
building_1,0005024,reference,dataset_splits/10_buildings/building_1/0005024/reference/0005024_275.jpg
building_1,0005024,reference,dataset_splits/10_buildings/building_1/0005024/reference/0005024_311.jpg
building_1,0005024,reference,dataset_splits/10_buildings/building_1/0005024/reference/0005024_342.jpg
building_1,0005024,reference,dataset_splits/10_buildings/building_1/0005024/reference/0005024_360.jpg
building_1,0005024,reference,dataset_splits/10_buildings/building_1/0005024/reference/0005024_364.jpg
building_1,0005024,reference,dataset_splits/10_buildings/building_1/0005024/reference/0005024_371.jpg
building_1,0005024,reference,dataset_splits/10_buildings/building_1/0005024/reference/0005024_383.jpg
building_1,0005024,test,dataset_splits/10_buildings/building_1/0005024/test/0005024_025.jpg
building_1,0005024,test,dataset_splits/10_buildings/building_1/0005024/test/0005024_028.jpg
building_1,0005024,test,dataset_splits/10_buildings/building_1/0005024/test/0005024_036.jpg
building_1,0005024,test,dataset_splits/10_buildings/building_1/0005024/test/0005024_065.jpg
building_1,0005024,test,dataset_splits/10_buildings/building_1/0005024/test/0005024_075.jpg
building_1,0005024,test,dataset_splits/10_buildings/building_1/0005024/test/0005024_076.jpg
building_1,0005024,test,dataset_splits/10_buildings/building_1/0005024/test/0005024_112.jpg
building_1,0005024,test,dataset_splits/10_buildings/building_1/0005024/test/0005024_130.jpg
building_1,0005024,test,dataset_splits/10_buildings/building_1/0005024/test/0005024_174.jpg
building_1,0005024,test,dataset_splits/10_buildings/building_1/0005024/test/0005024_193.jpg
building_1,0005024,test,dataset_splits/10_buildings/building_1/0005024/test/0005024_204.jpg
building_1,0005024,test,dataset_splits/10_buildings/building_1/0005024/test/0005024_223.jpg
building_1,0005024,test,dataset_splits/10_buildings/building_1/0005024/test/0005024_226.jpg
building_1,0005024,test,dataset_splits/10_buildings/building_1/0005024/test/0005024_227.jpg
building_1,0005024,test,dataset_splits/10_buildings/building_1/0005024/test/0005024_233.jpg
building_1,0005024,test,dataset_splits/10_buildings/building_1/0005024/test/0005024_244.jpg
building_1,0005024,test,dataset_splits/10_buildings/building_1/0005024/test/0005024_271.jpg
building_1,0005024,test,dataset_splits/10_buildings/building_1/0005024/test/0005024_312.jpg
building_1,0005024,test,dataset_splits/10_buildings/building_1/0005024/test/0005024_314.jpg
building_1,0005024,test,dataset_splits/10_buildings/building_1/0005024/test/0005024_363.jpg
building_1,0005048,reference,dataset_splits/10_buildings/building_1/0005048/reference/0005048_029.jpg
building_1,0005048,reference,dataset_splits/10_buildings/building_1/0005048/reference/0005048_039.jpg
building_1,0005048,reference,dataset_splits/10_buildings/building_1/0005048/reference/0005048_041.jpg
building_1,0005048,reference,dataset_splits/10_buildings/building_1/0005048/reference/0005048_059.jpg
building_1,0005048,reference,dataset_splits/10_buildings/building_1/0005048/reference/0005048_061.jpg
building_1,0005048,reference,dataset_splits/10_buildings/building_1/0005048/reference/0005048_063.jpg
building_1,0005048,reference,dataset_splits/10_buildings/building_1/0005048/reference/0005048_083.jpg
building_1,0005048,reference,dataset_splits/10_buildings/building_1/0005048/reference/0005048_085.jpg
building_1,0005048,reference,dataset_splits/10_buildings/building_1/0005048/reference/0005048_093.jpg
building_1,0005048,reference,dataset_splits/10_buildings/building_1/0005048/reference/0005048_097.jpg
building_1,0005048,reference,dataset_splits/10_buildings/building_1/0005048/reference/0005048_098.jpg
building_1,0005048,reference,dataset_splits/10_buildings/building_1/0005048/reference/0005048_107.jpg
building_1,0005048,reference,dataset_splits/10_buildings/building_1/0005048/reference/0005048_110.jpg
building_1,0005048,reference,dataset_splits/10_buildings/building_1/0005048/reference/0005048_117.jpg
building_1,0005048,reference,dataset_splits/10_buildings/building_1/0005048/reference/0005048_118.jpg
building_1,0005048,reference,dataset_splits/10_buildings/building_1/0005048/reference/0005048_123.jpg
building_1,0005048,reference,dataset_splits/10_buildings/building_1/0005048/reference/0005048_130.jpg
building_1,0005048,reference,dataset_splits/10_buildings/building_1/0005048/reference/0005048_137.jpg
building_1,0005048,reference,dataset_splits/10_buildings/building_1/0005048/reference/0005048_138.jpg
building_1,0005048,reference,dataset_splits/10_buildings/building_1/0005048/reference/0005048_146.jpg
building_1,0005048,test,dataset_splits/10_buildings/building_1/0005048/test/0005048_011.jpg
building_1,0005048,test,dataset_splits/10_buildings/building_1/0005048/test/0005048_024.jpg
building_1,0005048,test,dataset_splits/10_buildings/building_1/0005048/test/0005048_026.jpg
building_1,0005048,test,dataset_splits/10_buildings/building_1/0005048/test/0005048_028.jpg
building_1,0005048,test,dataset_splits/10_buildings/building_1/0005048/test/0005048_049.jpg
building_1,0005048,test,dataset_splits/10_buildings/building_1/0005048/test/0005048_051.jpg
building_1,0005048,test,dataset_splits/10_buildings/building_1/0005048/test/0005048_056.jpg
building_1,0005048,test,dataset_splits/10_buildings/building_1/0005048/test/0005048_075.jpg
building_1,0005048,test,dataset_splits/10_buildings/building_1/0005048/test/0005048_077.jpg
building_1,0005048,test,dataset_splits/10_buildings/building_1/0005048/test/0005048_081.jpg
building_1,0005048,test,dataset_splits/10_buildings/building_1/0005048/test/0005048_082.jpg
building_1,0005048,test,dataset_splits/10_buildings/building_1/0005048/test/0005048_089.jpg
building_1,0005048,test,dataset_splits/10_buildings/building_1/0005048/test/0005048_105.jpg
building_1,0005048,test,dataset_splits/10_buildings/building_1/0005048/test/0005048_115.jpg
building_1,0005048,test,dataset_splits/10_buildings/building_1/0005048/test/0005048_121.jpg
building_1,0005048,test,dataset_splits/10_buildings/building_1/0005048/test/0005048_126.jpg
building_1,0005048,test,dataset_splits/10_buildings/building_1/0005048/test/0005048_140.jpg
building_1,0005048,test,dataset_splits/10_buildings/building_1/0005048/test/0005048_141.jpg
building_1,0005048,test,dataset_splits/10_buildings/building_1/0005048/test/0005048_142.jpg
building_1,0005048,test,dataset_splits/10_buildings/building_1/0005048/test/0005048_143.jpg
building_1,0005060,reference,dataset_splits/10_buildings/building_1/0005060/reference/0005060_006.jpg
building_1,0005060,reference,dataset_splits/10_buildings/building_1/0005060/reference/0005060_012.jpg
building_1,0005060,reference,dataset_splits/10_buildings/building_1/0005060/reference/0005060_021.jpg
building_1,0005060,reference,dataset_splits/10_buildings/building_1/0005060/reference/0005060_024.jpg
building_1,0005060,reference,dataset_splits/10_buildings/building_1/0005060/reference/0005060_028.jpg
building_1,0005060,reference,dataset_splits/10_buildings/building_1/0005060/reference/0005060_029.jpg
building_1,0005060,reference,dataset_splits/10_buildings/building_1/0005060/reference/0005060_038.jpg
building_1,0005060,reference,dataset_splits/10_buildings/building_1/0005060/reference/0005060_052.jpg
building_1,0005060,reference,dataset_splits/10_buildings/building_1/0005060/reference/0005060_056.jpg
building_1,0005060,reference,dataset_splits/10_buildings/building_1/0005060/reference/0005060_059.jpg
building_1,0005060,reference,dataset_splits/10_buildings/building_1/0005060/reference/0005060_063.jpg
building_1,0005060,reference,dataset_splits/10_buildings/building_1/0005060/reference/0005060_064.jpg
building_1,0005060,reference,dataset_splits/10_buildings/building_1/0005060/reference/0005060_072.jpg
building_1,0005060,reference,dataset_splits/10_buildings/building_1/0005060/reference/0005060_078.jpg
building_1,0005060,reference,dataset_splits/10_buildings/building_1/0005060/reference/0005060_079.jpg
building_1,0005060,reference,dataset_splits/10_buildings/building_1/0005060/reference/0005060_082.jpg
building_1,0005060,reference,dataset_splits/10_buildings/building_1/0005060/reference/0005060_086.jpg
building_1,0005060,reference,dataset_splits/10_buildings/building_1/0005060/reference/0005060_090.jpg
building_1,0005060,reference,dataset_splits/10_buildings/building_1/0005060/reference/0005060_092.jpg
building_1,0005060,reference,dataset_splits/10_buildings/building_1/0005060/reference/0005060_094.jpg
building_1,0005060,test,dataset_splits/10_buildings/building_1/0005060/test/0005060_001.jpg
building_1,0005060,test,dataset_splits/10_buildings/building_1/0005060/test/0005060_011.jpg
building_1,0005060,test,dataset_splits/10_buildings/building_1/0005060/test/0005060_016.jpg
building_1,0005060,test,dataset_splits/10_buildings/building_1/0005060/test/0005060_017.jpg
building_1,0005060,test,dataset_splits/10_buildings/building_1/0005060/test/0005060_018.jpg
building_1,0005060,test,dataset_splits/10_buildings/building_1/0005060/test/0005060_019.jpg
building_1,0005060,test,dataset_splits/10_buildings/building_1/0005060/test/0005060_020.jpg
building_1,0005060,test,dataset_splits/10_buildings/building_1/0005060/test/0005060_023.jpg
building_1,0005060,test,dataset_splits/10_buildings/building_1/0005060/test/0005060_025.jpg
building_1,0005060,test,dataset_splits/10_buildings/building_1/0005060/test/0005060_040.jpg
building_1,0005060,test,dataset_splits/10_buildings/building_1/0005060/test/0005060_041.jpg
building_1,0005060,test,dataset_splits/10_buildings/building_1/0005060/test/0005060_043.jpg
building_1,0005060,test,dataset_splits/10_buildings/building_1/0005060/test/0005060_049.jpg
building_1,0005060,test,dataset_splits/10_buildings/building_1/0005060/test/0005060_066.jpg
building_1,0005060,test,dataset_splits/10_buildings/building_1/0005060/test/0005060_067.jpg
building_1,0005060,test,dataset_splits/10_buildings/building_1/0005060/test/0005060_070.jpg
building_1,0005060,test,dataset_splits/10_buildings/building_1/0005060/test/0005060_080.jpg
building_1,0005060,test,dataset_splits/10_buildings/building_1/0005060/test/0005060_083.jpg
building_1,0005060,test,dataset_splits/10_buildings/building_1/0005060/test/0005060_084.jpg
building_1,0005060,test,dataset_splits/10_buildings/building_1/0005060/test/0005060_085.jpg
building_1,0005064,reference,dataset_splits/10_buildings/building_1/0005064/reference/0005064_010.jpg
building_1,0005064,reference,dataset_splits/10_buildings/building_1/0005064/reference/0005064_020.jpg
building_1,0005064,reference,dataset_splits/10_buildings/building_1/0005064/reference/0005064_027.jpg
building_1,0005064,reference,dataset_splits/10_buildings/building_1/0005064/reference/0005064_032.jpg
building_1,0005064,reference,dataset_splits/10_buildings/building_1/0005064/reference/0005064_045.jpg
building_1,0005064,reference,dataset_splits/10_buildings/building_1/0005064/reference/0005064_053.jpg
building_1,0005064,reference,dataset_splits/10_buildings/building_1/0005064/reference/0005064_080.jpg
building_1,0005064,reference,dataset_splits/10_buildings/building_1/0005064/reference/0005064_168.jpg
building_1,0005064,reference,dataset_splits/10_buildings/building_1/0005064/reference/0005064_180.jpg
building_1,0005064,reference,dataset_splits/10_buildings/building_1/0005064/reference/0005064_186.jpg
building_1,0005064,reference,dataset_splits/10_buildings/building_1/0005064/reference/0005064_207.jpg
building_1,0005064,reference,dataset_splits/10_buildings/building_1/0005064/reference/0005064_214.jpg
building_1,0005064,reference,dataset_splits/10_buildings/building_1/0005064/reference/0005064_246.jpg
building_1,0005064,reference,dataset_splits/10_buildings/building_1/0005064/reference/0005064_258.jpg
building_1,0005064,reference,dataset_splits/10_buildings/building_1/0005064/reference/0005064_261.jpg
building_1,0005064,reference,dataset_splits/10_buildings/building_1/0005064/reference/0005064_270.jpg
building_1,0005064,reference,dataset_splits/10_buildings/building_1/0005064/reference/0005064_304.jpg
building_1,0005064,reference,dataset_splits/10_buildings/building_1/0005064/reference/0005064_324.jpg
building_1,0005064,reference,dataset_splits/10_buildings/building_1/0005064/reference/0005064_328.jpg
building_1,0005064,reference,dataset_splits/10_buildings/building_1/0005064/reference/0005064_348.jpg
building_1,0005064,test,dataset_splits/10_buildings/building_1/0005064/test/0005064_012.jpg
building_1,0005064,test,dataset_splits/10_buildings/building_1/0005064/test/0005064_034.jpg
building_1,0005064,test,dataset_splits/10_buildings/building_1/0005064/test/0005064_066.jpg
building_1,0005064,test,dataset_splits/10_buildings/building_1/0005064/test/0005064_101.jpg
building_1,0005064,test,dataset_splits/10_buildings/building_1/0005064/test/0005064_111.jpg
building_1,0005064,test,dataset_splits/10_buildings/building_1/0005064/test/0005064_127.jpg
building_1,0005064,test,dataset_splits/10_buildings/building_1/0005064/test/0005064_142.jpg
building_1,0005064,test,dataset_splits/10_buildings/building_1/0005064/test/0005064_152.jpg
building_1,0005064,test,dataset_splits/10_buildings/building_1/0005064/test/0005064_156.jpg
building_1,0005064,test,dataset_splits/10_buildings/building_1/0005064/test/0005064_162.jpg
building_1,0005064,test,dataset_splits/10_buildings/building_1/0005064/test/0005064_177.jpg
building_1,0005064,test,dataset_splits/10_buildings/building_1/0005064/test/0005064_205.jpg
building_1,0005064,test,dataset_splits/10_buildings/building_1/0005064/test/0005064_219.jpg
building_1,0005064,test,dataset_splits/10_buildings/building_1/0005064/test/0005064_260.jpg
building_1,0005064,test,dataset_splits/10_buildings/building_1/0005064/test/0005064_266.jpg
building_1,0005064,test,dataset_splits/10_buildings/building_1/0005064/test/0005064_287.jpg
building_1,0005064,test,dataset_splits/10_buildings/building_1/0005064/test/0005064_306.jpg
building_1,0005064,test,dataset_splits/10_buildings/building_1/0005064/test/0005064_308.jpg
building_1,0005064,test,dataset_splits/10_buildings/building_1/0005064/test/0005064_313.jpg
building_1,0005064,test,dataset_splits/10_buildings/building_1/0005064/test/0005064_322.jpg
building_1,0005245,reference,dataset_splits/10_buildings/building_1/0005245/reference/0005245_006.jpg
building_1,0005245,reference,dataset_splits/10_buildings/building_1/0005245/reference/0005245_009.jpg
building_1,0005245,reference,dataset_splits/10_buildings/building_1/0005245/reference/0005245_011.jpg
building_1,0005245,reference,dataset_splits/10_buildings/building_1/0005245/reference/0005245_012.jpg
building_1,0005245,reference,dataset_splits/10_buildings/building_1/0005245/reference/0005245_015.jpg
building_1,0005245,reference,dataset_splits/10_buildings/building_1/0005245/reference/0005245_017.jpg
building_1,0005245,reference,dataset_splits/10_buildings/building_1/0005245/reference/0005245_018.jpg
building_1,0005245,reference,dataset_splits/10_buildings/building_1/0005245/reference/0005245_030.jpg
building_1,0005245,reference,dataset_splits/10_buildings/building_1/0005245/reference/0005245_035.jpg
building_1,0005245,reference,dataset_splits/10_buildings/building_1/0005245/reference/0005245_039.jpg
building_1,0005245,reference,dataset_splits/10_buildings/building_1/0005245/reference/0005245_054.jpg
building_1,0005245,reference,dataset_splits/10_buildings/building_1/0005245/reference/0005245_061.jpg
building_1,0005245,reference,dataset_splits/10_buildings/building_1/0005245/reference/0005245_062.jpg
building_1,0005245,reference,dataset_splits/10_buildings/building_1/0005245/reference/0005245_069.jpg
building_1,0005245,reference,dataset_splits/10_buildings/building_1/0005245/reference/0005245_091.jpg
building_1,0005245,reference,dataset_splits/10_buildings/building_1/0005245/reference/0005245_110.jpg
building_1,0005245,reference,dataset_splits/10_buildings/building_1/0005245/reference/0005245_113.jpg
building_1,0005245,reference,dataset_splits/10_buildings/building_1/0005245/reference/0005245_114.jpg
building_1,0005245,reference,dataset_splits/10_buildings/building_1/0005245/reference/0005245_117.jpg
building_1,0005245,reference,dataset_splits/10_buildings/building_1/0005245/reference/0005245_120.jpg
building_1,0005245,test,dataset_splits/10_buildings/building_1/0005245/test/0005245_005.jpg
building_1,0005245,test,dataset_splits/10_buildings/building_1/0005245/test/0005245_020.jpg
building_1,0005245,test,dataset_splits/10_buildings/building_1/0005245/test/0005245_028.jpg
building_1,0005245,test,dataset_splits/10_buildings/building_1/0005245/test/0005245_037.jpg
building_1,0005245,test,dataset_splits/10_buildings/building_1/0005245/test/0005245_046.jpg
building_1,0005245,test,dataset_splits/10_buildings/building_1/0005245/test/0005245_048.jpg
building_1,0005245,test,dataset_splits/10_buildings/building_1/0005245/test/0005245_051.jpg
building_1,0005245,test,dataset_splits/10_buildings/building_1/0005245/test/0005245_058.jpg
building_1,0005245,test,dataset_splits/10_buildings/building_1/0005245/test/0005245_059.jpg
building_1,0005245,test,dataset_splits/10_buildings/building_1/0005245/test/0005245_070.jpg
building_1,0005245,test,dataset_splits/10_buildings/building_1/0005245/test/0005245_073.jpg
building_1,0005245,test,dataset_splits/10_buildings/building_1/0005245/test/0005245_074.jpg
building_1,0005245,test,dataset_splits/10_buildings/building_1/0005245/test/0005245_079.jpg
building_1,0005245,test,dataset_splits/10_buildings/building_1/0005245/test/0005245_087.jpg
building_1,0005245,test,dataset_splits/10_buildings/building_1/0005245/test/0005245_089.jpg
building_1,0005245,test,dataset_splits/10_buildings/building_1/0005245/test/0005245_090.jpg
building_1,0005245,test,dataset_splits/10_buildings/building_1/0005245/test/0005245_100.jpg
building_1,0005245,test,dataset_splits/10_buildings/building_1/0005245/test/0005245_104.jpg
building_1,0005245,test,dataset_splits/10_buildings/building_1/0005245/test/0005245_109.jpg
building_1,0005245,test,dataset_splits/10_buildings/building_1/0005245/test/0005245_118.jpg
building_1,0005260,reference,dataset_splits/10_buildings/building_1/0005260/reference/0005260_006.jpg
building_1,0005260,reference,dataset_splits/10_buildings/building_1/0005260/reference/0005260_014.jpg
building_1,0005260,reference,dataset_splits/10_buildings/building_1/0005260/reference/0005260_015.jpg
building_1,0005260,reference,dataset_splits/10_buildings/building_1/0005260/reference/0005260_019.jpg
building_1,0005260,reference,dataset_splits/10_buildings/building_1/0005260/reference/0005260_020.jpg
building_1,0005260,reference,dataset_splits/10_buildings/building_1/0005260/reference/0005260_024.jpg
building_1,0005260,reference,dataset_splits/10_buildings/building_1/0005260/reference/0005260_025.jpg
building_1,0005260,reference,dataset_splits/10_buildings/building_1/0005260/reference/0005260_030.jpg
building_1,0005260,reference,dataset_splits/10_buildings/building_1/0005260/reference/0005260_033.jpg
building_1,0005260,reference,dataset_splits/10_buildings/building_1/0005260/reference/0005260_035.jpg
building_1,0005260,reference,dataset_splits/10_buildings/building_1/0005260/reference/0005260_037.jpg
building_1,0005260,reference,dataset_splits/10_buildings/building_1/0005260/reference/0005260_041.jpg
building_1,0005260,reference,dataset_splits/10_buildings/building_1/0005260/reference/0005260_048.jpg
building_1,0005260,reference,dataset_splits/10_buildings/building_1/0005260/reference/0005260_070.jpg
building_1,0005260,reference,dataset_splits/10_buildings/building_1/0005260/reference/0005260_086.jpg
building_1,0005260,reference,dataset_splits/10_buildings/building_1/0005260/reference/0005260_092.jpg
building_1,0005260,reference,dataset_splits/10_buildings/building_1/0005260/reference/0005260_094.jpg
building_1,0005260,reference,dataset_splits/10_buildings/building_1/0005260/reference/0005260_117.jpg
building_1,0005260,reference,dataset_splits/10_buildings/building_1/0005260/reference/0005260_122.jpg
building_1,0005260,reference,dataset_splits/10_buildings/building_1/0005260/reference/0005260_127.jpg
building_1,0005260,test,dataset_splits/10_buildings/building_1/0005260/test/0005260_016.jpg
building_1,0005260,test,dataset_splits/10_buildings/building_1/0005260/test/0005260_023.jpg
building_1,0005260,test,dataset_splits/10_buildings/building_1/0005260/test/0005260_028.jpg
building_1,0005260,test,dataset_splits/10_buildings/building_1/0005260/test/0005260_036.jpg
building_1,0005260,test,dataset_splits/10_buildings/building_1/0005260/test/0005260_039.jpg
building_1,0005260,test,dataset_splits/10_buildings/building_1/0005260/test/0005260_047.jpg
building_1,0005260,test,dataset_splits/10_buildings/building_1/0005260/test/0005260_054.jpg
building_1,0005260,test,dataset_splits/10_buildings/building_1/0005260/test/0005260_061.jpg
building_1,0005260,test,dataset_splits/10_buildings/building_1/0005260/test/0005260_065.jpg
building_1,0005260,test,dataset_splits/10_buildings/building_1/0005260/test/0005260_066.jpg
building_1,0005260,test,dataset_splits/10_buildings/building_1/0005260/test/0005260_075.jpg
building_1,0005260,test,dataset_splits/10_buildings/building_1/0005260/test/0005260_078.jpg
building_1,0005260,test,dataset_splits/10_buildings/building_1/0005260/test/0005260_090.jpg
building_1,0005260,test,dataset_splits/10_buildings/building_1/0005260/test/0005260_100.jpg
building_1,0005260,test,dataset_splits/10_buildings/building_1/0005260/test/0005260_112.jpg
building_1,0005260,test,dataset_splits/10_buildings/building_1/0005260/test/0005260_114.jpg
building_1,0005260,test,dataset_splits/10_buildings/building_1/0005260/test/0005260_116.jpg
building_1,0005260,test,dataset_splits/10_buildings/building_1/0005260/test/0005260_120.jpg
building_1,0005260,test,dataset_splits/10_buildings/building_1/0005260/test/0005260_121.jpg
building_1,0005260,test,dataset_splits/10_buildings/building_1/0005260/test/0005260_125.jpg
building_1,0006473,reference,dataset_splits/10_buildings/building_1/0006473/reference/0006473_001.jpg
building_1,0006473,reference,dataset_splits/10_buildings/building_1/0006473/reference/0006473_002.jpg
building_1,0006473,reference,dataset_splits/10_buildings/building_1/0006473/reference/0006473_005.jpg
building_1,0006473,reference,dataset_splits/10_buildings/building_1/0006473/reference/0006473_009.jpg
building_1,0006473,reference,dataset_splits/10_buildings/building_1/0006473/reference/0006473_014.jpg
building_1,0006473,reference,dataset_splits/10_buildings/building_1/0006473/reference/0006473_018.jpg
building_1,0006473,reference,dataset_splits/10_buildings/building_1/0006473/reference/0006473_023.jpg
building_1,0006473,reference,dataset_splits/10_buildings/building_1/0006473/reference/0006473_024.jpg
building_1,0006473,reference,dataset_splits/10_buildings/building_1/0006473/reference/0006473_025.jpg
building_1,0006473,reference,dataset_splits/10_buildings/building_1/0006473/reference/0006473_027.jpg
building_1,0006473,reference,dataset_splits/10_buildings/building_1/0006473/reference/0006473_029.jpg
building_1,0006473,reference,dataset_splits/10_buildings/building_1/0006473/reference/0006473_040.jpg
building_1,0006473,reference,dataset_splits/10_buildings/building_1/0006473/reference/0006473_041.jpg
building_1,0006473,reference,dataset_splits/10_buildings/building_1/0006473/reference/0006473_045.jpg
building_1,0006473,reference,dataset_splits/10_buildings/building_1/0006473/reference/0006473_047.jpg
building_1,0006473,reference,dataset_splits/10_buildings/building_1/0006473/reference/0006473_048.jpg
building_1,0006473,reference,dataset_splits/10_buildings/building_1/0006473/reference/0006473_049.jpg
building_1,0006473,reference,dataset_splits/10_buildings/building_1/0006473/reference/0006473_053.jpg
building_1,0006473,reference,dataset_splits/10_buildings/building_1/0006473/reference/0006473_054.jpg
building_1,0006473,reference,dataset_splits/10_buildings/building_1/0006473/reference/0006473_058.jpg
building_1,0006473,test,dataset_splits/10_buildings/building_1/0006473/test/0006473_003.jpg
building_1,0006473,test,dataset_splits/10_buildings/building_1/0006473/test/0006473_007.jpg
building_1,0006473,test,dataset_splits/10_buildings/building_1/0006473/test/0006473_008.jpg
building_1,0006473,test,dataset_splits/10_buildings/building_1/0006473/test/0006473_012.jpg
building_1,0006473,test,dataset_splits/10_buildings/building_1/0006473/test/0006473_015.jpg
building_1,0006473,test,dataset_splits/10_buildings/building_1/0006473/test/0006473_016.jpg
building_1,0006473,test,dataset_splits/10_buildings/building_1/0006473/test/0006473_017.jpg
building_1,0006473,test,dataset_splits/10_buildings/building_1/0006473/test/0006473_020.jpg
building_1,0006473,test,dataset_splits/10_buildings/building_1/0006473/test/0006473_021.jpg
building_1,0006473,test,dataset_splits/10_buildings/building_1/0006473/test/0006473_022.jpg
building_1,0006473,test,dataset_splits/10_buildings/building_1/0006473/test/0006473_028.jpg
building_1,0006473,test,dataset_splits/10_buildings/building_1/0006473/test/0006473_030.jpg
building_1,0006473,test,dataset_splits/10_buildings/building_1/0006473/test/0006473_032.jpg
building_1,0006473,test,dataset_splits/10_buildings/building_1/0006473/test/0006473_034.jpg
building_1,0006473,test,dataset_splits/10_buildings/building_1/0006473/test/0006473_036.jpg
building_1,0006473,test,dataset_splits/10_buildings/building_1/0006473/test/0006473_044.jpg
building_1,0006473,test,dataset_splits/10_buildings/building_1/0006473/test/0006473_050.jpg
building_1,0006473,test,dataset_splits/10_buildings/building_1/0006473/test/0006473_052.jpg
building_1,0006473,test,dataset_splits/10_buildings/building_1/0006473/test/0006473_055.jpg
building_1,0006473,test,dataset_splits/10_buildings/building_1/0006473/test/0006473_057.jpg
building_1,0009190,reference,dataset_splits/10_buildings/building_1/0009190/reference/0009190_016.jpg
building_1,0009190,reference,dataset_splits/10_buildings/building_1/0009190/reference/0009190_020.jpg
building_1,0009190,reference,dataset_splits/10_buildings/building_1/0009190/reference/0009190_035.jpg
building_1,0009190,reference,dataset_splits/10_buildings/building_1/0009190/reference/0009190_044.jpg
building_1,0009190,reference,dataset_splits/10_buildings/building_1/0009190/reference/0009190_052.jpg
building_1,0009190,reference,dataset_splits/10_buildings/building_1/0009190/reference/0009190_059.jpg
building_1,0009190,reference,dataset_splits/10_buildings/building_1/0009190/reference/0009190_061.jpg
building_1,0009190,reference,dataset_splits/10_buildings/building_1/0009190/reference/0009190_078.jpg
building_1,0009190,reference,dataset_splits/10_buildings/building_1/0009190/reference/0009190_091.jpg
building_1,0009190,reference,dataset_splits/10_buildings/building_1/0009190/reference/0009190_096.jpg
building_1,0009190,reference,dataset_splits/10_buildings/building_1/0009190/reference/0009190_097.jpg
building_1,0009190,reference,dataset_splits/10_buildings/building_1/0009190/reference/0009190_101.jpg
building_1,0009190,reference,dataset_splits/10_buildings/building_1/0009190/reference/0009190_103.jpg
building_1,0009190,reference,dataset_splits/10_buildings/building_1/0009190/reference/0009190_108.jpg
building_1,0009190,reference,dataset_splits/10_buildings/building_1/0009190/reference/0009190_111.jpg
building_1,0009190,reference,dataset_splits/10_buildings/building_1/0009190/reference/0009190_112.jpg
building_1,0009190,reference,dataset_splits/10_buildings/building_1/0009190/reference/0009190_113.jpg
building_1,0009190,reference,dataset_splits/10_buildings/building_1/0009190/reference/0009190_116.jpg
building_1,0009190,reference,dataset_splits/10_buildings/building_1/0009190/reference/0009190_118.jpg
building_1,0009190,reference,dataset_splits/10_buildings/building_1/0009190/reference/0009190_125.jpg
building_1,0009190,test,dataset_splits/10_buildings/building_1/0009190/test/0009190_004.jpg
building_1,0009190,test,dataset_splits/10_buildings/building_1/0009190/test/0009190_007.jpg
building_1,0009190,test,dataset_splits/10_buildings/building_1/0009190/test/0009190_017.jpg
building_1,0009190,test,dataset_splits/10_buildings/building_1/0009190/test/0009190_019.jpg
building_1,0009190,test,dataset_splits/10_buildings/building_1/0009190/test/0009190_036.jpg
building_1,0009190,test,dataset_splits/10_buildings/building_1/0009190/test/0009190_037.jpg
building_1,0009190,test,dataset_splits/10_buildings/building_1/0009190/test/0009190_053.jpg
building_1,0009190,test,dataset_splits/10_buildings/building_1/0009190/test/0009190_056.jpg
building_1,0009190,test,dataset_splits/10_buildings/building_1/0009190/test/0009190_060.jpg
building_1,0009190,test,dataset_splits/10_buildings/building_1/0009190/test/0009190_068.jpg
building_1,0009190,test,dataset_splits/10_buildings/building_1/0009190/test/0009190_072.jpg
building_1,0009190,test,dataset_splits/10_buildings/building_1/0009190/test/0009190_079.jpg
building_1,0009190,test,dataset_splits/10_buildings/building_1/0009190/test/0009190_084.jpg
building_1,0009190,test,dataset_splits/10_buildings/building_1/0009190/test/0009190_087.jpg
building_1,0009190,test,dataset_splits/10_buildings/building_1/0009190/test/0009190_088.jpg
building_1,0009190,test,dataset_splits/10_buildings/building_1/0009190/test/0009190_102.jpg
building_1,0009190,test,dataset_splits/10_buildings/building_1/0009190/test/0009190_105.jpg
building_1,0009190,test,dataset_splits/10_buildings/building_1/0009190/test/0009190_106.jpg
building_1,0009190,test,dataset_splits/10_buildings/building_1/0009190/test/0009190_109.jpg
building_1,0009190,test,dataset_splits/10_buildings/building_1/0009190/test/0009190_124.jpg
