building,occupant_id,split,image_path
building_7,0000119,reference,dataset_splits/10_buildings/building_7/0000119/reference/0000119_001.jpg
building_7,0000119,reference,dataset_splits/10_buildings/building_7/0000119/reference/0000119_022.jpg
building_7,0000119,reference,dataset_splits/10_buildings/building_7/0000119/reference/0000119_024.jpg
building_7,0000119,reference,dataset_splits/10_buildings/building_7/0000119/reference/0000119_033.jpg
building_7,0000119,reference,dataset_splits/10_buildings/building_7/0000119/reference/0000119_042.jpg
building_7,0000119,reference,dataset_splits/10_buildings/building_7/0000119/reference/0000119_065.jpg
building_7,0000119,reference,dataset_splits/10_buildings/building_7/0000119/reference/0000119_069.jpg
building_7,0000119,reference,dataset_splits/10_buildings/building_7/0000119/reference/0000119_071.jpg
building_7,0000119,reference,dataset_splits/10_buildings/building_7/0000119/reference/0000119_075.jpg
building_7,0000119,reference,dataset_splits/10_buildings/building_7/0000119/reference/0000119_076.jpg
building_7,0000119,reference,dataset_splits/10_buildings/building_7/0000119/reference/0000119_077.jpg
building_7,0000119,reference,dataset_splits/10_buildings/building_7/0000119/reference/0000119_080.jpg
building_7,0000119,reference,dataset_splits/10_buildings/building_7/0000119/reference/0000119_082.jpg
building_7,0000119,reference,dataset_splits/10_buildings/building_7/0000119/reference/0000119_086.jpg
building_7,0000119,reference,dataset_splits/10_buildings/building_7/0000119/reference/0000119_088.jpg
building_7,0000119,reference,dataset_splits/10_buildings/building_7/0000119/reference/0000119_092.jpg
building_7,0000119,reference,dataset_splits/10_buildings/building_7/0000119/reference/0000119_098.jpg
building_7,0000119,reference,dataset_splits/10_buildings/building_7/0000119/reference/0000119_100.jpg
building_7,0000119,reference,dataset_splits/10_buildings/building_7/0000119/reference/0000119_101.jpg
building_7,0000119,reference,dataset_splits/10_buildings/building_7/0000119/reference/0000119_102.jpg
building_7,0000119,test,dataset_splits/10_buildings/building_7/0000119/test/0000119_002.jpg
building_7,0000119,test,dataset_splits/10_buildings/building_7/0000119/test/0000119_007.jpg
building_7,0000119,test,dataset_splits/10_buildings/building_7/0000119/test/0000119_008.jpg
building_7,0000119,test,dataset_splits/10_buildings/building_7/0000119/test/0000119_009.jpg
building_7,0000119,test,dataset_splits/10_buildings/building_7/0000119/test/0000119_013.jpg
building_7,0000119,test,dataset_splits/10_buildings/building_7/0000119/test/0000119_023.jpg
building_7,0000119,test,dataset_splits/10_buildings/building_7/0000119/test/0000119_026.jpg
building_7,0000119,test,dataset_splits/10_buildings/building_7/0000119/test/0000119_027.jpg
building_7,0000119,test,dataset_splits/10_buildings/building_7/0000119/test/0000119_035.jpg
building_7,0000119,test,dataset_splits/10_buildings/building_7/0000119/test/0000119_036.jpg
building_7,0000119,test,dataset_splits/10_buildings/building_7/0000119/test/0000119_037.jpg
building_7,0000119,test,dataset_splits/10_buildings/building_7/0000119/test/0000119_038.jpg
building_7,0000119,test,dataset_splits/10_buildings/building_7/0000119/test/0000119_045.jpg
building_7,0000119,test,dataset_splits/10_buildings/building_7/0000119/test/0000119_055.jpg
building_7,0000119,test,dataset_splits/10_buildings/building_7/0000119/test/0000119_062.jpg
building_7,0000119,test,dataset_splits/10_buildings/building_7/0000119/test/0000119_070.jpg
building_7,0000119,test,dataset_splits/10_buildings/building_7/0000119/test/0000119_078.jpg
building_7,0000119,test,dataset_splits/10_buildings/building_7/0000119/test/0000119_079.jpg
building_7,0000119,test,dataset_splits/10_buildings/building_7/0000119/test/0000119_084.jpg
building_7,0000119,test,dataset_splits/10_buildings/building_7/0000119/test/0000119_094.jpg
building_7,0000205,reference,dataset_splits/10_buildings/building_7/0000205/reference/0000205_021.jpg
building_7,0000205,reference,dataset_splits/10_buildings/building_7/0000205/reference/0000205_029.jpg
building_7,0000205,reference,dataset_splits/10_buildings/building_7/0000205/reference/0000205_038.jpg
building_7,0000205,reference,dataset_splits/10_buildings/building_7/0000205/reference/0000205_050.jpg
building_7,0000205,reference,dataset_splits/10_buildings/building_7/0000205/reference/0000205_060.jpg
building_7,0000205,reference,dataset_splits/10_buildings/building_7/0000205/reference/0000205_071.jpg
building_7,0000205,reference,dataset_splits/10_buildings/building_7/0000205/reference/0000205_085.jpg
building_7,0000205,reference,dataset_splits/10_buildings/building_7/0000205/reference/0000205_090.jpg
building_7,0000205,reference,dataset_splits/10_buildings/building_7/0000205/reference/0000205_096.jpg
building_7,0000205,reference,dataset_splits/10_buildings/building_7/0000205/reference/0000205_099.jpg
building_7,0000205,reference,dataset_splits/10_buildings/building_7/0000205/reference/0000205_102.jpg
building_7,0000205,reference,dataset_splits/10_buildings/building_7/0000205/reference/0000205_123.jpg
building_7,0000205,reference,dataset_splits/10_buildings/building_7/0000205/reference/0000205_131.jpg
building_7,0000205,reference,dataset_splits/10_buildings/building_7/0000205/reference/0000205_134.jpg
building_7,0000205,reference,dataset_splits/10_buildings/building_7/0000205/reference/0000205_135.jpg
building_7,0000205,reference,dataset_splits/10_buildings/building_7/0000205/reference/0000205_154.jpg
building_7,0000205,reference,dataset_splits/10_buildings/building_7/0000205/reference/0000205_160.jpg
building_7,0000205,reference,dataset_splits/10_buildings/building_7/0000205/reference/0000205_172.jpg
building_7,0000205,reference,dataset_splits/10_buildings/building_7/0000205/reference/0000205_193.jpg
building_7,0000205,reference,dataset_splits/10_buildings/building_7/0000205/reference/0000205_195.jpg
building_7,0000205,test,dataset_splits/10_buildings/building_7/0000205/test/0000205_006.jpg
building_7,0000205,test,dataset_splits/10_buildings/building_7/0000205/test/0000205_010.jpg
building_7,0000205,test,dataset_splits/10_buildings/building_7/0000205/test/0000205_019.jpg
building_7,0000205,test,dataset_splits/10_buildings/building_7/0000205/test/0000205_020.jpg
building_7,0000205,test,dataset_splits/10_buildings/building_7/0000205/test/0000205_022.jpg
building_7,0000205,test,dataset_splits/10_buildings/building_7/0000205/test/0000205_058.jpg
building_7,0000205,test,dataset_splits/10_buildings/building_7/0000205/test/0000205_062.jpg
building_7,0000205,test,dataset_splits/10_buildings/building_7/0000205/test/0000205_078.jpg
building_7,0000205,test,dataset_splits/10_buildings/building_7/0000205/test/0000205_086.jpg
building_7,0000205,test,dataset_splits/10_buildings/building_7/0000205/test/0000205_087.jpg
building_7,0000205,test,dataset_splits/10_buildings/building_7/0000205/test/0000205_117.jpg
building_7,0000205,test,dataset_splits/10_buildings/building_7/0000205/test/0000205_132.jpg
building_7,0000205,test,dataset_splits/10_buildings/building_7/0000205/test/0000205_142.jpg
building_7,0000205,test,dataset_splits/10_buildings/building_7/0000205/test/0000205_144.jpg
building_7,0000205,test,dataset_splits/10_buildings/building_7/0000205/test/0000205_148.jpg
building_7,0000205,test,dataset_splits/10_buildings/building_7/0000205/test/0000205_179.jpg
building_7,0000205,test,dataset_splits/10_buildings/building_7/0000205/test/0000205_181.jpg
building_7,0000205,test,dataset_splits/10_buildings/building_7/0000205/test/0000205_188.jpg
building_7,0000205,test,dataset_splits/10_buildings/building_7/0000205/test/0000205_191.jpg
building_7,0000205,test,dataset_splits/10_buildings/building_7/0000205/test/0000205_198.jpg
building_7,0000233,reference,dataset_splits/10_buildings/building_7/0000233/reference/0000233_018.jpg
building_7,0000233,reference,dataset_splits/10_buildings/building_7/0000233/reference/0000233_037.jpg
building_7,0000233,reference,dataset_splits/10_buildings/building_7/0000233/reference/0000233_065.jpg
building_7,0000233,reference,dataset_splits/10_buildings/building_7/0000233/reference/0000233_066.jpg
building_7,0000233,reference,dataset_splits/10_buildings/building_7/0000233/reference/0000233_073.jpg
building_7,0000233,reference,dataset_splits/10_buildings/building_7/0000233/reference/0000233_089.jpg
building_7,0000233,reference,dataset_splits/10_buildings/building_7/0000233/reference/0000233_127.jpg
building_7,0000233,reference,dataset_splits/10_buildings/building_7/0000233/reference/0000233_142.jpg
building_7,0000233,reference,dataset_splits/10_buildings/building_7/0000233/reference/0000233_178.jpg
building_7,0000233,reference,dataset_splits/10_buildings/building_7/0000233/reference/0000233_215.jpg
building_7,0000233,reference,dataset_splits/10_buildings/building_7/0000233/reference/0000233_216.jpg
building_7,0000233,reference,dataset_splits/10_buildings/building_7/0000233/reference/0000233_224.jpg
building_7,0000233,reference,dataset_splits/10_buildings/building_7/0000233/reference/0000233_225.jpg
building_7,0000233,reference,dataset_splits/10_buildings/building_7/0000233/reference/0000233_236.jpg
building_7,0000233,reference,dataset_splits/10_buildings/building_7/0000233/reference/0000233_273.jpg
building_7,0000233,reference,dataset_splits/10_buildings/building_7/0000233/reference/0000233_281.jpg
building_7,0000233,reference,dataset_splits/10_buildings/building_7/0000233/reference/0000233_290.jpg
building_7,0000233,reference,dataset_splits/10_buildings/building_7/0000233/reference/0000233_330.jpg
building_7,0000233,reference,dataset_splits/10_buildings/building_7/0000233/reference/0000233_356.jpg
building_7,0000233,reference,dataset_splits/10_buildings/building_7/0000233/reference/0000233_367.jpg
building_7,0000233,test,dataset_splits/10_buildings/building_7/0000233/test/0000233_001.jpg
building_7,0000233,test,dataset_splits/10_buildings/building_7/0000233/test/0000233_011.jpg
building_7,0000233,test,dataset_splits/10_buildings/building_7/0000233/test/0000233_034.jpg
building_7,0000233,test,dataset_splits/10_buildings/building_7/0000233/test/0000233_058.jpg
building_7,0000233,test,dataset_splits/10_buildings/building_7/0000233/test/0000233_087.jpg
building_7,0000233,test,dataset_splits/10_buildings/building_7/0000233/test/0000233_098.jpg
building_7,0000233,test,dataset_splits/10_buildings/building_7/0000233/test/0000233_154.jpg
building_7,0000233,test,dataset_splits/10_buildings/building_7/0000233/test/0000233_192.jpg
building_7,0000233,test,dataset_splits/10_buildings/building_7/0000233/test/0000233_207.jpg
building_7,0000233,test,dataset_splits/10_buildings/building_7/0000233/test/0000233_211.jpg
building_7,0000233,test,dataset_splits/10_buildings/building_7/0000233/test/0000233_229.jpg
building_7,0000233,test,dataset_splits/10_buildings/building_7/0000233/test/0000233_234.jpg
building_7,0000233,test,dataset_splits/10_buildings/building_7/0000233/test/0000233_265.jpg
building_7,0000233,test,dataset_splits/10_buildings/building_7/0000233/test/0000233_307.jpg
building_7,0000233,test,dataset_splits/10_buildings/building_7/0000233/test/0000233_318.jpg
building_7,0000233,test,dataset_splits/10_buildings/building_7/0000233/test/0000233_324.jpg
building_7,0000233,test,dataset_splits/10_buildings/building_7/0000233/test/0000233_329.jpg
building_7,0000233,test,dataset_splits/10_buildings/building_7/0000233/test/0000233_347.jpg
building_7,0000233,test,dataset_splits/10_buildings/building_7/0000233/test/0000233_366.jpg
building_7,0000233,test,dataset_splits/10_buildings/building_7/0000233/test/0000233_406.jpg
building_7,0000284,reference,dataset_splits/10_buildings/building_7/0000284/reference/0000284_001.jpg
building_7,0000284,reference,dataset_splits/10_buildings/building_7/0000284/reference/0000284_003.jpg
building_7,0000284,reference,dataset_splits/10_buildings/building_7/0000284/reference/0000284_004.jpg
building_7,0000284,reference,dataset_splits/10_buildings/building_7/0000284/reference/0000284_006.jpg
building_7,0000284,reference,dataset_splits/10_buildings/building_7/0000284/reference/0000284_009.jpg
building_7,0000284,reference,dataset_splits/10_buildings/building_7/0000284/reference/0000284_012.jpg
building_7,0000284,reference,dataset_splits/10_buildings/building_7/0000284/reference/0000284_013.jpg
building_7,0000284,reference,dataset_splits/10_buildings/building_7/0000284/reference/0000284_015.jpg
building_7,0000284,reference,dataset_splits/10_buildings/building_7/0000284/reference/0000284_020.jpg
building_7,0000284,reference,dataset_splits/10_buildings/building_7/0000284/reference/0000284_024.jpg
building_7,0000284,reference,dataset_splits/10_buildings/building_7/0000284/reference/0000284_035.jpg
building_7,0000284,reference,dataset_splits/10_buildings/building_7/0000284/reference/0000284_047.jpg
building_7,0000284,reference,dataset_splits/10_buildings/building_7/0000284/reference/0000284_048.jpg
building_7,0000284,reference,dataset_splits/10_buildings/building_7/0000284/reference/0000284_053.jpg
building_7,0000284,reference,dataset_splits/10_buildings/building_7/0000284/reference/0000284_059.jpg
building_7,0000284,reference,dataset_splits/10_buildings/building_7/0000284/reference/0000284_062.jpg
building_7,0000284,reference,dataset_splits/10_buildings/building_7/0000284/reference/0000284_064.jpg
building_7,0000284,reference,dataset_splits/10_buildings/building_7/0000284/reference/0000284_067.jpg
building_7,0000284,reference,dataset_splits/10_buildings/building_7/0000284/reference/0000284_069.jpg
building_7,0000284,reference,dataset_splits/10_buildings/building_7/0000284/reference/0000284_080.jpg
building_7,0000284,test,dataset_splits/10_buildings/building_7/0000284/test/0000284_008.jpg
building_7,0000284,test,dataset_splits/10_buildings/building_7/0000284/test/0000284_011.jpg
building_7,0000284,test,dataset_splits/10_buildings/building_7/0000284/test/0000284_016.jpg
building_7,0000284,test,dataset_splits/10_buildings/building_7/0000284/test/0000284_018.jpg
building_7,0000284,test,dataset_splits/10_buildings/building_7/0000284/test/0000284_022.jpg
building_7,0000284,test,dataset_splits/10_buildings/building_7/0000284/test/0000284_029.jpg
building_7,0000284,test,dataset_splits/10_buildings/building_7/0000284/test/0000284_038.jpg
building_7,0000284,test,dataset_splits/10_buildings/building_7/0000284/test/0000284_039.jpg
building_7,0000284,test,dataset_splits/10_buildings/building_7/0000284/test/0000284_040.jpg
building_7,0000284,test,dataset_splits/10_buildings/building_7/0000284/test/0000284_043.jpg
building_7,0000284,test,dataset_splits/10_buildings/building_7/0000284/test/0000284_049.jpg
building_7,0000284,test,dataset_splits/10_buildings/building_7/0000284/test/0000284_050.jpg
building_7,0000284,test,dataset_splits/10_buildings/building_7/0000284/test/0000284_056.jpg
building_7,0000284,test,dataset_splits/10_buildings/building_7/0000284/test/0000284_065.jpg
building_7,0000284,test,dataset_splits/10_buildings/building_7/0000284/test/0000284_072.jpg
building_7,0000284,test,dataset_splits/10_buildings/building_7/0000284/test/0000284_073.jpg
building_7,0000284,test,dataset_splits/10_buildings/building_7/0000284/test/0000284_076.jpg
building_7,0000284,test,dataset_splits/10_buildings/building_7/0000284/test/0000284_078.jpg
building_7,0000284,test,dataset_splits/10_buildings/building_7/0000284/test/0000284_085.jpg
building_7,0000284,test,dataset_splits/10_buildings/building_7/0000284/test/0000284_087.jpg
building_7,0000286,reference,dataset_splits/10_buildings/building_7/0000286/reference/0000286_010.jpg
building_7,0000286,reference,dataset_splits/10_buildings/building_7/0000286/reference/0000286_016.jpg
building_7,0000286,reference,dataset_splits/10_buildings/building_7/0000286/reference/0000286_019.jpg
building_7,0000286,reference,dataset_splits/10_buildings/building_7/0000286/reference/0000286_020.jpg
building_7,0000286,reference,dataset_splits/10_buildings/building_7/0000286/reference/0000286_022.jpg
building_7,0000286,reference,dataset_splits/10_buildings/building_7/0000286/reference/0000286_023.jpg
building_7,0000286,reference,dataset_splits/10_buildings/building_7/0000286/reference/0000286_025.jpg
building_7,0000286,reference,dataset_splits/10_buildings/building_7/0000286/reference/0000286_030.jpg
building_7,0000286,reference,dataset_splits/10_buildings/building_7/0000286/reference/0000286_035.jpg
building_7,0000286,reference,dataset_splits/10_buildings/building_7/0000286/reference/0000286_045.jpg
building_7,0000286,reference,dataset_splits/10_buildings/building_7/0000286/reference/0000286_049.jpg
building_7,0000286,reference,dataset_splits/10_buildings/building_7/0000286/reference/0000286_053.jpg
building_7,0000286,reference,dataset_splits/10_buildings/building_7/0000286/reference/0000286_059.jpg
building_7,0000286,reference,dataset_splits/10_buildings/building_7/0000286/reference/0000286_060.jpg
building_7,0000286,reference,dataset_splits/10_buildings/building_7/0000286/reference/0000286_061.jpg
building_7,0000286,reference,dataset_splits/10_buildings/building_7/0000286/reference/0000286_066.jpg
building_7,0000286,reference,dataset_splits/10_buildings/building_7/0000286/reference/0000286_067.jpg
building_7,0000286,reference,dataset_splits/10_buildings/building_7/0000286/reference/0000286_069.jpg
building_7,0000286,reference,dataset_splits/10_buildings/building_7/0000286/reference/0000286_071.jpg
building_7,0000286,reference,dataset_splits/10_buildings/building_7/0000286/reference/0000286_077.jpg
building_7,0000286,test,dataset_splits/10_buildings/building_7/0000286/test/0000286_006.jpg
building_7,0000286,test,dataset_splits/10_buildings/building_7/0000286/test/0000286_007.jpg
building_7,0000286,test,dataset_splits/10_buildings/building_7/0000286/test/0000286_008.jpg
building_7,0000286,test,dataset_splits/10_buildings/building_7/0000286/test/0000286_011.jpg
building_7,0000286,test,dataset_splits/10_buildings/building_7/0000286/test/0000286_014.jpg
building_7,0000286,test,dataset_splits/10_buildings/building_7/0000286/test/0000286_029.jpg
building_7,0000286,test,dataset_splits/10_buildings/building_7/0000286/test/0000286_036.jpg
building_7,0000286,test,dataset_splits/10_buildings/building_7/0000286/test/0000286_037.jpg
building_7,0000286,test,dataset_splits/10_buildings/building_7/0000286/test/0000286_042.jpg
building_7,0000286,test,dataset_splits/10_buildings/building_7/0000286/test/0000286_044.jpg
building_7,0000286,test,dataset_splits/10_buildings/building_7/0000286/test/0000286_046.jpg
building_7,0000286,test,dataset_splits/10_buildings/building_7/0000286/test/0000286_047.jpg
building_7,0000286,test,dataset_splits/10_buildings/building_7/0000286/test/0000286_048.jpg
building_7,0000286,test,dataset_splits/10_buildings/building_7/0000286/test/0000286_055.jpg
building_7,0000286,test,dataset_splits/10_buildings/building_7/0000286/test/0000286_062.jpg
building_7,0000286,test,dataset_splits/10_buildings/building_7/0000286/test/0000286_064.jpg
building_7,0000286,test,dataset_splits/10_buildings/building_7/0000286/test/0000286_073.jpg
building_7,0000286,test,dataset_splits/10_buildings/building_7/0000286/test/0000286_074.jpg
building_7,0000286,test,dataset_splits/10_buildings/building_7/0000286/test/0000286_076.jpg
building_7,0000286,test,dataset_splits/10_buildings/building_7/0000286/test/0000286_079.jpg
building_7,0000287,reference,dataset_splits/10_buildings/building_7/0000287/reference/0000287_013.jpg
building_7,0000287,reference,dataset_splits/10_buildings/building_7/0000287/reference/0000287_020.jpg
building_7,0000287,reference,dataset_splits/10_buildings/building_7/0000287/reference/0000287_028.jpg
building_7,0000287,reference,dataset_splits/10_buildings/building_7/0000287/reference/0000287_037.jpg
building_7,0000287,reference,dataset_splits/10_buildings/building_7/0000287/reference/0000287_039.jpg
building_7,0000287,reference,dataset_splits/10_buildings/building_7/0000287/reference/0000287_040.jpg
building_7,0000287,reference,dataset_splits/10_buildings/building_7/0000287/reference/0000287_043.jpg
building_7,0000287,reference,dataset_splits/10_buildings/building_7/0000287/reference/0000287_047.jpg
building_7,0000287,reference,dataset_splits/10_buildings/building_7/0000287/reference/0000287_050.jpg
building_7,0000287,reference,dataset_splits/10_buildings/building_7/0000287/reference/0000287_063.jpg
building_7,0000287,reference,dataset_splits/10_buildings/building_7/0000287/reference/0000287_065.jpg
building_7,0000287,reference,dataset_splits/10_buildings/building_7/0000287/reference/0000287_066.jpg
building_7,0000287,reference,dataset_splits/10_buildings/building_7/0000287/reference/0000287_074.jpg
building_7,0000287,reference,dataset_splits/10_buildings/building_7/0000287/reference/0000287_080.jpg
building_7,0000287,reference,dataset_splits/10_buildings/building_7/0000287/reference/0000287_086.jpg
building_7,0000287,reference,dataset_splits/10_buildings/building_7/0000287/reference/0000287_087.jpg
building_7,0000287,reference,dataset_splits/10_buildings/building_7/0000287/reference/0000287_088.jpg
building_7,0000287,reference,dataset_splits/10_buildings/building_7/0000287/reference/0000287_092.jpg
building_7,0000287,reference,dataset_splits/10_buildings/building_7/0000287/reference/0000287_093.jpg
building_7,0000287,reference,dataset_splits/10_buildings/building_7/0000287/reference/0000287_095.jpg
building_7,0000287,test,dataset_splits/10_buildings/building_7/0000287/test/0000287_001.jpg
building_7,0000287,test,dataset_splits/10_buildings/building_7/0000287/test/0000287_004.jpg
building_7,0000287,test,dataset_splits/10_buildings/building_7/0000287/test/0000287_007.jpg
building_7,0000287,test,dataset_splits/10_buildings/building_7/0000287/test/0000287_008.jpg
building_7,0000287,test,dataset_splits/10_buildings/building_7/0000287/test/0000287_010.jpg
building_7,0000287,test,dataset_splits/10_buildings/building_7/0000287/test/0000287_014.jpg
building_7,0000287,test,dataset_splits/10_buildings/building_7/0000287/test/0000287_015.jpg
building_7,0000287,test,dataset_splits/10_buildings/building_7/0000287/test/0000287_019.jpg
building_7,0000287,test,dataset_splits/10_buildings/building_7/0000287/test/0000287_021.jpg
building_7,0000287,test,dataset_splits/10_buildings/building_7/0000287/test/0000287_023.jpg
building_7,0000287,test,dataset_splits/10_buildings/building_7/0000287/test/0000287_036.jpg
building_7,0000287,test,dataset_splits/10_buildings/building_7/0000287/test/0000287_051.jpg
building_7,0000287,test,dataset_splits/10_buildings/building_7/0000287/test/0000287_053.jpg
building_7,0000287,test,dataset_splits/10_buildings/building_7/0000287/test/0000287_055.jpg
building_7,0000287,test,dataset_splits/10_buildings/building_7/0000287/test/0000287_057.jpg
building_7,0000287,test,dataset_splits/10_buildings/building_7/0000287/test/0000287_064.jpg
building_7,0000287,test,dataset_splits/10_buildings/building_7/0000287/test/0000287_070.jpg
building_7,0000287,test,dataset_splits/10_buildings/building_7/0000287/test/0000287_077.jpg
building_7,0000287,test,dataset_splits/10_buildings/building_7/0000287/test/0000287_085.jpg
building_7,0000287,test,dataset_splits/10_buildings/building_7/0000287/test/0000287_094.jpg
building_7,0000293,reference,dataset_splits/10_buildings/building_7/0000293/reference/0000293_010.jpg
building_7,0000293,reference,dataset_splits/10_buildings/building_7/0000293/reference/0000293_012.jpg
building_7,0000293,reference,dataset_splits/10_buildings/building_7/0000293/reference/0000293_013.jpg
building_7,0000293,reference,dataset_splits/10_buildings/building_7/0000293/reference/0000293_030.jpg
building_7,0000293,reference,dataset_splits/10_buildings/building_7/0000293/reference/0000293_033.jpg
building_7,0000293,reference,dataset_splits/10_buildings/building_7/0000293/reference/0000293_039.jpg
building_7,0000293,reference,dataset_splits/10_buildings/building_7/0000293/reference/0000293_042.jpg
building_7,0000293,reference,dataset_splits/10_buildings/building_7/0000293/reference/0000293_044.jpg
building_7,0000293,reference,dataset_splits/10_buildings/building_7/0000293/reference/0000293_057.jpg
building_7,0000293,reference,dataset_splits/10_buildings/building_7/0000293/reference/0000293_060.jpg
building_7,0000293,reference,dataset_splits/10_buildings/building_7/0000293/reference/0000293_075.jpg
building_7,0000293,reference,dataset_splits/10_buildings/building_7/0000293/reference/0000293_079.jpg
building_7,0000293,reference,dataset_splits/10_buildings/building_7/0000293/reference/0000293_082.jpg
building_7,0000293,reference,dataset_splits/10_buildings/building_7/0000293/reference/0000293_084.jpg
building_7,0000293,reference,dataset_splits/10_buildings/building_7/0000293/reference/0000293_093.jpg
building_7,0000293,reference,dataset_splits/10_buildings/building_7/0000293/reference/0000293_094.jpg
building_7,0000293,reference,dataset_splits/10_buildings/building_7/0000293/reference/0000293_096.jpg
building_7,0000293,reference,dataset_splits/10_buildings/building_7/0000293/reference/0000293_097.jpg
building_7,0000293,reference,dataset_splits/10_buildings/building_7/0000293/reference/0000293_104.jpg
building_7,0000293,reference,dataset_splits/10_buildings/building_7/0000293/reference/0000293_109.jpg
building_7,0000293,test,dataset_splits/10_buildings/building_7/0000293/test/0000293_003.jpg
building_7,0000293,test,dataset_splits/10_buildings/building_7/0000293/test/0000293_022.jpg
building_7,0000293,test,dataset_splits/10_buildings/building_7/0000293/test/0000293_027.jpg
building_7,0000293,test,dataset_splits/10_buildings/building_7/0000293/test/0000293_029.jpg
building_7,0000293,test,dataset_splits/10_buildings/building_7/0000293/test/0000293_038.jpg
building_7,0000293,test,dataset_splits/10_buildings/building_7/0000293/test/0000293_041.jpg
building_7,0000293,test,dataset_splits/10_buildings/building_7/0000293/test/0000293_050.jpg
building_7,0000293,test,dataset_splits/10_buildings/building_7/0000293/test/0000293_054.jpg
building_7,0000293,test,dataset_splits/10_buildings/building_7/0000293/test/0000293_058.jpg
building_7,0000293,test,dataset_splits/10_buildings/building_7/0000293/test/0000293_061.jpg
building_7,0000293,test,dataset_splits/10_buildings/building_7/0000293/test/0000293_068.jpg
building_7,0000293,test,dataset_splits/10_buildings/building_7/0000293/test/0000293_069.jpg
building_7,0000293,test,dataset_splits/10_buildings/building_7/0000293/test/0000293_071.jpg
building_7,0000293,test,dataset_splits/10_buildings/building_7/0000293/test/0000293_072.jpg
building_7,0000293,test,dataset_splits/10_buildings/building_7/0000293/test/0000293_073.jpg
building_7,0000293,test,dataset_splits/10_buildings/building_7/0000293/test/0000293_077.jpg
building_7,0000293,test,dataset_splits/10_buildings/building_7/0000293/test/0000293_078.jpg
building_7,0000293,test,dataset_splits/10_buildings/building_7/0000293/test/0000293_083.jpg
building_7,0000293,test,dataset_splits/10_buildings/building_7/0000293/test/0000293_087.jpg
building_7,0000293,test,dataset_splits/10_buildings/building_7/0000293/test/0000293_102.jpg
building_7,0000307,reference,dataset_splits/10_buildings/building_7/0000307/reference/0000307_001.jpg
building_7,0000307,reference,dataset_splits/10_buildings/building_7/0000307/reference/0000307_051.jpg
building_7,0000307,reference,dataset_splits/10_buildings/building_7/0000307/reference/0000307_068.jpg
building_7,0000307,reference,dataset_splits/10_buildings/building_7/0000307/reference/0000307_069.jpg
building_7,0000307,reference,dataset_splits/10_buildings/building_7/0000307/reference/0000307_079.jpg
building_7,0000307,reference,dataset_splits/10_buildings/building_7/0000307/reference/0000307_103.jpg
building_7,0000307,reference,dataset_splits/10_buildings/building_7/0000307/reference/0000307_104.jpg
building_7,0000307,reference,dataset_splits/10_buildings/building_7/0000307/reference/0000307_123.jpg
building_7,0000307,reference,dataset_splits/10_buildings/building_7/0000307/reference/0000307_155.jpg
building_7,0000307,reference,dataset_splits/10_buildings/building_7/0000307/reference/0000307_177.jpg
building_7,0000307,reference,dataset_splits/10_buildings/building_7/0000307/reference/0000307_192.jpg
building_7,0000307,reference,dataset_splits/10_buildings/building_7/0000307/reference/0000307_207.jpg
building_7,0000307,reference,dataset_splits/10_buildings/building_7/0000307/reference/0000307_209.jpg
building_7,0000307,reference,dataset_splits/10_buildings/building_7/0000307/reference/0000307_212.jpg
building_7,0000307,reference,dataset_splits/10_buildings/building_7/0000307/reference/0000307_213.jpg
building_7,0000307,reference,dataset_splits/10_buildings/building_7/0000307/reference/0000307_223.jpg
building_7,0000307,reference,dataset_splits/10_buildings/building_7/0000307/reference/0000307_236.jpg
building_7,0000307,reference,dataset_splits/10_buildings/building_7/0000307/reference/0000307_240.jpg
building_7,0000307,reference,dataset_splits/10_buildings/building_7/0000307/reference/0000307_243.jpg
building_7,0000307,reference,dataset_splits/10_buildings/building_7/0000307/reference/0000307_255.jpg
building_7,0000307,test,dataset_splits/10_buildings/building_7/0000307/test/0000307_016.jpg
building_7,0000307,test,dataset_splits/10_buildings/building_7/0000307/test/0000307_020.jpg
building_7,0000307,test,dataset_splits/10_buildings/building_7/0000307/test/0000307_030.jpg
building_7,0000307,test,dataset_splits/10_buildings/building_7/0000307/test/0000307_058.jpg
building_7,0000307,test,dataset_splits/10_buildings/building_7/0000307/test/0000307_073.jpg
building_7,0000307,test,dataset_splits/10_buildings/building_7/0000307/test/0000307_081.jpg
building_7,0000307,test,dataset_splits/10_buildings/building_7/0000307/test/0000307_111.jpg
building_7,0000307,test,dataset_splits/10_buildings/building_7/0000307/test/0000307_116.jpg
building_7,0000307,test,dataset_splits/10_buildings/building_7/0000307/test/0000307_117.jpg
building_7,0000307,test,dataset_splits/10_buildings/building_7/0000307/test/0000307_121.jpg
building_7,0000307,test,dataset_splits/10_buildings/building_7/0000307/test/0000307_125.jpg
building_7,0000307,test,dataset_splits/10_buildings/building_7/0000307/test/0000307_135.jpg
building_7,0000307,test,dataset_splits/10_buildings/building_7/0000307/test/0000307_136.jpg
building_7,0000307,test,dataset_splits/10_buildings/building_7/0000307/test/0000307_149.jpg
building_7,0000307,test,dataset_splits/10_buildings/building_7/0000307/test/0000307_150.jpg
building_7,0000307,test,dataset_splits/10_buildings/building_7/0000307/test/0000307_154.jpg
building_7,0000307,test,dataset_splits/10_buildings/building_7/0000307/test/0000307_156.jpg
building_7,0000307,test,dataset_splits/10_buildings/building_7/0000307/test/0000307_193.jpg
building_7,0000307,test,dataset_splits/10_buildings/building_7/0000307/test/0000307_215.jpg
building_7,0000307,test,dataset_splits/10_buildings/building_7/0000307/test/0000307_216.jpg
building_7,0000415,reference,dataset_splits/10_buildings/building_7/0000415/reference/0000415_001.jpg
building_7,0000415,reference,dataset_splits/10_buildings/building_7/0000415/reference/0000415_004.jpg
building_7,0000415,reference,dataset_splits/10_buildings/building_7/0000415/reference/0000415_005.jpg
building_7,0000415,reference,dataset_splits/10_buildings/building_7/0000415/reference/0000415_008.jpg
building_7,0000415,reference,dataset_splits/10_buildings/building_7/0000415/reference/0000415_011.jpg
building_7,0000415,reference,dataset_splits/10_buildings/building_7/0000415/reference/0000415_012.jpg
building_7,0000415,reference,dataset_splits/10_buildings/building_7/0000415/reference/0000415_014.jpg
building_7,0000415,reference,dataset_splits/10_buildings/building_7/0000415/reference/0000415_024.jpg
building_7,0000415,reference,dataset_splits/10_buildings/building_7/0000415/reference/0000415_026.jpg
building_7,0000415,reference,dataset_splits/10_buildings/building_7/0000415/reference/0000415_028.jpg
building_7,0000415,reference,dataset_splits/10_buildings/building_7/0000415/reference/0000415_031.jpg
building_7,0000415,reference,dataset_splits/10_buildings/building_7/0000415/reference/0000415_032.jpg
building_7,0000415,reference,dataset_splits/10_buildings/building_7/0000415/reference/0000415_034.jpg
building_7,0000415,reference,dataset_splits/10_buildings/building_7/0000415/reference/0000415_035.jpg
building_7,0000415,reference,dataset_splits/10_buildings/building_7/0000415/reference/0000415_036.jpg
building_7,0000415,reference,dataset_splits/10_buildings/building_7/0000415/reference/0000415_039.jpg
building_7,0000415,reference,dataset_splits/10_buildings/building_7/0000415/reference/0000415_043.jpg
building_7,0000415,reference,dataset_splits/10_buildings/building_7/0000415/reference/0000415_044.jpg
building_7,0000415,reference,dataset_splits/10_buildings/building_7/0000415/reference/0000415_051.jpg
building_7,0000415,reference,dataset_splits/10_buildings/building_7/0000415/reference/0000415_052.jpg
building_7,0000415,test,dataset_splits/10_buildings/building_7/0000415/test/0000415_002.jpg
building_7,0000415,test,dataset_splits/10_buildings/building_7/0000415/test/0000415_009.jpg
building_7,0000415,test,dataset_splits/10_buildings/building_7/0000415/test/0000415_010.jpg
building_7,0000415,test,dataset_splits/10_buildings/building_7/0000415/test/0000415_015.jpg
building_7,0000415,test,dataset_splits/10_buildings/building_7/0000415/test/0000415_016.jpg
building_7,0000415,test,dataset_splits/10_buildings/building_7/0000415/test/0000415_019.jpg
building_7,0000415,test,dataset_splits/10_buildings/building_7/0000415/test/0000415_020.jpg
building_7,0000415,test,dataset_splits/10_buildings/building_7/0000415/test/0000415_021.jpg
building_7,0000415,test,dataset_splits/10_buildings/building_7/0000415/test/0000415_022.jpg
building_7,0000415,test,dataset_splits/10_buildings/building_7/0000415/test/0000415_023.jpg
building_7,0000415,test,dataset_splits/10_buildings/building_7/0000415/test/0000415_025.jpg
building_7,0000415,test,dataset_splits/10_buildings/building_7/0000415/test/0000415_029.jpg
building_7,0000415,test,dataset_splits/10_buildings/building_7/0000415/test/0000415_030.jpg
building_7,0000415,test,dataset_splits/10_buildings/building_7/0000415/test/0000415_033.jpg
building_7,0000415,test,dataset_splits/10_buildings/building_7/0000415/test/0000415_037.jpg
building_7,0000415,test,dataset_splits/10_buildings/building_7/0000415/test/0000415_042.jpg
building_7,0000415,test,dataset_splits/10_buildings/building_7/0000415/test/0000415_046.jpg
building_7,0000415,test,dataset_splits/10_buildings/building_7/0000415/test/0000415_048.jpg
building_7,0000415,test,dataset_splits/10_buildings/building_7/0000415/test/0000415_049.jpg
building_7,0000415,test,dataset_splits/10_buildings/building_7/0000415/test/0000415_050.jpg
building_7,0000437,reference,dataset_splits/10_buildings/building_7/0000437/reference/0000437_002.jpg
building_7,0000437,reference,dataset_splits/10_buildings/building_7/0000437/reference/0000437_031.jpg
building_7,0000437,reference,dataset_splits/10_buildings/building_7/0000437/reference/0000437_034.jpg
building_7,0000437,reference,dataset_splits/10_buildings/building_7/0000437/reference/0000437_038.jpg
building_7,0000437,reference,dataset_splits/10_buildings/building_7/0000437/reference/0000437_044.jpg
building_7,0000437,reference,dataset_splits/10_buildings/building_7/0000437/reference/0000437_053.jpg
building_7,0000437,reference,dataset_splits/10_buildings/building_7/0000437/reference/0000437_100.jpg
building_7,0000437,reference,dataset_splits/10_buildings/building_7/0000437/reference/0000437_119.jpg
building_7,0000437,reference,dataset_splits/10_buildings/building_7/0000437/reference/0000437_120.jpg
building_7,0000437,reference,dataset_splits/10_buildings/building_7/0000437/reference/0000437_124.jpg
building_7,0000437,reference,dataset_splits/10_buildings/building_7/0000437/reference/0000437_163.jpg
building_7,0000437,reference,dataset_splits/10_buildings/building_7/0000437/reference/0000437_189.jpg
building_7,0000437,reference,dataset_splits/10_buildings/building_7/0000437/reference/0000437_191.jpg
building_7,0000437,reference,dataset_splits/10_buildings/building_7/0000437/reference/0000437_198.jpg
building_7,0000437,reference,dataset_splits/10_buildings/building_7/0000437/reference/0000437_199.jpg
building_7,0000437,reference,dataset_splits/10_buildings/building_7/0000437/reference/0000437_232.jpg
building_7,0000437,reference,dataset_splits/10_buildings/building_7/0000437/reference/0000437_277.jpg
building_7,0000437,reference,dataset_splits/10_buildings/building_7/0000437/reference/0000437_293.jpg
building_7,0000437,reference,dataset_splits/10_buildings/building_7/0000437/reference/0000437_299.jpg
building_7,0000437,reference,dataset_splits/10_buildings/building_7/0000437/reference/0000437_308.jpg
building_7,0000437,test,dataset_splits/10_buildings/building_7/0000437/test/0000437_026.jpg
building_7,0000437,test,dataset_splits/10_buildings/building_7/0000437/test/0000437_028.jpg
building_7,0000437,test,dataset_splits/10_buildings/building_7/0000437/test/0000437_042.jpg
building_7,0000437,test,dataset_splits/10_buildings/building_7/0000437/test/0000437_060.jpg
building_7,0000437,test,dataset_splits/10_buildings/building_7/0000437/test/0000437_067.jpg
building_7,0000437,test,dataset_splits/10_buildings/building_7/0000437/test/0000437_070.jpg
building_7,0000437,test,dataset_splits/10_buildings/building_7/0000437/test/0000437_107.jpg
building_7,0000437,test,dataset_splits/10_buildings/building_7/0000437/test/0000437_123.jpg
building_7,0000437,test,dataset_splits/10_buildings/building_7/0000437/test/0000437_133.jpg
building_7,0000437,test,dataset_splits/10_buildings/building_7/0000437/test/0000437_141.jpg
building_7,0000437,test,dataset_splits/10_buildings/building_7/0000437/test/0000437_145.jpg
building_7,0000437,test,dataset_splits/10_buildings/building_7/0000437/test/0000437_156.jpg
building_7,0000437,test,dataset_splits/10_buildings/building_7/0000437/test/0000437_185.jpg
building_7,0000437,test,dataset_splits/10_buildings/building_7/0000437/test/0000437_229.jpg
building_7,0000437,test,dataset_splits/10_buildings/building_7/0000437/test/0000437_231.jpg
building_7,0000437,test,dataset_splits/10_buildings/building_7/0000437/test/0000437_253.jpg
building_7,0000437,test,dataset_splits/10_buildings/building_7/0000437/test/0000437_260.jpg
building_7,0000437,test,dataset_splits/10_buildings/building_7/0000437/test/0000437_278.jpg
building_7,0000437,test,dataset_splits/10_buildings/building_7/0000437/test/0000437_294.jpg
building_7,0000437,test,dataset_splits/10_buildings/building_7/0000437/test/0000437_297.jpg
building_7,0000452,reference,dataset_splits/10_buildings/building_7/0000452/reference/0000452_003.jpg
building_7,0000452,reference,dataset_splits/10_buildings/building_7/0000452/reference/0000452_007.jpg
building_7,0000452,reference,dataset_splits/10_buildings/building_7/0000452/reference/0000452_012.jpg
building_7,0000452,reference,dataset_splits/10_buildings/building_7/0000452/reference/0000452_015.jpg
building_7,0000452,reference,dataset_splits/10_buildings/building_7/0000452/reference/0000452_025.jpg
building_7,0000452,reference,dataset_splits/10_buildings/building_7/0000452/reference/0000452_027.jpg
building_7,0000452,reference,dataset_splits/10_buildings/building_7/0000452/reference/0000452_029.jpg
building_7,0000452,reference,dataset_splits/10_buildings/building_7/0000452/reference/0000452_035.jpg
building_7,0000452,reference,dataset_splits/10_buildings/building_7/0000452/reference/0000452_044.jpg
building_7,0000452,reference,dataset_splits/10_buildings/building_7/0000452/reference/0000452_063.jpg
building_7,0000452,reference,dataset_splits/10_buildings/building_7/0000452/reference/0000452_067.jpg
building_7,0000452,reference,dataset_splits/10_buildings/building_7/0000452/reference/0000452_072.jpg
building_7,0000452,reference,dataset_splits/10_buildings/building_7/0000452/reference/0000452_076.jpg
building_7,0000452,reference,dataset_splits/10_buildings/building_7/0000452/reference/0000452_077.jpg
building_7,0000452,reference,dataset_splits/10_buildings/building_7/0000452/reference/0000452_078.jpg
building_7,0000452,reference,dataset_splits/10_buildings/building_7/0000452/reference/0000452_090.jpg
building_7,0000452,reference,dataset_splits/10_buildings/building_7/0000452/reference/0000452_092.jpg
building_7,0000452,reference,dataset_splits/10_buildings/building_7/0000452/reference/0000452_099.jpg
building_7,0000452,reference,dataset_splits/10_buildings/building_7/0000452/reference/0000452_110.jpg
building_7,0000452,reference,dataset_splits/10_buildings/building_7/0000452/reference/0000452_116.jpg
building_7,0000452,test,dataset_splits/10_buildings/building_7/0000452/test/0000452_004.jpg
building_7,0000452,test,dataset_splits/10_buildings/building_7/0000452/test/0000452_017.jpg
building_7,0000452,test,dataset_splits/10_buildings/building_7/0000452/test/0000452_021.jpg
building_7,0000452,test,dataset_splits/10_buildings/building_7/0000452/test/0000452_024.jpg
building_7,0000452,test,dataset_splits/10_buildings/building_7/0000452/test/0000452_041.jpg
building_7,0000452,test,dataset_splits/10_buildings/building_7/0000452/test/0000452_043.jpg
building_7,0000452,test,dataset_splits/10_buildings/building_7/0000452/test/0000452_046.jpg
building_7,0000452,test,dataset_splits/10_buildings/building_7/0000452/test/0000452_048.jpg
building_7,0000452,test,dataset_splits/10_buildings/building_7/0000452/test/0000452_051.jpg
building_7,0000452,test,dataset_splits/10_buildings/building_7/0000452/test/0000452_052.jpg
building_7,0000452,test,dataset_splits/10_buildings/building_7/0000452/test/0000452_054.jpg
building_7,0000452,test,dataset_splits/10_buildings/building_7/0000452/test/0000452_056.jpg
building_7,0000452,test,dataset_splits/10_buildings/building_7/0000452/test/0000452_083.jpg
building_7,0000452,test,dataset_splits/10_buildings/building_7/0000452/test/0000452_087.jpg
building_7,0000452,test,dataset_splits/10_buildings/building_7/0000452/test/0000452_091.jpg
building_7,0000452,test,dataset_splits/10_buildings/building_7/0000452/test/0000452_094.jpg
building_7,0000452,test,dataset_splits/10_buildings/building_7/0000452/test/0000452_096.jpg
building_7,0000452,test,dataset_splits/10_buildings/building_7/0000452/test/0000452_105.jpg
building_7,0000452,test,dataset_splits/10_buildings/building_7/0000452/test/0000452_111.jpg
building_7,0000452,test,dataset_splits/10_buildings/building_7/0000452/test/0000452_114.jpg
building_7,0000457,reference,dataset_splits/10_buildings/building_7/0000457/reference/0000457_005.jpg
building_7,0000457,reference,dataset_splits/10_buildings/building_7/0000457/reference/0000457_008.jpg
building_7,0000457,reference,dataset_splits/10_buildings/building_7/0000457/reference/0000457_017.jpg
building_7,0000457,reference,dataset_splits/10_buildings/building_7/0000457/reference/0000457_018.jpg
building_7,0000457,reference,dataset_splits/10_buildings/building_7/0000457/reference/0000457_019.jpg
building_7,0000457,reference,dataset_splits/10_buildings/building_7/0000457/reference/0000457_021.jpg
building_7,0000457,reference,dataset_splits/10_buildings/building_7/0000457/reference/0000457_022.jpg
building_7,0000457,reference,dataset_splits/10_buildings/building_7/0000457/reference/0000457_028.jpg
building_7,0000457,reference,dataset_splits/10_buildings/building_7/0000457/reference/0000457_032.jpg
building_7,0000457,reference,dataset_splits/10_buildings/building_7/0000457/reference/0000457_033.jpg
building_7,0000457,reference,dataset_splits/10_buildings/building_7/0000457/reference/0000457_039.jpg
building_7,0000457,reference,dataset_splits/10_buildings/building_7/0000457/reference/0000457_042.jpg
building_7,0000457,reference,dataset_splits/10_buildings/building_7/0000457/reference/0000457_048.jpg
building_7,0000457,reference,dataset_splits/10_buildings/building_7/0000457/reference/0000457_050.jpg
building_7,0000457,reference,dataset_splits/10_buildings/building_7/0000457/reference/0000457_064.jpg
building_7,0000457,reference,dataset_splits/10_buildings/building_7/0000457/reference/0000457_072.jpg
building_7,0000457,reference,dataset_splits/10_buildings/building_7/0000457/reference/0000457_078.jpg
building_7,0000457,reference,dataset_splits/10_buildings/building_7/0000457/reference/0000457_081.jpg
building_7,0000457,reference,dataset_splits/10_buildings/building_7/0000457/reference/0000457_089.jpg
building_7,0000457,reference,dataset_splits/10_buildings/building_7/0000457/reference/0000457_095.jpg
building_7,0000457,test,dataset_splits/10_buildings/building_7/0000457/test/0000457_003.jpg
building_7,0000457,test,dataset_splits/10_buildings/building_7/0000457/test/0000457_006.jpg
building_7,0000457,test,dataset_splits/10_buildings/building_7/0000457/test/0000457_010.jpg
building_7,0000457,test,dataset_splits/10_buildings/building_7/0000457/test/0000457_016.jpg
building_7,0000457,test,dataset_splits/10_buildings/building_7/0000457/test/0000457_020.jpg
building_7,0000457,test,dataset_splits/10_buildings/building_7/0000457/test/0000457_027.jpg
building_7,0000457,test,dataset_splits/10_buildings/building_7/0000457/test/0000457_043.jpg
building_7,0000457,test,dataset_splits/10_buildings/building_7/0000457/test/0000457_045.jpg
building_7,0000457,test,dataset_splits/10_buildings/building_7/0000457/test/0000457_053.jpg
building_7,0000457,test,dataset_splits/10_buildings/building_7/0000457/test/0000457_054.jpg
building_7,0000457,test,dataset_splits/10_buildings/building_7/0000457/test/0000457_057.jpg
building_7,0000457,test,dataset_splits/10_buildings/building_7/0000457/test/0000457_068.jpg
building_7,0000457,test,dataset_splits/10_buildings/building_7/0000457/test/0000457_069.jpg
building_7,0000457,test,dataset_splits/10_buildings/building_7/0000457/test/0000457_076.jpg
building_7,0000457,test,dataset_splits/10_buildings/building_7/0000457/test/0000457_085.jpg
building_7,0000457,test,dataset_splits/10_buildings/building_7/0000457/test/0000457_093.jpg
building_7,0000457,test,dataset_splits/10_buildings/building_7/0000457/test/0000457_096.jpg
building_7,0000457,test,dataset_splits/10_buildings/building_7/0000457/test/0000457_097.jpg
building_7,0000457,test,dataset_splits/10_buildings/building_7/0000457/test/0000457_098.jpg
building_7,0000457,test,dataset_splits/10_buildings/building_7/0000457/test/0000457_102.jpg
building_7,0000529,reference,dataset_splits/10_buildings/building_7/0000529/reference/0000529_001.jpg
building_7,0000529,reference,dataset_splits/10_buildings/building_7/0000529/reference/0000529_014.jpg
building_7,0000529,reference,dataset_splits/10_buildings/building_7/0000529/reference/0000529_021.jpg
building_7,0000529,reference,dataset_splits/10_buildings/building_7/0000529/reference/0000529_043.jpg
building_7,0000529,reference,dataset_splits/10_buildings/building_7/0000529/reference/0000529_049.jpg
building_7,0000529,reference,dataset_splits/10_buildings/building_7/0000529/reference/0000529_054.jpg
building_7,0000529,reference,dataset_splits/10_buildings/building_7/0000529/reference/0000529_056.jpg
building_7,0000529,reference,dataset_splits/10_buildings/building_7/0000529/reference/0000529_058.jpg
building_7,0000529,reference,dataset_splits/10_buildings/building_7/0000529/reference/0000529_070.jpg
building_7,0000529,reference,dataset_splits/10_buildings/building_7/0000529/reference/0000529_071.jpg
building_7,0000529,reference,dataset_splits/10_buildings/building_7/0000529/reference/0000529_081.jpg
building_7,0000529,reference,dataset_splits/10_buildings/building_7/0000529/reference/0000529_089.jpg
building_7,0000529,reference,dataset_splits/10_buildings/building_7/0000529/reference/0000529_093.jpg
building_7,0000529,reference,dataset_splits/10_buildings/building_7/0000529/reference/0000529_104.jpg
building_7,0000529,reference,dataset_splits/10_buildings/building_7/0000529/reference/0000529_111.jpg
building_7,0000529,reference,dataset_splits/10_buildings/building_7/0000529/reference/0000529_114.jpg
building_7,0000529,reference,dataset_splits/10_buildings/building_7/0000529/reference/0000529_118.jpg
building_7,0000529,reference,dataset_splits/10_buildings/building_7/0000529/reference/0000529_126.jpg
building_7,0000529,reference,dataset_splits/10_buildings/building_7/0000529/reference/0000529_127.jpg
building_7,0000529,reference,dataset_splits/10_buildings/building_7/0000529/reference/0000529_130.jpg
building_7,0000529,test,dataset_splits/10_buildings/building_7/0000529/test/0000529_008.jpg
building_7,0000529,test,dataset_splits/10_buildings/building_7/0000529/test/0000529_022.jpg
building_7,0000529,test,dataset_splits/10_buildings/building_7/0000529/test/0000529_024.jpg
building_7,0000529,test,dataset_splits/10_buildings/building_7/0000529/test/0000529_030.jpg
building_7,0000529,test,dataset_splits/10_buildings/building_7/0000529/test/0000529_037.jpg
building_7,0000529,test,dataset_splits/10_buildings/building_7/0000529/test/0000529_047.jpg
building_7,0000529,test,dataset_splits/10_buildings/building_7/0000529/test/0000529_067.jpg
building_7,0000529,test,dataset_splits/10_buildings/building_7/0000529/test/0000529_075.jpg
building_7,0000529,test,dataset_splits/10_buildings/building_7/0000529/test/0000529_085.jpg
building_7,0000529,test,dataset_splits/10_buildings/building_7/0000529/test/0000529_096.jpg
building_7,0000529,test,dataset_splits/10_buildings/building_7/0000529/test/0000529_100.jpg
building_7,0000529,test,dataset_splits/10_buildings/building_7/0000529/test/0000529_112.jpg
building_7,0000529,test,dataset_splits/10_buildings/building_7/0000529/test/0000529_125.jpg
building_7,0000529,test,dataset_splits/10_buildings/building_7/0000529/test/0000529_133.jpg
building_7,0000529,test,dataset_splits/10_buildings/building_7/0000529/test/0000529_135.jpg
building_7,0000529,test,dataset_splits/10_buildings/building_7/0000529/test/0000529_140.jpg
building_7,0000529,test,dataset_splits/10_buildings/building_7/0000529/test/0000529_144.jpg
building_7,0000529,test,dataset_splits/10_buildings/building_7/0000529/test/0000529_148.jpg
building_7,0000529,test,dataset_splits/10_buildings/building_7/0000529/test/0000529_150.jpg
building_7,0000529,test,dataset_splits/10_buildings/building_7/0000529/test/0000529_151.jpg
building_7,0000690,reference,dataset_splits/10_buildings/building_7/0000690/reference/0000690_001.jpg
building_7,0000690,reference,dataset_splits/10_buildings/building_7/0000690/reference/0000690_004.jpg
building_7,0000690,reference,dataset_splits/10_buildings/building_7/0000690/reference/0000690_006.jpg
building_7,0000690,reference,dataset_splits/10_buildings/building_7/0000690/reference/0000690_007.jpg
building_7,0000690,reference,dataset_splits/10_buildings/building_7/0000690/reference/0000690_009.jpg
building_7,0000690,reference,dataset_splits/10_buildings/building_7/0000690/reference/0000690_015.jpg
building_7,0000690,reference,dataset_splits/10_buildings/building_7/0000690/reference/0000690_016.jpg
building_7,0000690,reference,dataset_splits/10_buildings/building_7/0000690/reference/0000690_018.jpg
building_7,0000690,reference,dataset_splits/10_buildings/building_7/0000690/reference/0000690_023.jpg
building_7,0000690,reference,dataset_splits/10_buildings/building_7/0000690/reference/0000690_027.jpg
building_7,0000690,reference,dataset_splits/10_buildings/building_7/0000690/reference/0000690_030.jpg
building_7,0000690,reference,dataset_splits/10_buildings/building_7/0000690/reference/0000690_031.jpg
building_7,0000690,reference,dataset_splits/10_buildings/building_7/0000690/reference/0000690_035.jpg
building_7,0000690,reference,dataset_splits/10_buildings/building_7/0000690/reference/0000690_038.jpg
building_7,0000690,reference,dataset_splits/10_buildings/building_7/0000690/reference/0000690_039.jpg
building_7,0000690,reference,dataset_splits/10_buildings/building_7/0000690/reference/0000690_044.jpg
building_7,0000690,reference,dataset_splits/10_buildings/building_7/0000690/reference/0000690_045.jpg
building_7,0000690,reference,dataset_splits/10_buildings/building_7/0000690/reference/0000690_046.jpg
building_7,0000690,reference,dataset_splits/10_buildings/building_7/0000690/reference/0000690_047.jpg
building_7,0000690,reference,dataset_splits/10_buildings/building_7/0000690/reference/0000690_050.jpg
building_7,0000690,test,dataset_splits/10_buildings/building_7/0000690/test/0000690_002.jpg
building_7,0000690,test,dataset_splits/10_buildings/building_7/0000690/test/0000690_003.jpg
building_7,0000690,test,dataset_splits/10_buildings/building_7/0000690/test/0000690_008.jpg
building_7,0000690,test,dataset_splits/10_buildings/building_7/0000690/test/0000690_010.jpg
building_7,0000690,test,dataset_splits/10_buildings/building_7/0000690/test/0000690_011.jpg
building_7,0000690,test,dataset_splits/10_buildings/building_7/0000690/test/0000690_012.jpg
building_7,0000690,test,dataset_splits/10_buildings/building_7/0000690/test/0000690_013.jpg
building_7,0000690,test,dataset_splits/10_buildings/building_7/0000690/test/0000690_014.jpg
building_7,0000690,test,dataset_splits/10_buildings/building_7/0000690/test/0000690_017.jpg
building_7,0000690,test,dataset_splits/10_buildings/building_7/0000690/test/0000690_019.jpg
building_7,0000690,test,dataset_splits/10_buildings/building_7/0000690/test/0000690_020.jpg
building_7,0000690,test,dataset_splits/10_buildings/building_7/0000690/test/0000690_022.jpg
building_7,0000690,test,dataset_splits/10_buildings/building_7/0000690/test/0000690_025.jpg
building_7,0000690,test,dataset_splits/10_buildings/building_7/0000690/test/0000690_026.jpg
building_7,0000690,test,dataset_splits/10_buildings/building_7/0000690/test/0000690_028.jpg
building_7,0000690,test,dataset_splits/10_buildings/building_7/0000690/test/0000690_032.jpg
building_7,0000690,test,dataset_splits/10_buildings/building_7/0000690/test/0000690_034.jpg
building_7,0000690,test,dataset_splits/10_buildings/building_7/0000690/test/0000690_042.jpg
building_7,0000690,test,dataset_splits/10_buildings/building_7/0000690/test/0000690_043.jpg
building_7,0000690,test,dataset_splits/10_buildings/building_7/0000690/test/0000690_051.jpg
building_7,0000792,reference,dataset_splits/10_buildings/building_7/0000792/reference/0000792_009.jpg
building_7,0000792,reference,dataset_splits/10_buildings/building_7/0000792/reference/0000792_012.jpg
building_7,0000792,reference,dataset_splits/10_buildings/building_7/0000792/reference/0000792_026.jpg
building_7,0000792,reference,dataset_splits/10_buildings/building_7/0000792/reference/0000792_029.jpg
building_7,0000792,reference,dataset_splits/10_buildings/building_7/0000792/reference/0000792_036.jpg
building_7,0000792,reference,dataset_splits/10_buildings/building_7/0000792/reference/0000792_044.jpg
building_7,0000792,reference,dataset_splits/10_buildings/building_7/0000792/reference/0000792_047.jpg
building_7,0000792,reference,dataset_splits/10_buildings/building_7/0000792/reference/0000792_053.jpg
building_7,0000792,reference,dataset_splits/10_buildings/building_7/0000792/reference/0000792_057.jpg
building_7,0000792,reference,dataset_splits/10_buildings/building_7/0000792/reference/0000792_081.jpg
building_7,0000792,reference,dataset_splits/10_buildings/building_7/0000792/reference/0000792_086.jpg
building_7,0000792,reference,dataset_splits/10_buildings/building_7/0000792/reference/0000792_088.jpg
building_7,0000792,reference,dataset_splits/10_buildings/building_7/0000792/reference/0000792_111.jpg
building_7,0000792,reference,dataset_splits/10_buildings/building_7/0000792/reference/0000792_114.jpg
building_7,0000792,reference,dataset_splits/10_buildings/building_7/0000792/reference/0000792_118.jpg
building_7,0000792,reference,dataset_splits/10_buildings/building_7/0000792/reference/0000792_137.jpg
building_7,0000792,reference,dataset_splits/10_buildings/building_7/0000792/reference/0000792_156.jpg
building_7,0000792,reference,dataset_splits/10_buildings/building_7/0000792/reference/0000792_167.jpg
building_7,0000792,reference,dataset_splits/10_buildings/building_7/0000792/reference/0000792_171.jpg
building_7,0000792,reference,dataset_splits/10_buildings/building_7/0000792/reference/0000792_180.jpg
building_7,0000792,test,dataset_splits/10_buildings/building_7/0000792/test/0000792_013.jpg
building_7,0000792,test,dataset_splits/10_buildings/building_7/0000792/test/0000792_022.jpg
building_7,0000792,test,dataset_splits/10_buildings/building_7/0000792/test/0000792_038.jpg
building_7,0000792,test,dataset_splits/10_buildings/building_7/0000792/test/0000792_042.jpg
building_7,0000792,test,dataset_splits/10_buildings/building_7/0000792/test/0000792_045.jpg
building_7,0000792,test,dataset_splits/10_buildings/building_7/0000792/test/0000792_048.jpg
building_7,0000792,test,dataset_splits/10_buildings/building_7/0000792/test/0000792_051.jpg
building_7,0000792,test,dataset_splits/10_buildings/building_7/0000792/test/0000792_055.jpg
building_7,0000792,test,dataset_splits/10_buildings/building_7/0000792/test/0000792_056.jpg
building_7,0000792,test,dataset_splits/10_buildings/building_7/0000792/test/0000792_068.jpg
building_7,0000792,test,dataset_splits/10_buildings/building_7/0000792/test/0000792_073.jpg
building_7,0000792,test,dataset_splits/10_buildings/building_7/0000792/test/0000792_074.jpg
building_7,0000792,test,dataset_splits/10_buildings/building_7/0000792/test/0000792_075.jpg
building_7,0000792,test,dataset_splits/10_buildings/building_7/0000792/test/0000792_102.jpg
building_7,0000792,test,dataset_splits/10_buildings/building_7/0000792/test/0000792_110.jpg
building_7,0000792,test,dataset_splits/10_buildings/building_7/0000792/test/0000792_113.jpg
building_7,0000792,test,dataset_splits/10_buildings/building_7/0000792/test/0000792_120.jpg
building_7,0000792,test,dataset_splits/10_buildings/building_7/0000792/test/0000792_138.jpg
building_7,0000792,test,dataset_splits/10_buildings/building_7/0000792/test/0000792_147.jpg
building_7,0000792,test,dataset_splits/10_buildings/building_7/0000792/test/0000792_166.jpg
building_7,0000929,reference,dataset_splits/10_buildings/building_7/0000929/reference/0000929_003.jpg
building_7,0000929,reference,dataset_splits/10_buildings/building_7/0000929/reference/0000929_007.jpg
building_7,0000929,reference,dataset_splits/10_buildings/building_7/0000929/reference/0000929_012.jpg
building_7,0000929,reference,dataset_splits/10_buildings/building_7/0000929/reference/0000929_016.jpg
building_7,0000929,reference,dataset_splits/10_buildings/building_7/0000929/reference/0000929_019.jpg
building_7,0000929,reference,dataset_splits/10_buildings/building_7/0000929/reference/0000929_020.jpg
building_7,0000929,reference,dataset_splits/10_buildings/building_7/0000929/reference/0000929_021.jpg
building_7,0000929,reference,dataset_splits/10_buildings/building_7/0000929/reference/0000929_022.jpg
building_7,0000929,reference,dataset_splits/10_buildings/building_7/0000929/reference/0000929_023.jpg
building_7,0000929,reference,dataset_splits/10_buildings/building_7/0000929/reference/0000929_025.jpg
building_7,0000929,reference,dataset_splits/10_buildings/building_7/0000929/reference/0000929_027.jpg
building_7,0000929,reference,dataset_splits/10_buildings/building_7/0000929/reference/0000929_029.jpg
building_7,0000929,reference,dataset_splits/10_buildings/building_7/0000929/reference/0000929_035.jpg
building_7,0000929,reference,dataset_splits/10_buildings/building_7/0000929/reference/0000929_039.jpg
building_7,0000929,reference,dataset_splits/10_buildings/building_7/0000929/reference/0000929_045.jpg
building_7,0000929,reference,dataset_splits/10_buildings/building_7/0000929/reference/0000929_048.jpg
building_7,0000929,reference,dataset_splits/10_buildings/building_7/0000929/reference/0000929_049.jpg
building_7,0000929,reference,dataset_splits/10_buildings/building_7/0000929/reference/0000929_052.jpg
building_7,0000929,reference,dataset_splits/10_buildings/building_7/0000929/reference/0000929_053.jpg
building_7,0000929,reference,dataset_splits/10_buildings/building_7/0000929/reference/0000929_057.jpg
building_7,0000929,test,dataset_splits/10_buildings/building_7/0000929/test/0000929_001.jpg
building_7,0000929,test,dataset_splits/10_buildings/building_7/0000929/test/0000929_002.jpg
building_7,0000929,test,dataset_splits/10_buildings/building_7/0000929/test/0000929_004.jpg
building_7,0000929,test,dataset_splits/10_buildings/building_7/0000929/test/0000929_006.jpg
building_7,0000929,test,dataset_splits/10_buildings/building_7/0000929/test/0000929_009.jpg
building_7,0000929,test,dataset_splits/10_buildings/building_7/0000929/test/0000929_018.jpg
building_7,0000929,test,dataset_splits/10_buildings/building_7/0000929/test/0000929_024.jpg
building_7,0000929,test,dataset_splits/10_buildings/building_7/0000929/test/0000929_028.jpg
building_7,0000929,test,dataset_splits/10_buildings/building_7/0000929/test/0000929_030.jpg
building_7,0000929,test,dataset_splits/10_buildings/building_7/0000929/test/0000929_031.jpg
building_7,0000929,test,dataset_splits/10_buildings/building_7/0000929/test/0000929_032.jpg
building_7,0000929,test,dataset_splits/10_buildings/building_7/0000929/test/0000929_033.jpg
building_7,0000929,test,dataset_splits/10_buildings/building_7/0000929/test/0000929_036.jpg
building_7,0000929,test,dataset_splits/10_buildings/building_7/0000929/test/0000929_038.jpg
building_7,0000929,test,dataset_splits/10_buildings/building_7/0000929/test/0000929_042.jpg
building_7,0000929,test,dataset_splits/10_buildings/building_7/0000929/test/0000929_044.jpg
building_7,0000929,test,dataset_splits/10_buildings/building_7/0000929/test/0000929_046.jpg
building_7,0000929,test,dataset_splits/10_buildings/building_7/0000929/test/0000929_050.jpg
building_7,0000929,test,dataset_splits/10_buildings/building_7/0000929/test/0000929_055.jpg
building_7,0000929,test,dataset_splits/10_buildings/building_7/0000929/test/0000929_056.jpg
building_7,0000933,reference,dataset_splits/10_buildings/building_7/0000933/reference/0000933_003.jpg
building_7,0000933,reference,dataset_splits/10_buildings/building_7/0000933/reference/0000933_005.jpg
building_7,0000933,reference,dataset_splits/10_buildings/building_7/0000933/reference/0000933_007.jpg
building_7,0000933,reference,dataset_splits/10_buildings/building_7/0000933/reference/0000933_009.jpg
building_7,0000933,reference,dataset_splits/10_buildings/building_7/0000933/reference/0000933_012.jpg
building_7,0000933,reference,dataset_splits/10_buildings/building_7/0000933/reference/0000933_015.jpg
building_7,0000933,reference,dataset_splits/10_buildings/building_7/0000933/reference/0000933_016.jpg
building_7,0000933,reference,dataset_splits/10_buildings/building_7/0000933/reference/0000933_017.jpg
building_7,0000933,reference,dataset_splits/10_buildings/building_7/0000933/reference/0000933_018.jpg
building_7,0000933,reference,dataset_splits/10_buildings/building_7/0000933/reference/0000933_019.jpg
building_7,0000933,reference,dataset_splits/10_buildings/building_7/0000933/reference/0000933_020.jpg
building_7,0000933,reference,dataset_splits/10_buildings/building_7/0000933/reference/0000933_026.jpg
building_7,0000933,reference,dataset_splits/10_buildings/building_7/0000933/reference/0000933_032.jpg
building_7,0000933,reference,dataset_splits/10_buildings/building_7/0000933/reference/0000933_036.jpg
building_7,0000933,reference,dataset_splits/10_buildings/building_7/0000933/reference/0000933_043.jpg
building_7,0000933,reference,dataset_splits/10_buildings/building_7/0000933/reference/0000933_045.jpg
building_7,0000933,reference,dataset_splits/10_buildings/building_7/0000933/reference/0000933_046.jpg
building_7,0000933,reference,dataset_splits/10_buildings/building_7/0000933/reference/0000933_050.jpg
building_7,0000933,reference,dataset_splits/10_buildings/building_7/0000933/reference/0000933_052.jpg
building_7,0000933,reference,dataset_splits/10_buildings/building_7/0000933/reference/0000933_055.jpg
building_7,0000933,test,dataset_splits/10_buildings/building_7/0000933/test/0000933_001.jpg
building_7,0000933,test,dataset_splits/10_buildings/building_7/0000933/test/0000933_006.jpg
building_7,0000933,test,dataset_splits/10_buildings/building_7/0000933/test/0000933_008.jpg
building_7,0000933,test,dataset_splits/10_buildings/building_7/0000933/test/0000933_010.jpg
building_7,0000933,test,dataset_splits/10_buildings/building_7/0000933/test/0000933_014.jpg
building_7,0000933,test,dataset_splits/10_buildings/building_7/0000933/test/0000933_023.jpg
building_7,0000933,test,dataset_splits/10_buildings/building_7/0000933/test/0000933_025.jpg
building_7,0000933,test,dataset_splits/10_buildings/building_7/0000933/test/0000933_027.jpg
building_7,0000933,test,dataset_splits/10_buildings/building_7/0000933/test/0000933_028.jpg
building_7,0000933,test,dataset_splits/10_buildings/building_7/0000933/test/0000933_033.jpg
building_7,0000933,test,dataset_splits/10_buildings/building_7/0000933/test/0000933_038.jpg
building_7,0000933,test,dataset_splits/10_buildings/building_7/0000933/test/0000933_039.jpg
building_7,0000933,test,dataset_splits/10_buildings/building_7/0000933/test/0000933_040.jpg
building_7,0000933,test,dataset_splits/10_buildings/building_7/0000933/test/0000933_041.jpg
building_7,0000933,test,dataset_splits/10_buildings/building_7/0000933/test/0000933_042.jpg
building_7,0000933,test,dataset_splits/10_buildings/building_7/0000933/test/0000933_044.jpg
building_7,0000933,test,dataset_splits/10_buildings/building_7/0000933/test/0000933_048.jpg
building_7,0000933,test,dataset_splits/10_buildings/building_7/0000933/test/0000933_049.jpg
building_7,0000933,test,dataset_splits/10_buildings/building_7/0000933/test/0000933_051.jpg
building_7,0000933,test,dataset_splits/10_buildings/building_7/0000933/test/0000933_053.jpg
building_7,0000950,reference,dataset_splits/10_buildings/building_7/0000950/reference/0000950_010.jpg
building_7,0000950,reference,dataset_splits/10_buildings/building_7/0000950/reference/0000950_011.jpg
building_7,0000950,reference,dataset_splits/10_buildings/building_7/0000950/reference/0000950_013.jpg
building_7,0000950,reference,dataset_splits/10_buildings/building_7/0000950/reference/0000950_019.jpg
building_7,0000950,reference,dataset_splits/10_buildings/building_7/0000950/reference/0000950_022.jpg
building_7,0000950,reference,dataset_splits/10_buildings/building_7/0000950/reference/0000950_023.jpg
building_7,0000950,reference,dataset_splits/10_buildings/building_7/0000950/reference/0000950_024.jpg
building_7,0000950,reference,dataset_splits/10_buildings/building_7/0000950/reference/0000950_032.jpg
building_7,0000950,reference,dataset_splits/10_buildings/building_7/0000950/reference/0000950_033.jpg
building_7,0000950,reference,dataset_splits/10_buildings/building_7/0000950/reference/0000950_036.jpg
building_7,0000950,reference,dataset_splits/10_buildings/building_7/0000950/reference/0000950_038.jpg
building_7,0000950,reference,dataset_splits/10_buildings/building_7/0000950/reference/0000950_040.jpg
building_7,0000950,reference,dataset_splits/10_buildings/building_7/0000950/reference/0000950_041.jpg
building_7,0000950,reference,dataset_splits/10_buildings/building_7/0000950/reference/0000950_042.jpg
building_7,0000950,reference,dataset_splits/10_buildings/building_7/0000950/reference/0000950_043.jpg
building_7,0000950,reference,dataset_splits/10_buildings/building_7/0000950/reference/0000950_047.jpg
building_7,0000950,reference,dataset_splits/10_buildings/building_7/0000950/reference/0000950_049.jpg
building_7,0000950,reference,dataset_splits/10_buildings/building_7/0000950/reference/0000950_054.jpg
building_7,0000950,reference,dataset_splits/10_buildings/building_7/0000950/reference/0000950_057.jpg
building_7,0000950,reference,dataset_splits/10_buildings/building_7/0000950/reference/0000950_060.jpg
building_7,0000950,test,dataset_splits/10_buildings/building_7/0000950/test/0000950_001.jpg
building_7,0000950,test,dataset_splits/10_buildings/building_7/0000950/test/0000950_002.jpg
building_7,0000950,test,dataset_splits/10_buildings/building_7/0000950/test/0000950_003.jpg
building_7,0000950,test,dataset_splits/10_buildings/building_7/0000950/test/0000950_008.jpg
building_7,0000950,test,dataset_splits/10_buildings/building_7/0000950/test/0000950_012.jpg
building_7,0000950,test,dataset_splits/10_buildings/building_7/0000950/test/0000950_014.jpg
building_7,0000950,test,dataset_splits/10_buildings/building_7/0000950/test/0000950_015.jpg
building_7,0000950,test,dataset_splits/10_buildings/building_7/0000950/test/0000950_018.jpg
building_7,0000950,test,dataset_splits/10_buildings/building_7/0000950/test/0000950_020.jpg
building_7,0000950,test,dataset_splits/10_buildings/building_7/0000950/test/0000950_025.jpg
building_7,0000950,test,dataset_splits/10_buildings/building_7/0000950/test/0000950_026.jpg
building_7,0000950,test,dataset_splits/10_buildings/building_7/0000950/test/0000950_027.jpg
building_7,0000950,test,dataset_splits/10_buildings/building_7/0000950/test/0000950_028.jpg
building_7,0000950,test,dataset_splits/10_buildings/building_7/0000950/test/0000950_030.jpg
building_7,0000950,test,dataset_splits/10_buildings/building_7/0000950/test/0000950_039.jpg
building_7,0000950,test,dataset_splits/10_buildings/building_7/0000950/test/0000950_044.jpg
building_7,0000950,test,dataset_splits/10_buildings/building_7/0000950/test/0000950_046.jpg
building_7,0000950,test,dataset_splits/10_buildings/building_7/0000950/test/0000950_051.jpg
building_7,0000950,test,dataset_splits/10_buildings/building_7/0000950/test/0000950_052.jpg
building_7,0000950,test,dataset_splits/10_buildings/building_7/0000950/test/0000950_056.jpg
building_7,0000956,reference,dataset_splits/10_buildings/building_7/0000956/reference/0000956_002.jpg
building_7,0000956,reference,dataset_splits/10_buildings/building_7/0000956/reference/0000956_015.jpg
building_7,0000956,reference,dataset_splits/10_buildings/building_7/0000956/reference/0000956_016.jpg
building_7,0000956,reference,dataset_splits/10_buildings/building_7/0000956/reference/0000956_022.jpg
building_7,0000956,reference,dataset_splits/10_buildings/building_7/0000956/reference/0000956_028.jpg
building_7,0000956,reference,dataset_splits/10_buildings/building_7/0000956/reference/0000956_033.jpg
building_7,0000956,reference,dataset_splits/10_buildings/building_7/0000956/reference/0000956_035.jpg
building_7,0000956,reference,dataset_splits/10_buildings/building_7/0000956/reference/0000956_036.jpg
building_7,0000956,reference,dataset_splits/10_buildings/building_7/0000956/reference/0000956_038.jpg
building_7,0000956,reference,dataset_splits/10_buildings/building_7/0000956/reference/0000956_041.jpg
building_7,0000956,reference,dataset_splits/10_buildings/building_7/0000956/reference/0000956_043.jpg
building_7,0000956,reference,dataset_splits/10_buildings/building_7/0000956/reference/0000956_044.jpg
building_7,0000956,reference,dataset_splits/10_buildings/building_7/0000956/reference/0000956_045.jpg
building_7,0000956,reference,dataset_splits/10_buildings/building_7/0000956/reference/0000956_048.jpg
building_7,0000956,reference,dataset_splits/10_buildings/building_7/0000956/reference/0000956_050.jpg
building_7,0000956,reference,dataset_splits/10_buildings/building_7/0000956/reference/0000956_055.jpg
building_7,0000956,reference,dataset_splits/10_buildings/building_7/0000956/reference/0000956_061.jpg
building_7,0000956,reference,dataset_splits/10_buildings/building_7/0000956/reference/0000956_062.jpg
building_7,0000956,reference,dataset_splits/10_buildings/building_7/0000956/reference/0000956_063.jpg
building_7,0000956,reference,dataset_splits/10_buildings/building_7/0000956/reference/0000956_068.jpg
building_7,0000956,test,dataset_splits/10_buildings/building_7/0000956/test/0000956_001.jpg
building_7,0000956,test,dataset_splits/10_buildings/building_7/0000956/test/0000956_006.jpg
building_7,0000956,test,dataset_splits/10_buildings/building_7/0000956/test/0000956_009.jpg
building_7,0000956,test,dataset_splits/10_buildings/building_7/0000956/test/0000956_010.jpg
building_7,0000956,test,dataset_splits/10_buildings/building_7/0000956/test/0000956_011.jpg
building_7,0000956,test,dataset_splits/10_buildings/building_7/0000956/test/0000956_014.jpg
building_7,0000956,test,dataset_splits/10_buildings/building_7/0000956/test/0000956_021.jpg
building_7,0000956,test,dataset_splits/10_buildings/building_7/0000956/test/0000956_023.jpg
building_7,0000956,test,dataset_splits/10_buildings/building_7/0000956/test/0000956_025.jpg
building_7,0000956,test,dataset_splits/10_buildings/building_7/0000956/test/0000956_026.jpg
building_7,0000956,test,dataset_splits/10_buildings/building_7/0000956/test/0000956_034.jpg
building_7,0000956,test,dataset_splits/10_buildings/building_7/0000956/test/0000956_042.jpg
building_7,0000956,test,dataset_splits/10_buildings/building_7/0000956/test/0000956_051.jpg
building_7,0000956,test,dataset_splits/10_buildings/building_7/0000956/test/0000956_053.jpg
building_7,0000956,test,dataset_splits/10_buildings/building_7/0000956/test/0000956_058.jpg
building_7,0000956,test,dataset_splits/10_buildings/building_7/0000956/test/0000956_059.jpg
building_7,0000956,test,dataset_splits/10_buildings/building_7/0000956/test/0000956_060.jpg
building_7,0000956,test,dataset_splits/10_buildings/building_7/0000956/test/0000956_069.jpg
building_7,0000956,test,dataset_splits/10_buildings/building_7/0000956/test/0000956_071.jpg
building_7,0000956,test,dataset_splits/10_buildings/building_7/0000956/test/0000956_072.jpg
building_7,0001054,reference,dataset_splits/10_buildings/building_7/0001054/reference/0001054_003.jpg
building_7,0001054,reference,dataset_splits/10_buildings/building_7/0001054/reference/0001054_006.jpg
building_7,0001054,reference,dataset_splits/10_buildings/building_7/0001054/reference/0001054_007.jpg
building_7,0001054,reference,dataset_splits/10_buildings/building_7/0001054/reference/0001054_013.jpg
building_7,0001054,reference,dataset_splits/10_buildings/building_7/0001054/reference/0001054_018.jpg
building_7,0001054,reference,dataset_splits/10_buildings/building_7/0001054/reference/0001054_019.jpg
building_7,0001054,reference,dataset_splits/10_buildings/building_7/0001054/reference/0001054_022.jpg
building_7,0001054,reference,dataset_splits/10_buildings/building_7/0001054/reference/0001054_028.jpg
building_7,0001054,reference,dataset_splits/10_buildings/building_7/0001054/reference/0001054_035.jpg
building_7,0001054,reference,dataset_splits/10_buildings/building_7/0001054/reference/0001054_037.jpg
building_7,0001054,reference,dataset_splits/10_buildings/building_7/0001054/reference/0001054_040.jpg
building_7,0001054,reference,dataset_splits/10_buildings/building_7/0001054/reference/0001054_048.jpg
building_7,0001054,reference,dataset_splits/10_buildings/building_7/0001054/reference/0001054_050.jpg
building_7,0001054,reference,dataset_splits/10_buildings/building_7/0001054/reference/0001054_053.jpg
building_7,0001054,reference,dataset_splits/10_buildings/building_7/0001054/reference/0001054_056.jpg
building_7,0001054,reference,dataset_splits/10_buildings/building_7/0001054/reference/0001054_057.jpg
building_7,0001054,reference,dataset_splits/10_buildings/building_7/0001054/reference/0001054_058.jpg
building_7,0001054,reference,dataset_splits/10_buildings/building_7/0001054/reference/0001054_059.jpg
building_7,0001054,reference,dataset_splits/10_buildings/building_7/0001054/reference/0001054_069.jpg
building_7,0001054,reference,dataset_splits/10_buildings/building_7/0001054/reference/0001054_076.jpg
building_7,0001054,test,dataset_splits/10_buildings/building_7/0001054/test/0001054_009.jpg
building_7,0001054,test,dataset_splits/10_buildings/building_7/0001054/test/0001054_011.jpg
building_7,0001054,test,dataset_splits/10_buildings/building_7/0001054/test/0001054_012.jpg
building_7,0001054,test,dataset_splits/10_buildings/building_7/0001054/test/0001054_014.jpg
building_7,0001054,test,dataset_splits/10_buildings/building_7/0001054/test/0001054_016.jpg
building_7,0001054,test,dataset_splits/10_buildings/building_7/0001054/test/0001054_021.jpg
building_7,0001054,test,dataset_splits/10_buildings/building_7/0001054/test/0001054_025.jpg
building_7,0001054,test,dataset_splits/10_buildings/building_7/0001054/test/0001054_027.jpg
building_7,0001054,test,dataset_splits/10_buildings/building_7/0001054/test/0001054_029.jpg
building_7,0001054,test,dataset_splits/10_buildings/building_7/0001054/test/0001054_038.jpg
building_7,0001054,test,dataset_splits/10_buildings/building_7/0001054/test/0001054_042.jpg
building_7,0001054,test,dataset_splits/10_buildings/building_7/0001054/test/0001054_047.jpg
building_7,0001054,test,dataset_splits/10_buildings/building_7/0001054/test/0001054_049.jpg
building_7,0001054,test,dataset_splits/10_buildings/building_7/0001054/test/0001054_051.jpg
building_7,0001054,test,dataset_splits/10_buildings/building_7/0001054/test/0001054_052.jpg
building_7,0001054,test,dataset_splits/10_buildings/building_7/0001054/test/0001054_061.jpg
building_7,0001054,test,dataset_splits/10_buildings/building_7/0001054/test/0001054_062.jpg
building_7,0001054,test,dataset_splits/10_buildings/building_7/0001054/test/0001054_074.jpg
building_7,0001054,test,dataset_splits/10_buildings/building_7/0001054/test/0001054_083.jpg
building_7,0001054,test,dataset_splits/10_buildings/building_7/0001054/test/0001054_084.jpg
building_7,0001068,reference,dataset_splits/10_buildings/building_7/0001068/reference/0001068_017.jpg
building_7,0001068,reference,dataset_splits/10_buildings/building_7/0001068/reference/0001068_021.jpg
building_7,0001068,reference,dataset_splits/10_buildings/building_7/0001068/reference/0001068_022.jpg
building_7,0001068,reference,dataset_splits/10_buildings/building_7/0001068/reference/0001068_034.jpg
building_7,0001068,reference,dataset_splits/10_buildings/building_7/0001068/reference/0001068_041.jpg
building_7,0001068,reference,dataset_splits/10_buildings/building_7/0001068/reference/0001068_042.jpg
building_7,0001068,reference,dataset_splits/10_buildings/building_7/0001068/reference/0001068_053.jpg
building_7,0001068,reference,dataset_splits/10_buildings/building_7/0001068/reference/0001068_059.jpg
building_7,0001068,reference,dataset_splits/10_buildings/building_7/0001068/reference/0001068_068.jpg
building_7,0001068,reference,dataset_splits/10_buildings/building_7/0001068/reference/0001068_069.jpg
building_7,0001068,reference,dataset_splits/10_buildings/building_7/0001068/reference/0001068_074.jpg
building_7,0001068,reference,dataset_splits/10_buildings/building_7/0001068/reference/0001068_082.jpg
building_7,0001068,reference,dataset_splits/10_buildings/building_7/0001068/reference/0001068_096.jpg
building_7,0001068,reference,dataset_splits/10_buildings/building_7/0001068/reference/0001068_100.jpg
building_7,0001068,reference,dataset_splits/10_buildings/building_7/0001068/reference/0001068_113.jpg
building_7,0001068,reference,dataset_splits/10_buildings/building_7/0001068/reference/0001068_150.jpg
building_7,0001068,reference,dataset_splits/10_buildings/building_7/0001068/reference/0001068_151.jpg
building_7,0001068,reference,dataset_splits/10_buildings/building_7/0001068/reference/0001068_177.jpg
building_7,0001068,reference,dataset_splits/10_buildings/building_7/0001068/reference/0001068_180.jpg
building_7,0001068,reference,dataset_splits/10_buildings/building_7/0001068/reference/0001068_197.jpg
building_7,0001068,test,dataset_splits/10_buildings/building_7/0001068/test/0001068_010.jpg
building_7,0001068,test,dataset_splits/10_buildings/building_7/0001068/test/0001068_013.jpg
building_7,0001068,test,dataset_splits/10_buildings/building_7/0001068/test/0001068_036.jpg
building_7,0001068,test,dataset_splits/10_buildings/building_7/0001068/test/0001068_090.jpg
building_7,0001068,test,dataset_splits/10_buildings/building_7/0001068/test/0001068_092.jpg
building_7,0001068,test,dataset_splits/10_buildings/building_7/0001068/test/0001068_101.jpg
building_7,0001068,test,dataset_splits/10_buildings/building_7/0001068/test/0001068_112.jpg
building_7,0001068,test,dataset_splits/10_buildings/building_7/0001068/test/0001068_126.jpg
building_7,0001068,test,dataset_splits/10_buildings/building_7/0001068/test/0001068_138.jpg
building_7,0001068,test,dataset_splits/10_buildings/building_7/0001068/test/0001068_147.jpg
building_7,0001068,test,dataset_splits/10_buildings/building_7/0001068/test/0001068_148.jpg
building_7,0001068,test,dataset_splits/10_buildings/building_7/0001068/test/0001068_156.jpg
building_7,0001068,test,dataset_splits/10_buildings/building_7/0001068/test/0001068_157.jpg
building_7,0001068,test,dataset_splits/10_buildings/building_7/0001068/test/0001068_162.jpg
building_7,0001068,test,dataset_splits/10_buildings/building_7/0001068/test/0001068_169.jpg
building_7,0001068,test,dataset_splits/10_buildings/building_7/0001068/test/0001068_173.jpg
building_7,0001068,test,dataset_splits/10_buildings/building_7/0001068/test/0001068_174.jpg
building_7,0001068,test,dataset_splits/10_buildings/building_7/0001068/test/0001068_178.jpg
building_7,0001068,test,dataset_splits/10_buildings/building_7/0001068/test/0001068_186.jpg
building_7,0001068,test,dataset_splits/10_buildings/building_7/0001068/test/0001068_192.jpg
building_7,0001099,reference,dataset_splits/10_buildings/building_7/0001099/reference/0001099_004.jpg
building_7,0001099,reference,dataset_splits/10_buildings/building_7/0001099/reference/0001099_008.jpg
building_7,0001099,reference,dataset_splits/10_buildings/building_7/0001099/reference/0001099_031.jpg
building_7,0001099,reference,dataset_splits/10_buildings/building_7/0001099/reference/0001099_033.jpg
building_7,0001099,reference,dataset_splits/10_buildings/building_7/0001099/reference/0001099_051.jpg
building_7,0001099,reference,dataset_splits/10_buildings/building_7/0001099/reference/0001099_055.jpg
building_7,0001099,reference,dataset_splits/10_buildings/building_7/0001099/reference/0001099_064.jpg
building_7,0001099,reference,dataset_splits/10_buildings/building_7/0001099/reference/0001099_066.jpg
building_7,0001099,reference,dataset_splits/10_buildings/building_7/0001099/reference/0001099_072.jpg
building_7,0001099,reference,dataset_splits/10_buildings/building_7/0001099/reference/0001099_075.jpg
building_7,0001099,reference,dataset_splits/10_buildings/building_7/0001099/reference/0001099_089.jpg
building_7,0001099,reference,dataset_splits/10_buildings/building_7/0001099/reference/0001099_091.jpg
building_7,0001099,reference,dataset_splits/10_buildings/building_7/0001099/reference/0001099_104.jpg
building_7,0001099,reference,dataset_splits/10_buildings/building_7/0001099/reference/0001099_113.jpg
building_7,0001099,reference,dataset_splits/10_buildings/building_7/0001099/reference/0001099_116.jpg
building_7,0001099,reference,dataset_splits/10_buildings/building_7/0001099/reference/0001099_120.jpg
building_7,0001099,reference,dataset_splits/10_buildings/building_7/0001099/reference/0001099_129.jpg
building_7,0001099,reference,dataset_splits/10_buildings/building_7/0001099/reference/0001099_142.jpg
building_7,0001099,reference,dataset_splits/10_buildings/building_7/0001099/reference/0001099_157.jpg
building_7,0001099,reference,dataset_splits/10_buildings/building_7/0001099/reference/0001099_160.jpg
building_7,0001099,test,dataset_splits/10_buildings/building_7/0001099/test/0001099_001.jpg
building_7,0001099,test,dataset_splits/10_buildings/building_7/0001099/test/0001099_003.jpg
building_7,0001099,test,dataset_splits/10_buildings/building_7/0001099/test/0001099_007.jpg
building_7,0001099,test,dataset_splits/10_buildings/building_7/0001099/test/0001099_020.jpg
building_7,0001099,test,dataset_splits/10_buildings/building_7/0001099/test/0001099_021.jpg
building_7,0001099,test,dataset_splits/10_buildings/building_7/0001099/test/0001099_022.jpg
building_7,0001099,test,dataset_splits/10_buildings/building_7/0001099/test/0001099_029.jpg
building_7,0001099,test,dataset_splits/10_buildings/building_7/0001099/test/0001099_046.jpg
building_7,0001099,test,dataset_splits/10_buildings/building_7/0001099/test/0001099_054.jpg
building_7,0001099,test,dataset_splits/10_buildings/building_7/0001099/test/0001099_062.jpg
building_7,0001099,test,dataset_splits/10_buildings/building_7/0001099/test/0001099_070.jpg
building_7,0001099,test,dataset_splits/10_buildings/building_7/0001099/test/0001099_078.jpg
building_7,0001099,test,dataset_splits/10_buildings/building_7/0001099/test/0001099_097.jpg
building_7,0001099,test,dataset_splits/10_buildings/building_7/0001099/test/0001099_099.jpg
building_7,0001099,test,dataset_splits/10_buildings/building_7/0001099/test/0001099_111.jpg
building_7,0001099,test,dataset_splits/10_buildings/building_7/0001099/test/0001099_112.jpg
building_7,0001099,test,dataset_splits/10_buildings/building_7/0001099/test/0001099_127.jpg
building_7,0001099,test,dataset_splits/10_buildings/building_7/0001099/test/0001099_140.jpg
building_7,0001099,test,dataset_splits/10_buildings/building_7/0001099/test/0001099_152.jpg
building_7,0001099,test,dataset_splits/10_buildings/building_7/0001099/test/0001099_153.jpg
building_7,0001126,reference,dataset_splits/10_buildings/building_7/0001126/reference/0001126_001.jpg
building_7,0001126,reference,dataset_splits/10_buildings/building_7/0001126/reference/0001126_002.jpg
building_7,0001126,reference,dataset_splits/10_buildings/building_7/0001126/reference/0001126_011.jpg
building_7,0001126,reference,dataset_splits/10_buildings/building_7/0001126/reference/0001126_014.jpg
building_7,0001126,reference,dataset_splits/10_buildings/building_7/0001126/reference/0001126_016.jpg
building_7,0001126,reference,dataset_splits/10_buildings/building_7/0001126/reference/0001126_017.jpg
building_7,0001126,reference,dataset_splits/10_buildings/building_7/0001126/reference/0001126_021.jpg
building_7,0001126,reference,dataset_splits/10_buildings/building_7/0001126/reference/0001126_027.jpg
building_7,0001126,reference,dataset_splits/10_buildings/building_7/0001126/reference/0001126_031.jpg
building_7,0001126,reference,dataset_splits/10_buildings/building_7/0001126/reference/0001126_035.jpg
building_7,0001126,reference,dataset_splits/10_buildings/building_7/0001126/reference/0001126_042.jpg
building_7,0001126,reference,dataset_splits/10_buildings/building_7/0001126/reference/0001126_044.jpg
building_7,0001126,reference,dataset_splits/10_buildings/building_7/0001126/reference/0001126_050.jpg
building_7,0001126,reference,dataset_splits/10_buildings/building_7/0001126/reference/0001126_052.jpg
building_7,0001126,reference,dataset_splits/10_buildings/building_7/0001126/reference/0001126_060.jpg
building_7,0001126,reference,dataset_splits/10_buildings/building_7/0001126/reference/0001126_061.jpg
building_7,0001126,reference,dataset_splits/10_buildings/building_7/0001126/reference/0001126_063.jpg
building_7,0001126,reference,dataset_splits/10_buildings/building_7/0001126/reference/0001126_066.jpg
building_7,0001126,reference,dataset_splits/10_buildings/building_7/0001126/reference/0001126_068.jpg
building_7,0001126,reference,dataset_splits/10_buildings/building_7/0001126/reference/0001126_073.jpg
building_7,0001126,test,dataset_splits/10_buildings/building_7/0001126/test/0001126_003.jpg
building_7,0001126,test,dataset_splits/10_buildings/building_7/0001126/test/0001126_004.jpg
building_7,0001126,test,dataset_splits/10_buildings/building_7/0001126/test/0001126_015.jpg
building_7,0001126,test,dataset_splits/10_buildings/building_7/0001126/test/0001126_020.jpg
building_7,0001126,test,dataset_splits/10_buildings/building_7/0001126/test/0001126_038.jpg
building_7,0001126,test,dataset_splits/10_buildings/building_7/0001126/test/0001126_039.jpg
building_7,0001126,test,dataset_splits/10_buildings/building_7/0001126/test/0001126_040.jpg
building_7,0001126,test,dataset_splits/10_buildings/building_7/0001126/test/0001126_045.jpg
building_7,0001126,test,dataset_splits/10_buildings/building_7/0001126/test/0001126_046.jpg
building_7,0001126,test,dataset_splits/10_buildings/building_7/0001126/test/0001126_049.jpg
building_7,0001126,test,dataset_splits/10_buildings/building_7/0001126/test/0001126_053.jpg
building_7,0001126,test,dataset_splits/10_buildings/building_7/0001126/test/0001126_054.jpg
building_7,0001126,test,dataset_splits/10_buildings/building_7/0001126/test/0001126_055.jpg
building_7,0001126,test,dataset_splits/10_buildings/building_7/0001126/test/0001126_059.jpg
building_7,0001126,test,dataset_splits/10_buildings/building_7/0001126/test/0001126_065.jpg
building_7,0001126,test,dataset_splits/10_buildings/building_7/0001126/test/0001126_067.jpg
building_7,0001126,test,dataset_splits/10_buildings/building_7/0001126/test/0001126_069.jpg
building_7,0001126,test,dataset_splits/10_buildings/building_7/0001126/test/0001126_070.jpg
building_7,0001126,test,dataset_splits/10_buildings/building_7/0001126/test/0001126_071.jpg
building_7,0001126,test,dataset_splits/10_buildings/building_7/0001126/test/0001126_077.jpg
building_7,0001147,reference,dataset_splits/10_buildings/building_7/0001147/reference/0001147_001.jpg
building_7,0001147,reference,dataset_splits/10_buildings/building_7/0001147/reference/0001147_002.jpg
building_7,0001147,reference,dataset_splits/10_buildings/building_7/0001147/reference/0001147_011.jpg
building_7,0001147,reference,dataset_splits/10_buildings/building_7/0001147/reference/0001147_013.jpg
building_7,0001147,reference,dataset_splits/10_buildings/building_7/0001147/reference/0001147_014.jpg
building_7,0001147,reference,dataset_splits/10_buildings/building_7/0001147/reference/0001147_019.jpg
building_7,0001147,reference,dataset_splits/10_buildings/building_7/0001147/reference/0001147_021.jpg
building_7,0001147,reference,dataset_splits/10_buildings/building_7/0001147/reference/0001147_023.jpg
building_7,0001147,reference,dataset_splits/10_buildings/building_7/0001147/reference/0001147_027.jpg
building_7,0001147,reference,dataset_splits/10_buildings/building_7/0001147/reference/0001147_032.jpg
building_7,0001147,reference,dataset_splits/10_buildings/building_7/0001147/reference/0001147_041.jpg
building_7,0001147,reference,dataset_splits/10_buildings/building_7/0001147/reference/0001147_044.jpg
building_7,0001147,reference,dataset_splits/10_buildings/building_7/0001147/reference/0001147_047.jpg
building_7,0001147,reference,dataset_splits/10_buildings/building_7/0001147/reference/0001147_048.jpg
building_7,0001147,reference,dataset_splits/10_buildings/building_7/0001147/reference/0001147_049.jpg
building_7,0001147,reference,dataset_splits/10_buildings/building_7/0001147/reference/0001147_050.jpg
building_7,0001147,reference,dataset_splits/10_buildings/building_7/0001147/reference/0001147_052.jpg
building_7,0001147,reference,dataset_splits/10_buildings/building_7/0001147/reference/0001147_058.jpg
building_7,0001147,reference,dataset_splits/10_buildings/building_7/0001147/reference/0001147_061.jpg
building_7,0001147,reference,dataset_splits/10_buildings/building_7/0001147/reference/0001147_063.jpg
building_7,0001147,test,dataset_splits/10_buildings/building_7/0001147/test/0001147_006.jpg
building_7,0001147,test,dataset_splits/10_buildings/building_7/0001147/test/0001147_007.jpg
building_7,0001147,test,dataset_splits/10_buildings/building_7/0001147/test/0001147_009.jpg
building_7,0001147,test,dataset_splits/10_buildings/building_7/0001147/test/0001147_010.jpg
building_7,0001147,test,dataset_splits/10_buildings/building_7/0001147/test/0001147_012.jpg
building_7,0001147,test,dataset_splits/10_buildings/building_7/0001147/test/0001147_022.jpg
building_7,0001147,test,dataset_splits/10_buildings/building_7/0001147/test/0001147_025.jpg
building_7,0001147,test,dataset_splits/10_buildings/building_7/0001147/test/0001147_026.jpg
building_7,0001147,test,dataset_splits/10_buildings/building_7/0001147/test/0001147_028.jpg
building_7,0001147,test,dataset_splits/10_buildings/building_7/0001147/test/0001147_029.jpg
building_7,0001147,test,dataset_splits/10_buildings/building_7/0001147/test/0001147_031.jpg
building_7,0001147,test,dataset_splits/10_buildings/building_7/0001147/test/0001147_033.jpg
building_7,0001147,test,dataset_splits/10_buildings/building_7/0001147/test/0001147_036.jpg
building_7,0001147,test,dataset_splits/10_buildings/building_7/0001147/test/0001147_038.jpg
building_7,0001147,test,dataset_splits/10_buildings/building_7/0001147/test/0001147_040.jpg
building_7,0001147,test,dataset_splits/10_buildings/building_7/0001147/test/0001147_045.jpg
building_7,0001147,test,dataset_splits/10_buildings/building_7/0001147/test/0001147_046.jpg
building_7,0001147,test,dataset_splits/10_buildings/building_7/0001147/test/0001147_051.jpg
building_7,0001147,test,dataset_splits/10_buildings/building_7/0001147/test/0001147_059.jpg
building_7,0001147,test,dataset_splits/10_buildings/building_7/0001147/test/0001147_060.jpg
building_7,0001630,reference,dataset_splits/10_buildings/building_7/0001630/reference/0001630_003.jpg
building_7,0001630,reference,dataset_splits/10_buildings/building_7/0001630/reference/0001630_004.jpg
building_7,0001630,reference,dataset_splits/10_buildings/building_7/0001630/reference/0001630_007.jpg
building_7,0001630,reference,dataset_splits/10_buildings/building_7/0001630/reference/0001630_008.jpg
building_7,0001630,reference,dataset_splits/10_buildings/building_7/0001630/reference/0001630_009.jpg
building_7,0001630,reference,dataset_splits/10_buildings/building_7/0001630/reference/0001630_012.jpg
building_7,0001630,reference,dataset_splits/10_buildings/building_7/0001630/reference/0001630_017.jpg
building_7,0001630,reference,dataset_splits/10_buildings/building_7/0001630/reference/0001630_018.jpg
building_7,0001630,reference,dataset_splits/10_buildings/building_7/0001630/reference/0001630_021.jpg
building_7,0001630,reference,dataset_splits/10_buildings/building_7/0001630/reference/0001630_022.jpg
building_7,0001630,reference,dataset_splits/10_buildings/building_7/0001630/reference/0001630_023.jpg
building_7,0001630,reference,dataset_splits/10_buildings/building_7/0001630/reference/0001630_028.jpg
building_7,0001630,reference,dataset_splits/10_buildings/building_7/0001630/reference/0001630_035.jpg
building_7,0001630,reference,dataset_splits/10_buildings/building_7/0001630/reference/0001630_040.jpg
building_7,0001630,reference,dataset_splits/10_buildings/building_7/0001630/reference/0001630_043.jpg
building_7,0001630,reference,dataset_splits/10_buildings/building_7/0001630/reference/0001630_046.jpg
building_7,0001630,reference,dataset_splits/10_buildings/building_7/0001630/reference/0001630_051.jpg
building_7,0001630,reference,dataset_splits/10_buildings/building_7/0001630/reference/0001630_052.jpg
building_7,0001630,reference,dataset_splits/10_buildings/building_7/0001630/reference/0001630_053.jpg
building_7,0001630,reference,dataset_splits/10_buildings/building_7/0001630/reference/0001630_055.jpg
building_7,0001630,test,dataset_splits/10_buildings/building_7/0001630/test/0001630_005.jpg
building_7,0001630,test,dataset_splits/10_buildings/building_7/0001630/test/0001630_006.jpg
building_7,0001630,test,dataset_splits/10_buildings/building_7/0001630/test/0001630_010.jpg
building_7,0001630,test,dataset_splits/10_buildings/building_7/0001630/test/0001630_015.jpg
building_7,0001630,test,dataset_splits/10_buildings/building_7/0001630/test/0001630_016.jpg
building_7,0001630,test,dataset_splits/10_buildings/building_7/0001630/test/0001630_020.jpg
building_7,0001630,test,dataset_splits/10_buildings/building_7/0001630/test/0001630_024.jpg
building_7,0001630,test,dataset_splits/10_buildings/building_7/0001630/test/0001630_025.jpg
building_7,0001630,test,dataset_splits/10_buildings/building_7/0001630/test/0001630_026.jpg
building_7,0001630,test,dataset_splits/10_buildings/building_7/0001630/test/0001630_031.jpg
building_7,0001630,test,dataset_splits/10_buildings/building_7/0001630/test/0001630_033.jpg
building_7,0001630,test,dataset_splits/10_buildings/building_7/0001630/test/0001630_034.jpg
building_7,0001630,test,dataset_splits/10_buildings/building_7/0001630/test/0001630_036.jpg
building_7,0001630,test,dataset_splits/10_buildings/building_7/0001630/test/0001630_041.jpg
building_7,0001630,test,dataset_splits/10_buildings/building_7/0001630/test/0001630_042.jpg
building_7,0001630,test,dataset_splits/10_buildings/building_7/0001630/test/0001630_045.jpg
building_7,0001630,test,dataset_splits/10_buildings/building_7/0001630/test/0001630_047.jpg
building_7,0001630,test,dataset_splits/10_buildings/building_7/0001630/test/0001630_057.jpg
building_7,0001630,test,dataset_splits/10_buildings/building_7/0001630/test/0001630_058.jpg
building_7,0001630,test,dataset_splits/10_buildings/building_7/0001630/test/0001630_059.jpg
building_7,0001634,reference,dataset_splits/10_buildings/building_7/0001634/reference/0001634_001.jpg
building_7,0001634,reference,dataset_splits/10_buildings/building_7/0001634/reference/0001634_008.jpg
building_7,0001634,reference,dataset_splits/10_buildings/building_7/0001634/reference/0001634_012.jpg
building_7,0001634,reference,dataset_splits/10_buildings/building_7/0001634/reference/0001634_013.jpg
building_7,0001634,reference,dataset_splits/10_buildings/building_7/0001634/reference/0001634_014.jpg
building_7,0001634,reference,dataset_splits/10_buildings/building_7/0001634/reference/0001634_019.jpg
building_7,0001634,reference,dataset_splits/10_buildings/building_7/0001634/reference/0001634_021.jpg
building_7,0001634,reference,dataset_splits/10_buildings/building_7/0001634/reference/0001634_025.jpg
building_7,0001634,reference,dataset_splits/10_buildings/building_7/0001634/reference/0001634_030.jpg
building_7,0001634,reference,dataset_splits/10_buildings/building_7/0001634/reference/0001634_034.jpg
building_7,0001634,reference,dataset_splits/10_buildings/building_7/0001634/reference/0001634_035.jpg
building_7,0001634,reference,dataset_splits/10_buildings/building_7/0001634/reference/0001634_042.jpg
building_7,0001634,reference,dataset_splits/10_buildings/building_7/0001634/reference/0001634_044.jpg
building_7,0001634,reference,dataset_splits/10_buildings/building_7/0001634/reference/0001634_054.jpg
building_7,0001634,reference,dataset_splits/10_buildings/building_7/0001634/reference/0001634_056.jpg
building_7,0001634,reference,dataset_splits/10_buildings/building_7/0001634/reference/0001634_065.jpg
building_7,0001634,reference,dataset_splits/10_buildings/building_7/0001634/reference/0001634_070.jpg
building_7,0001634,reference,dataset_splits/10_buildings/building_7/0001634/reference/0001634_073.jpg
building_7,0001634,reference,dataset_splits/10_buildings/building_7/0001634/reference/0001634_074.jpg
building_7,0001634,reference,dataset_splits/10_buildings/building_7/0001634/reference/0001634_077.jpg
building_7,0001634,test,dataset_splits/10_buildings/building_7/0001634/test/0001634_003.jpg
building_7,0001634,test,dataset_splits/10_buildings/building_7/0001634/test/0001634_004.jpg
building_7,0001634,test,dataset_splits/10_buildings/building_7/0001634/test/0001634_011.jpg
building_7,0001634,test,dataset_splits/10_buildings/building_7/0001634/test/0001634_022.jpg
building_7,0001634,test,dataset_splits/10_buildings/building_7/0001634/test/0001634_024.jpg
building_7,0001634,test,dataset_splits/10_buildings/building_7/0001634/test/0001634_026.jpg
building_7,0001634,test,dataset_splits/10_buildings/building_7/0001634/test/0001634_038.jpg
building_7,0001634,test,dataset_splits/10_buildings/building_7/0001634/test/0001634_041.jpg
building_7,0001634,test,dataset_splits/10_buildings/building_7/0001634/test/0001634_045.jpg
building_7,0001634,test,dataset_splits/10_buildings/building_7/0001634/test/0001634_047.jpg
building_7,0001634,test,dataset_splits/10_buildings/building_7/0001634/test/0001634_051.jpg
building_7,0001634,test,dataset_splits/10_buildings/building_7/0001634/test/0001634_052.jpg
building_7,0001634,test,dataset_splits/10_buildings/building_7/0001634/test/0001634_057.jpg
building_7,0001634,test,dataset_splits/10_buildings/building_7/0001634/test/0001634_067.jpg
building_7,0001634,test,dataset_splits/10_buildings/building_7/0001634/test/0001634_068.jpg
building_7,0001634,test,dataset_splits/10_buildings/building_7/0001634/test/0001634_071.jpg
building_7,0001634,test,dataset_splits/10_buildings/building_7/0001634/test/0001634_072.jpg
building_7,0001634,test,dataset_splits/10_buildings/building_7/0001634/test/0001634_076.jpg
building_7,0001634,test,dataset_splits/10_buildings/building_7/0001634/test/0001634_078.jpg
building_7,0001634,test,dataset_splits/10_buildings/building_7/0001634/test/0001634_079.jpg
building_7,0001640,reference,dataset_splits/10_buildings/building_7/0001640/reference/0001640_002.jpg
building_7,0001640,reference,dataset_splits/10_buildings/building_7/0001640/reference/0001640_007.jpg
building_7,0001640,reference,dataset_splits/10_buildings/building_7/0001640/reference/0001640_008.jpg
building_7,0001640,reference,dataset_splits/10_buildings/building_7/0001640/reference/0001640_011.jpg
building_7,0001640,reference,dataset_splits/10_buildings/building_7/0001640/reference/0001640_022.jpg
building_7,0001640,reference,dataset_splits/10_buildings/building_7/0001640/reference/0001640_023.jpg
building_7,0001640,reference,dataset_splits/10_buildings/building_7/0001640/reference/0001640_026.jpg
building_7,0001640,reference,dataset_splits/10_buildings/building_7/0001640/reference/0001640_027.jpg
building_7,0001640,reference,dataset_splits/10_buildings/building_7/0001640/reference/0001640_033.jpg
building_7,0001640,reference,dataset_splits/10_buildings/building_7/0001640/reference/0001640_041.jpg
building_7,0001640,reference,dataset_splits/10_buildings/building_7/0001640/reference/0001640_044.jpg
building_7,0001640,reference,dataset_splits/10_buildings/building_7/0001640/reference/0001640_046.jpg
building_7,0001640,reference,dataset_splits/10_buildings/building_7/0001640/reference/0001640_050.jpg
building_7,0001640,reference,dataset_splits/10_buildings/building_7/0001640/reference/0001640_055.jpg
building_7,0001640,reference,dataset_splits/10_buildings/building_7/0001640/reference/0001640_064.jpg
building_7,0001640,reference,dataset_splits/10_buildings/building_7/0001640/reference/0001640_066.jpg
building_7,0001640,reference,dataset_splits/10_buildings/building_7/0001640/reference/0001640_068.jpg
building_7,0001640,reference,dataset_splits/10_buildings/building_7/0001640/reference/0001640_070.jpg
building_7,0001640,reference,dataset_splits/10_buildings/building_7/0001640/reference/0001640_071.jpg
building_7,0001640,reference,dataset_splits/10_buildings/building_7/0001640/reference/0001640_072.jpg
building_7,0001640,test,dataset_splits/10_buildings/building_7/0001640/test/0001640_001.jpg
building_7,0001640,test,dataset_splits/10_buildings/building_7/0001640/test/0001640_003.jpg
building_7,0001640,test,dataset_splits/10_buildings/building_7/0001640/test/0001640_005.jpg
building_7,0001640,test,dataset_splits/10_buildings/building_7/0001640/test/0001640_009.jpg
building_7,0001640,test,dataset_splits/10_buildings/building_7/0001640/test/0001640_010.jpg
building_7,0001640,test,dataset_splits/10_buildings/building_7/0001640/test/0001640_013.jpg
building_7,0001640,test,dataset_splits/10_buildings/building_7/0001640/test/0001640_014.jpg
building_7,0001640,test,dataset_splits/10_buildings/building_7/0001640/test/0001640_015.jpg
building_7,0001640,test,dataset_splits/10_buildings/building_7/0001640/test/0001640_017.jpg
building_7,0001640,test,dataset_splits/10_buildings/building_7/0001640/test/0001640_020.jpg
building_7,0001640,test,dataset_splits/10_buildings/building_7/0001640/test/0001640_028.jpg
building_7,0001640,test,dataset_splits/10_buildings/building_7/0001640/test/0001640_030.jpg
building_7,0001640,test,dataset_splits/10_buildings/building_7/0001640/test/0001640_035.jpg
building_7,0001640,test,dataset_splits/10_buildings/building_7/0001640/test/0001640_040.jpg
building_7,0001640,test,dataset_splits/10_buildings/building_7/0001640/test/0001640_042.jpg
building_7,0001640,test,dataset_splits/10_buildings/building_7/0001640/test/0001640_045.jpg
building_7,0001640,test,dataset_splits/10_buildings/building_7/0001640/test/0001640_052.jpg
building_7,0001640,test,dataset_splits/10_buildings/building_7/0001640/test/0001640_059.jpg
building_7,0001640,test,dataset_splits/10_buildings/building_7/0001640/test/0001640_062.jpg
building_7,0001640,test,dataset_splits/10_buildings/building_7/0001640/test/0001640_074.jpg
building_7,0001662,reference,dataset_splits/10_buildings/building_7/0001662/reference/0001662_002.jpg
building_7,0001662,reference,dataset_splits/10_buildings/building_7/0001662/reference/0001662_003.jpg
building_7,0001662,reference,dataset_splits/10_buildings/building_7/0001662/reference/0001662_005.jpg
building_7,0001662,reference,dataset_splits/10_buildings/building_7/0001662/reference/0001662_012.jpg
building_7,0001662,reference,dataset_splits/10_buildings/building_7/0001662/reference/0001662_014.jpg
building_7,0001662,reference,dataset_splits/10_buildings/building_7/0001662/reference/0001662_015.jpg
building_7,0001662,reference,dataset_splits/10_buildings/building_7/0001662/reference/0001662_019.jpg
building_7,0001662,reference,dataset_splits/10_buildings/building_7/0001662/reference/0001662_020.jpg
building_7,0001662,reference,dataset_splits/10_buildings/building_7/0001662/reference/0001662_023.jpg
building_7,0001662,reference,dataset_splits/10_buildings/building_7/0001662/reference/0001662_032.jpg
building_7,0001662,reference,dataset_splits/10_buildings/building_7/0001662/reference/0001662_034.jpg
building_7,0001662,reference,dataset_splits/10_buildings/building_7/0001662/reference/0001662_040.jpg
building_7,0001662,reference,dataset_splits/10_buildings/building_7/0001662/reference/0001662_042.jpg
building_7,0001662,reference,dataset_splits/10_buildings/building_7/0001662/reference/0001662_043.jpg
building_7,0001662,reference,dataset_splits/10_buildings/building_7/0001662/reference/0001662_049.jpg
building_7,0001662,reference,dataset_splits/10_buildings/building_7/0001662/reference/0001662_054.jpg
building_7,0001662,reference,dataset_splits/10_buildings/building_7/0001662/reference/0001662_059.jpg
building_7,0001662,reference,dataset_splits/10_buildings/building_7/0001662/reference/0001662_060.jpg
building_7,0001662,reference,dataset_splits/10_buildings/building_7/0001662/reference/0001662_062.jpg
building_7,0001662,reference,dataset_splits/10_buildings/building_7/0001662/reference/0001662_064.jpg
building_7,0001662,test,dataset_splits/10_buildings/building_7/0001662/test/0001662_001.jpg
building_7,0001662,test,dataset_splits/10_buildings/building_7/0001662/test/0001662_006.jpg
building_7,0001662,test,dataset_splits/10_buildings/building_7/0001662/test/0001662_013.jpg
building_7,0001662,test,dataset_splits/10_buildings/building_7/0001662/test/0001662_016.jpg
building_7,0001662,test,dataset_splits/10_buildings/building_7/0001662/test/0001662_018.jpg
building_7,0001662,test,dataset_splits/10_buildings/building_7/0001662/test/0001662_022.jpg
building_7,0001662,test,dataset_splits/10_buildings/building_7/0001662/test/0001662_024.jpg
building_7,0001662,test,dataset_splits/10_buildings/building_7/0001662/test/0001662_026.jpg
building_7,0001662,test,dataset_splits/10_buildings/building_7/0001662/test/0001662_028.jpg
building_7,0001662,test,dataset_splits/10_buildings/building_7/0001662/test/0001662_031.jpg
building_7,0001662,test,dataset_splits/10_buildings/building_7/0001662/test/0001662_033.jpg
building_7,0001662,test,dataset_splits/10_buildings/building_7/0001662/test/0001662_035.jpg
building_7,0001662,test,dataset_splits/10_buildings/building_7/0001662/test/0001662_037.jpg
building_7,0001662,test,dataset_splits/10_buildings/building_7/0001662/test/0001662_047.jpg
building_7,0001662,test,dataset_splits/10_buildings/building_7/0001662/test/0001662_048.jpg
building_7,0001662,test,dataset_splits/10_buildings/building_7/0001662/test/0001662_053.jpg
building_7,0001662,test,dataset_splits/10_buildings/building_7/0001662/test/0001662_055.jpg
building_7,0001662,test,dataset_splits/10_buildings/building_7/0001662/test/0001662_056.jpg
building_7,0001662,test,dataset_splits/10_buildings/building_7/0001662/test/0001662_061.jpg
building_7,0001662,test,dataset_splits/10_buildings/building_7/0001662/test/0001662_063.jpg
building_7,0001701,reference,dataset_splits/10_buildings/building_7/0001701/reference/0001701_002.jpg
building_7,0001701,reference,dataset_splits/10_buildings/building_7/0001701/reference/0001701_003.jpg
building_7,0001701,reference,dataset_splits/10_buildings/building_7/0001701/reference/0001701_004.jpg
building_7,0001701,reference,dataset_splits/10_buildings/building_7/0001701/reference/0001701_007.jpg
building_7,0001701,reference,dataset_splits/10_buildings/building_7/0001701/reference/0001701_011.jpg
building_7,0001701,reference,dataset_splits/10_buildings/building_7/0001701/reference/0001701_012.jpg
building_7,0001701,reference,dataset_splits/10_buildings/building_7/0001701/reference/0001701_015.jpg
building_7,0001701,reference,dataset_splits/10_buildings/building_7/0001701/reference/0001701_016.jpg
building_7,0001701,reference,dataset_splits/10_buildings/building_7/0001701/reference/0001701_017.jpg
building_7,0001701,reference,dataset_splits/10_buildings/building_7/0001701/reference/0001701_018.jpg
building_7,0001701,reference,dataset_splits/10_buildings/building_7/0001701/reference/0001701_024.jpg
building_7,0001701,reference,dataset_splits/10_buildings/building_7/0001701/reference/0001701_028.jpg
building_7,0001701,reference,dataset_splits/10_buildings/building_7/0001701/reference/0001701_029.jpg
building_7,0001701,reference,dataset_splits/10_buildings/building_7/0001701/reference/0001701_032.jpg
building_7,0001701,reference,dataset_splits/10_buildings/building_7/0001701/reference/0001701_039.jpg
building_7,0001701,reference,dataset_splits/10_buildings/building_7/0001701/reference/0001701_040.jpg
building_7,0001701,reference,dataset_splits/10_buildings/building_7/0001701/reference/0001701_044.jpg
building_7,0001701,reference,dataset_splits/10_buildings/building_7/0001701/reference/0001701_050.jpg
building_7,0001701,reference,dataset_splits/10_buildings/building_7/0001701/reference/0001701_051.jpg
building_7,0001701,reference,dataset_splits/10_buildings/building_7/0001701/reference/0001701_052.jpg
building_7,0001701,test,dataset_splits/10_buildings/building_7/0001701/test/0001701_001.jpg
building_7,0001701,test,dataset_splits/10_buildings/building_7/0001701/test/0001701_006.jpg
building_7,0001701,test,dataset_splits/10_buildings/building_7/0001701/test/0001701_009.jpg
building_7,0001701,test,dataset_splits/10_buildings/building_7/0001701/test/0001701_010.jpg
building_7,0001701,test,dataset_splits/10_buildings/building_7/0001701/test/0001701_013.jpg
building_7,0001701,test,dataset_splits/10_buildings/building_7/0001701/test/0001701_014.jpg
building_7,0001701,test,dataset_splits/10_buildings/building_7/0001701/test/0001701_020.jpg
building_7,0001701,test,dataset_splits/10_buildings/building_7/0001701/test/0001701_021.jpg
building_7,0001701,test,dataset_splits/10_buildings/building_7/0001701/test/0001701_022.jpg
building_7,0001701,test,dataset_splits/10_buildings/building_7/0001701/test/0001701_023.jpg
building_7,0001701,test,dataset_splits/10_buildings/building_7/0001701/test/0001701_034.jpg
building_7,0001701,test,dataset_splits/10_buildings/building_7/0001701/test/0001701_035.jpg
building_7,0001701,test,dataset_splits/10_buildings/building_7/0001701/test/0001701_036.jpg
building_7,0001701,test,dataset_splits/10_buildings/building_7/0001701/test/0001701_038.jpg
building_7,0001701,test,dataset_splits/10_buildings/building_7/0001701/test/0001701_042.jpg
building_7,0001701,test,dataset_splits/10_buildings/building_7/0001701/test/0001701_043.jpg
building_7,0001701,test,dataset_splits/10_buildings/building_7/0001701/test/0001701_045.jpg
building_7,0001701,test,dataset_splits/10_buildings/building_7/0001701/test/0001701_046.jpg
building_7,0001701,test,dataset_splits/10_buildings/building_7/0001701/test/0001701_053.jpg
building_7,0001701,test,dataset_splits/10_buildings/building_7/0001701/test/0001701_054.jpg
building_7,0001710,reference,dataset_splits/10_buildings/building_7/0001710/reference/0001710_026.jpg
building_7,0001710,reference,dataset_splits/10_buildings/building_7/0001710/reference/0001710_069.jpg
building_7,0001710,reference,dataset_splits/10_buildings/building_7/0001710/reference/0001710_103.jpg
building_7,0001710,reference,dataset_splits/10_buildings/building_7/0001710/reference/0001710_105.jpg
building_7,0001710,reference,dataset_splits/10_buildings/building_7/0001710/reference/0001710_115.jpg
building_7,0001710,reference,dataset_splits/10_buildings/building_7/0001710/reference/0001710_124.jpg
building_7,0001710,reference,dataset_splits/10_buildings/building_7/0001710/reference/0001710_166.jpg
building_7,0001710,reference,dataset_splits/10_buildings/building_7/0001710/reference/0001710_196.jpg
building_7,0001710,reference,dataset_splits/10_buildings/building_7/0001710/reference/0001710_200.jpg
building_7,0001710,reference,dataset_splits/10_buildings/building_7/0001710/reference/0001710_249.jpg
building_7,0001710,reference,dataset_splits/10_buildings/building_7/0001710/reference/0001710_260.jpg
building_7,0001710,reference,dataset_splits/10_buildings/building_7/0001710/reference/0001710_268.jpg
building_7,0001710,reference,dataset_splits/10_buildings/building_7/0001710/reference/0001710_293.jpg
building_7,0001710,reference,dataset_splits/10_buildings/building_7/0001710/reference/0001710_300.jpg
building_7,0001710,reference,dataset_splits/10_buildings/building_7/0001710/reference/0001710_308.jpg
building_7,0001710,reference,dataset_splits/10_buildings/building_7/0001710/reference/0001710_321.jpg
building_7,0001710,reference,dataset_splits/10_buildings/building_7/0001710/reference/0001710_340.jpg
building_7,0001710,reference,dataset_splits/10_buildings/building_7/0001710/reference/0001710_349.jpg
building_7,0001710,reference,dataset_splits/10_buildings/building_7/0001710/reference/0001710_370.jpg
building_7,0001710,reference,dataset_splits/10_buildings/building_7/0001710/reference/0001710_371.jpg
building_7,0001710,test,dataset_splits/10_buildings/building_7/0001710/test/0001710_007.jpg
building_7,0001710,test,dataset_splits/10_buildings/building_7/0001710/test/0001710_027.jpg
building_7,0001710,test,dataset_splits/10_buildings/building_7/0001710/test/0001710_073.jpg
building_7,0001710,test,dataset_splits/10_buildings/building_7/0001710/test/0001710_096.jpg
building_7,0001710,test,dataset_splits/10_buildings/building_7/0001710/test/0001710_107.jpg
building_7,0001710,test,dataset_splits/10_buildings/building_7/0001710/test/0001710_160.jpg
building_7,0001710,test,dataset_splits/10_buildings/building_7/0001710/test/0001710_169.jpg
building_7,0001710,test,dataset_splits/10_buildings/building_7/0001710/test/0001710_190.jpg
building_7,0001710,test,dataset_splits/10_buildings/building_7/0001710/test/0001710_215.jpg
building_7,0001710,test,dataset_splits/10_buildings/building_7/0001710/test/0001710_235.jpg
building_7,0001710,test,dataset_splits/10_buildings/building_7/0001710/test/0001710_277.jpg
building_7,0001710,test,dataset_splits/10_buildings/building_7/0001710/test/0001710_281.jpg
building_7,0001710,test,dataset_splits/10_buildings/building_7/0001710/test/0001710_283.jpg
building_7,0001710,test,dataset_splits/10_buildings/building_7/0001710/test/0001710_312.jpg
building_7,0001710,test,dataset_splits/10_buildings/building_7/0001710/test/0001710_324.jpg
building_7,0001710,test,dataset_splits/10_buildings/building_7/0001710/test/0001710_328.jpg
building_7,0001710,test,dataset_splits/10_buildings/building_7/0001710/test/0001710_329.jpg
building_7,0001710,test,dataset_splits/10_buildings/building_7/0001710/test/0001710_341.jpg
building_7,0001710,test,dataset_splits/10_buildings/building_7/0001710/test/0001710_354.jpg
building_7,0001710,test,dataset_splits/10_buildings/building_7/0001710/test/0001710_366.jpg
building_7,0001758,reference,dataset_splits/10_buildings/building_7/0001758/reference/0001758_006.jpg
building_7,0001758,reference,dataset_splits/10_buildings/building_7/0001758/reference/0001758_011.jpg
building_7,0001758,reference,dataset_splits/10_buildings/building_7/0001758/reference/0001758_014.jpg
building_7,0001758,reference,dataset_splits/10_buildings/building_7/0001758/reference/0001758_015.jpg
building_7,0001758,reference,dataset_splits/10_buildings/building_7/0001758/reference/0001758_017.jpg
building_7,0001758,reference,dataset_splits/10_buildings/building_7/0001758/reference/0001758_024.jpg
building_7,0001758,reference,dataset_splits/10_buildings/building_7/0001758/reference/0001758_025.jpg
building_7,0001758,reference,dataset_splits/10_buildings/building_7/0001758/reference/0001758_028.jpg
building_7,0001758,reference,dataset_splits/10_buildings/building_7/0001758/reference/0001758_029.jpg
building_7,0001758,reference,dataset_splits/10_buildings/building_7/0001758/reference/0001758_030.jpg
building_7,0001758,reference,dataset_splits/10_buildings/building_7/0001758/reference/0001758_040.jpg
building_7,0001758,reference,dataset_splits/10_buildings/building_7/0001758/reference/0001758_044.jpg
building_7,0001758,reference,dataset_splits/10_buildings/building_7/0001758/reference/0001758_045.jpg
building_7,0001758,reference,dataset_splits/10_buildings/building_7/0001758/reference/0001758_046.jpg
building_7,0001758,reference,dataset_splits/10_buildings/building_7/0001758/reference/0001758_053.jpg
building_7,0001758,reference,dataset_splits/10_buildings/building_7/0001758/reference/0001758_058.jpg
building_7,0001758,reference,dataset_splits/10_buildings/building_7/0001758/reference/0001758_059.jpg
building_7,0001758,reference,dataset_splits/10_buildings/building_7/0001758/reference/0001758_060.jpg
building_7,0001758,reference,dataset_splits/10_buildings/building_7/0001758/reference/0001758_061.jpg
building_7,0001758,reference,dataset_splits/10_buildings/building_7/0001758/reference/0001758_067.jpg
building_7,0001758,test,dataset_splits/10_buildings/building_7/0001758/test/0001758_008.jpg
building_7,0001758,test,dataset_splits/10_buildings/building_7/0001758/test/0001758_009.jpg
building_7,0001758,test,dataset_splits/10_buildings/building_7/0001758/test/0001758_016.jpg
building_7,0001758,test,dataset_splits/10_buildings/building_7/0001758/test/0001758_018.jpg
building_7,0001758,test,dataset_splits/10_buildings/building_7/0001758/test/0001758_021.jpg
building_7,0001758,test,dataset_splits/10_buildings/building_7/0001758/test/0001758_022.jpg
building_7,0001758,test,dataset_splits/10_buildings/building_7/0001758/test/0001758_032.jpg
building_7,0001758,test,dataset_splits/10_buildings/building_7/0001758/test/0001758_033.jpg
building_7,0001758,test,dataset_splits/10_buildings/building_7/0001758/test/0001758_035.jpg
building_7,0001758,test,dataset_splits/10_buildings/building_7/0001758/test/0001758_036.jpg
building_7,0001758,test,dataset_splits/10_buildings/building_7/0001758/test/0001758_038.jpg
building_7,0001758,test,dataset_splits/10_buildings/building_7/0001758/test/0001758_039.jpg
building_7,0001758,test,dataset_splits/10_buildings/building_7/0001758/test/0001758_042.jpg
building_7,0001758,test,dataset_splits/10_buildings/building_7/0001758/test/0001758_043.jpg
building_7,0001758,test,dataset_splits/10_buildings/building_7/0001758/test/0001758_048.jpg
building_7,0001758,test,dataset_splits/10_buildings/building_7/0001758/test/0001758_049.jpg
building_7,0001758,test,dataset_splits/10_buildings/building_7/0001758/test/0001758_052.jpg
building_7,0001758,test,dataset_splits/10_buildings/building_7/0001758/test/0001758_055.jpg
building_7,0001758,test,dataset_splits/10_buildings/building_7/0001758/test/0001758_056.jpg
building_7,0001758,test,dataset_splits/10_buildings/building_7/0001758/test/0001758_066.jpg
building_7,0001760,reference,dataset_splits/10_buildings/building_7/0001760/reference/0001760_001.jpg
building_7,0001760,reference,dataset_splits/10_buildings/building_7/0001760/reference/0001760_002.jpg
building_7,0001760,reference,dataset_splits/10_buildings/building_7/0001760/reference/0001760_003.jpg
building_7,0001760,reference,dataset_splits/10_buildings/building_7/0001760/reference/0001760_007.jpg
building_7,0001760,reference,dataset_splits/10_buildings/building_7/0001760/reference/0001760_009.jpg
building_7,0001760,reference,dataset_splits/10_buildings/building_7/0001760/reference/0001760_026.jpg
building_7,0001760,reference,dataset_splits/10_buildings/building_7/0001760/reference/0001760_034.jpg
building_7,0001760,reference,dataset_splits/10_buildings/building_7/0001760/reference/0001760_039.jpg
building_7,0001760,reference,dataset_splits/10_buildings/building_7/0001760/reference/0001760_072.jpg
building_7,0001760,reference,dataset_splits/10_buildings/building_7/0001760/reference/0001760_076.jpg
building_7,0001760,reference,dataset_splits/10_buildings/building_7/0001760/reference/0001760_077.jpg
building_7,0001760,reference,dataset_splits/10_buildings/building_7/0001760/reference/0001760_079.jpg
building_7,0001760,reference,dataset_splits/10_buildings/building_7/0001760/reference/0001760_081.jpg
building_7,0001760,reference,dataset_splits/10_buildings/building_7/0001760/reference/0001760_083.jpg
building_7,0001760,reference,dataset_splits/10_buildings/building_7/0001760/reference/0001760_110.jpg
building_7,0001760,reference,dataset_splits/10_buildings/building_7/0001760/reference/0001760_113.jpg
building_7,0001760,reference,dataset_splits/10_buildings/building_7/0001760/reference/0001760_117.jpg
building_7,0001760,reference,dataset_splits/10_buildings/building_7/0001760/reference/0001760_121.jpg
building_7,0001760,reference,dataset_splits/10_buildings/building_7/0001760/reference/0001760_126.jpg
building_7,0001760,reference,dataset_splits/10_buildings/building_7/0001760/reference/0001760_130.jpg
building_7,0001760,test,dataset_splits/10_buildings/building_7/0001760/test/0001760_014.jpg
building_7,0001760,test,dataset_splits/10_buildings/building_7/0001760/test/0001760_015.jpg
building_7,0001760,test,dataset_splits/10_buildings/building_7/0001760/test/0001760_016.jpg
building_7,0001760,test,dataset_splits/10_buildings/building_7/0001760/test/0001760_017.jpg
building_7,0001760,test,dataset_splits/10_buildings/building_7/0001760/test/0001760_019.jpg
building_7,0001760,test,dataset_splits/10_buildings/building_7/0001760/test/0001760_043.jpg
building_7,0001760,test,dataset_splits/10_buildings/building_7/0001760/test/0001760_046.jpg
building_7,0001760,test,dataset_splits/10_buildings/building_7/0001760/test/0001760_056.jpg
building_7,0001760,test,dataset_splits/10_buildings/building_7/0001760/test/0001760_062.jpg
building_7,0001760,test,dataset_splits/10_buildings/building_7/0001760/test/0001760_066.jpg
building_7,0001760,test,dataset_splits/10_buildings/building_7/0001760/test/0001760_070.jpg
building_7,0001760,test,dataset_splits/10_buildings/building_7/0001760/test/0001760_074.jpg
building_7,0001760,test,dataset_splits/10_buildings/building_7/0001760/test/0001760_085.jpg
building_7,0001760,test,dataset_splits/10_buildings/building_7/0001760/test/0001760_094.jpg
building_7,0001760,test,dataset_splits/10_buildings/building_7/0001760/test/0001760_098.jpg
building_7,0001760,test,dataset_splits/10_buildings/building_7/0001760/test/0001760_100.jpg
building_7,0001760,test,dataset_splits/10_buildings/building_7/0001760/test/0001760_115.jpg
building_7,0001760,test,dataset_splits/10_buildings/building_7/0001760/test/0001760_118.jpg
building_7,0001760,test,dataset_splits/10_buildings/building_7/0001760/test/0001760_123.jpg
building_7,0001760,test,dataset_splits/10_buildings/building_7/0001760/test/0001760_129.jpg
building_7,0001764,reference,dataset_splits/10_buildings/building_7/0001764/reference/0001764_004.jpg
building_7,0001764,reference,dataset_splits/10_buildings/building_7/0001764/reference/0001764_007.jpg
building_7,0001764,reference,dataset_splits/10_buildings/building_7/0001764/reference/0001764_016.jpg
building_7,0001764,reference,dataset_splits/10_buildings/building_7/0001764/reference/0001764_042.jpg
building_7,0001764,reference,dataset_splits/10_buildings/building_7/0001764/reference/0001764_052.jpg
building_7,0001764,reference,dataset_splits/10_buildings/building_7/0001764/reference/0001764_057.jpg
building_7,0001764,reference,dataset_splits/10_buildings/building_7/0001764/reference/0001764_060.jpg
building_7,0001764,reference,dataset_splits/10_buildings/building_7/0001764/reference/0001764_068.jpg
building_7,0001764,reference,dataset_splits/10_buildings/building_7/0001764/reference/0001764_069.jpg
building_7,0001764,reference,dataset_splits/10_buildings/building_7/0001764/reference/0001764_079.jpg
building_7,0001764,reference,dataset_splits/10_buildings/building_7/0001764/reference/0001764_081.jpg
building_7,0001764,reference,dataset_splits/10_buildings/building_7/0001764/reference/0001764_097.jpg
building_7,0001764,reference,dataset_splits/10_buildings/building_7/0001764/reference/0001764_101.jpg
building_7,0001764,reference,dataset_splits/10_buildings/building_7/0001764/reference/0001764_126.jpg
building_7,0001764,reference,dataset_splits/10_buildings/building_7/0001764/reference/0001764_127.jpg
building_7,0001764,reference,dataset_splits/10_buildings/building_7/0001764/reference/0001764_129.jpg
building_7,0001764,reference,dataset_splits/10_buildings/building_7/0001764/reference/0001764_138.jpg
building_7,0001764,reference,dataset_splits/10_buildings/building_7/0001764/reference/0001764_168.jpg
building_7,0001764,reference,dataset_splits/10_buildings/building_7/0001764/reference/0001764_169.jpg
building_7,0001764,reference,dataset_splits/10_buildings/building_7/0001764/reference/0001764_172.jpg
building_7,0001764,test,dataset_splits/10_buildings/building_7/0001764/test/0001764_001.jpg
building_7,0001764,test,dataset_splits/10_buildings/building_7/0001764/test/0001764_010.jpg
building_7,0001764,test,dataset_splits/10_buildings/building_7/0001764/test/0001764_011.jpg
building_7,0001764,test,dataset_splits/10_buildings/building_7/0001764/test/0001764_017.jpg
building_7,0001764,test,dataset_splits/10_buildings/building_7/0001764/test/0001764_029.jpg
building_7,0001764,test,dataset_splits/10_buildings/building_7/0001764/test/0001764_032.jpg
building_7,0001764,test,dataset_splits/10_buildings/building_7/0001764/test/0001764_035.jpg
building_7,0001764,test,dataset_splits/10_buildings/building_7/0001764/test/0001764_046.jpg
building_7,0001764,test,dataset_splits/10_buildings/building_7/0001764/test/0001764_067.jpg
building_7,0001764,test,dataset_splits/10_buildings/building_7/0001764/test/0001764_088.jpg
building_7,0001764,test,dataset_splits/10_buildings/building_7/0001764/test/0001764_096.jpg
building_7,0001764,test,dataset_splits/10_buildings/building_7/0001764/test/0001764_105.jpg
building_7,0001764,test,dataset_splits/10_buildings/building_7/0001764/test/0001764_106.jpg
building_7,0001764,test,dataset_splits/10_buildings/building_7/0001764/test/0001764_110.jpg
building_7,0001764,test,dataset_splits/10_buildings/building_7/0001764/test/0001764_112.jpg
building_7,0001764,test,dataset_splits/10_buildings/building_7/0001764/test/0001764_114.jpg
building_7,0001764,test,dataset_splits/10_buildings/building_7/0001764/test/0001764_118.jpg
building_7,0001764,test,dataset_splits/10_buildings/building_7/0001764/test/0001764_146.jpg
building_7,0001764,test,dataset_splits/10_buildings/building_7/0001764/test/0001764_149.jpg
building_7,0001764,test,dataset_splits/10_buildings/building_7/0001764/test/0001764_165.jpg
building_7,0001770,reference,dataset_splits/10_buildings/building_7/0001770/reference/0001770_001.jpg
building_7,0001770,reference,dataset_splits/10_buildings/building_7/0001770/reference/0001770_006.jpg
building_7,0001770,reference,dataset_splits/10_buildings/building_7/0001770/reference/0001770_011.jpg
building_7,0001770,reference,dataset_splits/10_buildings/building_7/0001770/reference/0001770_024.jpg
building_7,0001770,reference,dataset_splits/10_buildings/building_7/0001770/reference/0001770_025.jpg
building_7,0001770,reference,dataset_splits/10_buildings/building_7/0001770/reference/0001770_026.jpg
building_7,0001770,reference,dataset_splits/10_buildings/building_7/0001770/reference/0001770_027.jpg
building_7,0001770,reference,dataset_splits/10_buildings/building_7/0001770/reference/0001770_028.jpg
building_7,0001770,reference,dataset_splits/10_buildings/building_7/0001770/reference/0001770_031.jpg
building_7,0001770,reference,dataset_splits/10_buildings/building_7/0001770/reference/0001770_032.jpg
building_7,0001770,reference,dataset_splits/10_buildings/building_7/0001770/reference/0001770_033.jpg
building_7,0001770,reference,dataset_splits/10_buildings/building_7/0001770/reference/0001770_039.jpg
building_7,0001770,reference,dataset_splits/10_buildings/building_7/0001770/reference/0001770_040.jpg
building_7,0001770,reference,dataset_splits/10_buildings/building_7/0001770/reference/0001770_041.jpg
building_7,0001770,reference,dataset_splits/10_buildings/building_7/0001770/reference/0001770_043.jpg
building_7,0001770,reference,dataset_splits/10_buildings/building_7/0001770/reference/0001770_045.jpg
building_7,0001770,reference,dataset_splits/10_buildings/building_7/0001770/reference/0001770_048.jpg
building_7,0001770,reference,dataset_splits/10_buildings/building_7/0001770/reference/0001770_049.jpg
building_7,0001770,reference,dataset_splits/10_buildings/building_7/0001770/reference/0001770_051.jpg
building_7,0001770,reference,dataset_splits/10_buildings/building_7/0001770/reference/0001770_058.jpg
building_7,0001770,test,dataset_splits/10_buildings/building_7/0001770/test/0001770_003.jpg
building_7,0001770,test,dataset_splits/10_buildings/building_7/0001770/test/0001770_004.jpg
building_7,0001770,test,dataset_splits/10_buildings/building_7/0001770/test/0001770_005.jpg
building_7,0001770,test,dataset_splits/10_buildings/building_7/0001770/test/0001770_007.jpg
building_7,0001770,test,dataset_splits/10_buildings/building_7/0001770/test/0001770_009.jpg
building_7,0001770,test,dataset_splits/10_buildings/building_7/0001770/test/0001770_010.jpg
building_7,0001770,test,dataset_splits/10_buildings/building_7/0001770/test/0001770_013.jpg
building_7,0001770,test,dataset_splits/10_buildings/building_7/0001770/test/0001770_016.jpg
building_7,0001770,test,dataset_splits/10_buildings/building_7/0001770/test/0001770_017.jpg
building_7,0001770,test,dataset_splits/10_buildings/building_7/0001770/test/0001770_021.jpg
building_7,0001770,test,dataset_splits/10_buildings/building_7/0001770/test/0001770_022.jpg
building_7,0001770,test,dataset_splits/10_buildings/building_7/0001770/test/0001770_023.jpg
building_7,0001770,test,dataset_splits/10_buildings/building_7/0001770/test/0001770_030.jpg
building_7,0001770,test,dataset_splits/10_buildings/building_7/0001770/test/0001770_034.jpg
building_7,0001770,test,dataset_splits/10_buildings/building_7/0001770/test/0001770_038.jpg
building_7,0001770,test,dataset_splits/10_buildings/building_7/0001770/test/0001770_044.jpg
building_7,0001770,test,dataset_splits/10_buildings/building_7/0001770/test/0001770_046.jpg
building_7,0001770,test,dataset_splits/10_buildings/building_7/0001770/test/0001770_047.jpg
building_7,0001770,test,dataset_splits/10_buildings/building_7/0001770/test/0001770_056.jpg
building_7,0001770,test,dataset_splits/10_buildings/building_7/0001770/test/0001770_057.jpg
building_7,0001852,reference,dataset_splits/10_buildings/building_7/0001852/reference/0001852_002.jpg
building_7,0001852,reference,dataset_splits/10_buildings/building_7/0001852/reference/0001852_004.jpg
building_7,0001852,reference,dataset_splits/10_buildings/building_7/0001852/reference/0001852_008.jpg
building_7,0001852,reference,dataset_splits/10_buildings/building_7/0001852/reference/0001852_015.jpg
building_7,0001852,reference,dataset_splits/10_buildings/building_7/0001852/reference/0001852_019.jpg
building_7,0001852,reference,dataset_splits/10_buildings/building_7/0001852/reference/0001852_028.jpg
building_7,0001852,reference,dataset_splits/10_buildings/building_7/0001852/reference/0001852_034.jpg
building_7,0001852,reference,dataset_splits/10_buildings/building_7/0001852/reference/0001852_036.jpg
building_7,0001852,reference,dataset_splits/10_buildings/building_7/0001852/reference/0001852_043.jpg
building_7,0001852,reference,dataset_splits/10_buildings/building_7/0001852/reference/0001852_047.jpg
building_7,0001852,reference,dataset_splits/10_buildings/building_7/0001852/reference/0001852_048.jpg
building_7,0001852,reference,dataset_splits/10_buildings/building_7/0001852/reference/0001852_054.jpg
building_7,0001852,reference,dataset_splits/10_buildings/building_7/0001852/reference/0001852_064.jpg
building_7,0001852,reference,dataset_splits/10_buildings/building_7/0001852/reference/0001852_069.jpg
building_7,0001852,reference,dataset_splits/10_buildings/building_7/0001852/reference/0001852_073.jpg
building_7,0001852,reference,dataset_splits/10_buildings/building_7/0001852/reference/0001852_081.jpg
building_7,0001852,reference,dataset_splits/10_buildings/building_7/0001852/reference/0001852_082.jpg
building_7,0001852,reference,dataset_splits/10_buildings/building_7/0001852/reference/0001852_083.jpg
building_7,0001852,reference,dataset_splits/10_buildings/building_7/0001852/reference/0001852_086.jpg
building_7,0001852,reference,dataset_splits/10_buildings/building_7/0001852/reference/0001852_088.jpg
building_7,0001852,test,dataset_splits/10_buildings/building_7/0001852/test/0001852_007.jpg
building_7,0001852,test,dataset_splits/10_buildings/building_7/0001852/test/0001852_011.jpg
building_7,0001852,test,dataset_splits/10_buildings/building_7/0001852/test/0001852_013.jpg
building_7,0001852,test,dataset_splits/10_buildings/building_7/0001852/test/0001852_017.jpg
building_7,0001852,test,dataset_splits/10_buildings/building_7/0001852/test/0001852_018.jpg
building_7,0001852,test,dataset_splits/10_buildings/building_7/0001852/test/0001852_025.jpg
building_7,0001852,test,dataset_splits/10_buildings/building_7/0001852/test/0001852_026.jpg
building_7,0001852,test,dataset_splits/10_buildings/building_7/0001852/test/0001852_027.jpg
building_7,0001852,test,dataset_splits/10_buildings/building_7/0001852/test/0001852_037.jpg
building_7,0001852,test,dataset_splits/10_buildings/building_7/0001852/test/0001852_042.jpg
building_7,0001852,test,dataset_splits/10_buildings/building_7/0001852/test/0001852_045.jpg
building_7,0001852,test,dataset_splits/10_buildings/building_7/0001852/test/0001852_050.jpg
building_7,0001852,test,dataset_splits/10_buildings/building_7/0001852/test/0001852_051.jpg
building_7,0001852,test,dataset_splits/10_buildings/building_7/0001852/test/0001852_059.jpg
building_7,0001852,test,dataset_splits/10_buildings/building_7/0001852/test/0001852_063.jpg
building_7,0001852,test,dataset_splits/10_buildings/building_7/0001852/test/0001852_067.jpg
building_7,0001852,test,dataset_splits/10_buildings/building_7/0001852/test/0001852_071.jpg
building_7,0001852,test,dataset_splits/10_buildings/building_7/0001852/test/0001852_078.jpg
building_7,0001852,test,dataset_splits/10_buildings/building_7/0001852/test/0001852_084.jpg
building_7,0001852,test,dataset_splits/10_buildings/building_7/0001852/test/0001852_085.jpg
building_7,0002124,reference,dataset_splits/10_buildings/building_7/0002124/reference/0002124_004.jpg
building_7,0002124,reference,dataset_splits/10_buildings/building_7/0002124/reference/0002124_005.jpg
building_7,0002124,reference,dataset_splits/10_buildings/building_7/0002124/reference/0002124_013.jpg
building_7,0002124,reference,dataset_splits/10_buildings/building_7/0002124/reference/0002124_015.jpg
building_7,0002124,reference,dataset_splits/10_buildings/building_7/0002124/reference/0002124_017.jpg
building_7,0002124,reference,dataset_splits/10_buildings/building_7/0002124/reference/0002124_020.jpg
building_7,0002124,reference,dataset_splits/10_buildings/building_7/0002124/reference/0002124_021.jpg
building_7,0002124,reference,dataset_splits/10_buildings/building_7/0002124/reference/0002124_023.jpg
building_7,0002124,reference,dataset_splits/10_buildings/building_7/0002124/reference/0002124_024.jpg
building_7,0002124,reference,dataset_splits/10_buildings/building_7/0002124/reference/0002124_030.jpg
building_7,0002124,reference,dataset_splits/10_buildings/building_7/0002124/reference/0002124_032.jpg
building_7,0002124,reference,dataset_splits/10_buildings/building_7/0002124/reference/0002124_038.jpg
building_7,0002124,reference,dataset_splits/10_buildings/building_7/0002124/reference/0002124_040.jpg
building_7,0002124,reference,dataset_splits/10_buildings/building_7/0002124/reference/0002124_042.jpg
building_7,0002124,reference,dataset_splits/10_buildings/building_7/0002124/reference/0002124_043.jpg
building_7,0002124,reference,dataset_splits/10_buildings/building_7/0002124/reference/0002124_052.jpg
building_7,0002124,reference,dataset_splits/10_buildings/building_7/0002124/reference/0002124_061.jpg
building_7,0002124,reference,dataset_splits/10_buildings/building_7/0002124/reference/0002124_068.jpg
building_7,0002124,reference,dataset_splits/10_buildings/building_7/0002124/reference/0002124_080.jpg
building_7,0002124,reference,dataset_splits/10_buildings/building_7/0002124/reference/0002124_087.jpg
building_7,0002124,test,dataset_splits/10_buildings/building_7/0002124/test/0002124_007.jpg
building_7,0002124,test,dataset_splits/10_buildings/building_7/0002124/test/0002124_008.jpg
building_7,0002124,test,dataset_splits/10_buildings/building_7/0002124/test/0002124_009.jpg
building_7,0002124,test,dataset_splits/10_buildings/building_7/0002124/test/0002124_012.jpg
building_7,0002124,test,dataset_splits/10_buildings/building_7/0002124/test/0002124_014.jpg
building_7,0002124,test,dataset_splits/10_buildings/building_7/0002124/test/0002124_027.jpg
building_7,0002124,test,dataset_splits/10_buildings/building_7/0002124/test/0002124_039.jpg
building_7,0002124,test,dataset_splits/10_buildings/building_7/0002124/test/0002124_041.jpg
building_7,0002124,test,dataset_splits/10_buildings/building_7/0002124/test/0002124_050.jpg
building_7,0002124,test,dataset_splits/10_buildings/building_7/0002124/test/0002124_053.jpg
building_7,0002124,test,dataset_splits/10_buildings/building_7/0002124/test/0002124_064.jpg
building_7,0002124,test,dataset_splits/10_buildings/building_7/0002124/test/0002124_065.jpg
building_7,0002124,test,dataset_splits/10_buildings/building_7/0002124/test/0002124_074.jpg
building_7,0002124,test,dataset_splits/10_buildings/building_7/0002124/test/0002124_077.jpg
building_7,0002124,test,dataset_splits/10_buildings/building_7/0002124/test/0002124_078.jpg
building_7,0002124,test,dataset_splits/10_buildings/building_7/0002124/test/0002124_082.jpg
building_7,0002124,test,dataset_splits/10_buildings/building_7/0002124/test/0002124_083.jpg
building_7,0002124,test,dataset_splits/10_buildings/building_7/0002124/test/0002124_086.jpg
building_7,0002124,test,dataset_splits/10_buildings/building_7/0002124/test/0002124_090.jpg
building_7,0002124,test,dataset_splits/10_buildings/building_7/0002124/test/0002124_092.jpg
building_7,0002546,reference,dataset_splits/10_buildings/building_7/0002546/reference/0002546_012.jpg
building_7,0002546,reference,dataset_splits/10_buildings/building_7/0002546/reference/0002546_043.jpg
building_7,0002546,reference,dataset_splits/10_buildings/building_7/0002546/reference/0002546_048.jpg
building_7,0002546,reference,dataset_splits/10_buildings/building_7/0002546/reference/0002546_052.jpg
building_7,0002546,reference,dataset_splits/10_buildings/building_7/0002546/reference/0002546_060.jpg
building_7,0002546,reference,dataset_splits/10_buildings/building_7/0002546/reference/0002546_096.jpg
building_7,0002546,reference,dataset_splits/10_buildings/building_7/0002546/reference/0002546_099.jpg
building_7,0002546,reference,dataset_splits/10_buildings/building_7/0002546/reference/0002546_129.jpg
building_7,0002546,reference,dataset_splits/10_buildings/building_7/0002546/reference/0002546_139.jpg
building_7,0002546,reference,dataset_splits/10_buildings/building_7/0002546/reference/0002546_143.jpg
building_7,0002546,reference,dataset_splits/10_buildings/building_7/0002546/reference/0002546_159.jpg
building_7,0002546,reference,dataset_splits/10_buildings/building_7/0002546/reference/0002546_169.jpg
building_7,0002546,reference,dataset_splits/10_buildings/building_7/0002546/reference/0002546_191.jpg
building_7,0002546,reference,dataset_splits/10_buildings/building_7/0002546/reference/0002546_195.jpg
building_7,0002546,reference,dataset_splits/10_buildings/building_7/0002546/reference/0002546_207.jpg
building_7,0002546,reference,dataset_splits/10_buildings/building_7/0002546/reference/0002546_221.jpg
building_7,0002546,reference,dataset_splits/10_buildings/building_7/0002546/reference/0002546_229.jpg
building_7,0002546,reference,dataset_splits/10_buildings/building_7/0002546/reference/0002546_230.jpg
building_7,0002546,reference,dataset_splits/10_buildings/building_7/0002546/reference/0002546_234.jpg
building_7,0002546,reference,dataset_splits/10_buildings/building_7/0002546/reference/0002546_239.jpg
building_7,0002546,test,dataset_splits/10_buildings/building_7/0002546/test/0002546_001.jpg
building_7,0002546,test,dataset_splits/10_buildings/building_7/0002546/test/0002546_004.jpg
building_7,0002546,test,dataset_splits/10_buildings/building_7/0002546/test/0002546_008.jpg
building_7,0002546,test,dataset_splits/10_buildings/building_7/0002546/test/0002546_015.jpg
building_7,0002546,test,dataset_splits/10_buildings/building_7/0002546/test/0002546_041.jpg
building_7,0002546,test,dataset_splits/10_buildings/building_7/0002546/test/0002546_044.jpg
building_7,0002546,test,dataset_splits/10_buildings/building_7/0002546/test/0002546_049.jpg
building_7,0002546,test,dataset_splits/10_buildings/building_7/0002546/test/0002546_061.jpg
building_7,0002546,test,dataset_splits/10_buildings/building_7/0002546/test/0002546_087.jpg
building_7,0002546,test,dataset_splits/10_buildings/building_7/0002546/test/0002546_100.jpg
building_7,0002546,test,dataset_splits/10_buildings/building_7/0002546/test/0002546_150.jpg
building_7,0002546,test,dataset_splits/10_buildings/building_7/0002546/test/0002546_175.jpg
building_7,0002546,test,dataset_splits/10_buildings/building_7/0002546/test/0002546_183.jpg
building_7,0002546,test,dataset_splits/10_buildings/building_7/0002546/test/0002546_184.jpg
building_7,0002546,test,dataset_splits/10_buildings/building_7/0002546/test/0002546_190.jpg
building_7,0002546,test,dataset_splits/10_buildings/building_7/0002546/test/0002546_192.jpg
building_7,0002546,test,dataset_splits/10_buildings/building_7/0002546/test/0002546_214.jpg
building_7,0002546,test,dataset_splits/10_buildings/building_7/0002546/test/0002546_216.jpg
building_7,0002546,test,dataset_splits/10_buildings/building_7/0002546/test/0002546_223.jpg
building_7,0002546,test,dataset_splits/10_buildings/building_7/0002546/test/0002546_235.jpg
building_7,0002907,reference,dataset_splits/10_buildings/building_7/0002907/reference/0002907_006.jpg
building_7,0002907,reference,dataset_splits/10_buildings/building_7/0002907/reference/0002907_020.jpg
building_7,0002907,reference,dataset_splits/10_buildings/building_7/0002907/reference/0002907_027.jpg
building_7,0002907,reference,dataset_splits/10_buildings/building_7/0002907/reference/0002907_032.jpg
building_7,0002907,reference,dataset_splits/10_buildings/building_7/0002907/reference/0002907_040.jpg
building_7,0002907,reference,dataset_splits/10_buildings/building_7/0002907/reference/0002907_075.jpg
building_7,0002907,reference,dataset_splits/10_buildings/building_7/0002907/reference/0002907_097.jpg
building_7,0002907,reference,dataset_splits/10_buildings/building_7/0002907/reference/0002907_115.jpg
building_7,0002907,reference,dataset_splits/10_buildings/building_7/0002907/reference/0002907_118.jpg
building_7,0002907,reference,dataset_splits/10_buildings/building_7/0002907/reference/0002907_123.jpg
building_7,0002907,reference,dataset_splits/10_buildings/building_7/0002907/reference/0002907_128.jpg
building_7,0002907,reference,dataset_splits/10_buildings/building_7/0002907/reference/0002907_131.jpg
building_7,0002907,reference,dataset_splits/10_buildings/building_7/0002907/reference/0002907_139.jpg
building_7,0002907,reference,dataset_splits/10_buildings/building_7/0002907/reference/0002907_144.jpg
building_7,0002907,reference,dataset_splits/10_buildings/building_7/0002907/reference/0002907_151.jpg
building_7,0002907,reference,dataset_splits/10_buildings/building_7/0002907/reference/0002907_152.jpg
building_7,0002907,reference,dataset_splits/10_buildings/building_7/0002907/reference/0002907_167.jpg
building_7,0002907,reference,dataset_splits/10_buildings/building_7/0002907/reference/0002907_169.jpg
building_7,0002907,reference,dataset_splits/10_buildings/building_7/0002907/reference/0002907_190.jpg
building_7,0002907,reference,dataset_splits/10_buildings/building_7/0002907/reference/0002907_194.jpg
building_7,0002907,test,dataset_splits/10_buildings/building_7/0002907/test/0002907_001.jpg
building_7,0002907,test,dataset_splits/10_buildings/building_7/0002907/test/0002907_005.jpg
building_7,0002907,test,dataset_splits/10_buildings/building_7/0002907/test/0002907_016.jpg
building_7,0002907,test,dataset_splits/10_buildings/building_7/0002907/test/0002907_026.jpg
building_7,0002907,test,dataset_splits/10_buildings/building_7/0002907/test/0002907_036.jpg
building_7,0002907,test,dataset_splits/10_buildings/building_7/0002907/test/0002907_050.jpg
building_7,0002907,test,dataset_splits/10_buildings/building_7/0002907/test/0002907_067.jpg
building_7,0002907,test,dataset_splits/10_buildings/building_7/0002907/test/0002907_073.jpg
building_7,0002907,test,dataset_splits/10_buildings/building_7/0002907/test/0002907_074.jpg
building_7,0002907,test,dataset_splits/10_buildings/building_7/0002907/test/0002907_134.jpg
building_7,0002907,test,dataset_splits/10_buildings/building_7/0002907/test/0002907_156.jpg
building_7,0002907,test,dataset_splits/10_buildings/building_7/0002907/test/0002907_159.jpg
building_7,0002907,test,dataset_splits/10_buildings/building_7/0002907/test/0002907_174.jpg
building_7,0002907,test,dataset_splits/10_buildings/building_7/0002907/test/0002907_180.jpg
building_7,0002907,test,dataset_splits/10_buildings/building_7/0002907/test/0002907_186.jpg
building_7,0002907,test,dataset_splits/10_buildings/building_7/0002907/test/0002907_189.jpg
building_7,0002907,test,dataset_splits/10_buildings/building_7/0002907/test/0002907_191.jpg
building_7,0002907,test,dataset_splits/10_buildings/building_7/0002907/test/0002907_193.jpg
building_7,0002907,test,dataset_splits/10_buildings/building_7/0002907/test/0002907_199.jpg
building_7,0002907,test,dataset_splits/10_buildings/building_7/0002907/test/0002907_202.jpg
building_7,0003115,reference,dataset_splits/10_buildings/building_7/0003115/reference/0003115_001.jpg
building_7,0003115,reference,dataset_splits/10_buildings/building_7/0003115/reference/0003115_003.jpg
building_7,0003115,reference,dataset_splits/10_buildings/building_7/0003115/reference/0003115_005.jpg
building_7,0003115,reference,dataset_splits/10_buildings/building_7/0003115/reference/0003115_010.jpg
building_7,0003115,reference,dataset_splits/10_buildings/building_7/0003115/reference/0003115_012.jpg
building_7,0003115,reference,dataset_splits/10_buildings/building_7/0003115/reference/0003115_019.jpg
building_7,0003115,reference,dataset_splits/10_buildings/building_7/0003115/reference/0003115_020.jpg
building_7,0003115,reference,dataset_splits/10_buildings/building_7/0003115/reference/0003115_030.jpg
building_7,0003115,reference,dataset_splits/10_buildings/building_7/0003115/reference/0003115_032.jpg
building_7,0003115,reference,dataset_splits/10_buildings/building_7/0003115/reference/0003115_033.jpg
building_7,0003115,reference,dataset_splits/10_buildings/building_7/0003115/reference/0003115_038.jpg
building_7,0003115,reference,dataset_splits/10_buildings/building_7/0003115/reference/0003115_049.jpg
building_7,0003115,reference,dataset_splits/10_buildings/building_7/0003115/reference/0003115_055.jpg
building_7,0003115,reference,dataset_splits/10_buildings/building_7/0003115/reference/0003115_056.jpg
building_7,0003115,reference,dataset_splits/10_buildings/building_7/0003115/reference/0003115_057.jpg
building_7,0003115,reference,dataset_splits/10_buildings/building_7/0003115/reference/0003115_058.jpg
building_7,0003115,reference,dataset_splits/10_buildings/building_7/0003115/reference/0003115_059.jpg
building_7,0003115,reference,dataset_splits/10_buildings/building_7/0003115/reference/0003115_063.jpg
building_7,0003115,reference,dataset_splits/10_buildings/building_7/0003115/reference/0003115_069.jpg
building_7,0003115,reference,dataset_splits/10_buildings/building_7/0003115/reference/0003115_070.jpg
building_7,0003115,test,dataset_splits/10_buildings/building_7/0003115/test/0003115_007.jpg
building_7,0003115,test,dataset_splits/10_buildings/building_7/0003115/test/0003115_008.jpg
building_7,0003115,test,dataset_splits/10_buildings/building_7/0003115/test/0003115_013.jpg
building_7,0003115,test,dataset_splits/10_buildings/building_7/0003115/test/0003115_014.jpg
building_7,0003115,test,dataset_splits/10_buildings/building_7/0003115/test/0003115_015.jpg
building_7,0003115,test,dataset_splits/10_buildings/building_7/0003115/test/0003115_023.jpg
building_7,0003115,test,dataset_splits/10_buildings/building_7/0003115/test/0003115_025.jpg
building_7,0003115,test,dataset_splits/10_buildings/building_7/0003115/test/0003115_026.jpg
building_7,0003115,test,dataset_splits/10_buildings/building_7/0003115/test/0003115_028.jpg
building_7,0003115,test,dataset_splits/10_buildings/building_7/0003115/test/0003115_029.jpg
building_7,0003115,test,dataset_splits/10_buildings/building_7/0003115/test/0003115_037.jpg
building_7,0003115,test,dataset_splits/10_buildings/building_7/0003115/test/0003115_039.jpg
building_7,0003115,test,dataset_splits/10_buildings/building_7/0003115/test/0003115_043.jpg
building_7,0003115,test,dataset_splits/10_buildings/building_7/0003115/test/0003115_044.jpg
building_7,0003115,test,dataset_splits/10_buildings/building_7/0003115/test/0003115_045.jpg
building_7,0003115,test,dataset_splits/10_buildings/building_7/0003115/test/0003115_046.jpg
building_7,0003115,test,dataset_splits/10_buildings/building_7/0003115/test/0003115_050.jpg
building_7,0003115,test,dataset_splits/10_buildings/building_7/0003115/test/0003115_064.jpg
building_7,0003115,test,dataset_splits/10_buildings/building_7/0003115/test/0003115_068.jpg
building_7,0003115,test,dataset_splits/10_buildings/building_7/0003115/test/0003115_071.jpg
building_7,0003633,reference,dataset_splits/10_buildings/building_7/0003633/reference/0003633_002.jpg
building_7,0003633,reference,dataset_splits/10_buildings/building_7/0003633/reference/0003633_003.jpg
building_7,0003633,reference,dataset_splits/10_buildings/building_7/0003633/reference/0003633_005.jpg
building_7,0003633,reference,dataset_splits/10_buildings/building_7/0003633/reference/0003633_006.jpg
building_7,0003633,reference,dataset_splits/10_buildings/building_7/0003633/reference/0003633_010.jpg
building_7,0003633,reference,dataset_splits/10_buildings/building_7/0003633/reference/0003633_011.jpg
building_7,0003633,reference,dataset_splits/10_buildings/building_7/0003633/reference/0003633_021.jpg
building_7,0003633,reference,dataset_splits/10_buildings/building_7/0003633/reference/0003633_022.jpg
building_7,0003633,reference,dataset_splits/10_buildings/building_7/0003633/reference/0003633_023.jpg
building_7,0003633,reference,dataset_splits/10_buildings/building_7/0003633/reference/0003633_025.jpg
building_7,0003633,reference,dataset_splits/10_buildings/building_7/0003633/reference/0003633_032.jpg
building_7,0003633,reference,dataset_splits/10_buildings/building_7/0003633/reference/0003633_037.jpg
building_7,0003633,reference,dataset_splits/10_buildings/building_7/0003633/reference/0003633_047.jpg
building_7,0003633,reference,dataset_splits/10_buildings/building_7/0003633/reference/0003633_048.jpg
building_7,0003633,reference,dataset_splits/10_buildings/building_7/0003633/reference/0003633_049.jpg
building_7,0003633,reference,dataset_splits/10_buildings/building_7/0003633/reference/0003633_052.jpg
building_7,0003633,reference,dataset_splits/10_buildings/building_7/0003633/reference/0003633_055.jpg
building_7,0003633,reference,dataset_splits/10_buildings/building_7/0003633/reference/0003633_057.jpg
building_7,0003633,reference,dataset_splits/10_buildings/building_7/0003633/reference/0003633_060.jpg
building_7,0003633,reference,dataset_splits/10_buildings/building_7/0003633/reference/0003633_063.jpg
building_7,0003633,test,dataset_splits/10_buildings/building_7/0003633/test/0003633_001.jpg
building_7,0003633,test,dataset_splits/10_buildings/building_7/0003633/test/0003633_016.jpg
building_7,0003633,test,dataset_splits/10_buildings/building_7/0003633/test/0003633_019.jpg
building_7,0003633,test,dataset_splits/10_buildings/building_7/0003633/test/0003633_026.jpg
building_7,0003633,test,dataset_splits/10_buildings/building_7/0003633/test/0003633_028.jpg
building_7,0003633,test,dataset_splits/10_buildings/building_7/0003633/test/0003633_029.jpg
building_7,0003633,test,dataset_splits/10_buildings/building_7/0003633/test/0003633_030.jpg
building_7,0003633,test,dataset_splits/10_buildings/building_7/0003633/test/0003633_031.jpg
building_7,0003633,test,dataset_splits/10_buildings/building_7/0003633/test/0003633_033.jpg
building_7,0003633,test,dataset_splits/10_buildings/building_7/0003633/test/0003633_035.jpg
building_7,0003633,test,dataset_splits/10_buildings/building_7/0003633/test/0003633_036.jpg
building_7,0003633,test,dataset_splits/10_buildings/building_7/0003633/test/0003633_038.jpg
building_7,0003633,test,dataset_splits/10_buildings/building_7/0003633/test/0003633_041.jpg
building_7,0003633,test,dataset_splits/10_buildings/building_7/0003633/test/0003633_042.jpg
building_7,0003633,test,dataset_splits/10_buildings/building_7/0003633/test/0003633_053.jpg
building_7,0003633,test,dataset_splits/10_buildings/building_7/0003633/test/0003633_054.jpg
building_7,0003633,test,dataset_splits/10_buildings/building_7/0003633/test/0003633_059.jpg
building_7,0003633,test,dataset_splits/10_buildings/building_7/0003633/test/0003633_061.jpg
building_7,0003633,test,dataset_splits/10_buildings/building_7/0003633/test/0003633_062.jpg
building_7,0003633,test,dataset_splits/10_buildings/building_7/0003633/test/0003633_065.jpg
building_7,0004266,reference,dataset_splits/10_buildings/building_7/0004266/reference/0004266_021.jpg
building_7,0004266,reference,dataset_splits/10_buildings/building_7/0004266/reference/0004266_026.jpg
building_7,0004266,reference,dataset_splits/10_buildings/building_7/0004266/reference/0004266_082.jpg
building_7,0004266,reference,dataset_splits/10_buildings/building_7/0004266/reference/0004266_140.jpg
building_7,0004266,reference,dataset_splits/10_buildings/building_7/0004266/reference/0004266_165.jpg
building_7,0004266,reference,dataset_splits/10_buildings/building_7/0004266/reference/0004266_265.jpg
building_7,0004266,reference,dataset_splits/10_buildings/building_7/0004266/reference/0004266_269.jpg
building_7,0004266,reference,dataset_splits/10_buildings/building_7/0004266/reference/0004266_314.jpg
building_7,0004266,reference,dataset_splits/10_buildings/building_7/0004266/reference/0004266_363.jpg
building_7,0004266,reference,dataset_splits/10_buildings/building_7/0004266/reference/0004266_435.jpg
building_7,0004266,reference,dataset_splits/10_buildings/building_7/0004266/reference/0004266_438.jpg
building_7,0004266,reference,dataset_splits/10_buildings/building_7/0004266/reference/0004266_515.jpg
building_7,0004266,reference,dataset_splits/10_buildings/building_7/0004266/reference/0004266_556.jpg
building_7,0004266,reference,dataset_splits/10_buildings/building_7/0004266/reference/0004266_557.jpg
building_7,0004266,reference,dataset_splits/10_buildings/building_7/0004266/reference/0004266_648.jpg
building_7,0004266,reference,dataset_splits/10_buildings/building_7/0004266/reference/0004266_650.jpg
building_7,0004266,reference,dataset_splits/10_buildings/building_7/0004266/reference/0004266_694.jpg
building_7,0004266,reference,dataset_splits/10_buildings/building_7/0004266/reference/0004266_696.jpg
building_7,0004266,reference,dataset_splits/10_buildings/building_7/0004266/reference/0004266_759.jpg
building_7,0004266,reference,dataset_splits/10_buildings/building_7/0004266/reference/0004266_779.jpg
building_7,0004266,test,dataset_splits/10_buildings/building_7/0004266/test/0004266_065.jpg
building_7,0004266,test,dataset_splits/10_buildings/building_7/0004266/test/0004266_118.jpg
building_7,0004266,test,dataset_splits/10_buildings/building_7/0004266/test/0004266_122.jpg
building_7,0004266,test,dataset_splits/10_buildings/building_7/0004266/test/0004266_125.jpg
building_7,0004266,test,dataset_splits/10_buildings/building_7/0004266/test/0004266_134.jpg
building_7,0004266,test,dataset_splits/10_buildings/building_7/0004266/test/0004266_199.jpg
building_7,0004266,test,dataset_splits/10_buildings/building_7/0004266/test/0004266_207.jpg
building_7,0004266,test,dataset_splits/10_buildings/building_7/0004266/test/0004266_225.jpg
building_7,0004266,test,dataset_splits/10_buildings/building_7/0004266/test/0004266_387.jpg
building_7,0004266,test,dataset_splits/10_buildings/building_7/0004266/test/0004266_439.jpg
building_7,0004266,test,dataset_splits/10_buildings/building_7/0004266/test/0004266_505.jpg
building_7,0004266,test,dataset_splits/10_buildings/building_7/0004266/test/0004266_553.jpg
building_7,0004266,test,dataset_splits/10_buildings/building_7/0004266/test/0004266_583.jpg
building_7,0004266,test,dataset_splits/10_buildings/building_7/0004266/test/0004266_611.jpg
building_7,0004266,test,dataset_splits/10_buildings/building_7/0004266/test/0004266_672.jpg
building_7,0004266,test,dataset_splits/10_buildings/building_7/0004266/test/0004266_678.jpg
building_7,0004266,test,dataset_splits/10_buildings/building_7/0004266/test/0004266_690.jpg
building_7,0004266,test,dataset_splits/10_buildings/building_7/0004266/test/0004266_725.jpg
building_7,0004266,test,dataset_splits/10_buildings/building_7/0004266/test/0004266_761.jpg
building_7,0004266,test,dataset_splits/10_buildings/building_7/0004266/test/0004266_791.jpg
building_7,0004906,reference,dataset_splits/10_buildings/building_7/0004906/reference/0004906_003.jpg
building_7,0004906,reference,dataset_splits/10_buildings/building_7/0004906/reference/0004906_005.jpg
building_7,0004906,reference,dataset_splits/10_buildings/building_7/0004906/reference/0004906_011.jpg
building_7,0004906,reference,dataset_splits/10_buildings/building_7/0004906/reference/0004906_016.jpg
building_7,0004906,reference,dataset_splits/10_buildings/building_7/0004906/reference/0004906_018.jpg
building_7,0004906,reference,dataset_splits/10_buildings/building_7/0004906/reference/0004906_020.jpg
building_7,0004906,reference,dataset_splits/10_buildings/building_7/0004906/reference/0004906_023.jpg
building_7,0004906,reference,dataset_splits/10_buildings/building_7/0004906/reference/0004906_039.jpg
building_7,0004906,reference,dataset_splits/10_buildings/building_7/0004906/reference/0004906_041.jpg
building_7,0004906,reference,dataset_splits/10_buildings/building_7/0004906/reference/0004906_043.jpg
building_7,0004906,reference,dataset_splits/10_buildings/building_7/0004906/reference/0004906_044.jpg
building_7,0004906,reference,dataset_splits/10_buildings/building_7/0004906/reference/0004906_045.jpg
building_7,0004906,reference,dataset_splits/10_buildings/building_7/0004906/reference/0004906_046.jpg
building_7,0004906,reference,dataset_splits/10_buildings/building_7/0004906/reference/0004906_079.jpg
building_7,0004906,reference,dataset_splits/10_buildings/building_7/0004906/reference/0004906_080.jpg
building_7,0004906,reference,dataset_splits/10_buildings/building_7/0004906/reference/0004906_097.jpg
building_7,0004906,reference,dataset_splits/10_buildings/building_7/0004906/reference/0004906_113.jpg
building_7,0004906,reference,dataset_splits/10_buildings/building_7/0004906/reference/0004906_116.jpg
building_7,0004906,reference,dataset_splits/10_buildings/building_7/0004906/reference/0004906_140.jpg
building_7,0004906,reference,dataset_splits/10_buildings/building_7/0004906/reference/0004906_163.jpg
building_7,0004906,test,dataset_splits/10_buildings/building_7/0004906/test/0004906_013.jpg
building_7,0004906,test,dataset_splits/10_buildings/building_7/0004906/test/0004906_015.jpg
building_7,0004906,test,dataset_splits/10_buildings/building_7/0004906/test/0004906_017.jpg
building_7,0004906,test,dataset_splits/10_buildings/building_7/0004906/test/0004906_021.jpg
building_7,0004906,test,dataset_splits/10_buildings/building_7/0004906/test/0004906_035.jpg
building_7,0004906,test,dataset_splits/10_buildings/building_7/0004906/test/0004906_038.jpg
building_7,0004906,test,dataset_splits/10_buildings/building_7/0004906/test/0004906_072.jpg
building_7,0004906,test,dataset_splits/10_buildings/building_7/0004906/test/0004906_082.jpg
building_7,0004906,test,dataset_splits/10_buildings/building_7/0004906/test/0004906_106.jpg
building_7,0004906,test,dataset_splits/10_buildings/building_7/0004906/test/0004906_112.jpg
building_7,0004906,test,dataset_splits/10_buildings/building_7/0004906/test/0004906_117.jpg
building_7,0004906,test,dataset_splits/10_buildings/building_7/0004906/test/0004906_132.jpg
building_7,0004906,test,dataset_splits/10_buildings/building_7/0004906/test/0004906_135.jpg
building_7,0004906,test,dataset_splits/10_buildings/building_7/0004906/test/0004906_138.jpg
building_7,0004906,test,dataset_splits/10_buildings/building_7/0004906/test/0004906_146.jpg
building_7,0004906,test,dataset_splits/10_buildings/building_7/0004906/test/0004906_149.jpg
building_7,0004906,test,dataset_splits/10_buildings/building_7/0004906/test/0004906_155.jpg
building_7,0004906,test,dataset_splits/10_buildings/building_7/0004906/test/0004906_156.jpg
building_7,0004906,test,dataset_splits/10_buildings/building_7/0004906/test/0004906_160.jpg
building_7,0004906,test,dataset_splits/10_buildings/building_7/0004906/test/0004906_166.jpg
building_7,0004917,reference,dataset_splits/10_buildings/building_7/0004917/reference/0004917_001.jpg
building_7,0004917,reference,dataset_splits/10_buildings/building_7/0004917/reference/0004917_002.jpg
building_7,0004917,reference,dataset_splits/10_buildings/building_7/0004917/reference/0004917_003.jpg
building_7,0004917,reference,dataset_splits/10_buildings/building_7/0004917/reference/0004917_004.jpg
building_7,0004917,reference,dataset_splits/10_buildings/building_7/0004917/reference/0004917_005.jpg
building_7,0004917,reference,dataset_splits/10_buildings/building_7/0004917/reference/0004917_006.jpg
building_7,0004917,reference,dataset_splits/10_buildings/building_7/0004917/reference/0004917_013.jpg
building_7,0004917,reference,dataset_splits/10_buildings/building_7/0004917/reference/0004917_020.jpg
building_7,0004917,reference,dataset_splits/10_buildings/building_7/0004917/reference/0004917_022.jpg
building_7,0004917,reference,dataset_splits/10_buildings/building_7/0004917/reference/0004917_023.jpg
building_7,0004917,reference,dataset_splits/10_buildings/building_7/0004917/reference/0004917_027.jpg
building_7,0004917,reference,dataset_splits/10_buildings/building_7/0004917/reference/0004917_028.jpg
building_7,0004917,reference,dataset_splits/10_buildings/building_7/0004917/reference/0004917_033.jpg
building_7,0004917,reference,dataset_splits/10_buildings/building_7/0004917/reference/0004917_034.jpg
building_7,0004917,reference,dataset_splits/10_buildings/building_7/0004917/reference/0004917_041.jpg
building_7,0004917,reference,dataset_splits/10_buildings/building_7/0004917/reference/0004917_042.jpg
building_7,0004917,reference,dataset_splits/10_buildings/building_7/0004917/reference/0004917_043.jpg
building_7,0004917,reference,dataset_splits/10_buildings/building_7/0004917/reference/0004917_044.jpg
building_7,0004917,reference,dataset_splits/10_buildings/building_7/0004917/reference/0004917_045.jpg
building_7,0004917,reference,dataset_splits/10_buildings/building_7/0004917/reference/0004917_047.jpg
building_7,0004917,test,dataset_splits/10_buildings/building_7/0004917/test/0004917_007.jpg
building_7,0004917,test,dataset_splits/10_buildings/building_7/0004917/test/0004917_008.jpg
building_7,0004917,test,dataset_splits/10_buildings/building_7/0004917/test/0004917_010.jpg
building_7,0004917,test,dataset_splits/10_buildings/building_7/0004917/test/0004917_012.jpg
building_7,0004917,test,dataset_splits/10_buildings/building_7/0004917/test/0004917_016.jpg
building_7,0004917,test,dataset_splits/10_buildings/building_7/0004917/test/0004917_019.jpg
building_7,0004917,test,dataset_splits/10_buildings/building_7/0004917/test/0004917_021.jpg
building_7,0004917,test,dataset_splits/10_buildings/building_7/0004917/test/0004917_026.jpg
building_7,0004917,test,dataset_splits/10_buildings/building_7/0004917/test/0004917_029.jpg
building_7,0004917,test,dataset_splits/10_buildings/building_7/0004917/test/0004917_030.jpg
building_7,0004917,test,dataset_splits/10_buildings/building_7/0004917/test/0004917_031.jpg
building_7,0004917,test,dataset_splits/10_buildings/building_7/0004917/test/0004917_032.jpg
building_7,0004917,test,dataset_splits/10_buildings/building_7/0004917/test/0004917_035.jpg
building_7,0004917,test,dataset_splits/10_buildings/building_7/0004917/test/0004917_036.jpg
building_7,0004917,test,dataset_splits/10_buildings/building_7/0004917/test/0004917_038.jpg
building_7,0004917,test,dataset_splits/10_buildings/building_7/0004917/test/0004917_039.jpg
building_7,0004917,test,dataset_splits/10_buildings/building_7/0004917/test/0004917_046.jpg
building_7,0004917,test,dataset_splits/10_buildings/building_7/0004917/test/0004917_049.jpg
building_7,0004917,test,dataset_splits/10_buildings/building_7/0004917/test/0004917_050.jpg
building_7,0004917,test,dataset_splits/10_buildings/building_7/0004917/test/0004917_051.jpg
building_7,0004929,reference,dataset_splits/10_buildings/building_7/0004929/reference/0004929_003.jpg
building_7,0004929,reference,dataset_splits/10_buildings/building_7/0004929/reference/0004929_009.jpg
building_7,0004929,reference,dataset_splits/10_buildings/building_7/0004929/reference/0004929_015.jpg
building_7,0004929,reference,dataset_splits/10_buildings/building_7/0004929/reference/0004929_020.jpg
building_7,0004929,reference,dataset_splits/10_buildings/building_7/0004929/reference/0004929_021.jpg
building_7,0004929,reference,dataset_splits/10_buildings/building_7/0004929/reference/0004929_027.jpg
building_7,0004929,reference,dataset_splits/10_buildings/building_7/0004929/reference/0004929_029.jpg
building_7,0004929,reference,dataset_splits/10_buildings/building_7/0004929/reference/0004929_033.jpg
building_7,0004929,reference,dataset_splits/10_buildings/building_7/0004929/reference/0004929_038.jpg
building_7,0004929,reference,dataset_splits/10_buildings/building_7/0004929/reference/0004929_041.jpg
building_7,0004929,reference,dataset_splits/10_buildings/building_7/0004929/reference/0004929_045.jpg
building_7,0004929,reference,dataset_splits/10_buildings/building_7/0004929/reference/0004929_051.jpg
building_7,0004929,reference,dataset_splits/10_buildings/building_7/0004929/reference/0004929_053.jpg
building_7,0004929,reference,dataset_splits/10_buildings/building_7/0004929/reference/0004929_054.jpg
building_7,0004929,reference,dataset_splits/10_buildings/building_7/0004929/reference/0004929_056.jpg
building_7,0004929,reference,dataset_splits/10_buildings/building_7/0004929/reference/0004929_057.jpg
building_7,0004929,reference,dataset_splits/10_buildings/building_7/0004929/reference/0004929_058.jpg
building_7,0004929,reference,dataset_splits/10_buildings/building_7/0004929/reference/0004929_059.jpg
building_7,0004929,reference,dataset_splits/10_buildings/building_7/0004929/reference/0004929_060.jpg
building_7,0004929,reference,dataset_splits/10_buildings/building_7/0004929/reference/0004929_064.jpg
building_7,0004929,test,dataset_splits/10_buildings/building_7/0004929/test/0004929_002.jpg
building_7,0004929,test,dataset_splits/10_buildings/building_7/0004929/test/0004929_004.jpg
building_7,0004929,test,dataset_splits/10_buildings/building_7/0004929/test/0004929_007.jpg
building_7,0004929,test,dataset_splits/10_buildings/building_7/0004929/test/0004929_010.jpg
building_7,0004929,test,dataset_splits/10_buildings/building_7/0004929/test/0004929_011.jpg
building_7,0004929,test,dataset_splits/10_buildings/building_7/0004929/test/0004929_019.jpg
building_7,0004929,test,dataset_splits/10_buildings/building_7/0004929/test/0004929_025.jpg
building_7,0004929,test,dataset_splits/10_buildings/building_7/0004929/test/0004929_032.jpg
building_7,0004929,test,dataset_splits/10_buildings/building_7/0004929/test/0004929_035.jpg
building_7,0004929,test,dataset_splits/10_buildings/building_7/0004929/test/0004929_036.jpg
building_7,0004929,test,dataset_splits/10_buildings/building_7/0004929/test/0004929_037.jpg
building_7,0004929,test,dataset_splits/10_buildings/building_7/0004929/test/0004929_040.jpg
building_7,0004929,test,dataset_splits/10_buildings/building_7/0004929/test/0004929_044.jpg
building_7,0004929,test,dataset_splits/10_buildings/building_7/0004929/test/0004929_047.jpg
building_7,0004929,test,dataset_splits/10_buildings/building_7/0004929/test/0004929_049.jpg
building_7,0004929,test,dataset_splits/10_buildings/building_7/0004929/test/0004929_052.jpg
building_7,0004929,test,dataset_splits/10_buildings/building_7/0004929/test/0004929_055.jpg
building_7,0004929,test,dataset_splits/10_buildings/building_7/0004929/test/0004929_063.jpg
building_7,0004929,test,dataset_splits/10_buildings/building_7/0004929/test/0004929_069.jpg
building_7,0004929,test,dataset_splits/10_buildings/building_7/0004929/test/0004929_070.jpg
building_7,0004975,reference,dataset_splits/10_buildings/building_7/0004975/reference/0004975_003.jpg
building_7,0004975,reference,dataset_splits/10_buildings/building_7/0004975/reference/0004975_007.jpg
building_7,0004975,reference,dataset_splits/10_buildings/building_7/0004975/reference/0004975_010.jpg
building_7,0004975,reference,dataset_splits/10_buildings/building_7/0004975/reference/0004975_014.jpg
building_7,0004975,reference,dataset_splits/10_buildings/building_7/0004975/reference/0004975_018.jpg
building_7,0004975,reference,dataset_splits/10_buildings/building_7/0004975/reference/0004975_019.jpg
building_7,0004975,reference,dataset_splits/10_buildings/building_7/0004975/reference/0004975_022.jpg
building_7,0004975,reference,dataset_splits/10_buildings/building_7/0004975/reference/0004975_028.jpg
building_7,0004975,reference,dataset_splits/10_buildings/building_7/0004975/reference/0004975_034.jpg
building_7,0004975,reference,dataset_splits/10_buildings/building_7/0004975/reference/0004975_042.jpg
building_7,0004975,reference,dataset_splits/10_buildings/building_7/0004975/reference/0004975_043.jpg
building_7,0004975,reference,dataset_splits/10_buildings/building_7/0004975/reference/0004975_044.jpg
building_7,0004975,reference,dataset_splits/10_buildings/building_7/0004975/reference/0004975_047.jpg
building_7,0004975,reference,dataset_splits/10_buildings/building_7/0004975/reference/0004975_049.jpg
building_7,0004975,reference,dataset_splits/10_buildings/building_7/0004975/reference/0004975_052.jpg
building_7,0004975,reference,dataset_splits/10_buildings/building_7/0004975/reference/0004975_056.jpg
building_7,0004975,reference,dataset_splits/10_buildings/building_7/0004975/reference/0004975_060.jpg
building_7,0004975,reference,dataset_splits/10_buildings/building_7/0004975/reference/0004975_066.jpg
building_7,0004975,reference,dataset_splits/10_buildings/building_7/0004975/reference/0004975_067.jpg
building_7,0004975,reference,dataset_splits/10_buildings/building_7/0004975/reference/0004975_072.jpg
building_7,0004975,test,dataset_splits/10_buildings/building_7/0004975/test/0004975_004.jpg
building_7,0004975,test,dataset_splits/10_buildings/building_7/0004975/test/0004975_013.jpg
building_7,0004975,test,dataset_splits/10_buildings/building_7/0004975/test/0004975_015.jpg
building_7,0004975,test,dataset_splits/10_buildings/building_7/0004975/test/0004975_016.jpg
building_7,0004975,test,dataset_splits/10_buildings/building_7/0004975/test/0004975_017.jpg
building_7,0004975,test,dataset_splits/10_buildings/building_7/0004975/test/0004975_020.jpg
building_7,0004975,test,dataset_splits/10_buildings/building_7/0004975/test/0004975_021.jpg
building_7,0004975,test,dataset_splits/10_buildings/building_7/0004975/test/0004975_027.jpg
building_7,0004975,test,dataset_splits/10_buildings/building_7/0004975/test/0004975_029.jpg
building_7,0004975,test,dataset_splits/10_buildings/building_7/0004975/test/0004975_030.jpg
building_7,0004975,test,dataset_splits/10_buildings/building_7/0004975/test/0004975_032.jpg
building_7,0004975,test,dataset_splits/10_buildings/building_7/0004975/test/0004975_036.jpg
building_7,0004975,test,dataset_splits/10_buildings/building_7/0004975/test/0004975_040.jpg
building_7,0004975,test,dataset_splits/10_buildings/building_7/0004975/test/0004975_041.jpg
building_7,0004975,test,dataset_splits/10_buildings/building_7/0004975/test/0004975_045.jpg
building_7,0004975,test,dataset_splits/10_buildings/building_7/0004975/test/0004975_046.jpg
building_7,0004975,test,dataset_splits/10_buildings/building_7/0004975/test/0004975_051.jpg
building_7,0004975,test,dataset_splits/10_buildings/building_7/0004975/test/0004975_057.jpg
building_7,0004975,test,dataset_splits/10_buildings/building_7/0004975/test/0004975_063.jpg
building_7,0004975,test,dataset_splits/10_buildings/building_7/0004975/test/0004975_071.jpg
building_7,0005109,reference,dataset_splits/10_buildings/building_7/0005109/reference/0005109_018.jpg
building_7,0005109,reference,dataset_splits/10_buildings/building_7/0005109/reference/0005109_044.jpg
building_7,0005109,reference,dataset_splits/10_buildings/building_7/0005109/reference/0005109_071.jpg
building_7,0005109,reference,dataset_splits/10_buildings/building_7/0005109/reference/0005109_074.jpg
building_7,0005109,reference,dataset_splits/10_buildings/building_7/0005109/reference/0005109_103.jpg
building_7,0005109,reference,dataset_splits/10_buildings/building_7/0005109/reference/0005109_104.jpg
building_7,0005109,reference,dataset_splits/10_buildings/building_7/0005109/reference/0005109_106.jpg
building_7,0005109,reference,dataset_splits/10_buildings/building_7/0005109/reference/0005109_149.jpg
building_7,0005109,reference,dataset_splits/10_buildings/building_7/0005109/reference/0005109_158.jpg
building_7,0005109,reference,dataset_splits/10_buildings/building_7/0005109/reference/0005109_181.jpg
building_7,0005109,reference,dataset_splits/10_buildings/building_7/0005109/reference/0005109_205.jpg
building_7,0005109,reference,dataset_splits/10_buildings/building_7/0005109/reference/0005109_233.jpg
building_7,0005109,reference,dataset_splits/10_buildings/building_7/0005109/reference/0005109_241.jpg
building_7,0005109,reference,dataset_splits/10_buildings/building_7/0005109/reference/0005109_243.jpg
building_7,0005109,reference,dataset_splits/10_buildings/building_7/0005109/reference/0005109_244.jpg
building_7,0005109,reference,dataset_splits/10_buildings/building_7/0005109/reference/0005109_257.jpg
building_7,0005109,reference,dataset_splits/10_buildings/building_7/0005109/reference/0005109_265.jpg
building_7,0005109,reference,dataset_splits/10_buildings/building_7/0005109/reference/0005109_267.jpg
building_7,0005109,reference,dataset_splits/10_buildings/building_7/0005109/reference/0005109_318.jpg
building_7,0005109,reference,dataset_splits/10_buildings/building_7/0005109/reference/0005109_319.jpg
building_7,0005109,test,dataset_splits/10_buildings/building_7/0005109/test/0005109_001.jpg
building_7,0005109,test,dataset_splits/10_buildings/building_7/0005109/test/0005109_009.jpg
building_7,0005109,test,dataset_splits/10_buildings/building_7/0005109/test/0005109_013.jpg
building_7,0005109,test,dataset_splits/10_buildings/building_7/0005109/test/0005109_024.jpg
building_7,0005109,test,dataset_splits/10_buildings/building_7/0005109/test/0005109_061.jpg
building_7,0005109,test,dataset_splits/10_buildings/building_7/0005109/test/0005109_068.jpg
building_7,0005109,test,dataset_splits/10_buildings/building_7/0005109/test/0005109_076.jpg
building_7,0005109,test,dataset_splits/10_buildings/building_7/0005109/test/0005109_077.jpg
building_7,0005109,test,dataset_splits/10_buildings/building_7/0005109/test/0005109_080.jpg
building_7,0005109,test,dataset_splits/10_buildings/building_7/0005109/test/0005109_085.jpg
building_7,0005109,test,dataset_splits/10_buildings/building_7/0005109/test/0005109_110.jpg
building_7,0005109,test,dataset_splits/10_buildings/building_7/0005109/test/0005109_131.jpg
building_7,0005109,test,dataset_splits/10_buildings/building_7/0005109/test/0005109_143.jpg
building_7,0005109,test,dataset_splits/10_buildings/building_7/0005109/test/0005109_151.jpg
building_7,0005109,test,dataset_splits/10_buildings/building_7/0005109/test/0005109_179.jpg
building_7,0005109,test,dataset_splits/10_buildings/building_7/0005109/test/0005109_223.jpg
building_7,0005109,test,dataset_splits/10_buildings/building_7/0005109/test/0005109_227.jpg
building_7,0005109,test,dataset_splits/10_buildings/building_7/0005109/test/0005109_266.jpg
building_7,0005109,test,dataset_splits/10_buildings/building_7/0005109/test/0005109_327.jpg
building_7,0005109,test,dataset_splits/10_buildings/building_7/0005109/test/0005109_332.jpg
building_7,0005278,reference,dataset_splits/10_buildings/building_7/0005278/reference/0005278_008.jpg
building_7,0005278,reference,dataset_splits/10_buildings/building_7/0005278/reference/0005278_009.jpg
building_7,0005278,reference,dataset_splits/10_buildings/building_7/0005278/reference/0005278_012.jpg
building_7,0005278,reference,dataset_splits/10_buildings/building_7/0005278/reference/0005278_017.jpg
building_7,0005278,reference,dataset_splits/10_buildings/building_7/0005278/reference/0005278_027.jpg
building_7,0005278,reference,dataset_splits/10_buildings/building_7/0005278/reference/0005278_039.jpg
building_7,0005278,reference,dataset_splits/10_buildings/building_7/0005278/reference/0005278_070.jpg
building_7,0005278,reference,dataset_splits/10_buildings/building_7/0005278/reference/0005278_091.jpg
building_7,0005278,reference,dataset_splits/10_buildings/building_7/0005278/reference/0005278_102.jpg
building_7,0005278,reference,dataset_splits/10_buildings/building_7/0005278/reference/0005278_105.jpg
building_7,0005278,reference,dataset_splits/10_buildings/building_7/0005278/reference/0005278_108.jpg
building_7,0005278,reference,dataset_splits/10_buildings/building_7/0005278/reference/0005278_109.jpg
building_7,0005278,reference,dataset_splits/10_buildings/building_7/0005278/reference/0005278_111.jpg
building_7,0005278,reference,dataset_splits/10_buildings/building_7/0005278/reference/0005278_112.jpg
building_7,0005278,reference,dataset_splits/10_buildings/building_7/0005278/reference/0005278_114.jpg
building_7,0005278,reference,dataset_splits/10_buildings/building_7/0005278/reference/0005278_115.jpg
building_7,0005278,reference,dataset_splits/10_buildings/building_7/0005278/reference/0005278_117.jpg
building_7,0005278,reference,dataset_splits/10_buildings/building_7/0005278/reference/0005278_119.jpg
building_7,0005278,reference,dataset_splits/10_buildings/building_7/0005278/reference/0005278_122.jpg
building_7,0005278,reference,dataset_splits/10_buildings/building_7/0005278/reference/0005278_129.jpg
building_7,0005278,test,dataset_splits/10_buildings/building_7/0005278/test/0005278_001.jpg
building_7,0005278,test,dataset_splits/10_buildings/building_7/0005278/test/0005278_015.jpg
building_7,0005278,test,dataset_splits/10_buildings/building_7/0005278/test/0005278_020.jpg
building_7,0005278,test,dataset_splits/10_buildings/building_7/0005278/test/0005278_023.jpg
building_7,0005278,test,dataset_splits/10_buildings/building_7/0005278/test/0005278_031.jpg
building_7,0005278,test,dataset_splits/10_buildings/building_7/0005278/test/0005278_033.jpg
building_7,0005278,test,dataset_splits/10_buildings/building_7/0005278/test/0005278_034.jpg
building_7,0005278,test,dataset_splits/10_buildings/building_7/0005278/test/0005278_041.jpg
building_7,0005278,test,dataset_splits/10_buildings/building_7/0005278/test/0005278_059.jpg
building_7,0005278,test,dataset_splits/10_buildings/building_7/0005278/test/0005278_063.jpg
building_7,0005278,test,dataset_splits/10_buildings/building_7/0005278/test/0005278_073.jpg
building_7,0005278,test,dataset_splits/10_buildings/building_7/0005278/test/0005278_076.jpg
building_7,0005278,test,dataset_splits/10_buildings/building_7/0005278/test/0005278_077.jpg
building_7,0005278,test,dataset_splits/10_buildings/building_7/0005278/test/0005278_083.jpg
building_7,0005278,test,dataset_splits/10_buildings/building_7/0005278/test/0005278_093.jpg
building_7,0005278,test,dataset_splits/10_buildings/building_7/0005278/test/0005278_099.jpg
building_7,0005278,test,dataset_splits/10_buildings/building_7/0005278/test/0005278_110.jpg
building_7,0005278,test,dataset_splits/10_buildings/building_7/0005278/test/0005278_120.jpg
building_7,0005278,test,dataset_splits/10_buildings/building_7/0005278/test/0005278_127.jpg
building_7,0005278,test,dataset_splits/10_buildings/building_7/0005278/test/0005278_133.jpg
building_7,0005342,reference,dataset_splits/10_buildings/building_7/0005342/reference/0005342_002.jpg
building_7,0005342,reference,dataset_splits/10_buildings/building_7/0005342/reference/0005342_007.jpg
building_7,0005342,reference,dataset_splits/10_buildings/building_7/0005342/reference/0005342_008.jpg
building_7,0005342,reference,dataset_splits/10_buildings/building_7/0005342/reference/0005342_017.jpg
building_7,0005342,reference,dataset_splits/10_buildings/building_7/0005342/reference/0005342_021.jpg
building_7,0005342,reference,dataset_splits/10_buildings/building_7/0005342/reference/0005342_022.jpg
building_7,0005342,reference,dataset_splits/10_buildings/building_7/0005342/reference/0005342_029.jpg
building_7,0005342,reference,dataset_splits/10_buildings/building_7/0005342/reference/0005342_035.jpg
building_7,0005342,reference,dataset_splits/10_buildings/building_7/0005342/reference/0005342_044.jpg
building_7,0005342,reference,dataset_splits/10_buildings/building_7/0005342/reference/0005342_045.jpg
building_7,0005342,reference,dataset_splits/10_buildings/building_7/0005342/reference/0005342_061.jpg
building_7,0005342,reference,dataset_splits/10_buildings/building_7/0005342/reference/0005342_062.jpg
building_7,0005342,reference,dataset_splits/10_buildings/building_7/0005342/reference/0005342_064.jpg
building_7,0005342,reference,dataset_splits/10_buildings/building_7/0005342/reference/0005342_069.jpg
building_7,0005342,reference,dataset_splits/10_buildings/building_7/0005342/reference/0005342_070.jpg
building_7,0005342,reference,dataset_splits/10_buildings/building_7/0005342/reference/0005342_083.jpg
building_7,0005342,reference,dataset_splits/10_buildings/building_7/0005342/reference/0005342_099.jpg
building_7,0005342,reference,dataset_splits/10_buildings/building_7/0005342/reference/0005342_101.jpg
building_7,0005342,reference,dataset_splits/10_buildings/building_7/0005342/reference/0005342_108.jpg
building_7,0005342,reference,dataset_splits/10_buildings/building_7/0005342/reference/0005342_121.jpg
building_7,0005342,test,dataset_splits/10_buildings/building_7/0005342/test/0005342_003.jpg
building_7,0005342,test,dataset_splits/10_buildings/building_7/0005342/test/0005342_005.jpg
building_7,0005342,test,dataset_splits/10_buildings/building_7/0005342/test/0005342_010.jpg
building_7,0005342,test,dataset_splits/10_buildings/building_7/0005342/test/0005342_011.jpg
building_7,0005342,test,dataset_splits/10_buildings/building_7/0005342/test/0005342_012.jpg
building_7,0005342,test,dataset_splits/10_buildings/building_7/0005342/test/0005342_015.jpg
building_7,0005342,test,dataset_splits/10_buildings/building_7/0005342/test/0005342_028.jpg
building_7,0005342,test,dataset_splits/10_buildings/building_7/0005342/test/0005342_030.jpg
building_7,0005342,test,dataset_splits/10_buildings/building_7/0005342/test/0005342_031.jpg
building_7,0005342,test,dataset_splits/10_buildings/building_7/0005342/test/0005342_041.jpg
building_7,0005342,test,dataset_splits/10_buildings/building_7/0005342/test/0005342_042.jpg
building_7,0005342,test,dataset_splits/10_buildings/building_7/0005342/test/0005342_068.jpg
building_7,0005342,test,dataset_splits/10_buildings/building_7/0005342/test/0005342_094.jpg
building_7,0005342,test,dataset_splits/10_buildings/building_7/0005342/test/0005342_105.jpg
building_7,0005342,test,dataset_splits/10_buildings/building_7/0005342/test/0005342_113.jpg
building_7,0005342,test,dataset_splits/10_buildings/building_7/0005342/test/0005342_116.jpg
building_7,0005342,test,dataset_splits/10_buildings/building_7/0005342/test/0005342_118.jpg
building_7,0005342,test,dataset_splits/10_buildings/building_7/0005342/test/0005342_126.jpg
building_7,0005342,test,dataset_splits/10_buildings/building_7/0005342/test/0005342_132.jpg
building_7,0005342,test,dataset_splits/10_buildings/building_7/0005342/test/0005342_133.jpg
building_7,0005420,reference,dataset_splits/10_buildings/building_7/0005420/reference/0005420_067.jpg
building_7,0005420,reference,dataset_splits/10_buildings/building_7/0005420/reference/0005420_069.jpg
building_7,0005420,reference,dataset_splits/10_buildings/building_7/0005420/reference/0005420_074.jpg
building_7,0005420,reference,dataset_splits/10_buildings/building_7/0005420/reference/0005420_091.jpg
building_7,0005420,reference,dataset_splits/10_buildings/building_7/0005420/reference/0005420_092.jpg
building_7,0005420,reference,dataset_splits/10_buildings/building_7/0005420/reference/0005420_098.jpg
building_7,0005420,reference,dataset_splits/10_buildings/building_7/0005420/reference/0005420_106.jpg
building_7,0005420,reference,dataset_splits/10_buildings/building_7/0005420/reference/0005420_110.jpg
building_7,0005420,reference,dataset_splits/10_buildings/building_7/0005420/reference/0005420_112.jpg
building_7,0005420,reference,dataset_splits/10_buildings/building_7/0005420/reference/0005420_115.jpg
building_7,0005420,reference,dataset_splits/10_buildings/building_7/0005420/reference/0005420_120.jpg
building_7,0005420,reference,dataset_splits/10_buildings/building_7/0005420/reference/0005420_125.jpg
building_7,0005420,reference,dataset_splits/10_buildings/building_7/0005420/reference/0005420_139.jpg
building_7,0005420,reference,dataset_splits/10_buildings/building_7/0005420/reference/0005420_141.jpg
building_7,0005420,reference,dataset_splits/10_buildings/building_7/0005420/reference/0005420_148.jpg
building_7,0005420,reference,dataset_splits/10_buildings/building_7/0005420/reference/0005420_152.jpg
building_7,0005420,reference,dataset_splits/10_buildings/building_7/0005420/reference/0005420_154.jpg
building_7,0005420,reference,dataset_splits/10_buildings/building_7/0005420/reference/0005420_158.jpg
building_7,0005420,reference,dataset_splits/10_buildings/building_7/0005420/reference/0005420_161.jpg
building_7,0005420,reference,dataset_splits/10_buildings/building_7/0005420/reference/0005420_162.jpg
building_7,0005420,test,dataset_splits/10_buildings/building_7/0005420/test/0005420_063.jpg
building_7,0005420,test,dataset_splits/10_buildings/building_7/0005420/test/0005420_070.jpg
building_7,0005420,test,dataset_splits/10_buildings/building_7/0005420/test/0005420_071.jpg
building_7,0005420,test,dataset_splits/10_buildings/building_7/0005420/test/0005420_075.jpg
building_7,0005420,test,dataset_splits/10_buildings/building_7/0005420/test/0005420_077.jpg
building_7,0005420,test,dataset_splits/10_buildings/building_7/0005420/test/0005420_078.jpg
building_7,0005420,test,dataset_splits/10_buildings/building_7/0005420/test/0005420_081.jpg
building_7,0005420,test,dataset_splits/10_buildings/building_7/0005420/test/0005420_082.jpg
building_7,0005420,test,dataset_splits/10_buildings/building_7/0005420/test/0005420_085.jpg
building_7,0005420,test,dataset_splits/10_buildings/building_7/0005420/test/0005420_087.jpg
building_7,0005420,test,dataset_splits/10_buildings/building_7/0005420/test/0005420_089.jpg
building_7,0005420,test,dataset_splits/10_buildings/building_7/0005420/test/0005420_096.jpg
building_7,0005420,test,dataset_splits/10_buildings/building_7/0005420/test/0005420_102.jpg
building_7,0005420,test,dataset_splits/10_buildings/building_7/0005420/test/0005420_116.jpg
building_7,0005420,test,dataset_splits/10_buildings/building_7/0005420/test/0005420_119.jpg
building_7,0005420,test,dataset_splits/10_buildings/building_7/0005420/test/0005420_132.jpg
building_7,0005420,test,dataset_splits/10_buildings/building_7/0005420/test/0005420_137.jpg
building_7,0005420,test,dataset_splits/10_buildings/building_7/0005420/test/0005420_149.jpg
building_7,0005420,test,dataset_splits/10_buildings/building_7/0005420/test/0005420_157.jpg
building_7,0005420,test,dataset_splits/10_buildings/building_7/0005420/test/0005420_165.jpg
building_7,0010172,reference,dataset_splits/10_buildings/building_7/0010172/reference/0010172_013.jpg
building_7,0010172,reference,dataset_splits/10_buildings/building_7/0010172/reference/0010172_019.jpg
building_7,0010172,reference,dataset_splits/10_buildings/building_7/0010172/reference/0010172_021.jpg
building_7,0010172,reference,dataset_splits/10_buildings/building_7/0010172/reference/0010172_024.jpg
building_7,0010172,reference,dataset_splits/10_buildings/building_7/0010172/reference/0010172_025.jpg
building_7,0010172,reference,dataset_splits/10_buildings/building_7/0010172/reference/0010172_028.jpg
building_7,0010172,reference,dataset_splits/10_buildings/building_7/0010172/reference/0010172_030.jpg
building_7,0010172,reference,dataset_splits/10_buildings/building_7/0010172/reference/0010172_032.jpg
building_7,0010172,reference,dataset_splits/10_buildings/building_7/0010172/reference/0010172_034.jpg
building_7,0010172,reference,dataset_splits/10_buildings/building_7/0010172/reference/0010172_038.jpg
building_7,0010172,reference,dataset_splits/10_buildings/building_7/0010172/reference/0010172_040.jpg
building_7,0010172,reference,dataset_splits/10_buildings/building_7/0010172/reference/0010172_046.jpg
building_7,0010172,reference,dataset_splits/10_buildings/building_7/0010172/reference/0010172_047.jpg
building_7,0010172,reference,dataset_splits/10_buildings/building_7/0010172/reference/0010172_048.jpg
building_7,0010172,reference,dataset_splits/10_buildings/building_7/0010172/reference/0010172_050.jpg
building_7,0010172,reference,dataset_splits/10_buildings/building_7/0010172/reference/0010172_055.jpg
building_7,0010172,reference,dataset_splits/10_buildings/building_7/0010172/reference/0010172_058.jpg
building_7,0010172,reference,dataset_splits/10_buildings/building_7/0010172/reference/0010172_061.jpg
building_7,0010172,reference,dataset_splits/10_buildings/building_7/0010172/reference/0010172_062.jpg
building_7,0010172,reference,dataset_splits/10_buildings/building_7/0010172/reference/0010172_067.jpg
building_7,0010172,test,dataset_splits/10_buildings/building_7/0010172/test/0010172_006.jpg
building_7,0010172,test,dataset_splits/10_buildings/building_7/0010172/test/0010172_009.jpg
building_7,0010172,test,dataset_splits/10_buildings/building_7/0010172/test/0010172_011.jpg
building_7,0010172,test,dataset_splits/10_buildings/building_7/0010172/test/0010172_015.jpg
building_7,0010172,test,dataset_splits/10_buildings/building_7/0010172/test/0010172_018.jpg
building_7,0010172,test,dataset_splits/10_buildings/building_7/0010172/test/0010172_022.jpg
building_7,0010172,test,dataset_splits/10_buildings/building_7/0010172/test/0010172_023.jpg
building_7,0010172,test,dataset_splits/10_buildings/building_7/0010172/test/0010172_027.jpg
building_7,0010172,test,dataset_splits/10_buildings/building_7/0010172/test/0010172_031.jpg
building_7,0010172,test,dataset_splits/10_buildings/building_7/0010172/test/0010172_035.jpg
building_7,0010172,test,dataset_splits/10_buildings/building_7/0010172/test/0010172_037.jpg
building_7,0010172,test,dataset_splits/10_buildings/building_7/0010172/test/0010172_039.jpg
building_7,0010172,test,dataset_splits/10_buildings/building_7/0010172/test/0010172_042.jpg
building_7,0010172,test,dataset_splits/10_buildings/building_7/0010172/test/0010172_045.jpg
building_7,0010172,test,dataset_splits/10_buildings/building_7/0010172/test/0010172_051.jpg
building_7,0010172,test,dataset_splits/10_buildings/building_7/0010172/test/0010172_059.jpg
building_7,0010172,test,dataset_splits/10_buildings/building_7/0010172/test/0010172_063.jpg
building_7,0010172,test,dataset_splits/10_buildings/building_7/0010172/test/0010172_065.jpg
building_7,0010172,test,dataset_splits/10_buildings/building_7/0010172/test/0010172_066.jpg
building_7,0010172,test,dataset_splits/10_buildings/building_7/0010172/test/0010172_068.jpg
