building,occupant_id,split,image_path
building_10,0000114,reference,dataset_splits/10_buildings/building_10/0000114/reference/0000114_012.jpg
building_10,0000114,reference,dataset_splits/10_buildings/building_10/0000114/reference/0000114_030.jpg
building_10,0000114,reference,dataset_splits/10_buildings/building_10/0000114/reference/0000114_031.jpg
building_10,0000114,reference,dataset_splits/10_buildings/building_10/0000114/reference/0000114_051.jpg
building_10,0000114,reference,dataset_splits/10_buildings/building_10/0000114/reference/0000114_063.jpg
building_10,0000114,reference,dataset_splits/10_buildings/building_10/0000114/reference/0000114_065.jpg
building_10,0000114,reference,dataset_splits/10_buildings/building_10/0000114/reference/0000114_105.jpg
building_10,0000114,reference,dataset_splits/10_buildings/building_10/0000114/reference/0000114_140.jpg
building_10,0000114,reference,dataset_splits/10_buildings/building_10/0000114/reference/0000114_142.jpg
building_10,0000114,reference,dataset_splits/10_buildings/building_10/0000114/reference/0000114_146.jpg
building_10,0000114,reference,dataset_splits/10_buildings/building_10/0000114/reference/0000114_170.jpg
building_10,0000114,reference,dataset_splits/10_buildings/building_10/0000114/reference/0000114_172.jpg
building_10,0000114,reference,dataset_splits/10_buildings/building_10/0000114/reference/0000114_177.jpg
building_10,0000114,reference,dataset_splits/10_buildings/building_10/0000114/reference/0000114_187.jpg
building_10,0000114,reference,dataset_splits/10_buildings/building_10/0000114/reference/0000114_189.jpg
building_10,0000114,reference,dataset_splits/10_buildings/building_10/0000114/reference/0000114_214.jpg
building_10,0000114,reference,dataset_splits/10_buildings/building_10/0000114/reference/0000114_234.jpg
building_10,0000114,reference,dataset_splits/10_buildings/building_10/0000114/reference/0000114_237.jpg
building_10,0000114,reference,dataset_splits/10_buildings/building_10/0000114/reference/0000114_241.jpg
building_10,0000114,reference,dataset_splits/10_buildings/building_10/0000114/reference/0000114_247.jpg
building_10,0000114,test,dataset_splits/10_buildings/building_10/0000114/test/0000114_007.jpg
building_10,0000114,test,dataset_splits/10_buildings/building_10/0000114/test/0000114_013.jpg
building_10,0000114,test,dataset_splits/10_buildings/building_10/0000114/test/0000114_024.jpg
building_10,0000114,test,dataset_splits/10_buildings/building_10/0000114/test/0000114_025.jpg
building_10,0000114,test,dataset_splits/10_buildings/building_10/0000114/test/0000114_054.jpg
building_10,0000114,test,dataset_splits/10_buildings/building_10/0000114/test/0000114_071.jpg
building_10,0000114,test,dataset_splits/10_buildings/building_10/0000114/test/0000114_086.jpg
building_10,0000114,test,dataset_splits/10_buildings/building_10/0000114/test/0000114_091.jpg
building_10,0000114,test,dataset_splits/10_buildings/building_10/0000114/test/0000114_093.jpg
building_10,0000114,test,dataset_splits/10_buildings/building_10/0000114/test/0000114_095.jpg
building_10,0000114,test,dataset_splits/10_buildings/building_10/0000114/test/0000114_130.jpg
building_10,0000114,test,dataset_splits/10_buildings/building_10/0000114/test/0000114_132.jpg
building_10,0000114,test,dataset_splits/10_buildings/building_10/0000114/test/0000114_143.jpg
building_10,0000114,test,dataset_splits/10_buildings/building_10/0000114/test/0000114_145.jpg
building_10,0000114,test,dataset_splits/10_buildings/building_10/0000114/test/0000114_163.jpg
building_10,0000114,test,dataset_splits/10_buildings/building_10/0000114/test/0000114_209.jpg
building_10,0000114,test,dataset_splits/10_buildings/building_10/0000114/test/0000114_212.jpg
building_10,0000114,test,dataset_splits/10_buildings/building_10/0000114/test/0000114_229.jpg
building_10,0000114,test,dataset_splits/10_buildings/building_10/0000114/test/0000114_242.jpg
building_10,0000114,test,dataset_splits/10_buildings/building_10/0000114/test/0000114_243.jpg
building_10,0000188,reference,dataset_splits/10_buildings/building_10/0000188/reference/0000188_002.jpg
building_10,0000188,reference,dataset_splits/10_buildings/building_10/0000188/reference/0000188_004.jpg
building_10,0000188,reference,dataset_splits/10_buildings/building_10/0000188/reference/0000188_026.jpg
building_10,0000188,reference,dataset_splits/10_buildings/building_10/0000188/reference/0000188_031.jpg
building_10,0000188,reference,dataset_splits/10_buildings/building_10/0000188/reference/0000188_033.jpg
building_10,0000188,reference,dataset_splits/10_buildings/building_10/0000188/reference/0000188_051.jpg
building_10,0000188,reference,dataset_splits/10_buildings/building_10/0000188/reference/0000188_055.jpg
building_10,0000188,reference,dataset_splits/10_buildings/building_10/0000188/reference/0000188_065.jpg
building_10,0000188,reference,dataset_splits/10_buildings/building_10/0000188/reference/0000188_066.jpg
building_10,0000188,reference,dataset_splits/10_buildings/building_10/0000188/reference/0000188_080.jpg
building_10,0000188,reference,dataset_splits/10_buildings/building_10/0000188/reference/0000188_087.jpg
building_10,0000188,reference,dataset_splits/10_buildings/building_10/0000188/reference/0000188_106.jpg
building_10,0000188,reference,dataset_splits/10_buildings/building_10/0000188/reference/0000188_127.jpg
building_10,0000188,reference,dataset_splits/10_buildings/building_10/0000188/reference/0000188_133.jpg
building_10,0000188,reference,dataset_splits/10_buildings/building_10/0000188/reference/0000188_162.jpg
building_10,0000188,reference,dataset_splits/10_buildings/building_10/0000188/reference/0000188_167.jpg
building_10,0000188,reference,dataset_splits/10_buildings/building_10/0000188/reference/0000188_184.jpg
building_10,0000188,reference,dataset_splits/10_buildings/building_10/0000188/reference/0000188_204.jpg
building_10,0000188,reference,dataset_splits/10_buildings/building_10/0000188/reference/0000188_239.jpg
building_10,0000188,reference,dataset_splits/10_buildings/building_10/0000188/reference/0000188_249.jpg
building_10,0000188,test,dataset_splits/10_buildings/building_10/0000188/test/0000188_001.jpg
building_10,0000188,test,dataset_splits/10_buildings/building_10/0000188/test/0000188_036.jpg
building_10,0000188,test,dataset_splits/10_buildings/building_10/0000188/test/0000188_050.jpg
building_10,0000188,test,dataset_splits/10_buildings/building_10/0000188/test/0000188_052.jpg
building_10,0000188,test,dataset_splits/10_buildings/building_10/0000188/test/0000188_070.jpg
building_10,0000188,test,dataset_splits/10_buildings/building_10/0000188/test/0000188_078.jpg
building_10,0000188,test,dataset_splits/10_buildings/building_10/0000188/test/0000188_090.jpg
building_10,0000188,test,dataset_splits/10_buildings/building_10/0000188/test/0000188_102.jpg
building_10,0000188,test,dataset_splits/10_buildings/building_10/0000188/test/0000188_104.jpg
building_10,0000188,test,dataset_splits/10_buildings/building_10/0000188/test/0000188_139.jpg
building_10,0000188,test,dataset_splits/10_buildings/building_10/0000188/test/0000188_152.jpg
building_10,0000188,test,dataset_splits/10_buildings/building_10/0000188/test/0000188_158.jpg
building_10,0000188,test,dataset_splits/10_buildings/building_10/0000188/test/0000188_169.jpg
building_10,0000188,test,dataset_splits/10_buildings/building_10/0000188/test/0000188_198.jpg
building_10,0000188,test,dataset_splits/10_buildings/building_10/0000188/test/0000188_202.jpg
building_10,0000188,test,dataset_splits/10_buildings/building_10/0000188/test/0000188_216.jpg
building_10,0000188,test,dataset_splits/10_buildings/building_10/0000188/test/0000188_225.jpg
building_10,0000188,test,dataset_splits/10_buildings/building_10/0000188/test/0000188_251.jpg
building_10,0000188,test,dataset_splits/10_buildings/building_10/0000188/test/0000188_254.jpg
building_10,0000188,test,dataset_splits/10_buildings/building_10/0000188/test/0000188_259.jpg
building_10,0000318,reference,dataset_splits/10_buildings/building_10/0000318/reference/0000318_006.jpg
building_10,0000318,reference,dataset_splits/10_buildings/building_10/0000318/reference/0000318_016.jpg
building_10,0000318,reference,dataset_splits/10_buildings/building_10/0000318/reference/0000318_017.jpg
building_10,0000318,reference,dataset_splits/10_buildings/building_10/0000318/reference/0000318_031.jpg
building_10,0000318,reference,dataset_splits/10_buildings/building_10/0000318/reference/0000318_039.jpg
building_10,0000318,reference,dataset_splits/10_buildings/building_10/0000318/reference/0000318_042.jpg
building_10,0000318,reference,dataset_splits/10_buildings/building_10/0000318/reference/0000318_055.jpg
building_10,0000318,reference,dataset_splits/10_buildings/building_10/0000318/reference/0000318_059.jpg
building_10,0000318,reference,dataset_splits/10_buildings/building_10/0000318/reference/0000318_061.jpg
building_10,0000318,reference,dataset_splits/10_buildings/building_10/0000318/reference/0000318_063.jpg
building_10,0000318,reference,dataset_splits/10_buildings/building_10/0000318/reference/0000318_065.jpg
building_10,0000318,reference,dataset_splits/10_buildings/building_10/0000318/reference/0000318_070.jpg
building_10,0000318,reference,dataset_splits/10_buildings/building_10/0000318/reference/0000318_072.jpg
building_10,0000318,reference,dataset_splits/10_buildings/building_10/0000318/reference/0000318_075.jpg
building_10,0000318,reference,dataset_splits/10_buildings/building_10/0000318/reference/0000318_081.jpg
building_10,0000318,reference,dataset_splits/10_buildings/building_10/0000318/reference/0000318_110.jpg
building_10,0000318,reference,dataset_splits/10_buildings/building_10/0000318/reference/0000318_113.jpg
building_10,0000318,reference,dataset_splits/10_buildings/building_10/0000318/reference/0000318_118.jpg
building_10,0000318,reference,dataset_splits/10_buildings/building_10/0000318/reference/0000318_139.jpg
building_10,0000318,reference,dataset_splits/10_buildings/building_10/0000318/reference/0000318_141.jpg
building_10,0000318,test,dataset_splits/10_buildings/building_10/0000318/test/0000318_003.jpg
building_10,0000318,test,dataset_splits/10_buildings/building_10/0000318/test/0000318_005.jpg
building_10,0000318,test,dataset_splits/10_buildings/building_10/0000318/test/0000318_012.jpg
building_10,0000318,test,dataset_splits/10_buildings/building_10/0000318/test/0000318_026.jpg
building_10,0000318,test,dataset_splits/10_buildings/building_10/0000318/test/0000318_041.jpg
building_10,0000318,test,dataset_splits/10_buildings/building_10/0000318/test/0000318_046.jpg
building_10,0000318,test,dataset_splits/10_buildings/building_10/0000318/test/0000318_062.jpg
building_10,0000318,test,dataset_splits/10_buildings/building_10/0000318/test/0000318_076.jpg
building_10,0000318,test,dataset_splits/10_buildings/building_10/0000318/test/0000318_080.jpg
building_10,0000318,test,dataset_splits/10_buildings/building_10/0000318/test/0000318_082.jpg
building_10,0000318,test,dataset_splits/10_buildings/building_10/0000318/test/0000318_089.jpg
building_10,0000318,test,dataset_splits/10_buildings/building_10/0000318/test/0000318_090.jpg
building_10,0000318,test,dataset_splits/10_buildings/building_10/0000318/test/0000318_102.jpg
building_10,0000318,test,dataset_splits/10_buildings/building_10/0000318/test/0000318_105.jpg
building_10,0000318,test,dataset_splits/10_buildings/building_10/0000318/test/0000318_106.jpg
building_10,0000318,test,dataset_splits/10_buildings/building_10/0000318/test/0000318_111.jpg
building_10,0000318,test,dataset_splits/10_buildings/building_10/0000318/test/0000318_122.jpg
building_10,0000318,test,dataset_splits/10_buildings/building_10/0000318/test/0000318_124.jpg
building_10,0000318,test,dataset_splits/10_buildings/building_10/0000318/test/0000318_126.jpg
building_10,0000318,test,dataset_splits/10_buildings/building_10/0000318/test/0000318_146.jpg
building_10,0000327,reference,dataset_splits/10_buildings/building_10/0000327/reference/0000327_001.jpg
building_10,0000327,reference,dataset_splits/10_buildings/building_10/0000327/reference/0000327_006.jpg
building_10,0000327,reference,dataset_splits/10_buildings/building_10/0000327/reference/0000327_011.jpg
building_10,0000327,reference,dataset_splits/10_buildings/building_10/0000327/reference/0000327_012.jpg
building_10,0000327,reference,dataset_splits/10_buildings/building_10/0000327/reference/0000327_023.jpg
building_10,0000327,reference,dataset_splits/10_buildings/building_10/0000327/reference/0000327_040.jpg
building_10,0000327,reference,dataset_splits/10_buildings/building_10/0000327/reference/0000327_041.jpg
building_10,0000327,reference,dataset_splits/10_buildings/building_10/0000327/reference/0000327_046.jpg
building_10,0000327,reference,dataset_splits/10_buildings/building_10/0000327/reference/0000327_049.jpg
building_10,0000327,reference,dataset_splits/10_buildings/building_10/0000327/reference/0000327_055.jpg
building_10,0000327,reference,dataset_splits/10_buildings/building_10/0000327/reference/0000327_071.jpg
building_10,0000327,reference,dataset_splits/10_buildings/building_10/0000327/reference/0000327_072.jpg
building_10,0000327,reference,dataset_splits/10_buildings/building_10/0000327/reference/0000327_073.jpg
building_10,0000327,reference,dataset_splits/10_buildings/building_10/0000327/reference/0000327_076.jpg
building_10,0000327,reference,dataset_splits/10_buildings/building_10/0000327/reference/0000327_086.jpg
building_10,0000327,reference,dataset_splits/10_buildings/building_10/0000327/reference/0000327_092.jpg
building_10,0000327,reference,dataset_splits/10_buildings/building_10/0000327/reference/0000327_097.jpg
building_10,0000327,reference,dataset_splits/10_buildings/building_10/0000327/reference/0000327_100.jpg
building_10,0000327,reference,dataset_splits/10_buildings/building_10/0000327/reference/0000327_108.jpg
building_10,0000327,reference,dataset_splits/10_buildings/building_10/0000327/reference/0000327_110.jpg
building_10,0000327,test,dataset_splits/10_buildings/building_10/0000327/test/0000327_008.jpg
building_10,0000327,test,dataset_splits/10_buildings/building_10/0000327/test/0000327_017.jpg
building_10,0000327,test,dataset_splits/10_buildings/building_10/0000327/test/0000327_025.jpg
building_10,0000327,test,dataset_splits/10_buildings/building_10/0000327/test/0000327_026.jpg
building_10,0000327,test,dataset_splits/10_buildings/building_10/0000327/test/0000327_030.jpg
building_10,0000327,test,dataset_splits/10_buildings/building_10/0000327/test/0000327_032.jpg
building_10,0000327,test,dataset_splits/10_buildings/building_10/0000327/test/0000327_035.jpg
building_10,0000327,test,dataset_splits/10_buildings/building_10/0000327/test/0000327_036.jpg
building_10,0000327,test,dataset_splits/10_buildings/building_10/0000327/test/0000327_047.jpg
building_10,0000327,test,dataset_splits/10_buildings/building_10/0000327/test/0000327_048.jpg
building_10,0000327,test,dataset_splits/10_buildings/building_10/0000327/test/0000327_058.jpg
building_10,0000327,test,dataset_splits/10_buildings/building_10/0000327/test/0000327_060.jpg
building_10,0000327,test,dataset_splits/10_buildings/building_10/0000327/test/0000327_067.jpg
building_10,0000327,test,dataset_splits/10_buildings/building_10/0000327/test/0000327_078.jpg
building_10,0000327,test,dataset_splits/10_buildings/building_10/0000327/test/0000327_081.jpg
building_10,0000327,test,dataset_splits/10_buildings/building_10/0000327/test/0000327_088.jpg
building_10,0000327,test,dataset_splits/10_buildings/building_10/0000327/test/0000327_093.jpg
building_10,0000327,test,dataset_splits/10_buildings/building_10/0000327/test/0000327_096.jpg
building_10,0000327,test,dataset_splits/10_buildings/building_10/0000327/test/0000327_117.jpg
building_10,0000327,test,dataset_splits/10_buildings/building_10/0000327/test/0000327_119.jpg
building_10,0000353,reference,dataset_splits/10_buildings/building_10/0000353/reference/0000353_008.jpg
building_10,0000353,reference,dataset_splits/10_buildings/building_10/0000353/reference/0000353_015.jpg
building_10,0000353,reference,dataset_splits/10_buildings/building_10/0000353/reference/0000353_018.jpg
building_10,0000353,reference,dataset_splits/10_buildings/building_10/0000353/reference/0000353_034.jpg
building_10,0000353,reference,dataset_splits/10_buildings/building_10/0000353/reference/0000353_054.jpg
building_10,0000353,reference,dataset_splits/10_buildings/building_10/0000353/reference/0000353_065.jpg
building_10,0000353,reference,dataset_splits/10_buildings/building_10/0000353/reference/0000353_069.jpg
building_10,0000353,reference,dataset_splits/10_buildings/building_10/0000353/reference/0000353_088.jpg
building_10,0000353,reference,dataset_splits/10_buildings/building_10/0000353/reference/0000353_106.jpg
building_10,0000353,reference,dataset_splits/10_buildings/building_10/0000353/reference/0000353_113.jpg
building_10,0000353,reference,dataset_splits/10_buildings/building_10/0000353/reference/0000353_124.jpg
building_10,0000353,reference,dataset_splits/10_buildings/building_10/0000353/reference/0000353_126.jpg
building_10,0000353,reference,dataset_splits/10_buildings/building_10/0000353/reference/0000353_128.jpg
building_10,0000353,reference,dataset_splits/10_buildings/building_10/0000353/reference/0000353_158.jpg
building_10,0000353,reference,dataset_splits/10_buildings/building_10/0000353/reference/0000353_166.jpg
building_10,0000353,reference,dataset_splits/10_buildings/building_10/0000353/reference/0000353_178.jpg
building_10,0000353,reference,dataset_splits/10_buildings/building_10/0000353/reference/0000353_180.jpg
building_10,0000353,reference,dataset_splits/10_buildings/building_10/0000353/reference/0000353_183.jpg
building_10,0000353,reference,dataset_splits/10_buildings/building_10/0000353/reference/0000353_203.jpg
building_10,0000353,reference,dataset_splits/10_buildings/building_10/0000353/reference/0000353_216.jpg
building_10,0000353,test,dataset_splits/10_buildings/building_10/0000353/test/0000353_006.jpg
building_10,0000353,test,dataset_splits/10_buildings/building_10/0000353/test/0000353_032.jpg
building_10,0000353,test,dataset_splits/10_buildings/building_10/0000353/test/0000353_040.jpg
building_10,0000353,test,dataset_splits/10_buildings/building_10/0000353/test/0000353_052.jpg
building_10,0000353,test,dataset_splits/10_buildings/building_10/0000353/test/0000353_059.jpg
building_10,0000353,test,dataset_splits/10_buildings/building_10/0000353/test/0000353_073.jpg
building_10,0000353,test,dataset_splits/10_buildings/building_10/0000353/test/0000353_089.jpg
building_10,0000353,test,dataset_splits/10_buildings/building_10/0000353/test/0000353_090.jpg
building_10,0000353,test,dataset_splits/10_buildings/building_10/0000353/test/0000353_093.jpg
building_10,0000353,test,dataset_splits/10_buildings/building_10/0000353/test/0000353_103.jpg
building_10,0000353,test,dataset_splits/10_buildings/building_10/0000353/test/0000353_109.jpg
building_10,0000353,test,dataset_splits/10_buildings/building_10/0000353/test/0000353_112.jpg
building_10,0000353,test,dataset_splits/10_buildings/building_10/0000353/test/0000353_144.jpg
building_10,0000353,test,dataset_splits/10_buildings/building_10/0000353/test/0000353_154.jpg
building_10,0000353,test,dataset_splits/10_buildings/building_10/0000353/test/0000353_165.jpg
building_10,0000353,test,dataset_splits/10_buildings/building_10/0000353/test/0000353_182.jpg
building_10,0000353,test,dataset_splits/10_buildings/building_10/0000353/test/0000353_192.jpg
building_10,0000353,test,dataset_splits/10_buildings/building_10/0000353/test/0000353_200.jpg
building_10,0000353,test,dataset_splits/10_buildings/building_10/0000353/test/0000353_208.jpg
building_10,0000353,test,dataset_splits/10_buildings/building_10/0000353/test/0000353_239.jpg
building_10,0000391,reference,dataset_splits/10_buildings/building_10/0000391/reference/0000391_002.jpg
building_10,0000391,reference,dataset_splits/10_buildings/building_10/0000391/reference/0000391_005.jpg
building_10,0000391,reference,dataset_splits/10_buildings/building_10/0000391/reference/0000391_008.jpg
building_10,0000391,reference,dataset_splits/10_buildings/building_10/0000391/reference/0000391_012.jpg
building_10,0000391,reference,dataset_splits/10_buildings/building_10/0000391/reference/0000391_016.jpg
building_10,0000391,reference,dataset_splits/10_buildings/building_10/0000391/reference/0000391_019.jpg
building_10,0000391,reference,dataset_splits/10_buildings/building_10/0000391/reference/0000391_023.jpg
building_10,0000391,reference,dataset_splits/10_buildings/building_10/0000391/reference/0000391_024.jpg
building_10,0000391,reference,dataset_splits/10_buildings/building_10/0000391/reference/0000391_025.jpg
building_10,0000391,reference,dataset_splits/10_buildings/building_10/0000391/reference/0000391_030.jpg
building_10,0000391,reference,dataset_splits/10_buildings/building_10/0000391/reference/0000391_036.jpg
building_10,0000391,reference,dataset_splits/10_buildings/building_10/0000391/reference/0000391_037.jpg
building_10,0000391,reference,dataset_splits/10_buildings/building_10/0000391/reference/0000391_039.jpg
building_10,0000391,reference,dataset_splits/10_buildings/building_10/0000391/reference/0000391_042.jpg
building_10,0000391,reference,dataset_splits/10_buildings/building_10/0000391/reference/0000391_044.jpg
building_10,0000391,reference,dataset_splits/10_buildings/building_10/0000391/reference/0000391_045.jpg
building_10,0000391,reference,dataset_splits/10_buildings/building_10/0000391/reference/0000391_048.jpg
building_10,0000391,reference,dataset_splits/10_buildings/building_10/0000391/reference/0000391_049.jpg
building_10,0000391,reference,dataset_splits/10_buildings/building_10/0000391/reference/0000391_050.jpg
building_10,0000391,reference,dataset_splits/10_buildings/building_10/0000391/reference/0000391_052.jpg
building_10,0000391,test,dataset_splits/10_buildings/building_10/0000391/test/0000391_001.jpg
building_10,0000391,test,dataset_splits/10_buildings/building_10/0000391/test/0000391_003.jpg
building_10,0000391,test,dataset_splits/10_buildings/building_10/0000391/test/0000391_006.jpg
building_10,0000391,test,dataset_splits/10_buildings/building_10/0000391/test/0000391_007.jpg
building_10,0000391,test,dataset_splits/10_buildings/building_10/0000391/test/0000391_009.jpg
building_10,0000391,test,dataset_splits/10_buildings/building_10/0000391/test/0000391_010.jpg
building_10,0000391,test,dataset_splits/10_buildings/building_10/0000391/test/0000391_013.jpg
building_10,0000391,test,dataset_splits/10_buildings/building_10/0000391/test/0000391_015.jpg
building_10,0000391,test,dataset_splits/10_buildings/building_10/0000391/test/0000391_018.jpg
building_10,0000391,test,dataset_splits/10_buildings/building_10/0000391/test/0000391_020.jpg
building_10,0000391,test,dataset_splits/10_buildings/building_10/0000391/test/0000391_022.jpg
building_10,0000391,test,dataset_splits/10_buildings/building_10/0000391/test/0000391_028.jpg
building_10,0000391,test,dataset_splits/10_buildings/building_10/0000391/test/0000391_029.jpg
building_10,0000391,test,dataset_splits/10_buildings/building_10/0000391/test/0000391_032.jpg
building_10,0000391,test,dataset_splits/10_buildings/building_10/0000391/test/0000391_033.jpg
building_10,0000391,test,dataset_splits/10_buildings/building_10/0000391/test/0000391_034.jpg
building_10,0000391,test,dataset_splits/10_buildings/building_10/0000391/test/0000391_035.jpg
building_10,0000391,test,dataset_splits/10_buildings/building_10/0000391/test/0000391_040.jpg
building_10,0000391,test,dataset_splits/10_buildings/building_10/0000391/test/0000391_043.jpg
building_10,0000391,test,dataset_splits/10_buildings/building_10/0000391/test/0000391_046.jpg
building_10,0000499,reference,dataset_splits/10_buildings/building_10/0000499/reference/0000499_012.jpg
building_10,0000499,reference,dataset_splits/10_buildings/building_10/0000499/reference/0000499_024.jpg
building_10,0000499,reference,dataset_splits/10_buildings/building_10/0000499/reference/0000499_026.jpg
building_10,0000499,reference,dataset_splits/10_buildings/building_10/0000499/reference/0000499_029.jpg
building_10,0000499,reference,dataset_splits/10_buildings/building_10/0000499/reference/0000499_048.jpg
building_10,0000499,reference,dataset_splits/10_buildings/building_10/0000499/reference/0000499_053.jpg
building_10,0000499,reference,dataset_splits/10_buildings/building_10/0000499/reference/0000499_054.jpg
building_10,0000499,reference,dataset_splits/10_buildings/building_10/0000499/reference/0000499_061.jpg
building_10,0000499,reference,dataset_splits/10_buildings/building_10/0000499/reference/0000499_085.jpg
building_10,0000499,reference,dataset_splits/10_buildings/building_10/0000499/reference/0000499_116.jpg
building_10,0000499,reference,dataset_splits/10_buildings/building_10/0000499/reference/0000499_122.jpg
building_10,0000499,reference,dataset_splits/10_buildings/building_10/0000499/reference/0000499_149.jpg
building_10,0000499,reference,dataset_splits/10_buildings/building_10/0000499/reference/0000499_154.jpg
building_10,0000499,reference,dataset_splits/10_buildings/building_10/0000499/reference/0000499_155.jpg
building_10,0000499,reference,dataset_splits/10_buildings/building_10/0000499/reference/0000499_160.jpg
building_10,0000499,reference,dataset_splits/10_buildings/building_10/0000499/reference/0000499_161.jpg
building_10,0000499,reference,dataset_splits/10_buildings/building_10/0000499/reference/0000499_192.jpg
building_10,0000499,reference,dataset_splits/10_buildings/building_10/0000499/reference/0000499_216.jpg
building_10,0000499,reference,dataset_splits/10_buildings/building_10/0000499/reference/0000499_222.jpg
building_10,0000499,reference,dataset_splits/10_buildings/building_10/0000499/reference/0000499_223.jpg
building_10,0000499,test,dataset_splits/10_buildings/building_10/0000499/test/0000499_004.jpg
building_10,0000499,test,dataset_splits/10_buildings/building_10/0000499/test/0000499_007.jpg
building_10,0000499,test,dataset_splits/10_buildings/building_10/0000499/test/0000499_008.jpg
building_10,0000499,test,dataset_splits/10_buildings/building_10/0000499/test/0000499_009.jpg
building_10,0000499,test,dataset_splits/10_buildings/building_10/0000499/test/0000499_010.jpg
building_10,0000499,test,dataset_splits/10_buildings/building_10/0000499/test/0000499_014.jpg
building_10,0000499,test,dataset_splits/10_buildings/building_10/0000499/test/0000499_062.jpg
building_10,0000499,test,dataset_splits/10_buildings/building_10/0000499/test/0000499_067.jpg
building_10,0000499,test,dataset_splits/10_buildings/building_10/0000499/test/0000499_068.jpg
building_10,0000499,test,dataset_splits/10_buildings/building_10/0000499/test/0000499_082.jpg
building_10,0000499,test,dataset_splits/10_buildings/building_10/0000499/test/0000499_107.jpg
building_10,0000499,test,dataset_splits/10_buildings/building_10/0000499/test/0000499_110.jpg
building_10,0000499,test,dataset_splits/10_buildings/building_10/0000499/test/0000499_118.jpg
building_10,0000499,test,dataset_splits/10_buildings/building_10/0000499/test/0000499_142.jpg
building_10,0000499,test,dataset_splits/10_buildings/building_10/0000499/test/0000499_148.jpg
building_10,0000499,test,dataset_splits/10_buildings/building_10/0000499/test/0000499_179.jpg
building_10,0000499,test,dataset_splits/10_buildings/building_10/0000499/test/0000499_188.jpg
building_10,0000499,test,dataset_splits/10_buildings/building_10/0000499/test/0000499_204.jpg
building_10,0000499,test,dataset_splits/10_buildings/building_10/0000499/test/0000499_205.jpg
building_10,0000499,test,dataset_splits/10_buildings/building_10/0000499/test/0000499_208.jpg
building_10,0000535,reference,dataset_splits/10_buildings/building_10/0000535/reference/0000535_006.jpg
building_10,0000535,reference,dataset_splits/10_buildings/building_10/0000535/reference/0000535_017.jpg
building_10,0000535,reference,dataset_splits/10_buildings/building_10/0000535/reference/0000535_020.jpg
building_10,0000535,reference,dataset_splits/10_buildings/building_10/0000535/reference/0000535_030.jpg
building_10,0000535,reference,dataset_splits/10_buildings/building_10/0000535/reference/0000535_043.jpg
building_10,0000535,reference,dataset_splits/10_buildings/building_10/0000535/reference/0000535_046.jpg
building_10,0000535,reference,dataset_splits/10_buildings/building_10/0000535/reference/0000535_083.jpg
building_10,0000535,reference,dataset_splits/10_buildings/building_10/0000535/reference/0000535_086.jpg
building_10,0000535,reference,dataset_splits/10_buildings/building_10/0000535/reference/0000535_104.jpg
building_10,0000535,reference,dataset_splits/10_buildings/building_10/0000535/reference/0000535_132.jpg
building_10,0000535,reference,dataset_splits/10_buildings/building_10/0000535/reference/0000535_173.jpg
building_10,0000535,reference,dataset_splits/10_buildings/building_10/0000535/reference/0000535_184.jpg
building_10,0000535,reference,dataset_splits/10_buildings/building_10/0000535/reference/0000535_190.jpg
building_10,0000535,reference,dataset_splits/10_buildings/building_10/0000535/reference/0000535_196.jpg
building_10,0000535,reference,dataset_splits/10_buildings/building_10/0000535/reference/0000535_204.jpg
building_10,0000535,reference,dataset_splits/10_buildings/building_10/0000535/reference/0000535_205.jpg
building_10,0000535,reference,dataset_splits/10_buildings/building_10/0000535/reference/0000535_206.jpg
building_10,0000535,reference,dataset_splits/10_buildings/building_10/0000535/reference/0000535_217.jpg
building_10,0000535,reference,dataset_splits/10_buildings/building_10/0000535/reference/0000535_231.jpg
building_10,0000535,reference,dataset_splits/10_buildings/building_10/0000535/reference/0000535_236.jpg
building_10,0000535,test,dataset_splits/10_buildings/building_10/0000535/test/0000535_004.jpg
building_10,0000535,test,dataset_splits/10_buildings/building_10/0000535/test/0000535_015.jpg
building_10,0000535,test,dataset_splits/10_buildings/building_10/0000535/test/0000535_035.jpg
building_10,0000535,test,dataset_splits/10_buildings/building_10/0000535/test/0000535_037.jpg
building_10,0000535,test,dataset_splits/10_buildings/building_10/0000535/test/0000535_041.jpg
building_10,0000535,test,dataset_splits/10_buildings/building_10/0000535/test/0000535_059.jpg
building_10,0000535,test,dataset_splits/10_buildings/building_10/0000535/test/0000535_060.jpg
building_10,0000535,test,dataset_splits/10_buildings/building_10/0000535/test/0000535_102.jpg
building_10,0000535,test,dataset_splits/10_buildings/building_10/0000535/test/0000535_118.jpg
building_10,0000535,test,dataset_splits/10_buildings/building_10/0000535/test/0000535_133.jpg
building_10,0000535,test,dataset_splits/10_buildings/building_10/0000535/test/0000535_160.jpg
building_10,0000535,test,dataset_splits/10_buildings/building_10/0000535/test/0000535_161.jpg
building_10,0000535,test,dataset_splits/10_buildings/building_10/0000535/test/0000535_177.jpg
building_10,0000535,test,dataset_splits/10_buildings/building_10/0000535/test/0000535_182.jpg
building_10,0000535,test,dataset_splits/10_buildings/building_10/0000535/test/0000535_193.jpg
building_10,0000535,test,dataset_splits/10_buildings/building_10/0000535/test/0000535_195.jpg
building_10,0000535,test,dataset_splits/10_buildings/building_10/0000535/test/0000535_207.jpg
building_10,0000535,test,dataset_splits/10_buildings/building_10/0000535/test/0000535_212.jpg
building_10,0000535,test,dataset_splits/10_buildings/building_10/0000535/test/0000535_215.jpg
building_10,0000535,test,dataset_splits/10_buildings/building_10/0000535/test/0000535_218.jpg
building_10,0000551,reference,dataset_splits/10_buildings/building_10/0000551/reference/0000551_025.jpg
building_10,0000551,reference,dataset_splits/10_buildings/building_10/0000551/reference/0000551_031.jpg
building_10,0000551,reference,dataset_splits/10_buildings/building_10/0000551/reference/0000551_041.jpg
building_10,0000551,reference,dataset_splits/10_buildings/building_10/0000551/reference/0000551_053.jpg
building_10,0000551,reference,dataset_splits/10_buildings/building_10/0000551/reference/0000551_056.jpg
building_10,0000551,reference,dataset_splits/10_buildings/building_10/0000551/reference/0000551_065.jpg
building_10,0000551,reference,dataset_splits/10_buildings/building_10/0000551/reference/0000551_067.jpg
building_10,0000551,reference,dataset_splits/10_buildings/building_10/0000551/reference/0000551_081.jpg
building_10,0000551,reference,dataset_splits/10_buildings/building_10/0000551/reference/0000551_097.jpg
building_10,0000551,reference,dataset_splits/10_buildings/building_10/0000551/reference/0000551_109.jpg
building_10,0000551,reference,dataset_splits/10_buildings/building_10/0000551/reference/0000551_110.jpg
building_10,0000551,reference,dataset_splits/10_buildings/building_10/0000551/reference/0000551_114.jpg
building_10,0000551,reference,dataset_splits/10_buildings/building_10/0000551/reference/0000551_124.jpg
building_10,0000551,reference,dataset_splits/10_buildings/building_10/0000551/reference/0000551_148.jpg
building_10,0000551,reference,dataset_splits/10_buildings/building_10/0000551/reference/0000551_178.jpg
building_10,0000551,reference,dataset_splits/10_buildings/building_10/0000551/reference/0000551_184.jpg
building_10,0000551,reference,dataset_splits/10_buildings/building_10/0000551/reference/0000551_190.jpg
building_10,0000551,reference,dataset_splits/10_buildings/building_10/0000551/reference/0000551_207.jpg
building_10,0000551,reference,dataset_splits/10_buildings/building_10/0000551/reference/0000551_208.jpg
building_10,0000551,reference,dataset_splits/10_buildings/building_10/0000551/reference/0000551_209.jpg
building_10,0000551,test,dataset_splits/10_buildings/building_10/0000551/test/0000551_004.jpg
building_10,0000551,test,dataset_splits/10_buildings/building_10/0000551/test/0000551_015.jpg
building_10,0000551,test,dataset_splits/10_buildings/building_10/0000551/test/0000551_028.jpg
building_10,0000551,test,dataset_splits/10_buildings/building_10/0000551/test/0000551_050.jpg
building_10,0000551,test,dataset_splits/10_buildings/building_10/0000551/test/0000551_064.jpg
building_10,0000551,test,dataset_splits/10_buildings/building_10/0000551/test/0000551_069.jpg
building_10,0000551,test,dataset_splits/10_buildings/building_10/0000551/test/0000551_078.jpg
building_10,0000551,test,dataset_splits/10_buildings/building_10/0000551/test/0000551_085.jpg
building_10,0000551,test,dataset_splits/10_buildings/building_10/0000551/test/0000551_094.jpg
building_10,0000551,test,dataset_splits/10_buildings/building_10/0000551/test/0000551_102.jpg
building_10,0000551,test,dataset_splits/10_buildings/building_10/0000551/test/0000551_115.jpg
building_10,0000551,test,dataset_splits/10_buildings/building_10/0000551/test/0000551_138.jpg
building_10,0000551,test,dataset_splits/10_buildings/building_10/0000551/test/0000551_144.jpg
building_10,0000551,test,dataset_splits/10_buildings/building_10/0000551/test/0000551_156.jpg
building_10,0000551,test,dataset_splits/10_buildings/building_10/0000551/test/0000551_164.jpg
building_10,0000551,test,dataset_splits/10_buildings/building_10/0000551/test/0000551_180.jpg
building_10,0000551,test,dataset_splits/10_buildings/building_10/0000551/test/0000551_185.jpg
building_10,0000551,test,dataset_splits/10_buildings/building_10/0000551/test/0000551_192.jpg
building_10,0000551,test,dataset_splits/10_buildings/building_10/0000551/test/0000551_204.jpg
building_10,0000551,test,dataset_splits/10_buildings/building_10/0000551/test/0000551_205.jpg
building_10,0000554,reference,dataset_splits/10_buildings/building_10/0000554/reference/0000554_004.jpg
building_10,0000554,reference,dataset_splits/10_buildings/building_10/0000554/reference/0000554_008.jpg
building_10,0000554,reference,dataset_splits/10_buildings/building_10/0000554/reference/0000554_012.jpg
building_10,0000554,reference,dataset_splits/10_buildings/building_10/0000554/reference/0000554_014.jpg
building_10,0000554,reference,dataset_splits/10_buildings/building_10/0000554/reference/0000554_018.jpg
building_10,0000554,reference,dataset_splits/10_buildings/building_10/0000554/reference/0000554_028.jpg
building_10,0000554,reference,dataset_splits/10_buildings/building_10/0000554/reference/0000554_033.jpg
building_10,0000554,reference,dataset_splits/10_buildings/building_10/0000554/reference/0000554_039.jpg
building_10,0000554,reference,dataset_splits/10_buildings/building_10/0000554/reference/0000554_044.jpg
building_10,0000554,reference,dataset_splits/10_buildings/building_10/0000554/reference/0000554_048.jpg
building_10,0000554,reference,dataset_splits/10_buildings/building_10/0000554/reference/0000554_056.jpg
building_10,0000554,reference,dataset_splits/10_buildings/building_10/0000554/reference/0000554_057.jpg
building_10,0000554,reference,dataset_splits/10_buildings/building_10/0000554/reference/0000554_065.jpg
building_10,0000554,reference,dataset_splits/10_buildings/building_10/0000554/reference/0000554_075.jpg
building_10,0000554,reference,dataset_splits/10_buildings/building_10/0000554/reference/0000554_093.jpg
building_10,0000554,reference,dataset_splits/10_buildings/building_10/0000554/reference/0000554_096.jpg
building_10,0000554,reference,dataset_splits/10_buildings/building_10/0000554/reference/0000554_098.jpg
building_10,0000554,reference,dataset_splits/10_buildings/building_10/0000554/reference/0000554_103.jpg
building_10,0000554,reference,dataset_splits/10_buildings/building_10/0000554/reference/0000554_105.jpg
building_10,0000554,reference,dataset_splits/10_buildings/building_10/0000554/reference/0000554_108.jpg
building_10,0000554,test,dataset_splits/10_buildings/building_10/0000554/test/0000554_007.jpg
building_10,0000554,test,dataset_splits/10_buildings/building_10/0000554/test/0000554_011.jpg
building_10,0000554,test,dataset_splits/10_buildings/building_10/0000554/test/0000554_020.jpg
building_10,0000554,test,dataset_splits/10_buildings/building_10/0000554/test/0000554_031.jpg
building_10,0000554,test,dataset_splits/10_buildings/building_10/0000554/test/0000554_034.jpg
building_10,0000554,test,dataset_splits/10_buildings/building_10/0000554/test/0000554_043.jpg
building_10,0000554,test,dataset_splits/10_buildings/building_10/0000554/test/0000554_047.jpg
building_10,0000554,test,dataset_splits/10_buildings/building_10/0000554/test/0000554_054.jpg
building_10,0000554,test,dataset_splits/10_buildings/building_10/0000554/test/0000554_067.jpg
building_10,0000554,test,dataset_splits/10_buildings/building_10/0000554/test/0000554_069.jpg
building_10,0000554,test,dataset_splits/10_buildings/building_10/0000554/test/0000554_071.jpg
building_10,0000554,test,dataset_splits/10_buildings/building_10/0000554/test/0000554_073.jpg
building_10,0000554,test,dataset_splits/10_buildings/building_10/0000554/test/0000554_078.jpg
building_10,0000554,test,dataset_splits/10_buildings/building_10/0000554/test/0000554_080.jpg
building_10,0000554,test,dataset_splits/10_buildings/building_10/0000554/test/0000554_082.jpg
building_10,0000554,test,dataset_splits/10_buildings/building_10/0000554/test/0000554_086.jpg
building_10,0000554,test,dataset_splits/10_buildings/building_10/0000554/test/0000554_087.jpg
building_10,0000554,test,dataset_splits/10_buildings/building_10/0000554/test/0000554_088.jpg
building_10,0000554,test,dataset_splits/10_buildings/building_10/0000554/test/0000554_114.jpg
building_10,0000554,test,dataset_splits/10_buildings/building_10/0000554/test/0000554_118.jpg
building_10,0000607,reference,dataset_splits/10_buildings/building_10/0000607/reference/0000607_003.jpg
building_10,0000607,reference,dataset_splits/10_buildings/building_10/0000607/reference/0000607_006.jpg
building_10,0000607,reference,dataset_splits/10_buildings/building_10/0000607/reference/0000607_012.jpg
building_10,0000607,reference,dataset_splits/10_buildings/building_10/0000607/reference/0000607_013.jpg
building_10,0000607,reference,dataset_splits/10_buildings/building_10/0000607/reference/0000607_020.jpg
building_10,0000607,reference,dataset_splits/10_buildings/building_10/0000607/reference/0000607_028.jpg
building_10,0000607,reference,dataset_splits/10_buildings/building_10/0000607/reference/0000607_031.jpg
building_10,0000607,reference,dataset_splits/10_buildings/building_10/0000607/reference/0000607_042.jpg
building_10,0000607,reference,dataset_splits/10_buildings/building_10/0000607/reference/0000607_043.jpg
building_10,0000607,reference,dataset_splits/10_buildings/building_10/0000607/reference/0000607_044.jpg
building_10,0000607,reference,dataset_splits/10_buildings/building_10/0000607/reference/0000607_047.jpg
building_10,0000607,reference,dataset_splits/10_buildings/building_10/0000607/reference/0000607_050.jpg
building_10,0000607,reference,dataset_splits/10_buildings/building_10/0000607/reference/0000607_055.jpg
building_10,0000607,reference,dataset_splits/10_buildings/building_10/0000607/reference/0000607_060.jpg
building_10,0000607,reference,dataset_splits/10_buildings/building_10/0000607/reference/0000607_061.jpg
building_10,0000607,reference,dataset_splits/10_buildings/building_10/0000607/reference/0000607_067.jpg
building_10,0000607,reference,dataset_splits/10_buildings/building_10/0000607/reference/0000607_068.jpg
building_10,0000607,reference,dataset_splits/10_buildings/building_10/0000607/reference/0000607_069.jpg
building_10,0000607,reference,dataset_splits/10_buildings/building_10/0000607/reference/0000607_074.jpg
building_10,0000607,reference,dataset_splits/10_buildings/building_10/0000607/reference/0000607_078.jpg
building_10,0000607,test,dataset_splits/10_buildings/building_10/0000607/test/0000607_001.jpg
building_10,0000607,test,dataset_splits/10_buildings/building_10/0000607/test/0000607_002.jpg
building_10,0000607,test,dataset_splits/10_buildings/building_10/0000607/test/0000607_007.jpg
building_10,0000607,test,dataset_splits/10_buildings/building_10/0000607/test/0000607_008.jpg
building_10,0000607,test,dataset_splits/10_buildings/building_10/0000607/test/0000607_010.jpg
building_10,0000607,test,dataset_splits/10_buildings/building_10/0000607/test/0000607_015.jpg
building_10,0000607,test,dataset_splits/10_buildings/building_10/0000607/test/0000607_021.jpg
building_10,0000607,test,dataset_splits/10_buildings/building_10/0000607/test/0000607_022.jpg
building_10,0000607,test,dataset_splits/10_buildings/building_10/0000607/test/0000607_027.jpg
building_10,0000607,test,dataset_splits/10_buildings/building_10/0000607/test/0000607_033.jpg
building_10,0000607,test,dataset_splits/10_buildings/building_10/0000607/test/0000607_035.jpg
building_10,0000607,test,dataset_splits/10_buildings/building_10/0000607/test/0000607_039.jpg
building_10,0000607,test,dataset_splits/10_buildings/building_10/0000607/test/0000607_040.jpg
building_10,0000607,test,dataset_splits/10_buildings/building_10/0000607/test/0000607_046.jpg
building_10,0000607,test,dataset_splits/10_buildings/building_10/0000607/test/0000607_054.jpg
building_10,0000607,test,dataset_splits/10_buildings/building_10/0000607/test/0000607_056.jpg
building_10,0000607,test,dataset_splits/10_buildings/building_10/0000607/test/0000607_058.jpg
building_10,0000607,test,dataset_splits/10_buildings/building_10/0000607/test/0000607_064.jpg
building_10,0000607,test,dataset_splits/10_buildings/building_10/0000607/test/0000607_066.jpg
building_10,0000607,test,dataset_splits/10_buildings/building_10/0000607/test/0000607_072.jpg
building_10,0000664,reference,dataset_splits/10_buildings/building_10/0000664/reference/0000664_001.jpg
building_10,0000664,reference,dataset_splits/10_buildings/building_10/0000664/reference/0000664_005.jpg
building_10,0000664,reference,dataset_splits/10_buildings/building_10/0000664/reference/0000664_014.jpg
building_10,0000664,reference,dataset_splits/10_buildings/building_10/0000664/reference/0000664_016.jpg
building_10,0000664,reference,dataset_splits/10_buildings/building_10/0000664/reference/0000664_021.jpg
building_10,0000664,reference,dataset_splits/10_buildings/building_10/0000664/reference/0000664_022.jpg
building_10,0000664,reference,dataset_splits/10_buildings/building_10/0000664/reference/0000664_026.jpg
building_10,0000664,reference,dataset_splits/10_buildings/building_10/0000664/reference/0000664_032.jpg
building_10,0000664,reference,dataset_splits/10_buildings/building_10/0000664/reference/0000664_039.jpg
building_10,0000664,reference,dataset_splits/10_buildings/building_10/0000664/reference/0000664_042.jpg
building_10,0000664,reference,dataset_splits/10_buildings/building_10/0000664/reference/0000664_043.jpg
building_10,0000664,reference,dataset_splits/10_buildings/building_10/0000664/reference/0000664_052.jpg
building_10,0000664,reference,dataset_splits/10_buildings/building_10/0000664/reference/0000664_056.jpg
building_10,0000664,reference,dataset_splits/10_buildings/building_10/0000664/reference/0000664_067.jpg
building_10,0000664,reference,dataset_splits/10_buildings/building_10/0000664/reference/0000664_087.jpg
building_10,0000664,reference,dataset_splits/10_buildings/building_10/0000664/reference/0000664_102.jpg
building_10,0000664,reference,dataset_splits/10_buildings/building_10/0000664/reference/0000664_110.jpg
building_10,0000664,reference,dataset_splits/10_buildings/building_10/0000664/reference/0000664_131.jpg
building_10,0000664,reference,dataset_splits/10_buildings/building_10/0000664/reference/0000664_139.jpg
building_10,0000664,reference,dataset_splits/10_buildings/building_10/0000664/reference/0000664_153.jpg
building_10,0000664,test,dataset_splits/10_buildings/building_10/0000664/test/0000664_008.jpg
building_10,0000664,test,dataset_splits/10_buildings/building_10/0000664/test/0000664_020.jpg
building_10,0000664,test,dataset_splits/10_buildings/building_10/0000664/test/0000664_028.jpg
building_10,0000664,test,dataset_splits/10_buildings/building_10/0000664/test/0000664_040.jpg
building_10,0000664,test,dataset_splits/10_buildings/building_10/0000664/test/0000664_044.jpg
building_10,0000664,test,dataset_splits/10_buildings/building_10/0000664/test/0000664_047.jpg
building_10,0000664,test,dataset_splits/10_buildings/building_10/0000664/test/0000664_054.jpg
building_10,0000664,test,dataset_splits/10_buildings/building_10/0000664/test/0000664_063.jpg
building_10,0000664,test,dataset_splits/10_buildings/building_10/0000664/test/0000664_064.jpg
building_10,0000664,test,dataset_splits/10_buildings/building_10/0000664/test/0000664_065.jpg
building_10,0000664,test,dataset_splits/10_buildings/building_10/0000664/test/0000664_075.jpg
building_10,0000664,test,dataset_splits/10_buildings/building_10/0000664/test/0000664_083.jpg
building_10,0000664,test,dataset_splits/10_buildings/building_10/0000664/test/0000664_095.jpg
building_10,0000664,test,dataset_splits/10_buildings/building_10/0000664/test/0000664_111.jpg
building_10,0000664,test,dataset_splits/10_buildings/building_10/0000664/test/0000664_114.jpg
building_10,0000664,test,dataset_splits/10_buildings/building_10/0000664/test/0000664_120.jpg
building_10,0000664,test,dataset_splits/10_buildings/building_10/0000664/test/0000664_127.jpg
building_10,0000664,test,dataset_splits/10_buildings/building_10/0000664/test/0000664_132.jpg
building_10,0000664,test,dataset_splits/10_buildings/building_10/0000664/test/0000664_137.jpg
building_10,0000664,test,dataset_splits/10_buildings/building_10/0000664/test/0000664_142.jpg
building_10,0000705,reference,dataset_splits/10_buildings/building_10/0000705/reference/0000705_001.jpg
building_10,0000705,reference,dataset_splits/10_buildings/building_10/0000705/reference/0000705_003.jpg
building_10,0000705,reference,dataset_splits/10_buildings/building_10/0000705/reference/0000705_040.jpg
building_10,0000705,reference,dataset_splits/10_buildings/building_10/0000705/reference/0000705_047.jpg
building_10,0000705,reference,dataset_splits/10_buildings/building_10/0000705/reference/0000705_061.jpg
building_10,0000705,reference,dataset_splits/10_buildings/building_10/0000705/reference/0000705_064.jpg
building_10,0000705,reference,dataset_splits/10_buildings/building_10/0000705/reference/0000705_076.jpg
building_10,0000705,reference,dataset_splits/10_buildings/building_10/0000705/reference/0000705_084.jpg
building_10,0000705,reference,dataset_splits/10_buildings/building_10/0000705/reference/0000705_108.jpg
building_10,0000705,reference,dataset_splits/10_buildings/building_10/0000705/reference/0000705_120.jpg
building_10,0000705,reference,dataset_splits/10_buildings/building_10/0000705/reference/0000705_148.jpg
building_10,0000705,reference,dataset_splits/10_buildings/building_10/0000705/reference/0000705_156.jpg
building_10,0000705,reference,dataset_splits/10_buildings/building_10/0000705/reference/0000705_169.jpg
building_10,0000705,reference,dataset_splits/10_buildings/building_10/0000705/reference/0000705_175.jpg
building_10,0000705,reference,dataset_splits/10_buildings/building_10/0000705/reference/0000705_176.jpg
building_10,0000705,reference,dataset_splits/10_buildings/building_10/0000705/reference/0000705_206.jpg
building_10,0000705,reference,dataset_splits/10_buildings/building_10/0000705/reference/0000705_210.jpg
building_10,0000705,reference,dataset_splits/10_buildings/building_10/0000705/reference/0000705_213.jpg
building_10,0000705,reference,dataset_splits/10_buildings/building_10/0000705/reference/0000705_221.jpg
building_10,0000705,reference,dataset_splits/10_buildings/building_10/0000705/reference/0000705_230.jpg
building_10,0000705,test,dataset_splits/10_buildings/building_10/0000705/test/0000705_027.jpg
building_10,0000705,test,dataset_splits/10_buildings/building_10/0000705/test/0000705_029.jpg
building_10,0000705,test,dataset_splits/10_buildings/building_10/0000705/test/0000705_044.jpg
building_10,0000705,test,dataset_splits/10_buildings/building_10/0000705/test/0000705_049.jpg
building_10,0000705,test,dataset_splits/10_buildings/building_10/0000705/test/0000705_054.jpg
building_10,0000705,test,dataset_splits/10_buildings/building_10/0000705/test/0000705_060.jpg
building_10,0000705,test,dataset_splits/10_buildings/building_10/0000705/test/0000705_075.jpg
building_10,0000705,test,dataset_splits/10_buildings/building_10/0000705/test/0000705_089.jpg
building_10,0000705,test,dataset_splits/10_buildings/building_10/0000705/test/0000705_118.jpg
building_10,0000705,test,dataset_splits/10_buildings/building_10/0000705/test/0000705_121.jpg
building_10,0000705,test,dataset_splits/10_buildings/building_10/0000705/test/0000705_128.jpg
building_10,0000705,test,dataset_splits/10_buildings/building_10/0000705/test/0000705_136.jpg
building_10,0000705,test,dataset_splits/10_buildings/building_10/0000705/test/0000705_140.jpg
building_10,0000705,test,dataset_splits/10_buildings/building_10/0000705/test/0000705_159.jpg
building_10,0000705,test,dataset_splits/10_buildings/building_10/0000705/test/0000705_167.jpg
building_10,0000705,test,dataset_splits/10_buildings/building_10/0000705/test/0000705_168.jpg
building_10,0000705,test,dataset_splits/10_buildings/building_10/0000705/test/0000705_188.jpg
building_10,0000705,test,dataset_splits/10_buildings/building_10/0000705/test/0000705_215.jpg
building_10,0000705,test,dataset_splits/10_buildings/building_10/0000705/test/0000705_222.jpg
building_10,0000705,test,dataset_splits/10_buildings/building_10/0000705/test/0000705_231.jpg
building_10,0000836,reference,dataset_splits/10_buildings/building_10/0000836/reference/0000836_004.jpg
building_10,0000836,reference,dataset_splits/10_buildings/building_10/0000836/reference/0000836_008.jpg
building_10,0000836,reference,dataset_splits/10_buildings/building_10/0000836/reference/0000836_019.jpg
building_10,0000836,reference,dataset_splits/10_buildings/building_10/0000836/reference/0000836_020.jpg
building_10,0000836,reference,dataset_splits/10_buildings/building_10/0000836/reference/0000836_023.jpg
building_10,0000836,reference,dataset_splits/10_buildings/building_10/0000836/reference/0000836_039.jpg
building_10,0000836,reference,dataset_splits/10_buildings/building_10/0000836/reference/0000836_044.jpg
building_10,0000836,reference,dataset_splits/10_buildings/building_10/0000836/reference/0000836_046.jpg
building_10,0000836,reference,dataset_splits/10_buildings/building_10/0000836/reference/0000836_050.jpg
building_10,0000836,reference,dataset_splits/10_buildings/building_10/0000836/reference/0000836_061.jpg
building_10,0000836,reference,dataset_splits/10_buildings/building_10/0000836/reference/0000836_064.jpg
building_10,0000836,reference,dataset_splits/10_buildings/building_10/0000836/reference/0000836_068.jpg
building_10,0000836,reference,dataset_splits/10_buildings/building_10/0000836/reference/0000836_070.jpg
building_10,0000836,reference,dataset_splits/10_buildings/building_10/0000836/reference/0000836_079.jpg
building_10,0000836,reference,dataset_splits/10_buildings/building_10/0000836/reference/0000836_084.jpg
building_10,0000836,reference,dataset_splits/10_buildings/building_10/0000836/reference/0000836_085.jpg
building_10,0000836,reference,dataset_splits/10_buildings/building_10/0000836/reference/0000836_090.jpg
building_10,0000836,reference,dataset_splits/10_buildings/building_10/0000836/reference/0000836_098.jpg
building_10,0000836,reference,dataset_splits/10_buildings/building_10/0000836/reference/0000836_100.jpg
building_10,0000836,reference,dataset_splits/10_buildings/building_10/0000836/reference/0000836_103.jpg
building_10,0000836,test,dataset_splits/10_buildings/building_10/0000836/test/0000836_001.jpg
building_10,0000836,test,dataset_splits/10_buildings/building_10/0000836/test/0000836_003.jpg
building_10,0000836,test,dataset_splits/10_buildings/building_10/0000836/test/0000836_018.jpg
building_10,0000836,test,dataset_splits/10_buildings/building_10/0000836/test/0000836_028.jpg
building_10,0000836,test,dataset_splits/10_buildings/building_10/0000836/test/0000836_033.jpg
building_10,0000836,test,dataset_splits/10_buildings/building_10/0000836/test/0000836_034.jpg
building_10,0000836,test,dataset_splits/10_buildings/building_10/0000836/test/0000836_035.jpg
building_10,0000836,test,dataset_splits/10_buildings/building_10/0000836/test/0000836_041.jpg
building_10,0000836,test,dataset_splits/10_buildings/building_10/0000836/test/0000836_043.jpg
building_10,0000836,test,dataset_splits/10_buildings/building_10/0000836/test/0000836_045.jpg
building_10,0000836,test,dataset_splits/10_buildings/building_10/0000836/test/0000836_051.jpg
building_10,0000836,test,dataset_splits/10_buildings/building_10/0000836/test/0000836_053.jpg
building_10,0000836,test,dataset_splits/10_buildings/building_10/0000836/test/0000836_067.jpg
building_10,0000836,test,dataset_splits/10_buildings/building_10/0000836/test/0000836_072.jpg
building_10,0000836,test,dataset_splits/10_buildings/building_10/0000836/test/0000836_082.jpg
building_10,0000836,test,dataset_splits/10_buildings/building_10/0000836/test/0000836_086.jpg
building_10,0000836,test,dataset_splits/10_buildings/building_10/0000836/test/0000836_091.jpg
building_10,0000836,test,dataset_splits/10_buildings/building_10/0000836/test/0000836_095.jpg
building_10,0000836,test,dataset_splits/10_buildings/building_10/0000836/test/0000836_096.jpg
building_10,0000836,test,dataset_splits/10_buildings/building_10/0000836/test/0000836_097.jpg
building_10,0000867,reference,dataset_splits/10_buildings/building_10/0000867/reference/0000867_005.jpg
building_10,0000867,reference,dataset_splits/10_buildings/building_10/0000867/reference/0000867_072.jpg
building_10,0000867,reference,dataset_splits/10_buildings/building_10/0000867/reference/0000867_096.jpg
building_10,0000867,reference,dataset_splits/10_buildings/building_10/0000867/reference/0000867_107.jpg
building_10,0000867,reference,dataset_splits/10_buildings/building_10/0000867/reference/0000867_110.jpg
building_10,0000867,reference,dataset_splits/10_buildings/building_10/0000867/reference/0000867_158.jpg
building_10,0000867,reference,dataset_splits/10_buildings/building_10/0000867/reference/0000867_163.jpg
building_10,0000867,reference,dataset_splits/10_buildings/building_10/0000867/reference/0000867_194.jpg
building_10,0000867,reference,dataset_splits/10_buildings/building_10/0000867/reference/0000867_211.jpg
building_10,0000867,reference,dataset_splits/10_buildings/building_10/0000867/reference/0000867_256.jpg
building_10,0000867,reference,dataset_splits/10_buildings/building_10/0000867/reference/0000867_258.jpg
building_10,0000867,reference,dataset_splits/10_buildings/building_10/0000867/reference/0000867_261.jpg
building_10,0000867,reference,dataset_splits/10_buildings/building_10/0000867/reference/0000867_276.jpg
building_10,0000867,reference,dataset_splits/10_buildings/building_10/0000867/reference/0000867_283.jpg
building_10,0000867,reference,dataset_splits/10_buildings/building_10/0000867/reference/0000867_285.jpg
building_10,0000867,reference,dataset_splits/10_buildings/building_10/0000867/reference/0000867_286.jpg
building_10,0000867,reference,dataset_splits/10_buildings/building_10/0000867/reference/0000867_306.jpg
building_10,0000867,reference,dataset_splits/10_buildings/building_10/0000867/reference/0000867_329.jpg
building_10,0000867,reference,dataset_splits/10_buildings/building_10/0000867/reference/0000867_358.jpg
building_10,0000867,reference,dataset_splits/10_buildings/building_10/0000867/reference/0000867_363.jpg
building_10,0000867,test,dataset_splits/10_buildings/building_10/0000867/test/0000867_001.jpg
building_10,0000867,test,dataset_splits/10_buildings/building_10/0000867/test/0000867_012.jpg
building_10,0000867,test,dataset_splits/10_buildings/building_10/0000867/test/0000867_013.jpg
building_10,0000867,test,dataset_splits/10_buildings/building_10/0000867/test/0000867_034.jpg
building_10,0000867,test,dataset_splits/10_buildings/building_10/0000867/test/0000867_082.jpg
building_10,0000867,test,dataset_splits/10_buildings/building_10/0000867/test/0000867_100.jpg
building_10,0000867,test,dataset_splits/10_buildings/building_10/0000867/test/0000867_117.jpg
building_10,0000867,test,dataset_splits/10_buildings/building_10/0000867/test/0000867_139.jpg
building_10,0000867,test,dataset_splits/10_buildings/building_10/0000867/test/0000867_145.jpg
building_10,0000867,test,dataset_splits/10_buildings/building_10/0000867/test/0000867_152.jpg
building_10,0000867,test,dataset_splits/10_buildings/building_10/0000867/test/0000867_156.jpg
building_10,0000867,test,dataset_splits/10_buildings/building_10/0000867/test/0000867_189.jpg
building_10,0000867,test,dataset_splits/10_buildings/building_10/0000867/test/0000867_191.jpg
building_10,0000867,test,dataset_splits/10_buildings/building_10/0000867/test/0000867_222.jpg
building_10,0000867,test,dataset_splits/10_buildings/building_10/0000867/test/0000867_245.jpg
building_10,0000867,test,dataset_splits/10_buildings/building_10/0000867/test/0000867_254.jpg
building_10,0000867,test,dataset_splits/10_buildings/building_10/0000867/test/0000867_303.jpg
building_10,0000867,test,dataset_splits/10_buildings/building_10/0000867/test/0000867_337.jpg
building_10,0000867,test,dataset_splits/10_buildings/building_10/0000867/test/0000867_341.jpg
building_10,0000867,test,dataset_splits/10_buildings/building_10/0000867/test/0000867_360.jpg
building_10,0000928,reference,dataset_splits/10_buildings/building_10/0000928/reference/0000928_001.jpg
building_10,0000928,reference,dataset_splits/10_buildings/building_10/0000928/reference/0000928_005.jpg
building_10,0000928,reference,dataset_splits/10_buildings/building_10/0000928/reference/0000928_006.jpg
building_10,0000928,reference,dataset_splits/10_buildings/building_10/0000928/reference/0000928_011.jpg
building_10,0000928,reference,dataset_splits/10_buildings/building_10/0000928/reference/0000928_012.jpg
building_10,0000928,reference,dataset_splits/10_buildings/building_10/0000928/reference/0000928_014.jpg
building_10,0000928,reference,dataset_splits/10_buildings/building_10/0000928/reference/0000928_016.jpg
building_10,0000928,reference,dataset_splits/10_buildings/building_10/0000928/reference/0000928_017.jpg
building_10,0000928,reference,dataset_splits/10_buildings/building_10/0000928/reference/0000928_020.jpg
building_10,0000928,reference,dataset_splits/10_buildings/building_10/0000928/reference/0000928_022.jpg
building_10,0000928,reference,dataset_splits/10_buildings/building_10/0000928/reference/0000928_024.jpg
building_10,0000928,reference,dataset_splits/10_buildings/building_10/0000928/reference/0000928_025.jpg
building_10,0000928,reference,dataset_splits/10_buildings/building_10/0000928/reference/0000928_027.jpg
building_10,0000928,reference,dataset_splits/10_buildings/building_10/0000928/reference/0000928_033.jpg
building_10,0000928,reference,dataset_splits/10_buildings/building_10/0000928/reference/0000928_034.jpg
building_10,0000928,reference,dataset_splits/10_buildings/building_10/0000928/reference/0000928_039.jpg
building_10,0000928,reference,dataset_splits/10_buildings/building_10/0000928/reference/0000928_040.jpg
building_10,0000928,reference,dataset_splits/10_buildings/building_10/0000928/reference/0000928_041.jpg
building_10,0000928,reference,dataset_splits/10_buildings/building_10/0000928/reference/0000928_043.jpg
building_10,0000928,reference,dataset_splits/10_buildings/building_10/0000928/reference/0000928_045.jpg
building_10,0000928,test,dataset_splits/10_buildings/building_10/0000928/test/0000928_008.jpg
building_10,0000928,test,dataset_splits/10_buildings/building_10/0000928/test/0000928_009.jpg
building_10,0000928,test,dataset_splits/10_buildings/building_10/0000928/test/0000928_010.jpg
building_10,0000928,test,dataset_splits/10_buildings/building_10/0000928/test/0000928_013.jpg
building_10,0000928,test,dataset_splits/10_buildings/building_10/0000928/test/0000928_015.jpg
building_10,0000928,test,dataset_splits/10_buildings/building_10/0000928/test/0000928_019.jpg
building_10,0000928,test,dataset_splits/10_buildings/building_10/0000928/test/0000928_021.jpg
building_10,0000928,test,dataset_splits/10_buildings/building_10/0000928/test/0000928_026.jpg
building_10,0000928,test,dataset_splits/10_buildings/building_10/0000928/test/0000928_028.jpg
building_10,0000928,test,dataset_splits/10_buildings/building_10/0000928/test/0000928_029.jpg
building_10,0000928,test,dataset_splits/10_buildings/building_10/0000928/test/0000928_031.jpg
building_10,0000928,test,dataset_splits/10_buildings/building_10/0000928/test/0000928_032.jpg
building_10,0000928,test,dataset_splits/10_buildings/building_10/0000928/test/0000928_035.jpg
building_10,0000928,test,dataset_splits/10_buildings/building_10/0000928/test/0000928_036.jpg
building_10,0000928,test,dataset_splits/10_buildings/building_10/0000928/test/0000928_037.jpg
building_10,0000928,test,dataset_splits/10_buildings/building_10/0000928/test/0000928_038.jpg
building_10,0000928,test,dataset_splits/10_buildings/building_10/0000928/test/0000928_044.jpg
building_10,0000928,test,dataset_splits/10_buildings/building_10/0000928/test/0000928_046.jpg
building_10,0000928,test,dataset_splits/10_buildings/building_10/0000928/test/0000928_048.jpg
building_10,0000928,test,dataset_splits/10_buildings/building_10/0000928/test/0000928_050.jpg
building_10,0001018,reference,dataset_splits/10_buildings/building_10/0001018/reference/0001018_002.jpg
building_10,0001018,reference,dataset_splits/10_buildings/building_10/0001018/reference/0001018_006.jpg
building_10,0001018,reference,dataset_splits/10_buildings/building_10/0001018/reference/0001018_010.jpg
building_10,0001018,reference,dataset_splits/10_buildings/building_10/0001018/reference/0001018_011.jpg
building_10,0001018,reference,dataset_splits/10_buildings/building_10/0001018/reference/0001018_013.jpg
building_10,0001018,reference,dataset_splits/10_buildings/building_10/0001018/reference/0001018_015.jpg
building_10,0001018,reference,dataset_splits/10_buildings/building_10/0001018/reference/0001018_016.jpg
building_10,0001018,reference,dataset_splits/10_buildings/building_10/0001018/reference/0001018_026.jpg
building_10,0001018,reference,dataset_splits/10_buildings/building_10/0001018/reference/0001018_030.jpg
building_10,0001018,reference,dataset_splits/10_buildings/building_10/0001018/reference/0001018_031.jpg
building_10,0001018,reference,dataset_splits/10_buildings/building_10/0001018/reference/0001018_032.jpg
building_10,0001018,reference,dataset_splits/10_buildings/building_10/0001018/reference/0001018_044.jpg
building_10,0001018,reference,dataset_splits/10_buildings/building_10/0001018/reference/0001018_050.jpg
building_10,0001018,reference,dataset_splits/10_buildings/building_10/0001018/reference/0001018_051.jpg
building_10,0001018,reference,dataset_splits/10_buildings/building_10/0001018/reference/0001018_058.jpg
building_10,0001018,reference,dataset_splits/10_buildings/building_10/0001018/reference/0001018_060.jpg
building_10,0001018,reference,dataset_splits/10_buildings/building_10/0001018/reference/0001018_061.jpg
building_10,0001018,reference,dataset_splits/10_buildings/building_10/0001018/reference/0001018_062.jpg
building_10,0001018,reference,dataset_splits/10_buildings/building_10/0001018/reference/0001018_063.jpg
building_10,0001018,reference,dataset_splits/10_buildings/building_10/0001018/reference/0001018_068.jpg
building_10,0001018,test,dataset_splits/10_buildings/building_10/0001018/test/0001018_005.jpg
building_10,0001018,test,dataset_splits/10_buildings/building_10/0001018/test/0001018_008.jpg
building_10,0001018,test,dataset_splits/10_buildings/building_10/0001018/test/0001018_014.jpg
building_10,0001018,test,dataset_splits/10_buildings/building_10/0001018/test/0001018_017.jpg
building_10,0001018,test,dataset_splits/10_buildings/building_10/0001018/test/0001018_018.jpg
building_10,0001018,test,dataset_splits/10_buildings/building_10/0001018/test/0001018_020.jpg
building_10,0001018,test,dataset_splits/10_buildings/building_10/0001018/test/0001018_023.jpg
building_10,0001018,test,dataset_splits/10_buildings/building_10/0001018/test/0001018_024.jpg
building_10,0001018,test,dataset_splits/10_buildings/building_10/0001018/test/0001018_027.jpg
building_10,0001018,test,dataset_splits/10_buildings/building_10/0001018/test/0001018_034.jpg
building_10,0001018,test,dataset_splits/10_buildings/building_10/0001018/test/0001018_035.jpg
building_10,0001018,test,dataset_splits/10_buildings/building_10/0001018/test/0001018_037.jpg
building_10,0001018,test,dataset_splits/10_buildings/building_10/0001018/test/0001018_040.jpg
building_10,0001018,test,dataset_splits/10_buildings/building_10/0001018/test/0001018_041.jpg
building_10,0001018,test,dataset_splits/10_buildings/building_10/0001018/test/0001018_045.jpg
building_10,0001018,test,dataset_splits/10_buildings/building_10/0001018/test/0001018_049.jpg
building_10,0001018,test,dataset_splits/10_buildings/building_10/0001018/test/0001018_052.jpg
building_10,0001018,test,dataset_splits/10_buildings/building_10/0001018/test/0001018_056.jpg
building_10,0001018,test,dataset_splits/10_buildings/building_10/0001018/test/0001018_064.jpg
building_10,0001018,test,dataset_splits/10_buildings/building_10/0001018/test/0001018_070.jpg
building_10,0001038,reference,dataset_splits/10_buildings/building_10/0001038/reference/0001038_005.jpg
building_10,0001038,reference,dataset_splits/10_buildings/building_10/0001038/reference/0001038_013.jpg
building_10,0001038,reference,dataset_splits/10_buildings/building_10/0001038/reference/0001038_015.jpg
building_10,0001038,reference,dataset_splits/10_buildings/building_10/0001038/reference/0001038_021.jpg
building_10,0001038,reference,dataset_splits/10_buildings/building_10/0001038/reference/0001038_022.jpg
building_10,0001038,reference,dataset_splits/10_buildings/building_10/0001038/reference/0001038_028.jpg
building_10,0001038,reference,dataset_splits/10_buildings/building_10/0001038/reference/0001038_045.jpg
building_10,0001038,reference,dataset_splits/10_buildings/building_10/0001038/reference/0001038_051.jpg
building_10,0001038,reference,dataset_splits/10_buildings/building_10/0001038/reference/0001038_061.jpg
building_10,0001038,reference,dataset_splits/10_buildings/building_10/0001038/reference/0001038_063.jpg
building_10,0001038,reference,dataset_splits/10_buildings/building_10/0001038/reference/0001038_073.jpg
building_10,0001038,reference,dataset_splits/10_buildings/building_10/0001038/reference/0001038_082.jpg
building_10,0001038,reference,dataset_splits/10_buildings/building_10/0001038/reference/0001038_088.jpg
building_10,0001038,reference,dataset_splits/10_buildings/building_10/0001038/reference/0001038_094.jpg
building_10,0001038,reference,dataset_splits/10_buildings/building_10/0001038/reference/0001038_101.jpg
building_10,0001038,reference,dataset_splits/10_buildings/building_10/0001038/reference/0001038_102.jpg
building_10,0001038,reference,dataset_splits/10_buildings/building_10/0001038/reference/0001038_108.jpg
building_10,0001038,reference,dataset_splits/10_buildings/building_10/0001038/reference/0001038_112.jpg
building_10,0001038,reference,dataset_splits/10_buildings/building_10/0001038/reference/0001038_114.jpg
building_10,0001038,reference,dataset_splits/10_buildings/building_10/0001038/reference/0001038_123.jpg
building_10,0001038,test,dataset_splits/10_buildings/building_10/0001038/test/0001038_010.jpg
building_10,0001038,test,dataset_splits/10_buildings/building_10/0001038/test/0001038_011.jpg
building_10,0001038,test,dataset_splits/10_buildings/building_10/0001038/test/0001038_012.jpg
building_10,0001038,test,dataset_splits/10_buildings/building_10/0001038/test/0001038_024.jpg
building_10,0001038,test,dataset_splits/10_buildings/building_10/0001038/test/0001038_025.jpg
building_10,0001038,test,dataset_splits/10_buildings/building_10/0001038/test/0001038_027.jpg
building_10,0001038,test,dataset_splits/10_buildings/building_10/0001038/test/0001038_030.jpg
building_10,0001038,test,dataset_splits/10_buildings/building_10/0001038/test/0001038_039.jpg
building_10,0001038,test,dataset_splits/10_buildings/building_10/0001038/test/0001038_041.jpg
building_10,0001038,test,dataset_splits/10_buildings/building_10/0001038/test/0001038_062.jpg
building_10,0001038,test,dataset_splits/10_buildings/building_10/0001038/test/0001038_064.jpg
building_10,0001038,test,dataset_splits/10_buildings/building_10/0001038/test/0001038_065.jpg
building_10,0001038,test,dataset_splits/10_buildings/building_10/0001038/test/0001038_076.jpg
building_10,0001038,test,dataset_splits/10_buildings/building_10/0001038/test/0001038_083.jpg
building_10,0001038,test,dataset_splits/10_buildings/building_10/0001038/test/0001038_087.jpg
building_10,0001038,test,dataset_splits/10_buildings/building_10/0001038/test/0001038_089.jpg
building_10,0001038,test,dataset_splits/10_buildings/building_10/0001038/test/0001038_091.jpg
building_10,0001038,test,dataset_splits/10_buildings/building_10/0001038/test/0001038_106.jpg
building_10,0001038,test,dataset_splits/10_buildings/building_10/0001038/test/0001038_118.jpg
building_10,0001038,test,dataset_splits/10_buildings/building_10/0001038/test/0001038_121.jpg
building_10,0001083,reference,dataset_splits/10_buildings/building_10/0001083/reference/0001083_028.jpg
building_10,0001083,reference,dataset_splits/10_buildings/building_10/0001083/reference/0001083_036.jpg
building_10,0001083,reference,dataset_splits/10_buildings/building_10/0001083/reference/0001083_067.jpg
building_10,0001083,reference,dataset_splits/10_buildings/building_10/0001083/reference/0001083_094.jpg
building_10,0001083,reference,dataset_splits/10_buildings/building_10/0001083/reference/0001083_099.jpg
building_10,0001083,reference,dataset_splits/10_buildings/building_10/0001083/reference/0001083_100.jpg
building_10,0001083,reference,dataset_splits/10_buildings/building_10/0001083/reference/0001083_104.jpg
building_10,0001083,reference,dataset_splits/10_buildings/building_10/0001083/reference/0001083_108.jpg
building_10,0001083,reference,dataset_splits/10_buildings/building_10/0001083/reference/0001083_110.jpg
building_10,0001083,reference,dataset_splits/10_buildings/building_10/0001083/reference/0001083_115.jpg
building_10,0001083,reference,dataset_splits/10_buildings/building_10/0001083/reference/0001083_124.jpg
building_10,0001083,reference,dataset_splits/10_buildings/building_10/0001083/reference/0001083_148.jpg
building_10,0001083,reference,dataset_splits/10_buildings/building_10/0001083/reference/0001083_153.jpg
building_10,0001083,reference,dataset_splits/10_buildings/building_10/0001083/reference/0001083_156.jpg
building_10,0001083,reference,dataset_splits/10_buildings/building_10/0001083/reference/0001083_175.jpg
building_10,0001083,reference,dataset_splits/10_buildings/building_10/0001083/reference/0001083_178.jpg
building_10,0001083,reference,dataset_splits/10_buildings/building_10/0001083/reference/0001083_200.jpg
building_10,0001083,reference,dataset_splits/10_buildings/building_10/0001083/reference/0001083_201.jpg
building_10,0001083,reference,dataset_splits/10_buildings/building_10/0001083/reference/0001083_217.jpg
building_10,0001083,reference,dataset_splits/10_buildings/building_10/0001083/reference/0001083_226.jpg
building_10,0001083,test,dataset_splits/10_buildings/building_10/0001083/test/0001083_015.jpg
building_10,0001083,test,dataset_splits/10_buildings/building_10/0001083/test/0001083_026.jpg
building_10,0001083,test,dataset_splits/10_buildings/building_10/0001083/test/0001083_053.jpg
building_10,0001083,test,dataset_splits/10_buildings/building_10/0001083/test/0001083_066.jpg
building_10,0001083,test,dataset_splits/10_buildings/building_10/0001083/test/0001083_068.jpg
building_10,0001083,test,dataset_splits/10_buildings/building_10/0001083/test/0001083_074.jpg
building_10,0001083,test,dataset_splits/10_buildings/building_10/0001083/test/0001083_090.jpg
building_10,0001083,test,dataset_splits/10_buildings/building_10/0001083/test/0001083_091.jpg
building_10,0001083,test,dataset_splits/10_buildings/building_10/0001083/test/0001083_102.jpg
building_10,0001083,test,dataset_splits/10_buildings/building_10/0001083/test/0001083_114.jpg
building_10,0001083,test,dataset_splits/10_buildings/building_10/0001083/test/0001083_122.jpg
building_10,0001083,test,dataset_splits/10_buildings/building_10/0001083/test/0001083_136.jpg
building_10,0001083,test,dataset_splits/10_buildings/building_10/0001083/test/0001083_140.jpg
building_10,0001083,test,dataset_splits/10_buildings/building_10/0001083/test/0001083_143.jpg
building_10,0001083,test,dataset_splits/10_buildings/building_10/0001083/test/0001083_157.jpg
building_10,0001083,test,dataset_splits/10_buildings/building_10/0001083/test/0001083_162.jpg
building_10,0001083,test,dataset_splits/10_buildings/building_10/0001083/test/0001083_191.jpg
building_10,0001083,test,dataset_splits/10_buildings/building_10/0001083/test/0001083_198.jpg
building_10,0001083,test,dataset_splits/10_buildings/building_10/0001083/test/0001083_222.jpg
building_10,0001083,test,dataset_splits/10_buildings/building_10/0001083/test/0001083_228.jpg
building_10,0001110,reference,dataset_splits/10_buildings/building_10/0001110/reference/0001110_021.jpg
building_10,0001110,reference,dataset_splits/10_buildings/building_10/0001110/reference/0001110_023.jpg
building_10,0001110,reference,dataset_splits/10_buildings/building_10/0001110/reference/0001110_030.jpg
building_10,0001110,reference,dataset_splits/10_buildings/building_10/0001110/reference/0001110_031.jpg
building_10,0001110,reference,dataset_splits/10_buildings/building_10/0001110/reference/0001110_033.jpg
building_10,0001110,reference,dataset_splits/10_buildings/building_10/0001110/reference/0001110_042.jpg
building_10,0001110,reference,dataset_splits/10_buildings/building_10/0001110/reference/0001110_048.jpg
building_10,0001110,reference,dataset_splits/10_buildings/building_10/0001110/reference/0001110_049.jpg
building_10,0001110,reference,dataset_splits/10_buildings/building_10/0001110/reference/0001110_051.jpg
building_10,0001110,reference,dataset_splits/10_buildings/building_10/0001110/reference/0001110_053.jpg
building_10,0001110,reference,dataset_splits/10_buildings/building_10/0001110/reference/0001110_058.jpg
building_10,0001110,reference,dataset_splits/10_buildings/building_10/0001110/reference/0001110_059.jpg
building_10,0001110,reference,dataset_splits/10_buildings/building_10/0001110/reference/0001110_060.jpg
building_10,0001110,reference,dataset_splits/10_buildings/building_10/0001110/reference/0001110_066.jpg
building_10,0001110,reference,dataset_splits/10_buildings/building_10/0001110/reference/0001110_067.jpg
building_10,0001110,reference,dataset_splits/10_buildings/building_10/0001110/reference/0001110_069.jpg
building_10,0001110,reference,dataset_splits/10_buildings/building_10/0001110/reference/0001110_071.jpg
building_10,0001110,reference,dataset_splits/10_buildings/building_10/0001110/reference/0001110_073.jpg
building_10,0001110,reference,dataset_splits/10_buildings/building_10/0001110/reference/0001110_078.jpg
building_10,0001110,reference,dataset_splits/10_buildings/building_10/0001110/reference/0001110_082.jpg
building_10,0001110,test,dataset_splits/10_buildings/building_10/0001110/test/0001110_001.jpg
building_10,0001110,test,dataset_splits/10_buildings/building_10/0001110/test/0001110_004.jpg
building_10,0001110,test,dataset_splits/10_buildings/building_10/0001110/test/0001110_006.jpg
building_10,0001110,test,dataset_splits/10_buildings/building_10/0001110/test/0001110_010.jpg
building_10,0001110,test,dataset_splits/10_buildings/building_10/0001110/test/0001110_012.jpg
building_10,0001110,test,dataset_splits/10_buildings/building_10/0001110/test/0001110_013.jpg
building_10,0001110,test,dataset_splits/10_buildings/building_10/0001110/test/0001110_017.jpg
building_10,0001110,test,dataset_splits/10_buildings/building_10/0001110/test/0001110_019.jpg
building_10,0001110,test,dataset_splits/10_buildings/building_10/0001110/test/0001110_024.jpg
building_10,0001110,test,dataset_splits/10_buildings/building_10/0001110/test/0001110_027.jpg
building_10,0001110,test,dataset_splits/10_buildings/building_10/0001110/test/0001110_029.jpg
building_10,0001110,test,dataset_splits/10_buildings/building_10/0001110/test/0001110_036.jpg
building_10,0001110,test,dataset_splits/10_buildings/building_10/0001110/test/0001110_052.jpg
building_10,0001110,test,dataset_splits/10_buildings/building_10/0001110/test/0001110_054.jpg
building_10,0001110,test,dataset_splits/10_buildings/building_10/0001110/test/0001110_057.jpg
building_10,0001110,test,dataset_splits/10_buildings/building_10/0001110/test/0001110_064.jpg
building_10,0001110,test,dataset_splits/10_buildings/building_10/0001110/test/0001110_074.jpg
building_10,0001110,test,dataset_splits/10_buildings/building_10/0001110/test/0001110_076.jpg
building_10,0001110,test,dataset_splits/10_buildings/building_10/0001110/test/0001110_077.jpg
building_10,0001110,test,dataset_splits/10_buildings/building_10/0001110/test/0001110_083.jpg
building_10,0001201,reference,dataset_splits/10_buildings/building_10/0001201/reference/0001201_015.jpg
building_10,0001201,reference,dataset_splits/10_buildings/building_10/0001201/reference/0001201_031.jpg
building_10,0001201,reference,dataset_splits/10_buildings/building_10/0001201/reference/0001201_044.jpg
building_10,0001201,reference,dataset_splits/10_buildings/building_10/0001201/reference/0001201_045.jpg
building_10,0001201,reference,dataset_splits/10_buildings/building_10/0001201/reference/0001201_047.jpg
building_10,0001201,reference,dataset_splits/10_buildings/building_10/0001201/reference/0001201_051.jpg
building_10,0001201,reference,dataset_splits/10_buildings/building_10/0001201/reference/0001201_052.jpg
building_10,0001201,reference,dataset_splits/10_buildings/building_10/0001201/reference/0001201_053.jpg
building_10,0001201,reference,dataset_splits/10_buildings/building_10/0001201/reference/0001201_055.jpg
building_10,0001201,reference,dataset_splits/10_buildings/building_10/0001201/reference/0001201_068.jpg
building_10,0001201,reference,dataset_splits/10_buildings/building_10/0001201/reference/0001201_086.jpg
building_10,0001201,reference,dataset_splits/10_buildings/building_10/0001201/reference/0001201_090.jpg
building_10,0001201,reference,dataset_splits/10_buildings/building_10/0001201/reference/0001201_092.jpg
building_10,0001201,reference,dataset_splits/10_buildings/building_10/0001201/reference/0001201_098.jpg
building_10,0001201,reference,dataset_splits/10_buildings/building_10/0001201/reference/0001201_106.jpg
building_10,0001201,reference,dataset_splits/10_buildings/building_10/0001201/reference/0001201_109.jpg
building_10,0001201,reference,dataset_splits/10_buildings/building_10/0001201/reference/0001201_110.jpg
building_10,0001201,reference,dataset_splits/10_buildings/building_10/0001201/reference/0001201_118.jpg
building_10,0001201,reference,dataset_splits/10_buildings/building_10/0001201/reference/0001201_134.jpg
building_10,0001201,reference,dataset_splits/10_buildings/building_10/0001201/reference/0001201_139.jpg
building_10,0001201,test,dataset_splits/10_buildings/building_10/0001201/test/0001201_002.jpg
building_10,0001201,test,dataset_splits/10_buildings/building_10/0001201/test/0001201_011.jpg
building_10,0001201,test,dataset_splits/10_buildings/building_10/0001201/test/0001201_018.jpg
building_10,0001201,test,dataset_splits/10_buildings/building_10/0001201/test/0001201_030.jpg
building_10,0001201,test,dataset_splits/10_buildings/building_10/0001201/test/0001201_050.jpg
building_10,0001201,test,dataset_splits/10_buildings/building_10/0001201/test/0001201_057.jpg
building_10,0001201,test,dataset_splits/10_buildings/building_10/0001201/test/0001201_070.jpg
building_10,0001201,test,dataset_splits/10_buildings/building_10/0001201/test/0001201_074.jpg
building_10,0001201,test,dataset_splits/10_buildings/building_10/0001201/test/0001201_079.jpg
building_10,0001201,test,dataset_splits/10_buildings/building_10/0001201/test/0001201_080.jpg
building_10,0001201,test,dataset_splits/10_buildings/building_10/0001201/test/0001201_082.jpg
building_10,0001201,test,dataset_splits/10_buildings/building_10/0001201/test/0001201_083.jpg
building_10,0001201,test,dataset_splits/10_buildings/building_10/0001201/test/0001201_113.jpg
building_10,0001201,test,dataset_splits/10_buildings/building_10/0001201/test/0001201_121.jpg
building_10,0001201,test,dataset_splits/10_buildings/building_10/0001201/test/0001201_122.jpg
building_10,0001201,test,dataset_splits/10_buildings/building_10/0001201/test/0001201_126.jpg
building_10,0001201,test,dataset_splits/10_buildings/building_10/0001201/test/0001201_131.jpg
building_10,0001201,test,dataset_splits/10_buildings/building_10/0001201/test/0001201_132.jpg
building_10,0001201,test,dataset_splits/10_buildings/building_10/0001201/test/0001201_133.jpg
building_10,0001201,test,dataset_splits/10_buildings/building_10/0001201/test/0001201_140.jpg
building_10,0001267,reference,dataset_splits/10_buildings/building_10/0001267/reference/0001267_010.jpg
building_10,0001267,reference,dataset_splits/10_buildings/building_10/0001267/reference/0001267_011.jpg
building_10,0001267,reference,dataset_splits/10_buildings/building_10/0001267/reference/0001267_013.jpg
building_10,0001267,reference,dataset_splits/10_buildings/building_10/0001267/reference/0001267_033.jpg
building_10,0001267,reference,dataset_splits/10_buildings/building_10/0001267/reference/0001267_040.jpg
building_10,0001267,reference,dataset_splits/10_buildings/building_10/0001267/reference/0001267_046.jpg
building_10,0001267,reference,dataset_splits/10_buildings/building_10/0001267/reference/0001267_049.jpg
building_10,0001267,reference,dataset_splits/10_buildings/building_10/0001267/reference/0001267_051.jpg
building_10,0001267,reference,dataset_splits/10_buildings/building_10/0001267/reference/0001267_053.jpg
building_10,0001267,reference,dataset_splits/10_buildings/building_10/0001267/reference/0001267_054.jpg
building_10,0001267,reference,dataset_splits/10_buildings/building_10/0001267/reference/0001267_055.jpg
building_10,0001267,reference,dataset_splits/10_buildings/building_10/0001267/reference/0001267_058.jpg
building_10,0001267,reference,dataset_splits/10_buildings/building_10/0001267/reference/0001267_061.jpg
building_10,0001267,reference,dataset_splits/10_buildings/building_10/0001267/reference/0001267_066.jpg
building_10,0001267,reference,dataset_splits/10_buildings/building_10/0001267/reference/0001267_067.jpg
building_10,0001267,reference,dataset_splits/10_buildings/building_10/0001267/reference/0001267_068.jpg
building_10,0001267,reference,dataset_splits/10_buildings/building_10/0001267/reference/0001267_072.jpg
building_10,0001267,reference,dataset_splits/10_buildings/building_10/0001267/reference/0001267_073.jpg
building_10,0001267,reference,dataset_splits/10_buildings/building_10/0001267/reference/0001267_074.jpg
building_10,0001267,reference,dataset_splits/10_buildings/building_10/0001267/reference/0001267_082.jpg
building_10,0001267,test,dataset_splits/10_buildings/building_10/0001267/test/0001267_006.jpg
building_10,0001267,test,dataset_splits/10_buildings/building_10/0001267/test/0001267_007.jpg
building_10,0001267,test,dataset_splits/10_buildings/building_10/0001267/test/0001267_008.jpg
building_10,0001267,test,dataset_splits/10_buildings/building_10/0001267/test/0001267_017.jpg
building_10,0001267,test,dataset_splits/10_buildings/building_10/0001267/test/0001267_020.jpg
building_10,0001267,test,dataset_splits/10_buildings/building_10/0001267/test/0001267_022.jpg
building_10,0001267,test,dataset_splits/10_buildings/building_10/0001267/test/0001267_025.jpg
building_10,0001267,test,dataset_splits/10_buildings/building_10/0001267/test/0001267_028.jpg
building_10,0001267,test,dataset_splits/10_buildings/building_10/0001267/test/0001267_032.jpg
building_10,0001267,test,dataset_splits/10_buildings/building_10/0001267/test/0001267_035.jpg
building_10,0001267,test,dataset_splits/10_buildings/building_10/0001267/test/0001267_038.jpg
building_10,0001267,test,dataset_splits/10_buildings/building_10/0001267/test/0001267_041.jpg
building_10,0001267,test,dataset_splits/10_buildings/building_10/0001267/test/0001267_042.jpg
building_10,0001267,test,dataset_splits/10_buildings/building_10/0001267/test/0001267_044.jpg
building_10,0001267,test,dataset_splits/10_buildings/building_10/0001267/test/0001267_052.jpg
building_10,0001267,test,dataset_splits/10_buildings/building_10/0001267/test/0001267_057.jpg
building_10,0001267,test,dataset_splits/10_buildings/building_10/0001267/test/0001267_076.jpg
building_10,0001267,test,dataset_splits/10_buildings/building_10/0001267/test/0001267_079.jpg
building_10,0001267,test,dataset_splits/10_buildings/building_10/0001267/test/0001267_080.jpg
building_10,0001267,test,dataset_splits/10_buildings/building_10/0001267/test/0001267_081.jpg
building_10,0001435,reference,dataset_splits/10_buildings/building_10/0001435/reference/0001435_011.jpg
building_10,0001435,reference,dataset_splits/10_buildings/building_10/0001435/reference/0001435_015.jpg
building_10,0001435,reference,dataset_splits/10_buildings/building_10/0001435/reference/0001435_043.jpg
building_10,0001435,reference,dataset_splits/10_buildings/building_10/0001435/reference/0001435_044.jpg
building_10,0001435,reference,dataset_splits/10_buildings/building_10/0001435/reference/0001435_072.jpg
building_10,0001435,reference,dataset_splits/10_buildings/building_10/0001435/reference/0001435_087.jpg
building_10,0001435,reference,dataset_splits/10_buildings/building_10/0001435/reference/0001435_091.jpg
building_10,0001435,reference,dataset_splits/10_buildings/building_10/0001435/reference/0001435_095.jpg
building_10,0001435,reference,dataset_splits/10_buildings/building_10/0001435/reference/0001435_127.jpg
building_10,0001435,reference,dataset_splits/10_buildings/building_10/0001435/reference/0001435_132.jpg
building_10,0001435,reference,dataset_splits/10_buildings/building_10/0001435/reference/0001435_168.jpg
building_10,0001435,reference,dataset_splits/10_buildings/building_10/0001435/reference/0001435_190.jpg
building_10,0001435,reference,dataset_splits/10_buildings/building_10/0001435/reference/0001435_247.jpg
building_10,0001435,reference,dataset_splits/10_buildings/building_10/0001435/reference/0001435_268.jpg
building_10,0001435,reference,dataset_splits/10_buildings/building_10/0001435/reference/0001435_281.jpg
building_10,0001435,reference,dataset_splits/10_buildings/building_10/0001435/reference/0001435_315.jpg
building_10,0001435,reference,dataset_splits/10_buildings/building_10/0001435/reference/0001435_318.jpg
building_10,0001435,reference,dataset_splits/10_buildings/building_10/0001435/reference/0001435_362.jpg
building_10,0001435,reference,dataset_splits/10_buildings/building_10/0001435/reference/0001435_394.jpg
building_10,0001435,reference,dataset_splits/10_buildings/building_10/0001435/reference/0001435_448.jpg
building_10,0001435,test,dataset_splits/10_buildings/building_10/0001435/test/0001435_033.jpg
building_10,0001435,test,dataset_splits/10_buildings/building_10/0001435/test/0001435_080.jpg
building_10,0001435,test,dataset_splits/10_buildings/building_10/0001435/test/0001435_145.jpg
building_10,0001435,test,dataset_splits/10_buildings/building_10/0001435/test/0001435_152.jpg
building_10,0001435,test,dataset_splits/10_buildings/building_10/0001435/test/0001435_167.jpg
building_10,0001435,test,dataset_splits/10_buildings/building_10/0001435/test/0001435_184.jpg
building_10,0001435,test,dataset_splits/10_buildings/building_10/0001435/test/0001435_288.jpg
building_10,0001435,test,dataset_splits/10_buildings/building_10/0001435/test/0001435_308.jpg
building_10,0001435,test,dataset_splits/10_buildings/building_10/0001435/test/0001435_310.jpg
building_10,0001435,test,dataset_splits/10_buildings/building_10/0001435/test/0001435_333.jpg
building_10,0001435,test,dataset_splits/10_buildings/building_10/0001435/test/0001435_353.jpg
building_10,0001435,test,dataset_splits/10_buildings/building_10/0001435/test/0001435_364.jpg
building_10,0001435,test,dataset_splits/10_buildings/building_10/0001435/test/0001435_376.jpg
building_10,0001435,test,dataset_splits/10_buildings/building_10/0001435/test/0001435_380.jpg
building_10,0001435,test,dataset_splits/10_buildings/building_10/0001435/test/0001435_389.jpg
building_10,0001435,test,dataset_splits/10_buildings/building_10/0001435/test/0001435_390.jpg
building_10,0001435,test,dataset_splits/10_buildings/building_10/0001435/test/0001435_391.jpg
building_10,0001435,test,dataset_splits/10_buildings/building_10/0001435/test/0001435_399.jpg
building_10,0001435,test,dataset_splits/10_buildings/building_10/0001435/test/0001435_447.jpg
building_10,0001435,test,dataset_splits/10_buildings/building_10/0001435/test/0001435_449.jpg
building_10,0001494,reference,dataset_splits/10_buildings/building_10/0001494/reference/0001494_005.jpg
building_10,0001494,reference,dataset_splits/10_buildings/building_10/0001494/reference/0001494_017.jpg
building_10,0001494,reference,dataset_splits/10_buildings/building_10/0001494/reference/0001494_018.jpg
building_10,0001494,reference,dataset_splits/10_buildings/building_10/0001494/reference/0001494_024.jpg
building_10,0001494,reference,dataset_splits/10_buildings/building_10/0001494/reference/0001494_028.jpg
building_10,0001494,reference,dataset_splits/10_buildings/building_10/0001494/reference/0001494_031.jpg
building_10,0001494,reference,dataset_splits/10_buildings/building_10/0001494/reference/0001494_034.jpg
building_10,0001494,reference,dataset_splits/10_buildings/building_10/0001494/reference/0001494_038.jpg
building_10,0001494,reference,dataset_splits/10_buildings/building_10/0001494/reference/0001494_042.jpg
building_10,0001494,reference,dataset_splits/10_buildings/building_10/0001494/reference/0001494_044.jpg
building_10,0001494,reference,dataset_splits/10_buildings/building_10/0001494/reference/0001494_053.jpg
building_10,0001494,reference,dataset_splits/10_buildings/building_10/0001494/reference/0001494_060.jpg
building_10,0001494,reference,dataset_splits/10_buildings/building_10/0001494/reference/0001494_065.jpg
building_10,0001494,reference,dataset_splits/10_buildings/building_10/0001494/reference/0001494_072.jpg
building_10,0001494,reference,dataset_splits/10_buildings/building_10/0001494/reference/0001494_073.jpg
building_10,0001494,reference,dataset_splits/10_buildings/building_10/0001494/reference/0001494_079.jpg
building_10,0001494,reference,dataset_splits/10_buildings/building_10/0001494/reference/0001494_084.jpg
building_10,0001494,reference,dataset_splits/10_buildings/building_10/0001494/reference/0001494_085.jpg
building_10,0001494,reference,dataset_splits/10_buildings/building_10/0001494/reference/0001494_094.jpg
building_10,0001494,reference,dataset_splits/10_buildings/building_10/0001494/reference/0001494_095.jpg
building_10,0001494,test,dataset_splits/10_buildings/building_10/0001494/test/0001494_004.jpg
building_10,0001494,test,dataset_splits/10_buildings/building_10/0001494/test/0001494_006.jpg
building_10,0001494,test,dataset_splits/10_buildings/building_10/0001494/test/0001494_015.jpg
building_10,0001494,test,dataset_splits/10_buildings/building_10/0001494/test/0001494_016.jpg
building_10,0001494,test,dataset_splits/10_buildings/building_10/0001494/test/0001494_019.jpg
building_10,0001494,test,dataset_splits/10_buildings/building_10/0001494/test/0001494_023.jpg
building_10,0001494,test,dataset_splits/10_buildings/building_10/0001494/test/0001494_025.jpg
building_10,0001494,test,dataset_splits/10_buildings/building_10/0001494/test/0001494_030.jpg
building_10,0001494,test,dataset_splits/10_buildings/building_10/0001494/test/0001494_033.jpg
building_10,0001494,test,dataset_splits/10_buildings/building_10/0001494/test/0001494_036.jpg
building_10,0001494,test,dataset_splits/10_buildings/building_10/0001494/test/0001494_037.jpg
building_10,0001494,test,dataset_splits/10_buildings/building_10/0001494/test/0001494_039.jpg
building_10,0001494,test,dataset_splits/10_buildings/building_10/0001494/test/0001494_055.jpg
building_10,0001494,test,dataset_splits/10_buildings/building_10/0001494/test/0001494_057.jpg
building_10,0001494,test,dataset_splits/10_buildings/building_10/0001494/test/0001494_062.jpg
building_10,0001494,test,dataset_splits/10_buildings/building_10/0001494/test/0001494_068.jpg
building_10,0001494,test,dataset_splits/10_buildings/building_10/0001494/test/0001494_077.jpg
building_10,0001494,test,dataset_splits/10_buildings/building_10/0001494/test/0001494_078.jpg
building_10,0001494,test,dataset_splits/10_buildings/building_10/0001494/test/0001494_093.jpg
building_10,0001494,test,dataset_splits/10_buildings/building_10/0001494/test/0001494_097.jpg
building_10,0001497,reference,dataset_splits/10_buildings/building_10/0001497/reference/0001497_001.jpg
building_10,0001497,reference,dataset_splits/10_buildings/building_10/0001497/reference/0001497_009.jpg
building_10,0001497,reference,dataset_splits/10_buildings/building_10/0001497/reference/0001497_083.jpg
building_10,0001497,reference,dataset_splits/10_buildings/building_10/0001497/reference/0001497_090.jpg
building_10,0001497,reference,dataset_splits/10_buildings/building_10/0001497/reference/0001497_102.jpg
building_10,0001497,reference,dataset_splits/10_buildings/building_10/0001497/reference/0001497_112.jpg
building_10,0001497,reference,dataset_splits/10_buildings/building_10/0001497/reference/0001497_125.jpg
building_10,0001497,reference,dataset_splits/10_buildings/building_10/0001497/reference/0001497_134.jpg
building_10,0001497,reference,dataset_splits/10_buildings/building_10/0001497/reference/0001497_137.jpg
building_10,0001497,reference,dataset_splits/10_buildings/building_10/0001497/reference/0001497_140.jpg
building_10,0001497,reference,dataset_splits/10_buildings/building_10/0001497/reference/0001497_142.jpg
building_10,0001497,reference,dataset_splits/10_buildings/building_10/0001497/reference/0001497_150.jpg
building_10,0001497,reference,dataset_splits/10_buildings/building_10/0001497/reference/0001497_152.jpg
building_10,0001497,reference,dataset_splits/10_buildings/building_10/0001497/reference/0001497_155.jpg
building_10,0001497,reference,dataset_splits/10_buildings/building_10/0001497/reference/0001497_157.jpg
building_10,0001497,reference,dataset_splits/10_buildings/building_10/0001497/reference/0001497_158.jpg
building_10,0001497,reference,dataset_splits/10_buildings/building_10/0001497/reference/0001497_184.jpg
building_10,0001497,reference,dataset_splits/10_buildings/building_10/0001497/reference/0001497_194.jpg
building_10,0001497,reference,dataset_splits/10_buildings/building_10/0001497/reference/0001497_201.jpg
building_10,0001497,reference,dataset_splits/10_buildings/building_10/0001497/reference/0001497_202.jpg
building_10,0001497,test,dataset_splits/10_buildings/building_10/0001497/test/0001497_007.jpg
building_10,0001497,test,dataset_splits/10_buildings/building_10/0001497/test/0001497_037.jpg
building_10,0001497,test,dataset_splits/10_buildings/building_10/0001497/test/0001497_042.jpg
building_10,0001497,test,dataset_splits/10_buildings/building_10/0001497/test/0001497_047.jpg
building_10,0001497,test,dataset_splits/10_buildings/building_10/0001497/test/0001497_051.jpg
building_10,0001497,test,dataset_splits/10_buildings/building_10/0001497/test/0001497_060.jpg
building_10,0001497,test,dataset_splits/10_buildings/building_10/0001497/test/0001497_084.jpg
building_10,0001497,test,dataset_splits/10_buildings/building_10/0001497/test/0001497_094.jpg
building_10,0001497,test,dataset_splits/10_buildings/building_10/0001497/test/0001497_100.jpg
building_10,0001497,test,dataset_splits/10_buildings/building_10/0001497/test/0001497_116.jpg
building_10,0001497,test,dataset_splits/10_buildings/building_10/0001497/test/0001497_118.jpg
building_10,0001497,test,dataset_splits/10_buildings/building_10/0001497/test/0001497_123.jpg
building_10,0001497,test,dataset_splits/10_buildings/building_10/0001497/test/0001497_161.jpg
building_10,0001497,test,dataset_splits/10_buildings/building_10/0001497/test/0001497_168.jpg
building_10,0001497,test,dataset_splits/10_buildings/building_10/0001497/test/0001497_173.jpg
building_10,0001497,test,dataset_splits/10_buildings/building_10/0001497/test/0001497_186.jpg
building_10,0001497,test,dataset_splits/10_buildings/building_10/0001497/test/0001497_210.jpg
building_10,0001497,test,dataset_splits/10_buildings/building_10/0001497/test/0001497_219.jpg
building_10,0001497,test,dataset_splits/10_buildings/building_10/0001497/test/0001497_231.jpg
building_10,0001497,test,dataset_splits/10_buildings/building_10/0001497/test/0001497_236.jpg
building_10,0001520,reference,dataset_splits/10_buildings/building_10/0001520/reference/0001520_002.jpg
building_10,0001520,reference,dataset_splits/10_buildings/building_10/0001520/reference/0001520_008.jpg
building_10,0001520,reference,dataset_splits/10_buildings/building_10/0001520/reference/0001520_010.jpg
building_10,0001520,reference,dataset_splits/10_buildings/building_10/0001520/reference/0001520_012.jpg
building_10,0001520,reference,dataset_splits/10_buildings/building_10/0001520/reference/0001520_016.jpg
building_10,0001520,reference,dataset_splits/10_buildings/building_10/0001520/reference/0001520_019.jpg
building_10,0001520,reference,dataset_splits/10_buildings/building_10/0001520/reference/0001520_024.jpg
building_10,0001520,reference,dataset_splits/10_buildings/building_10/0001520/reference/0001520_026.jpg
building_10,0001520,reference,dataset_splits/10_buildings/building_10/0001520/reference/0001520_029.jpg
building_10,0001520,reference,dataset_splits/10_buildings/building_10/0001520/reference/0001520_036.jpg
building_10,0001520,reference,dataset_splits/10_buildings/building_10/0001520/reference/0001520_039.jpg
building_10,0001520,reference,dataset_splits/10_buildings/building_10/0001520/reference/0001520_050.jpg
building_10,0001520,reference,dataset_splits/10_buildings/building_10/0001520/reference/0001520_054.jpg
building_10,0001520,reference,dataset_splits/10_buildings/building_10/0001520/reference/0001520_059.jpg
building_10,0001520,reference,dataset_splits/10_buildings/building_10/0001520/reference/0001520_063.jpg
building_10,0001520,reference,dataset_splits/10_buildings/building_10/0001520/reference/0001520_064.jpg
building_10,0001520,reference,dataset_splits/10_buildings/building_10/0001520/reference/0001520_068.jpg
building_10,0001520,reference,dataset_splits/10_buildings/building_10/0001520/reference/0001520_070.jpg
building_10,0001520,reference,dataset_splits/10_buildings/building_10/0001520/reference/0001520_074.jpg
building_10,0001520,reference,dataset_splits/10_buildings/building_10/0001520/reference/0001520_076.jpg
building_10,0001520,test,dataset_splits/10_buildings/building_10/0001520/test/0001520_001.jpg
building_10,0001520,test,dataset_splits/10_buildings/building_10/0001520/test/0001520_004.jpg
building_10,0001520,test,dataset_splits/10_buildings/building_10/0001520/test/0001520_005.jpg
building_10,0001520,test,dataset_splits/10_buildings/building_10/0001520/test/0001520_006.jpg
building_10,0001520,test,dataset_splits/10_buildings/building_10/0001520/test/0001520_014.jpg
building_10,0001520,test,dataset_splits/10_buildings/building_10/0001520/test/0001520_015.jpg
building_10,0001520,test,dataset_splits/10_buildings/building_10/0001520/test/0001520_022.jpg
building_10,0001520,test,dataset_splits/10_buildings/building_10/0001520/test/0001520_025.jpg
building_10,0001520,test,dataset_splits/10_buildings/building_10/0001520/test/0001520_030.jpg
building_10,0001520,test,dataset_splits/10_buildings/building_10/0001520/test/0001520_035.jpg
building_10,0001520,test,dataset_splits/10_buildings/building_10/0001520/test/0001520_038.jpg
building_10,0001520,test,dataset_splits/10_buildings/building_10/0001520/test/0001520_042.jpg
building_10,0001520,test,dataset_splits/10_buildings/building_10/0001520/test/0001520_045.jpg
building_10,0001520,test,dataset_splits/10_buildings/building_10/0001520/test/0001520_048.jpg
building_10,0001520,test,dataset_splits/10_buildings/building_10/0001520/test/0001520_053.jpg
building_10,0001520,test,dataset_splits/10_buildings/building_10/0001520/test/0001520_057.jpg
building_10,0001520,test,dataset_splits/10_buildings/building_10/0001520/test/0001520_058.jpg
building_10,0001520,test,dataset_splits/10_buildings/building_10/0001520/test/0001520_065.jpg
building_10,0001520,test,dataset_splits/10_buildings/building_10/0001520/test/0001520_067.jpg
building_10,0001520,test,dataset_splits/10_buildings/building_10/0001520/test/0001520_073.jpg
building_10,0001598,reference,dataset_splits/10_buildings/building_10/0001598/reference/0001598_006.jpg
building_10,0001598,reference,dataset_splits/10_buildings/building_10/0001598/reference/0001598_011.jpg
building_10,0001598,reference,dataset_splits/10_buildings/building_10/0001598/reference/0001598_013.jpg
building_10,0001598,reference,dataset_splits/10_buildings/building_10/0001598/reference/0001598_025.jpg
building_10,0001598,reference,dataset_splits/10_buildings/building_10/0001598/reference/0001598_032.jpg
building_10,0001598,reference,dataset_splits/10_buildings/building_10/0001598/reference/0001598_033.jpg
building_10,0001598,reference,dataset_splits/10_buildings/building_10/0001598/reference/0001598_038.jpg
building_10,0001598,reference,dataset_splits/10_buildings/building_10/0001598/reference/0001598_043.jpg
building_10,0001598,reference,dataset_splits/10_buildings/building_10/0001598/reference/0001598_044.jpg
building_10,0001598,reference,dataset_splits/10_buildings/building_10/0001598/reference/0001598_046.jpg
building_10,0001598,reference,dataset_splits/10_buildings/building_10/0001598/reference/0001598_048.jpg
building_10,0001598,reference,dataset_splits/10_buildings/building_10/0001598/reference/0001598_049.jpg
building_10,0001598,reference,dataset_splits/10_buildings/building_10/0001598/reference/0001598_051.jpg
building_10,0001598,reference,dataset_splits/10_buildings/building_10/0001598/reference/0001598_055.jpg
building_10,0001598,reference,dataset_splits/10_buildings/building_10/0001598/reference/0001598_057.jpg
building_10,0001598,reference,dataset_splits/10_buildings/building_10/0001598/reference/0001598_064.jpg
building_10,0001598,reference,dataset_splits/10_buildings/building_10/0001598/reference/0001598_065.jpg
building_10,0001598,reference,dataset_splits/10_buildings/building_10/0001598/reference/0001598_068.jpg
building_10,0001598,reference,dataset_splits/10_buildings/building_10/0001598/reference/0001598_070.jpg
building_10,0001598,reference,dataset_splits/10_buildings/building_10/0001598/reference/0001598_075.jpg
building_10,0001598,test,dataset_splits/10_buildings/building_10/0001598/test/0001598_001.jpg
building_10,0001598,test,dataset_splits/10_buildings/building_10/0001598/test/0001598_004.jpg
building_10,0001598,test,dataset_splits/10_buildings/building_10/0001598/test/0001598_008.jpg
building_10,0001598,test,dataset_splits/10_buildings/building_10/0001598/test/0001598_012.jpg
building_10,0001598,test,dataset_splits/10_buildings/building_10/0001598/test/0001598_014.jpg
building_10,0001598,test,dataset_splits/10_buildings/building_10/0001598/test/0001598_015.jpg
building_10,0001598,test,dataset_splits/10_buildings/building_10/0001598/test/0001598_016.jpg
building_10,0001598,test,dataset_splits/10_buildings/building_10/0001598/test/0001598_020.jpg
building_10,0001598,test,dataset_splits/10_buildings/building_10/0001598/test/0001598_022.jpg
building_10,0001598,test,dataset_splits/10_buildings/building_10/0001598/test/0001598_024.jpg
building_10,0001598,test,dataset_splits/10_buildings/building_10/0001598/test/0001598_027.jpg
building_10,0001598,test,dataset_splits/10_buildings/building_10/0001598/test/0001598_036.jpg
building_10,0001598,test,dataset_splits/10_buildings/building_10/0001598/test/0001598_041.jpg
building_10,0001598,test,dataset_splits/10_buildings/building_10/0001598/test/0001598_042.jpg
building_10,0001598,test,dataset_splits/10_buildings/building_10/0001598/test/0001598_050.jpg
building_10,0001598,test,dataset_splits/10_buildings/building_10/0001598/test/0001598_053.jpg
building_10,0001598,test,dataset_splits/10_buildings/building_10/0001598/test/0001598_059.jpg
building_10,0001598,test,dataset_splits/10_buildings/building_10/0001598/test/0001598_062.jpg
building_10,0001598,test,dataset_splits/10_buildings/building_10/0001598/test/0001598_072.jpg
building_10,0001598,test,dataset_splits/10_buildings/building_10/0001598/test/0001598_074.jpg
building_10,0001624,reference,dataset_splits/10_buildings/building_10/0001624/reference/0001624_011.jpg
building_10,0001624,reference,dataset_splits/10_buildings/building_10/0001624/reference/0001624_019.jpg
building_10,0001624,reference,dataset_splits/10_buildings/building_10/0001624/reference/0001624_037.jpg
building_10,0001624,reference,dataset_splits/10_buildings/building_10/0001624/reference/0001624_041.jpg
building_10,0001624,reference,dataset_splits/10_buildings/building_10/0001624/reference/0001624_042.jpg
building_10,0001624,reference,dataset_splits/10_buildings/building_10/0001624/reference/0001624_046.jpg
building_10,0001624,reference,dataset_splits/10_buildings/building_10/0001624/reference/0001624_047.jpg
building_10,0001624,reference,dataset_splits/10_buildings/building_10/0001624/reference/0001624_056.jpg
building_10,0001624,reference,dataset_splits/10_buildings/building_10/0001624/reference/0001624_057.jpg
building_10,0001624,reference,dataset_splits/10_buildings/building_10/0001624/reference/0001624_058.jpg
building_10,0001624,reference,dataset_splits/10_buildings/building_10/0001624/reference/0001624_059.jpg
building_10,0001624,reference,dataset_splits/10_buildings/building_10/0001624/reference/0001624_060.jpg
building_10,0001624,reference,dataset_splits/10_buildings/building_10/0001624/reference/0001624_063.jpg
building_10,0001624,reference,dataset_splits/10_buildings/building_10/0001624/reference/0001624_070.jpg
building_10,0001624,reference,dataset_splits/10_buildings/building_10/0001624/reference/0001624_089.jpg
building_10,0001624,reference,dataset_splits/10_buildings/building_10/0001624/reference/0001624_090.jpg
building_10,0001624,reference,dataset_splits/10_buildings/building_10/0001624/reference/0001624_099.jpg
building_10,0001624,reference,dataset_splits/10_buildings/building_10/0001624/reference/0001624_101.jpg
building_10,0001624,reference,dataset_splits/10_buildings/building_10/0001624/reference/0001624_133.jpg
building_10,0001624,reference,dataset_splits/10_buildings/building_10/0001624/reference/0001624_143.jpg
building_10,0001624,test,dataset_splits/10_buildings/building_10/0001624/test/0001624_004.jpg
building_10,0001624,test,dataset_splits/10_buildings/building_10/0001624/test/0001624_008.jpg
building_10,0001624,test,dataset_splits/10_buildings/building_10/0001624/test/0001624_010.jpg
building_10,0001624,test,dataset_splits/10_buildings/building_10/0001624/test/0001624_012.jpg
building_10,0001624,test,dataset_splits/10_buildings/building_10/0001624/test/0001624_020.jpg
building_10,0001624,test,dataset_splits/10_buildings/building_10/0001624/test/0001624_022.jpg
building_10,0001624,test,dataset_splits/10_buildings/building_10/0001624/test/0001624_029.jpg
building_10,0001624,test,dataset_splits/10_buildings/building_10/0001624/test/0001624_034.jpg
building_10,0001624,test,dataset_splits/10_buildings/building_10/0001624/test/0001624_035.jpg
building_10,0001624,test,dataset_splits/10_buildings/building_10/0001624/test/0001624_052.jpg
building_10,0001624,test,dataset_splits/10_buildings/building_10/0001624/test/0001624_064.jpg
building_10,0001624,test,dataset_splits/10_buildings/building_10/0001624/test/0001624_068.jpg
building_10,0001624,test,dataset_splits/10_buildings/building_10/0001624/test/0001624_071.jpg
building_10,0001624,test,dataset_splits/10_buildings/building_10/0001624/test/0001624_080.jpg
building_10,0001624,test,dataset_splits/10_buildings/building_10/0001624/test/0001624_086.jpg
building_10,0001624,test,dataset_splits/10_buildings/building_10/0001624/test/0001624_102.jpg
building_10,0001624,test,dataset_splits/10_buildings/building_10/0001624/test/0001624_109.jpg
building_10,0001624,test,dataset_splits/10_buildings/building_10/0001624/test/0001624_117.jpg
building_10,0001624,test,dataset_splits/10_buildings/building_10/0001624/test/0001624_142.jpg
building_10,0001624,test,dataset_splits/10_buildings/building_10/0001624/test/0001624_144.jpg
building_10,0001732,reference,dataset_splits/10_buildings/building_10/0001732/reference/0001732_001.jpg
building_10,0001732,reference,dataset_splits/10_buildings/building_10/0001732/reference/0001732_017.jpg
building_10,0001732,reference,dataset_splits/10_buildings/building_10/0001732/reference/0001732_056.jpg
building_10,0001732,reference,dataset_splits/10_buildings/building_10/0001732/reference/0001732_059.jpg
building_10,0001732,reference,dataset_splits/10_buildings/building_10/0001732/reference/0001732_060.jpg
building_10,0001732,reference,dataset_splits/10_buildings/building_10/0001732/reference/0001732_066.jpg
building_10,0001732,reference,dataset_splits/10_buildings/building_10/0001732/reference/0001732_067.jpg
building_10,0001732,reference,dataset_splits/10_buildings/building_10/0001732/reference/0001732_068.jpg
building_10,0001732,reference,dataset_splits/10_buildings/building_10/0001732/reference/0001732_071.jpg
building_10,0001732,reference,dataset_splits/10_buildings/building_10/0001732/reference/0001732_075.jpg
building_10,0001732,reference,dataset_splits/10_buildings/building_10/0001732/reference/0001732_077.jpg
building_10,0001732,reference,dataset_splits/10_buildings/building_10/0001732/reference/0001732_079.jpg
building_10,0001732,reference,dataset_splits/10_buildings/building_10/0001732/reference/0001732_080.jpg
building_10,0001732,reference,dataset_splits/10_buildings/building_10/0001732/reference/0001732_081.jpg
building_10,0001732,reference,dataset_splits/10_buildings/building_10/0001732/reference/0001732_083.jpg
building_10,0001732,reference,dataset_splits/10_buildings/building_10/0001732/reference/0001732_088.jpg
building_10,0001732,reference,dataset_splits/10_buildings/building_10/0001732/reference/0001732_109.jpg
building_10,0001732,reference,dataset_splits/10_buildings/building_10/0001732/reference/0001732_111.jpg
building_10,0001732,reference,dataset_splits/10_buildings/building_10/0001732/reference/0001732_119.jpg
building_10,0001732,reference,dataset_splits/10_buildings/building_10/0001732/reference/0001732_124.jpg
building_10,0001732,test,dataset_splits/10_buildings/building_10/0001732/test/0001732_002.jpg
building_10,0001732,test,dataset_splits/10_buildings/building_10/0001732/test/0001732_003.jpg
building_10,0001732,test,dataset_splits/10_buildings/building_10/0001732/test/0001732_010.jpg
building_10,0001732,test,dataset_splits/10_buildings/building_10/0001732/test/0001732_013.jpg
building_10,0001732,test,dataset_splits/10_buildings/building_10/0001732/test/0001732_016.jpg
building_10,0001732,test,dataset_splits/10_buildings/building_10/0001732/test/0001732_021.jpg
building_10,0001732,test,dataset_splits/10_buildings/building_10/0001732/test/0001732_039.jpg
building_10,0001732,test,dataset_splits/10_buildings/building_10/0001732/test/0001732_043.jpg
building_10,0001732,test,dataset_splits/10_buildings/building_10/0001732/test/0001732_044.jpg
building_10,0001732,test,dataset_splits/10_buildings/building_10/0001732/test/0001732_048.jpg
building_10,0001732,test,dataset_splits/10_buildings/building_10/0001732/test/0001732_051.jpg
building_10,0001732,test,dataset_splits/10_buildings/building_10/0001732/test/0001732_054.jpg
building_10,0001732,test,dataset_splits/10_buildings/building_10/0001732/test/0001732_063.jpg
building_10,0001732,test,dataset_splits/10_buildings/building_10/0001732/test/0001732_064.jpg
building_10,0001732,test,dataset_splits/10_buildings/building_10/0001732/test/0001732_065.jpg
building_10,0001732,test,dataset_splits/10_buildings/building_10/0001732/test/0001732_076.jpg
building_10,0001732,test,dataset_splits/10_buildings/building_10/0001732/test/0001732_084.jpg
building_10,0001732,test,dataset_splits/10_buildings/building_10/0001732/test/0001732_093.jpg
building_10,0001732,test,dataset_splits/10_buildings/building_10/0001732/test/0001732_104.jpg
building_10,0001732,test,dataset_splits/10_buildings/building_10/0001732/test/0001732_121.jpg
building_10,0001828,reference,dataset_splits/10_buildings/building_10/0001828/reference/0001828_002.jpg
building_10,0001828,reference,dataset_splits/10_buildings/building_10/0001828/reference/0001828_003.jpg
building_10,0001828,reference,dataset_splits/10_buildings/building_10/0001828/reference/0001828_005.jpg
building_10,0001828,reference,dataset_splits/10_buildings/building_10/0001828/reference/0001828_009.jpg
building_10,0001828,reference,dataset_splits/10_buildings/building_10/0001828/reference/0001828_010.jpg
building_10,0001828,reference,dataset_splits/10_buildings/building_10/0001828/reference/0001828_011.jpg
building_10,0001828,reference,dataset_splits/10_buildings/building_10/0001828/reference/0001828_012.jpg
building_10,0001828,reference,dataset_splits/10_buildings/building_10/0001828/reference/0001828_020.jpg
building_10,0001828,reference,dataset_splits/10_buildings/building_10/0001828/reference/0001828_029.jpg
building_10,0001828,reference,dataset_splits/10_buildings/building_10/0001828/reference/0001828_032.jpg
building_10,0001828,reference,dataset_splits/10_buildings/building_10/0001828/reference/0001828_033.jpg
building_10,0001828,reference,dataset_splits/10_buildings/building_10/0001828/reference/0001828_039.jpg
building_10,0001828,reference,dataset_splits/10_buildings/building_10/0001828/reference/0001828_040.jpg
building_10,0001828,reference,dataset_splits/10_buildings/building_10/0001828/reference/0001828_041.jpg
building_10,0001828,reference,dataset_splits/10_buildings/building_10/0001828/reference/0001828_043.jpg
building_10,0001828,reference,dataset_splits/10_buildings/building_10/0001828/reference/0001828_045.jpg
building_10,0001828,reference,dataset_splits/10_buildings/building_10/0001828/reference/0001828_046.jpg
building_10,0001828,reference,dataset_splits/10_buildings/building_10/0001828/reference/0001828_049.jpg
building_10,0001828,reference,dataset_splits/10_buildings/building_10/0001828/reference/0001828_050.jpg
building_10,0001828,reference,dataset_splits/10_buildings/building_10/0001828/reference/0001828_052.jpg
building_10,0001828,test,dataset_splits/10_buildings/building_10/0001828/test/0001828_006.jpg
building_10,0001828,test,dataset_splits/10_buildings/building_10/0001828/test/0001828_007.jpg
building_10,0001828,test,dataset_splits/10_buildings/building_10/0001828/test/0001828_013.jpg
building_10,0001828,test,dataset_splits/10_buildings/building_10/0001828/test/0001828_014.jpg
building_10,0001828,test,dataset_splits/10_buildings/building_10/0001828/test/0001828_016.jpg
building_10,0001828,test,dataset_splits/10_buildings/building_10/0001828/test/0001828_017.jpg
building_10,0001828,test,dataset_splits/10_buildings/building_10/0001828/test/0001828_019.jpg
building_10,0001828,test,dataset_splits/10_buildings/building_10/0001828/test/0001828_022.jpg
building_10,0001828,test,dataset_splits/10_buildings/building_10/0001828/test/0001828_023.jpg
building_10,0001828,test,dataset_splits/10_buildings/building_10/0001828/test/0001828_024.jpg
building_10,0001828,test,dataset_splits/10_buildings/building_10/0001828/test/0001828_025.jpg
building_10,0001828,test,dataset_splits/10_buildings/building_10/0001828/test/0001828_027.jpg
building_10,0001828,test,dataset_splits/10_buildings/building_10/0001828/test/0001828_028.jpg
building_10,0001828,test,dataset_splits/10_buildings/building_10/0001828/test/0001828_034.jpg
building_10,0001828,test,dataset_splits/10_buildings/building_10/0001828/test/0001828_036.jpg
building_10,0001828,test,dataset_splits/10_buildings/building_10/0001828/test/0001828_044.jpg
building_10,0001828,test,dataset_splits/10_buildings/building_10/0001828/test/0001828_047.jpg
building_10,0001828,test,dataset_splits/10_buildings/building_10/0001828/test/0001828_051.jpg
building_10,0001828,test,dataset_splits/10_buildings/building_10/0001828/test/0001828_055.jpg
building_10,0001828,test,dataset_splits/10_buildings/building_10/0001828/test/0001828_058.jpg
building_10,0001993,reference,dataset_splits/10_buildings/building_10/0001993/reference/0001993_005.jpg
building_10,0001993,reference,dataset_splits/10_buildings/building_10/0001993/reference/0001993_010.jpg
building_10,0001993,reference,dataset_splits/10_buildings/building_10/0001993/reference/0001993_015.jpg
building_10,0001993,reference,dataset_splits/10_buildings/building_10/0001993/reference/0001993_017.jpg
building_10,0001993,reference,dataset_splits/10_buildings/building_10/0001993/reference/0001993_019.jpg
building_10,0001993,reference,dataset_splits/10_buildings/building_10/0001993/reference/0001993_023.jpg
building_10,0001993,reference,dataset_splits/10_buildings/building_10/0001993/reference/0001993_024.jpg
building_10,0001993,reference,dataset_splits/10_buildings/building_10/0001993/reference/0001993_029.jpg
building_10,0001993,reference,dataset_splits/10_buildings/building_10/0001993/reference/0001993_031.jpg
building_10,0001993,reference,dataset_splits/10_buildings/building_10/0001993/reference/0001993_032.jpg
building_10,0001993,reference,dataset_splits/10_buildings/building_10/0001993/reference/0001993_036.jpg
building_10,0001993,reference,dataset_splits/10_buildings/building_10/0001993/reference/0001993_040.jpg
building_10,0001993,reference,dataset_splits/10_buildings/building_10/0001993/reference/0001993_041.jpg
building_10,0001993,reference,dataset_splits/10_buildings/building_10/0001993/reference/0001993_046.jpg
building_10,0001993,reference,dataset_splits/10_buildings/building_10/0001993/reference/0001993_049.jpg
building_10,0001993,reference,dataset_splits/10_buildings/building_10/0001993/reference/0001993_052.jpg
building_10,0001993,reference,dataset_splits/10_buildings/building_10/0001993/reference/0001993_061.jpg
building_10,0001993,reference,dataset_splits/10_buildings/building_10/0001993/reference/0001993_064.jpg
building_10,0001993,reference,dataset_splits/10_buildings/building_10/0001993/reference/0001993_069.jpg
building_10,0001993,reference,dataset_splits/10_buildings/building_10/0001993/reference/0001993_071.jpg
building_10,0001993,test,dataset_splits/10_buildings/building_10/0001993/test/0001993_003.jpg
building_10,0001993,test,dataset_splits/10_buildings/building_10/0001993/test/0001993_004.jpg
building_10,0001993,test,dataset_splits/10_buildings/building_10/0001993/test/0001993_006.jpg
building_10,0001993,test,dataset_splits/10_buildings/building_10/0001993/test/0001993_007.jpg
building_10,0001993,test,dataset_splits/10_buildings/building_10/0001993/test/0001993_012.jpg
building_10,0001993,test,dataset_splits/10_buildings/building_10/0001993/test/0001993_016.jpg
building_10,0001993,test,dataset_splits/10_buildings/building_10/0001993/test/0001993_018.jpg
building_10,0001993,test,dataset_splits/10_buildings/building_10/0001993/test/0001993_022.jpg
building_10,0001993,test,dataset_splits/10_buildings/building_10/0001993/test/0001993_025.jpg
building_10,0001993,test,dataset_splits/10_buildings/building_10/0001993/test/0001993_026.jpg
building_10,0001993,test,dataset_splits/10_buildings/building_10/0001993/test/0001993_027.jpg
building_10,0001993,test,dataset_splits/10_buildings/building_10/0001993/test/0001993_028.jpg
building_10,0001993,test,dataset_splits/10_buildings/building_10/0001993/test/0001993_037.jpg
building_10,0001993,test,dataset_splits/10_buildings/building_10/0001993/test/0001993_045.jpg
building_10,0001993,test,dataset_splits/10_buildings/building_10/0001993/test/0001993_048.jpg
building_10,0001993,test,dataset_splits/10_buildings/building_10/0001993/test/0001993_053.jpg
building_10,0001993,test,dataset_splits/10_buildings/building_10/0001993/test/0001993_058.jpg
building_10,0001993,test,dataset_splits/10_buildings/building_10/0001993/test/0001993_059.jpg
building_10,0001993,test,dataset_splits/10_buildings/building_10/0001993/test/0001993_062.jpg
building_10,0001993,test,dataset_splits/10_buildings/building_10/0001993/test/0001993_070.jpg
building_10,0002006,reference,dataset_splits/10_buildings/building_10/0002006/reference/0002006_002.jpg
building_10,0002006,reference,dataset_splits/10_buildings/building_10/0002006/reference/0002006_014.jpg
building_10,0002006,reference,dataset_splits/10_buildings/building_10/0002006/reference/0002006_025.jpg
building_10,0002006,reference,dataset_splits/10_buildings/building_10/0002006/reference/0002006_026.jpg
building_10,0002006,reference,dataset_splits/10_buildings/building_10/0002006/reference/0002006_028.jpg
building_10,0002006,reference,dataset_splits/10_buildings/building_10/0002006/reference/0002006_039.jpg
building_10,0002006,reference,dataset_splits/10_buildings/building_10/0002006/reference/0002006_042.jpg
building_10,0002006,reference,dataset_splits/10_buildings/building_10/0002006/reference/0002006_044.jpg
building_10,0002006,reference,dataset_splits/10_buildings/building_10/0002006/reference/0002006_056.jpg
building_10,0002006,reference,dataset_splits/10_buildings/building_10/0002006/reference/0002006_057.jpg
building_10,0002006,reference,dataset_splits/10_buildings/building_10/0002006/reference/0002006_058.jpg
building_10,0002006,reference,dataset_splits/10_buildings/building_10/0002006/reference/0002006_059.jpg
building_10,0002006,reference,dataset_splits/10_buildings/building_10/0002006/reference/0002006_061.jpg
building_10,0002006,reference,dataset_splits/10_buildings/building_10/0002006/reference/0002006_069.jpg
building_10,0002006,reference,dataset_splits/10_buildings/building_10/0002006/reference/0002006_073.jpg
building_10,0002006,reference,dataset_splits/10_buildings/building_10/0002006/reference/0002006_075.jpg
building_10,0002006,reference,dataset_splits/10_buildings/building_10/0002006/reference/0002006_076.jpg
building_10,0002006,reference,dataset_splits/10_buildings/building_10/0002006/reference/0002006_080.jpg
building_10,0002006,reference,dataset_splits/10_buildings/building_10/0002006/reference/0002006_081.jpg
building_10,0002006,reference,dataset_splits/10_buildings/building_10/0002006/reference/0002006_082.jpg
building_10,0002006,test,dataset_splits/10_buildings/building_10/0002006/test/0002006_005.jpg
building_10,0002006,test,dataset_splits/10_buildings/building_10/0002006/test/0002006_009.jpg
building_10,0002006,test,dataset_splits/10_buildings/building_10/0002006/test/0002006_012.jpg
building_10,0002006,test,dataset_splits/10_buildings/building_10/0002006/test/0002006_022.jpg
building_10,0002006,test,dataset_splits/10_buildings/building_10/0002006/test/0002006_027.jpg
building_10,0002006,test,dataset_splits/10_buildings/building_10/0002006/test/0002006_033.jpg
building_10,0002006,test,dataset_splits/10_buildings/building_10/0002006/test/0002006_034.jpg
building_10,0002006,test,dataset_splits/10_buildings/building_10/0002006/test/0002006_040.jpg
building_10,0002006,test,dataset_splits/10_buildings/building_10/0002006/test/0002006_041.jpg
building_10,0002006,test,dataset_splits/10_buildings/building_10/0002006/test/0002006_048.jpg
building_10,0002006,test,dataset_splits/10_buildings/building_10/0002006/test/0002006_052.jpg
building_10,0002006,test,dataset_splits/10_buildings/building_10/0002006/test/0002006_063.jpg
building_10,0002006,test,dataset_splits/10_buildings/building_10/0002006/test/0002006_064.jpg
building_10,0002006,test,dataset_splits/10_buildings/building_10/0002006/test/0002006_067.jpg
building_10,0002006,test,dataset_splits/10_buildings/building_10/0002006/test/0002006_074.jpg
building_10,0002006,test,dataset_splits/10_buildings/building_10/0002006/test/0002006_084.jpg
building_10,0002006,test,dataset_splits/10_buildings/building_10/0002006/test/0002006_086.jpg
building_10,0002006,test,dataset_splits/10_buildings/building_10/0002006/test/0002006_087.jpg
building_10,0002006,test,dataset_splits/10_buildings/building_10/0002006/test/0002006_088.jpg
building_10,0002006,test,dataset_splits/10_buildings/building_10/0002006/test/0002006_089.jpg
building_10,0002064,reference,dataset_splits/10_buildings/building_10/0002064/reference/0002064_012.jpg
building_10,0002064,reference,dataset_splits/10_buildings/building_10/0002064/reference/0002064_018.jpg
building_10,0002064,reference,dataset_splits/10_buildings/building_10/0002064/reference/0002064_022.jpg
building_10,0002064,reference,dataset_splits/10_buildings/building_10/0002064/reference/0002064_026.jpg
building_10,0002064,reference,dataset_splits/10_buildings/building_10/0002064/reference/0002064_039.jpg
building_10,0002064,reference,dataset_splits/10_buildings/building_10/0002064/reference/0002064_051.jpg
building_10,0002064,reference,dataset_splits/10_buildings/building_10/0002064/reference/0002064_058.jpg
building_10,0002064,reference,dataset_splits/10_buildings/building_10/0002064/reference/0002064_064.jpg
building_10,0002064,reference,dataset_splits/10_buildings/building_10/0002064/reference/0002064_067.jpg
building_10,0002064,reference,dataset_splits/10_buildings/building_10/0002064/reference/0002064_069.jpg
building_10,0002064,reference,dataset_splits/10_buildings/building_10/0002064/reference/0002064_070.jpg
building_10,0002064,reference,dataset_splits/10_buildings/building_10/0002064/reference/0002064_072.jpg
building_10,0002064,reference,dataset_splits/10_buildings/building_10/0002064/reference/0002064_073.jpg
building_10,0002064,reference,dataset_splits/10_buildings/building_10/0002064/reference/0002064_077.jpg
building_10,0002064,reference,dataset_splits/10_buildings/building_10/0002064/reference/0002064_078.jpg
building_10,0002064,reference,dataset_splits/10_buildings/building_10/0002064/reference/0002064_088.jpg
building_10,0002064,reference,dataset_splits/10_buildings/building_10/0002064/reference/0002064_090.jpg
building_10,0002064,reference,dataset_splits/10_buildings/building_10/0002064/reference/0002064_099.jpg
building_10,0002064,reference,dataset_splits/10_buildings/building_10/0002064/reference/0002064_101.jpg
building_10,0002064,reference,dataset_splits/10_buildings/building_10/0002064/reference/0002064_111.jpg
building_10,0002064,test,dataset_splits/10_buildings/building_10/0002064/test/0002064_002.jpg
building_10,0002064,test,dataset_splits/10_buildings/building_10/0002064/test/0002064_007.jpg
building_10,0002064,test,dataset_splits/10_buildings/building_10/0002064/test/0002064_011.jpg
building_10,0002064,test,dataset_splits/10_buildings/building_10/0002064/test/0002064_014.jpg
building_10,0002064,test,dataset_splits/10_buildings/building_10/0002064/test/0002064_019.jpg
building_10,0002064,test,dataset_splits/10_buildings/building_10/0002064/test/0002064_021.jpg
building_10,0002064,test,dataset_splits/10_buildings/building_10/0002064/test/0002064_029.jpg
building_10,0002064,test,dataset_splits/10_buildings/building_10/0002064/test/0002064_035.jpg
building_10,0002064,test,dataset_splits/10_buildings/building_10/0002064/test/0002064_046.jpg
building_10,0002064,test,dataset_splits/10_buildings/building_10/0002064/test/0002064_049.jpg
building_10,0002064,test,dataset_splits/10_buildings/building_10/0002064/test/0002064_050.jpg
building_10,0002064,test,dataset_splits/10_buildings/building_10/0002064/test/0002064_053.jpg
building_10,0002064,test,dataset_splits/10_buildings/building_10/0002064/test/0002064_055.jpg
building_10,0002064,test,dataset_splits/10_buildings/building_10/0002064/test/0002064_059.jpg
building_10,0002064,test,dataset_splits/10_buildings/building_10/0002064/test/0002064_063.jpg
building_10,0002064,test,dataset_splits/10_buildings/building_10/0002064/test/0002064_071.jpg
building_10,0002064,test,dataset_splits/10_buildings/building_10/0002064/test/0002064_084.jpg
building_10,0002064,test,dataset_splits/10_buildings/building_10/0002064/test/0002064_085.jpg
building_10,0002064,test,dataset_splits/10_buildings/building_10/0002064/test/0002064_086.jpg
building_10,0002064,test,dataset_splits/10_buildings/building_10/0002064/test/0002064_098.jpg
building_10,0002253,reference,dataset_splits/10_buildings/building_10/0002253/reference/0002253_004.jpg
building_10,0002253,reference,dataset_splits/10_buildings/building_10/0002253/reference/0002253_005.jpg
building_10,0002253,reference,dataset_splits/10_buildings/building_10/0002253/reference/0002253_010.jpg
building_10,0002253,reference,dataset_splits/10_buildings/building_10/0002253/reference/0002253_012.jpg
building_10,0002253,reference,dataset_splits/10_buildings/building_10/0002253/reference/0002253_013.jpg
building_10,0002253,reference,dataset_splits/10_buildings/building_10/0002253/reference/0002253_014.jpg
building_10,0002253,reference,dataset_splits/10_buildings/building_10/0002253/reference/0002253_016.jpg
building_10,0002253,reference,dataset_splits/10_buildings/building_10/0002253/reference/0002253_017.jpg
building_10,0002253,reference,dataset_splits/10_buildings/building_10/0002253/reference/0002253_020.jpg
building_10,0002253,reference,dataset_splits/10_buildings/building_10/0002253/reference/0002253_021.jpg
building_10,0002253,reference,dataset_splits/10_buildings/building_10/0002253/reference/0002253_022.jpg
building_10,0002253,reference,dataset_splits/10_buildings/building_10/0002253/reference/0002253_025.jpg
building_10,0002253,reference,dataset_splits/10_buildings/building_10/0002253/reference/0002253_029.jpg
building_10,0002253,reference,dataset_splits/10_buildings/building_10/0002253/reference/0002253_039.jpg
building_10,0002253,reference,dataset_splits/10_buildings/building_10/0002253/reference/0002253_040.jpg
building_10,0002253,reference,dataset_splits/10_buildings/building_10/0002253/reference/0002253_042.jpg
building_10,0002253,reference,dataset_splits/10_buildings/building_10/0002253/reference/0002253_043.jpg
building_10,0002253,reference,dataset_splits/10_buildings/building_10/0002253/reference/0002253_046.jpg
building_10,0002253,reference,dataset_splits/10_buildings/building_10/0002253/reference/0002253_048.jpg
building_10,0002253,reference,dataset_splits/10_buildings/building_10/0002253/reference/0002253_053.jpg
building_10,0002253,test,dataset_splits/10_buildings/building_10/0002253/test/0002253_002.jpg
building_10,0002253,test,dataset_splits/10_buildings/building_10/0002253/test/0002253_006.jpg
building_10,0002253,test,dataset_splits/10_buildings/building_10/0002253/test/0002253_007.jpg
building_10,0002253,test,dataset_splits/10_buildings/building_10/0002253/test/0002253_008.jpg
building_10,0002253,test,dataset_splits/10_buildings/building_10/0002253/test/0002253_015.jpg
building_10,0002253,test,dataset_splits/10_buildings/building_10/0002253/test/0002253_018.jpg
building_10,0002253,test,dataset_splits/10_buildings/building_10/0002253/test/0002253_019.jpg
building_10,0002253,test,dataset_splits/10_buildings/building_10/0002253/test/0002253_023.jpg
building_10,0002253,test,dataset_splits/10_buildings/building_10/0002253/test/0002253_024.jpg
building_10,0002253,test,dataset_splits/10_buildings/building_10/0002253/test/0002253_026.jpg
building_10,0002253,test,dataset_splits/10_buildings/building_10/0002253/test/0002253_027.jpg
building_10,0002253,test,dataset_splits/10_buildings/building_10/0002253/test/0002253_028.jpg
building_10,0002253,test,dataset_splits/10_buildings/building_10/0002253/test/0002253_030.jpg
building_10,0002253,test,dataset_splits/10_buildings/building_10/0002253/test/0002253_032.jpg
building_10,0002253,test,dataset_splits/10_buildings/building_10/0002253/test/0002253_034.jpg
building_10,0002253,test,dataset_splits/10_buildings/building_10/0002253/test/0002253_037.jpg
building_10,0002253,test,dataset_splits/10_buildings/building_10/0002253/test/0002253_038.jpg
building_10,0002253,test,dataset_splits/10_buildings/building_10/0002253/test/0002253_045.jpg
building_10,0002253,test,dataset_splits/10_buildings/building_10/0002253/test/0002253_049.jpg
building_10,0002253,test,dataset_splits/10_buildings/building_10/0002253/test/0002253_051.jpg
building_10,0004818,reference,dataset_splits/10_buildings/building_10/0004818/reference/0004818_001.jpg
building_10,0004818,reference,dataset_splits/10_buildings/building_10/0004818/reference/0004818_004.jpg
building_10,0004818,reference,dataset_splits/10_buildings/building_10/0004818/reference/0004818_005.jpg
building_10,0004818,reference,dataset_splits/10_buildings/building_10/0004818/reference/0004818_006.jpg
building_10,0004818,reference,dataset_splits/10_buildings/building_10/0004818/reference/0004818_012.jpg
building_10,0004818,reference,dataset_splits/10_buildings/building_10/0004818/reference/0004818_014.jpg
building_10,0004818,reference,dataset_splits/10_buildings/building_10/0004818/reference/0004818_016.jpg
building_10,0004818,reference,dataset_splits/10_buildings/building_10/0004818/reference/0004818_018.jpg
building_10,0004818,reference,dataset_splits/10_buildings/building_10/0004818/reference/0004818_020.jpg
building_10,0004818,reference,dataset_splits/10_buildings/building_10/0004818/reference/0004818_025.jpg
building_10,0004818,reference,dataset_splits/10_buildings/building_10/0004818/reference/0004818_030.jpg
building_10,0004818,reference,dataset_splits/10_buildings/building_10/0004818/reference/0004818_035.jpg
building_10,0004818,reference,dataset_splits/10_buildings/building_10/0004818/reference/0004818_036.jpg
building_10,0004818,reference,dataset_splits/10_buildings/building_10/0004818/reference/0004818_038.jpg
building_10,0004818,reference,dataset_splits/10_buildings/building_10/0004818/reference/0004818_044.jpg
building_10,0004818,reference,dataset_splits/10_buildings/building_10/0004818/reference/0004818_047.jpg
building_10,0004818,reference,dataset_splits/10_buildings/building_10/0004818/reference/0004818_050.jpg
building_10,0004818,reference,dataset_splits/10_buildings/building_10/0004818/reference/0004818_062.jpg
building_10,0004818,reference,dataset_splits/10_buildings/building_10/0004818/reference/0004818_063.jpg
building_10,0004818,reference,dataset_splits/10_buildings/building_10/0004818/reference/0004818_064.jpg
building_10,0004818,test,dataset_splits/10_buildings/building_10/0004818/test/0004818_008.jpg
building_10,0004818,test,dataset_splits/10_buildings/building_10/0004818/test/0004818_009.jpg
building_10,0004818,test,dataset_splits/10_buildings/building_10/0004818/test/0004818_011.jpg
building_10,0004818,test,dataset_splits/10_buildings/building_10/0004818/test/0004818_013.jpg
building_10,0004818,test,dataset_splits/10_buildings/building_10/0004818/test/0004818_022.jpg
building_10,0004818,test,dataset_splits/10_buildings/building_10/0004818/test/0004818_023.jpg
building_10,0004818,test,dataset_splits/10_buildings/building_10/0004818/test/0004818_024.jpg
building_10,0004818,test,dataset_splits/10_buildings/building_10/0004818/test/0004818_029.jpg
building_10,0004818,test,dataset_splits/10_buildings/building_10/0004818/test/0004818_031.jpg
building_10,0004818,test,dataset_splits/10_buildings/building_10/0004818/test/0004818_034.jpg
building_10,0004818,test,dataset_splits/10_buildings/building_10/0004818/test/0004818_037.jpg
building_10,0004818,test,dataset_splits/10_buildings/building_10/0004818/test/0004818_043.jpg
building_10,0004818,test,dataset_splits/10_buildings/building_10/0004818/test/0004818_045.jpg
building_10,0004818,test,dataset_splits/10_buildings/building_10/0004818/test/0004818_048.jpg
building_10,0004818,test,dataset_splits/10_buildings/building_10/0004818/test/0004818_049.jpg
building_10,0004818,test,dataset_splits/10_buildings/building_10/0004818/test/0004818_052.jpg
building_10,0004818,test,dataset_splits/10_buildings/building_10/0004818/test/0004818_053.jpg
building_10,0004818,test,dataset_splits/10_buildings/building_10/0004818/test/0004818_055.jpg
building_10,0004818,test,dataset_splits/10_buildings/building_10/0004818/test/0004818_058.jpg
building_10,0004818,test,dataset_splits/10_buildings/building_10/0004818/test/0004818_059.jpg
building_10,0004883,reference,dataset_splits/10_buildings/building_10/0004883/reference/0004883_001.jpg
building_10,0004883,reference,dataset_splits/10_buildings/building_10/0004883/reference/0004883_003.jpg
building_10,0004883,reference,dataset_splits/10_buildings/building_10/0004883/reference/0004883_007.jpg
building_10,0004883,reference,dataset_splits/10_buildings/building_10/0004883/reference/0004883_008.jpg
building_10,0004883,reference,dataset_splits/10_buildings/building_10/0004883/reference/0004883_010.jpg
building_10,0004883,reference,dataset_splits/10_buildings/building_10/0004883/reference/0004883_012.jpg
building_10,0004883,reference,dataset_splits/10_buildings/building_10/0004883/reference/0004883_013.jpg
building_10,0004883,reference,dataset_splits/10_buildings/building_10/0004883/reference/0004883_017.jpg
building_10,0004883,reference,dataset_splits/10_buildings/building_10/0004883/reference/0004883_026.jpg
building_10,0004883,reference,dataset_splits/10_buildings/building_10/0004883/reference/0004883_034.jpg
building_10,0004883,reference,dataset_splits/10_buildings/building_10/0004883/reference/0004883_040.jpg
building_10,0004883,reference,dataset_splits/10_buildings/building_10/0004883/reference/0004883_044.jpg
building_10,0004883,reference,dataset_splits/10_buildings/building_10/0004883/reference/0004883_047.jpg
building_10,0004883,reference,dataset_splits/10_buildings/building_10/0004883/reference/0004883_049.jpg
building_10,0004883,reference,dataset_splits/10_buildings/building_10/0004883/reference/0004883_053.jpg
building_10,0004883,reference,dataset_splits/10_buildings/building_10/0004883/reference/0004883_055.jpg
building_10,0004883,reference,dataset_splits/10_buildings/building_10/0004883/reference/0004883_059.jpg
building_10,0004883,reference,dataset_splits/10_buildings/building_10/0004883/reference/0004883_063.jpg
building_10,0004883,reference,dataset_splits/10_buildings/building_10/0004883/reference/0004883_066.jpg
building_10,0004883,reference,dataset_splits/10_buildings/building_10/0004883/reference/0004883_068.jpg
building_10,0004883,test,dataset_splits/10_buildings/building_10/0004883/test/0004883_002.jpg
building_10,0004883,test,dataset_splits/10_buildings/building_10/0004883/test/0004883_004.jpg
building_10,0004883,test,dataset_splits/10_buildings/building_10/0004883/test/0004883_005.jpg
building_10,0004883,test,dataset_splits/10_buildings/building_10/0004883/test/0004883_016.jpg
building_10,0004883,test,dataset_splits/10_buildings/building_10/0004883/test/0004883_020.jpg
building_10,0004883,test,dataset_splits/10_buildings/building_10/0004883/test/0004883_021.jpg
building_10,0004883,test,dataset_splits/10_buildings/building_10/0004883/test/0004883_023.jpg
building_10,0004883,test,dataset_splits/10_buildings/building_10/0004883/test/0004883_024.jpg
building_10,0004883,test,dataset_splits/10_buildings/building_10/0004883/test/0004883_025.jpg
building_10,0004883,test,dataset_splits/10_buildings/building_10/0004883/test/0004883_029.jpg
building_10,0004883,test,dataset_splits/10_buildings/building_10/0004883/test/0004883_032.jpg
building_10,0004883,test,dataset_splits/10_buildings/building_10/0004883/test/0004883_033.jpg
building_10,0004883,test,dataset_splits/10_buildings/building_10/0004883/test/0004883_036.jpg
building_10,0004883,test,dataset_splits/10_buildings/building_10/0004883/test/0004883_039.jpg
building_10,0004883,test,dataset_splits/10_buildings/building_10/0004883/test/0004883_041.jpg
building_10,0004883,test,dataset_splits/10_buildings/building_10/0004883/test/0004883_054.jpg
building_10,0004883,test,dataset_splits/10_buildings/building_10/0004883/test/0004883_057.jpg
building_10,0004883,test,dataset_splits/10_buildings/building_10/0004883/test/0004883_058.jpg
building_10,0004883,test,dataset_splits/10_buildings/building_10/0004883/test/0004883_064.jpg
building_10,0004883,test,dataset_splits/10_buildings/building_10/0004883/test/0004883_067.jpg
building_10,0004982,reference,dataset_splits/10_buildings/building_10/0004982/reference/0004982_009.jpg
building_10,0004982,reference,dataset_splits/10_buildings/building_10/0004982/reference/0004982_014.jpg
building_10,0004982,reference,dataset_splits/10_buildings/building_10/0004982/reference/0004982_017.jpg
building_10,0004982,reference,dataset_splits/10_buildings/building_10/0004982/reference/0004982_021.jpg
building_10,0004982,reference,dataset_splits/10_buildings/building_10/0004982/reference/0004982_022.jpg
building_10,0004982,reference,dataset_splits/10_buildings/building_10/0004982/reference/0004982_024.jpg
building_10,0004982,reference,dataset_splits/10_buildings/building_10/0004982/reference/0004982_025.jpg
building_10,0004982,reference,dataset_splits/10_buildings/building_10/0004982/reference/0004982_032.jpg
building_10,0004982,reference,dataset_splits/10_buildings/building_10/0004982/reference/0004982_046.jpg
building_10,0004982,reference,dataset_splits/10_buildings/building_10/0004982/reference/0004982_049.jpg
building_10,0004982,reference,dataset_splits/10_buildings/building_10/0004982/reference/0004982_058.jpg
building_10,0004982,reference,dataset_splits/10_buildings/building_10/0004982/reference/0004982_065.jpg
building_10,0004982,reference,dataset_splits/10_buildings/building_10/0004982/reference/0004982_071.jpg
building_10,0004982,reference,dataset_splits/10_buildings/building_10/0004982/reference/0004982_072.jpg
building_10,0004982,reference,dataset_splits/10_buildings/building_10/0004982/reference/0004982_073.jpg
building_10,0004982,reference,dataset_splits/10_buildings/building_10/0004982/reference/0004982_074.jpg
building_10,0004982,reference,dataset_splits/10_buildings/building_10/0004982/reference/0004982_081.jpg
building_10,0004982,reference,dataset_splits/10_buildings/building_10/0004982/reference/0004982_095.jpg
building_10,0004982,reference,dataset_splits/10_buildings/building_10/0004982/reference/0004982_098.jpg
building_10,0004982,reference,dataset_splits/10_buildings/building_10/0004982/reference/0004982_100.jpg
building_10,0004982,test,dataset_splits/10_buildings/building_10/0004982/test/0004982_001.jpg
building_10,0004982,test,dataset_splits/10_buildings/building_10/0004982/test/0004982_003.jpg
building_10,0004982,test,dataset_splits/10_buildings/building_10/0004982/test/0004982_005.jpg
building_10,0004982,test,dataset_splits/10_buildings/building_10/0004982/test/0004982_008.jpg
building_10,0004982,test,dataset_splits/10_buildings/building_10/0004982/test/0004982_010.jpg
building_10,0004982,test,dataset_splits/10_buildings/building_10/0004982/test/0004982_020.jpg
building_10,0004982,test,dataset_splits/10_buildings/building_10/0004982/test/0004982_023.jpg
building_10,0004982,test,dataset_splits/10_buildings/building_10/0004982/test/0004982_028.jpg
building_10,0004982,test,dataset_splits/10_buildings/building_10/0004982/test/0004982_033.jpg
building_10,0004982,test,dataset_splits/10_buildings/building_10/0004982/test/0004982_034.jpg
building_10,0004982,test,dataset_splits/10_buildings/building_10/0004982/test/0004982_035.jpg
building_10,0004982,test,dataset_splits/10_buildings/building_10/0004982/test/0004982_036.jpg
building_10,0004982,test,dataset_splits/10_buildings/building_10/0004982/test/0004982_053.jpg
building_10,0004982,test,dataset_splits/10_buildings/building_10/0004982/test/0004982_061.jpg
building_10,0004982,test,dataset_splits/10_buildings/building_10/0004982/test/0004982_077.jpg
building_10,0004982,test,dataset_splits/10_buildings/building_10/0004982/test/0004982_079.jpg
building_10,0004982,test,dataset_splits/10_buildings/building_10/0004982/test/0004982_085.jpg
building_10,0004982,test,dataset_splits/10_buildings/building_10/0004982/test/0004982_086.jpg
building_10,0004982,test,dataset_splits/10_buildings/building_10/0004982/test/0004982_087.jpg
building_10,0004982,test,dataset_splits/10_buildings/building_10/0004982/test/0004982_092.jpg
building_10,0004990,reference,dataset_splits/10_buildings/building_10/0004990/reference/0004990_004.jpg
building_10,0004990,reference,dataset_splits/10_buildings/building_10/0004990/reference/0004990_022.jpg
building_10,0004990,reference,dataset_splits/10_buildings/building_10/0004990/reference/0004990_036.jpg
building_10,0004990,reference,dataset_splits/10_buildings/building_10/0004990/reference/0004990_056.jpg
building_10,0004990,reference,dataset_splits/10_buildings/building_10/0004990/reference/0004990_071.jpg
building_10,0004990,reference,dataset_splits/10_buildings/building_10/0004990/reference/0004990_080.jpg
building_10,0004990,reference,dataset_splits/10_buildings/building_10/0004990/reference/0004990_082.jpg
building_10,0004990,reference,dataset_splits/10_buildings/building_10/0004990/reference/0004990_094.jpg
building_10,0004990,reference,dataset_splits/10_buildings/building_10/0004990/reference/0004990_105.jpg
building_10,0004990,reference,dataset_splits/10_buildings/building_10/0004990/reference/0004990_107.jpg
building_10,0004990,reference,dataset_splits/10_buildings/building_10/0004990/reference/0004990_116.jpg
building_10,0004990,reference,dataset_splits/10_buildings/building_10/0004990/reference/0004990_137.jpg
building_10,0004990,reference,dataset_splits/10_buildings/building_10/0004990/reference/0004990_146.jpg
building_10,0004990,reference,dataset_splits/10_buildings/building_10/0004990/reference/0004990_151.jpg
building_10,0004990,reference,dataset_splits/10_buildings/building_10/0004990/reference/0004990_157.jpg
building_10,0004990,reference,dataset_splits/10_buildings/building_10/0004990/reference/0004990_160.jpg
building_10,0004990,reference,dataset_splits/10_buildings/building_10/0004990/reference/0004990_177.jpg
building_10,0004990,reference,dataset_splits/10_buildings/building_10/0004990/reference/0004990_212.jpg
building_10,0004990,reference,dataset_splits/10_buildings/building_10/0004990/reference/0004990_248.jpg
building_10,0004990,reference,dataset_splits/10_buildings/building_10/0004990/reference/0004990_263.jpg
building_10,0004990,test,dataset_splits/10_buildings/building_10/0004990/test/0004990_009.jpg
building_10,0004990,test,dataset_splits/10_buildings/building_10/0004990/test/0004990_032.jpg
building_10,0004990,test,dataset_splits/10_buildings/building_10/0004990/test/0004990_042.jpg
building_10,0004990,test,dataset_splits/10_buildings/building_10/0004990/test/0004990_054.jpg
building_10,0004990,test,dataset_splits/10_buildings/building_10/0004990/test/0004990_064.jpg
building_10,0004990,test,dataset_splits/10_buildings/building_10/0004990/test/0004990_065.jpg
building_10,0004990,test,dataset_splits/10_buildings/building_10/0004990/test/0004990_073.jpg
building_10,0004990,test,dataset_splits/10_buildings/building_10/0004990/test/0004990_074.jpg
building_10,0004990,test,dataset_splits/10_buildings/building_10/0004990/test/0004990_077.jpg
building_10,0004990,test,dataset_splits/10_buildings/building_10/0004990/test/0004990_125.jpg
building_10,0004990,test,dataset_splits/10_buildings/building_10/0004990/test/0004990_127.jpg
building_10,0004990,test,dataset_splits/10_buildings/building_10/0004990/test/0004990_149.jpg
building_10,0004990,test,dataset_splits/10_buildings/building_10/0004990/test/0004990_150.jpg
building_10,0004990,test,dataset_splits/10_buildings/building_10/0004990/test/0004990_168.jpg
building_10,0004990,test,dataset_splits/10_buildings/building_10/0004990/test/0004990_199.jpg
building_10,0004990,test,dataset_splits/10_buildings/building_10/0004990/test/0004990_206.jpg
building_10,0004990,test,dataset_splits/10_buildings/building_10/0004990/test/0004990_207.jpg
building_10,0004990,test,dataset_splits/10_buildings/building_10/0004990/test/0004990_222.jpg
building_10,0004990,test,dataset_splits/10_buildings/building_10/0004990/test/0004990_226.jpg
building_10,0004990,test,dataset_splits/10_buildings/building_10/0004990/test/0004990_253.jpg
building_10,0005009,reference,dataset_splits/10_buildings/building_10/0005009/reference/0005009_006.jpg
building_10,0005009,reference,dataset_splits/10_buildings/building_10/0005009/reference/0005009_008.jpg
building_10,0005009,reference,dataset_splits/10_buildings/building_10/0005009/reference/0005009_010.jpg
building_10,0005009,reference,dataset_splits/10_buildings/building_10/0005009/reference/0005009_024.jpg
building_10,0005009,reference,dataset_splits/10_buildings/building_10/0005009/reference/0005009_036.jpg
building_10,0005009,reference,dataset_splits/10_buildings/building_10/0005009/reference/0005009_051.jpg
building_10,0005009,reference,dataset_splits/10_buildings/building_10/0005009/reference/0005009_055.jpg
building_10,0005009,reference,dataset_splits/10_buildings/building_10/0005009/reference/0005009_064.jpg
building_10,0005009,reference,dataset_splits/10_buildings/building_10/0005009/reference/0005009_074.jpg
building_10,0005009,reference,dataset_splits/10_buildings/building_10/0005009/reference/0005009_078.jpg
building_10,0005009,reference,dataset_splits/10_buildings/building_10/0005009/reference/0005009_085.jpg
building_10,0005009,reference,dataset_splits/10_buildings/building_10/0005009/reference/0005009_089.jpg
building_10,0005009,reference,dataset_splits/10_buildings/building_10/0005009/reference/0005009_090.jpg
building_10,0005009,reference,dataset_splits/10_buildings/building_10/0005009/reference/0005009_094.jpg
building_10,0005009,reference,dataset_splits/10_buildings/building_10/0005009/reference/0005009_118.jpg
building_10,0005009,reference,dataset_splits/10_buildings/building_10/0005009/reference/0005009_131.jpg
building_10,0005009,reference,dataset_splits/10_buildings/building_10/0005009/reference/0005009_139.jpg
building_10,0005009,reference,dataset_splits/10_buildings/building_10/0005009/reference/0005009_140.jpg
building_10,0005009,reference,dataset_splits/10_buildings/building_10/0005009/reference/0005009_148.jpg
building_10,0005009,reference,dataset_splits/10_buildings/building_10/0005009/reference/0005009_162.jpg
building_10,0005009,test,dataset_splits/10_buildings/building_10/0005009/test/0005009_003.jpg
building_10,0005009,test,dataset_splits/10_buildings/building_10/0005009/test/0005009_007.jpg
building_10,0005009,test,dataset_splits/10_buildings/building_10/0005009/test/0005009_018.jpg
building_10,0005009,test,dataset_splits/10_buildings/building_10/0005009/test/0005009_022.jpg
building_10,0005009,test,dataset_splits/10_buildings/building_10/0005009/test/0005009_033.jpg
building_10,0005009,test,dataset_splits/10_buildings/building_10/0005009/test/0005009_034.jpg
building_10,0005009,test,dataset_splits/10_buildings/building_10/0005009/test/0005009_042.jpg
building_10,0005009,test,dataset_splits/10_buildings/building_10/0005009/test/0005009_052.jpg
building_10,0005009,test,dataset_splits/10_buildings/building_10/0005009/test/0005009_066.jpg
building_10,0005009,test,dataset_splits/10_buildings/building_10/0005009/test/0005009_068.jpg
building_10,0005009,test,dataset_splits/10_buildings/building_10/0005009/test/0005009_084.jpg
building_10,0005009,test,dataset_splits/10_buildings/building_10/0005009/test/0005009_091.jpg
building_10,0005009,test,dataset_splits/10_buildings/building_10/0005009/test/0005009_110.jpg
building_10,0005009,test,dataset_splits/10_buildings/building_10/0005009/test/0005009_119.jpg
building_10,0005009,test,dataset_splits/10_buildings/building_10/0005009/test/0005009_120.jpg
building_10,0005009,test,dataset_splits/10_buildings/building_10/0005009/test/0005009_132.jpg
building_10,0005009,test,dataset_splits/10_buildings/building_10/0005009/test/0005009_161.jpg
building_10,0005009,test,dataset_splits/10_buildings/building_10/0005009/test/0005009_165.jpg
building_10,0005009,test,dataset_splits/10_buildings/building_10/0005009/test/0005009_166.jpg
building_10,0005009,test,dataset_splits/10_buildings/building_10/0005009/test/0005009_167.jpg
building_10,0005128,reference,dataset_splits/10_buildings/building_10/0005128/reference/0005128_011.jpg
building_10,0005128,reference,dataset_splits/10_buildings/building_10/0005128/reference/0005128_012.jpg
building_10,0005128,reference,dataset_splits/10_buildings/building_10/0005128/reference/0005128_015.jpg
building_10,0005128,reference,dataset_splits/10_buildings/building_10/0005128/reference/0005128_038.jpg
building_10,0005128,reference,dataset_splits/10_buildings/building_10/0005128/reference/0005128_039.jpg
building_10,0005128,reference,dataset_splits/10_buildings/building_10/0005128/reference/0005128_042.jpg
building_10,0005128,reference,dataset_splits/10_buildings/building_10/0005128/reference/0005128_043.jpg
building_10,0005128,reference,dataset_splits/10_buildings/building_10/0005128/reference/0005128_050.jpg
building_10,0005128,reference,dataset_splits/10_buildings/building_10/0005128/reference/0005128_053.jpg
building_10,0005128,reference,dataset_splits/10_buildings/building_10/0005128/reference/0005128_064.jpg
building_10,0005128,reference,dataset_splits/10_buildings/building_10/0005128/reference/0005128_067.jpg
building_10,0005128,reference,dataset_splits/10_buildings/building_10/0005128/reference/0005128_068.jpg
building_10,0005128,reference,dataset_splits/10_buildings/building_10/0005128/reference/0005128_075.jpg
building_10,0005128,reference,dataset_splits/10_buildings/building_10/0005128/reference/0005128_086.jpg
building_10,0005128,reference,dataset_splits/10_buildings/building_10/0005128/reference/0005128_091.jpg
building_10,0005128,reference,dataset_splits/10_buildings/building_10/0005128/reference/0005128_099.jpg
building_10,0005128,reference,dataset_splits/10_buildings/building_10/0005128/reference/0005128_100.jpg
building_10,0005128,reference,dataset_splits/10_buildings/building_10/0005128/reference/0005128_101.jpg
building_10,0005128,reference,dataset_splits/10_buildings/building_10/0005128/reference/0005128_102.jpg
building_10,0005128,reference,dataset_splits/10_buildings/building_10/0005128/reference/0005128_110.jpg
building_10,0005128,test,dataset_splits/10_buildings/building_10/0005128/test/0005128_005.jpg
building_10,0005128,test,dataset_splits/10_buildings/building_10/0005128/test/0005128_006.jpg
building_10,0005128,test,dataset_splits/10_buildings/building_10/0005128/test/0005128_014.jpg
building_10,0005128,test,dataset_splits/10_buildings/building_10/0005128/test/0005128_017.jpg
building_10,0005128,test,dataset_splits/10_buildings/building_10/0005128/test/0005128_019.jpg
building_10,0005128,test,dataset_splits/10_buildings/building_10/0005128/test/0005128_021.jpg
building_10,0005128,test,dataset_splits/10_buildings/building_10/0005128/test/0005128_022.jpg
building_10,0005128,test,dataset_splits/10_buildings/building_10/0005128/test/0005128_030.jpg
building_10,0005128,test,dataset_splits/10_buildings/building_10/0005128/test/0005128_032.jpg
building_10,0005128,test,dataset_splits/10_buildings/building_10/0005128/test/0005128_060.jpg
building_10,0005128,test,dataset_splits/10_buildings/building_10/0005128/test/0005128_063.jpg
building_10,0005128,test,dataset_splits/10_buildings/building_10/0005128/test/0005128_076.jpg
building_10,0005128,test,dataset_splits/10_buildings/building_10/0005128/test/0005128_081.jpg
building_10,0005128,test,dataset_splits/10_buildings/building_10/0005128/test/0005128_083.jpg
building_10,0005128,test,dataset_splits/10_buildings/building_10/0005128/test/0005128_085.jpg
building_10,0005128,test,dataset_splits/10_buildings/building_10/0005128/test/0005128_092.jpg
building_10,0005128,test,dataset_splits/10_buildings/building_10/0005128/test/0005128_103.jpg
building_10,0005128,test,dataset_splits/10_buildings/building_10/0005128/test/0005128_112.jpg
building_10,0005128,test,dataset_splits/10_buildings/building_10/0005128/test/0005128_114.jpg
building_10,0005128,test,dataset_splits/10_buildings/building_10/0005128/test/0005128_117.jpg
building_10,0005134,reference,dataset_splits/10_buildings/building_10/0005134/reference/0005134_001.jpg
building_10,0005134,reference,dataset_splits/10_buildings/building_10/0005134/reference/0005134_005.jpg
building_10,0005134,reference,dataset_splits/10_buildings/building_10/0005134/reference/0005134_009.jpg
building_10,0005134,reference,dataset_splits/10_buildings/building_10/0005134/reference/0005134_017.jpg
building_10,0005134,reference,dataset_splits/10_buildings/building_10/0005134/reference/0005134_044.jpg
building_10,0005134,reference,dataset_splits/10_buildings/building_10/0005134/reference/0005134_046.jpg
building_10,0005134,reference,dataset_splits/10_buildings/building_10/0005134/reference/0005134_055.jpg
building_10,0005134,reference,dataset_splits/10_buildings/building_10/0005134/reference/0005134_076.jpg
building_10,0005134,reference,dataset_splits/10_buildings/building_10/0005134/reference/0005134_077.jpg
building_10,0005134,reference,dataset_splits/10_buildings/building_10/0005134/reference/0005134_092.jpg
building_10,0005134,reference,dataset_splits/10_buildings/building_10/0005134/reference/0005134_094.jpg
building_10,0005134,reference,dataset_splits/10_buildings/building_10/0005134/reference/0005134_100.jpg
building_10,0005134,reference,dataset_splits/10_buildings/building_10/0005134/reference/0005134_113.jpg
building_10,0005134,reference,dataset_splits/10_buildings/building_10/0005134/reference/0005134_118.jpg
building_10,0005134,reference,dataset_splits/10_buildings/building_10/0005134/reference/0005134_126.jpg
building_10,0005134,reference,dataset_splits/10_buildings/building_10/0005134/reference/0005134_130.jpg
building_10,0005134,reference,dataset_splits/10_buildings/building_10/0005134/reference/0005134_166.jpg
building_10,0005134,reference,dataset_splits/10_buildings/building_10/0005134/reference/0005134_167.jpg
building_10,0005134,reference,dataset_splits/10_buildings/building_10/0005134/reference/0005134_168.jpg
building_10,0005134,reference,dataset_splits/10_buildings/building_10/0005134/reference/0005134_172.jpg
building_10,0005134,test,dataset_splits/10_buildings/building_10/0005134/test/0005134_003.jpg
building_10,0005134,test,dataset_splits/10_buildings/building_10/0005134/test/0005134_013.jpg
building_10,0005134,test,dataset_splits/10_buildings/building_10/0005134/test/0005134_034.jpg
building_10,0005134,test,dataset_splits/10_buildings/building_10/0005134/test/0005134_049.jpg
building_10,0005134,test,dataset_splits/10_buildings/building_10/0005134/test/0005134_062.jpg
building_10,0005134,test,dataset_splits/10_buildings/building_10/0005134/test/0005134_074.jpg
building_10,0005134,test,dataset_splits/10_buildings/building_10/0005134/test/0005134_081.jpg
building_10,0005134,test,dataset_splits/10_buildings/building_10/0005134/test/0005134_086.jpg
building_10,0005134,test,dataset_splits/10_buildings/building_10/0005134/test/0005134_097.jpg
building_10,0005134,test,dataset_splits/10_buildings/building_10/0005134/test/0005134_111.jpg
building_10,0005134,test,dataset_splits/10_buildings/building_10/0005134/test/0005134_114.jpg
building_10,0005134,test,dataset_splits/10_buildings/building_10/0005134/test/0005134_122.jpg
building_10,0005134,test,dataset_splits/10_buildings/building_10/0005134/test/0005134_140.jpg
building_10,0005134,test,dataset_splits/10_buildings/building_10/0005134/test/0005134_141.jpg
building_10,0005134,test,dataset_splits/10_buildings/building_10/0005134/test/0005134_144.jpg
building_10,0005134,test,dataset_splits/10_buildings/building_10/0005134/test/0005134_146.jpg
building_10,0005134,test,dataset_splits/10_buildings/building_10/0005134/test/0005134_148.jpg
building_10,0005134,test,dataset_splits/10_buildings/building_10/0005134/test/0005134_170.jpg
building_10,0005134,test,dataset_splits/10_buildings/building_10/0005134/test/0005134_173.jpg
building_10,0005134,test,dataset_splits/10_buildings/building_10/0005134/test/0005134_176.jpg
building_10,0005166,reference,dataset_splits/10_buildings/building_10/0005166/reference/0005166_004.jpg
building_10,0005166,reference,dataset_splits/10_buildings/building_10/0005166/reference/0005166_008.jpg
building_10,0005166,reference,dataset_splits/10_buildings/building_10/0005166/reference/0005166_009.jpg
building_10,0005166,reference,dataset_splits/10_buildings/building_10/0005166/reference/0005166_010.jpg
building_10,0005166,reference,dataset_splits/10_buildings/building_10/0005166/reference/0005166_014.jpg
building_10,0005166,reference,dataset_splits/10_buildings/building_10/0005166/reference/0005166_015.jpg
building_10,0005166,reference,dataset_splits/10_buildings/building_10/0005166/reference/0005166_017.jpg
building_10,0005166,reference,dataset_splits/10_buildings/building_10/0005166/reference/0005166_021.jpg
building_10,0005166,reference,dataset_splits/10_buildings/building_10/0005166/reference/0005166_024.jpg
building_10,0005166,reference,dataset_splits/10_buildings/building_10/0005166/reference/0005166_034.jpg
building_10,0005166,reference,dataset_splits/10_buildings/building_10/0005166/reference/0005166_039.jpg
building_10,0005166,reference,dataset_splits/10_buildings/building_10/0005166/reference/0005166_041.jpg
building_10,0005166,reference,dataset_splits/10_buildings/building_10/0005166/reference/0005166_043.jpg
building_10,0005166,reference,dataset_splits/10_buildings/building_10/0005166/reference/0005166_047.jpg
building_10,0005166,reference,dataset_splits/10_buildings/building_10/0005166/reference/0005166_053.jpg
building_10,0005166,reference,dataset_splits/10_buildings/building_10/0005166/reference/0005166_054.jpg
building_10,0005166,reference,dataset_splits/10_buildings/building_10/0005166/reference/0005166_057.jpg
building_10,0005166,reference,dataset_splits/10_buildings/building_10/0005166/reference/0005166_059.jpg
building_10,0005166,reference,dataset_splits/10_buildings/building_10/0005166/reference/0005166_061.jpg
building_10,0005166,reference,dataset_splits/10_buildings/building_10/0005166/reference/0005166_073.jpg
building_10,0005166,test,dataset_splits/10_buildings/building_10/0005166/test/0005166_001.jpg
building_10,0005166,test,dataset_splits/10_buildings/building_10/0005166/test/0005166_006.jpg
building_10,0005166,test,dataset_splits/10_buildings/building_10/0005166/test/0005166_007.jpg
building_10,0005166,test,dataset_splits/10_buildings/building_10/0005166/test/0005166_011.jpg
building_10,0005166,test,dataset_splits/10_buildings/building_10/0005166/test/0005166_019.jpg
building_10,0005166,test,dataset_splits/10_buildings/building_10/0005166/test/0005166_022.jpg
building_10,0005166,test,dataset_splits/10_buildings/building_10/0005166/test/0005166_023.jpg
building_10,0005166,test,dataset_splits/10_buildings/building_10/0005166/test/0005166_025.jpg
building_10,0005166,test,dataset_splits/10_buildings/building_10/0005166/test/0005166_029.jpg
building_10,0005166,test,dataset_splits/10_buildings/building_10/0005166/test/0005166_030.jpg
building_10,0005166,test,dataset_splits/10_buildings/building_10/0005166/test/0005166_031.jpg
building_10,0005166,test,dataset_splits/10_buildings/building_10/0005166/test/0005166_033.jpg
building_10,0005166,test,dataset_splits/10_buildings/building_10/0005166/test/0005166_035.jpg
building_10,0005166,test,dataset_splits/10_buildings/building_10/0005166/test/0005166_037.jpg
building_10,0005166,test,dataset_splits/10_buildings/building_10/0005166/test/0005166_040.jpg
building_10,0005166,test,dataset_splits/10_buildings/building_10/0005166/test/0005166_060.jpg
building_10,0005166,test,dataset_splits/10_buildings/building_10/0005166/test/0005166_067.jpg
building_10,0005166,test,dataset_splits/10_buildings/building_10/0005166/test/0005166_069.jpg
building_10,0005166,test,dataset_splits/10_buildings/building_10/0005166/test/0005166_071.jpg
building_10,0005166,test,dataset_splits/10_buildings/building_10/0005166/test/0005166_074.jpg
building_10,0005176,reference,dataset_splits/10_buildings/building_10/0005176/reference/0005176_001.jpg
building_10,0005176,reference,dataset_splits/10_buildings/building_10/0005176/reference/0005176_008.jpg
building_10,0005176,reference,dataset_splits/10_buildings/building_10/0005176/reference/0005176_012.jpg
building_10,0005176,reference,dataset_splits/10_buildings/building_10/0005176/reference/0005176_022.jpg
building_10,0005176,reference,dataset_splits/10_buildings/building_10/0005176/reference/0005176_028.jpg
building_10,0005176,reference,dataset_splits/10_buildings/building_10/0005176/reference/0005176_030.jpg
building_10,0005176,reference,dataset_splits/10_buildings/building_10/0005176/reference/0005176_032.jpg
building_10,0005176,reference,dataset_splits/10_buildings/building_10/0005176/reference/0005176_035.jpg
building_10,0005176,reference,dataset_splits/10_buildings/building_10/0005176/reference/0005176_037.jpg
building_10,0005176,reference,dataset_splits/10_buildings/building_10/0005176/reference/0005176_039.jpg
building_10,0005176,reference,dataset_splits/10_buildings/building_10/0005176/reference/0005176_042.jpg
building_10,0005176,reference,dataset_splits/10_buildings/building_10/0005176/reference/0005176_047.jpg
building_10,0005176,reference,dataset_splits/10_buildings/building_10/0005176/reference/0005176_049.jpg
building_10,0005176,reference,dataset_splits/10_buildings/building_10/0005176/reference/0005176_053.jpg
building_10,0005176,reference,dataset_splits/10_buildings/building_10/0005176/reference/0005176_055.jpg
building_10,0005176,reference,dataset_splits/10_buildings/building_10/0005176/reference/0005176_064.jpg
building_10,0005176,reference,dataset_splits/10_buildings/building_10/0005176/reference/0005176_065.jpg
building_10,0005176,reference,dataset_splits/10_buildings/building_10/0005176/reference/0005176_066.jpg
building_10,0005176,reference,dataset_splits/10_buildings/building_10/0005176/reference/0005176_067.jpg
building_10,0005176,reference,dataset_splits/10_buildings/building_10/0005176/reference/0005176_073.jpg
building_10,0005176,test,dataset_splits/10_buildings/building_10/0005176/test/0005176_004.jpg
building_10,0005176,test,dataset_splits/10_buildings/building_10/0005176/test/0005176_007.jpg
building_10,0005176,test,dataset_splits/10_buildings/building_10/0005176/test/0005176_017.jpg
building_10,0005176,test,dataset_splits/10_buildings/building_10/0005176/test/0005176_023.jpg
building_10,0005176,test,dataset_splits/10_buildings/building_10/0005176/test/0005176_024.jpg
building_10,0005176,test,dataset_splits/10_buildings/building_10/0005176/test/0005176_026.jpg
building_10,0005176,test,dataset_splits/10_buildings/building_10/0005176/test/0005176_033.jpg
building_10,0005176,test,dataset_splits/10_buildings/building_10/0005176/test/0005176_034.jpg
building_10,0005176,test,dataset_splits/10_buildings/building_10/0005176/test/0005176_036.jpg
building_10,0005176,test,dataset_splits/10_buildings/building_10/0005176/test/0005176_040.jpg
building_10,0005176,test,dataset_splits/10_buildings/building_10/0005176/test/0005176_043.jpg
building_10,0005176,test,dataset_splits/10_buildings/building_10/0005176/test/0005176_044.jpg
building_10,0005176,test,dataset_splits/10_buildings/building_10/0005176/test/0005176_048.jpg
building_10,0005176,test,dataset_splits/10_buildings/building_10/0005176/test/0005176_050.jpg
building_10,0005176,test,dataset_splits/10_buildings/building_10/0005176/test/0005176_051.jpg
building_10,0005176,test,dataset_splits/10_buildings/building_10/0005176/test/0005176_056.jpg
building_10,0005176,test,dataset_splits/10_buildings/building_10/0005176/test/0005176_057.jpg
building_10,0005176,test,dataset_splits/10_buildings/building_10/0005176/test/0005176_069.jpg
building_10,0005176,test,dataset_splits/10_buildings/building_10/0005176/test/0005176_070.jpg
building_10,0005176,test,dataset_splits/10_buildings/building_10/0005176/test/0005176_074.jpg
building_10,0005253,reference,dataset_splits/10_buildings/building_10/0005253/reference/0005253_005.jpg
building_10,0005253,reference,dataset_splits/10_buildings/building_10/0005253/reference/0005253_016.jpg
building_10,0005253,reference,dataset_splits/10_buildings/building_10/0005253/reference/0005253_044.jpg
building_10,0005253,reference,dataset_splits/10_buildings/building_10/0005253/reference/0005253_056.jpg
building_10,0005253,reference,dataset_splits/10_buildings/building_10/0005253/reference/0005253_061.jpg
building_10,0005253,reference,dataset_splits/10_buildings/building_10/0005253/reference/0005253_079.jpg
building_10,0005253,reference,dataset_splits/10_buildings/building_10/0005253/reference/0005253_110.jpg
building_10,0005253,reference,dataset_splits/10_buildings/building_10/0005253/reference/0005253_162.jpg
building_10,0005253,reference,dataset_splits/10_buildings/building_10/0005253/reference/0005253_172.jpg
building_10,0005253,reference,dataset_splits/10_buildings/building_10/0005253/reference/0005253_175.jpg
building_10,0005253,reference,dataset_splits/10_buildings/building_10/0005253/reference/0005253_176.jpg
building_10,0005253,reference,dataset_splits/10_buildings/building_10/0005253/reference/0005253_182.jpg
building_10,0005253,reference,dataset_splits/10_buildings/building_10/0005253/reference/0005253_186.jpg
building_10,0005253,reference,dataset_splits/10_buildings/building_10/0005253/reference/0005253_215.jpg
building_10,0005253,reference,dataset_splits/10_buildings/building_10/0005253/reference/0005253_216.jpg
building_10,0005253,reference,dataset_splits/10_buildings/building_10/0005253/reference/0005253_243.jpg
building_10,0005253,reference,dataset_splits/10_buildings/building_10/0005253/reference/0005253_259.jpg
building_10,0005253,reference,dataset_splits/10_buildings/building_10/0005253/reference/0005253_266.jpg
building_10,0005253,reference,dataset_splits/10_buildings/building_10/0005253/reference/0005253_267.jpg
building_10,0005253,reference,dataset_splits/10_buildings/building_10/0005253/reference/0005253_293.jpg
building_10,0005253,test,dataset_splits/10_buildings/building_10/0005253/test/0005253_004.jpg
building_10,0005253,test,dataset_splits/10_buildings/building_10/0005253/test/0005253_053.jpg
building_10,0005253,test,dataset_splits/10_buildings/building_10/0005253/test/0005253_081.jpg
building_10,0005253,test,dataset_splits/10_buildings/building_10/0005253/test/0005253_082.jpg
building_10,0005253,test,dataset_splits/10_buildings/building_10/0005253/test/0005253_095.jpg
building_10,0005253,test,dataset_splits/10_buildings/building_10/0005253/test/0005253_113.jpg
building_10,0005253,test,dataset_splits/10_buildings/building_10/0005253/test/0005253_121.jpg
building_10,0005253,test,dataset_splits/10_buildings/building_10/0005253/test/0005253_131.jpg
building_10,0005253,test,dataset_splits/10_buildings/building_10/0005253/test/0005253_167.jpg
building_10,0005253,test,dataset_splits/10_buildings/building_10/0005253/test/0005253_171.jpg
building_10,0005253,test,dataset_splits/10_buildings/building_10/0005253/test/0005253_173.jpg
building_10,0005253,test,dataset_splits/10_buildings/building_10/0005253/test/0005253_192.jpg
building_10,0005253,test,dataset_splits/10_buildings/building_10/0005253/test/0005253_195.jpg
building_10,0005253,test,dataset_splits/10_buildings/building_10/0005253/test/0005253_196.jpg
building_10,0005253,test,dataset_splits/10_buildings/building_10/0005253/test/0005253_201.jpg
building_10,0005253,test,dataset_splits/10_buildings/building_10/0005253/test/0005253_203.jpg
building_10,0005253,test,dataset_splits/10_buildings/building_10/0005253/test/0005253_242.jpg
building_10,0005253,test,dataset_splits/10_buildings/building_10/0005253/test/0005253_255.jpg
building_10,0005253,test,dataset_splits/10_buildings/building_10/0005253/test/0005253_273.jpg
building_10,0005253,test,dataset_splits/10_buildings/building_10/0005253/test/0005253_305.jpg
building_10,0005261,reference,dataset_splits/10_buildings/building_10/0005261/reference/0005261_036.jpg
building_10,0005261,reference,dataset_splits/10_buildings/building_10/0005261/reference/0005261_051.jpg
building_10,0005261,reference,dataset_splits/10_buildings/building_10/0005261/reference/0005261_056.jpg
building_10,0005261,reference,dataset_splits/10_buildings/building_10/0005261/reference/0005261_070.jpg
building_10,0005261,reference,dataset_splits/10_buildings/building_10/0005261/reference/0005261_072.jpg
building_10,0005261,reference,dataset_splits/10_buildings/building_10/0005261/reference/0005261_073.jpg
building_10,0005261,reference,dataset_splits/10_buildings/building_10/0005261/reference/0005261_077.jpg
building_10,0005261,reference,dataset_splits/10_buildings/building_10/0005261/reference/0005261_084.jpg
building_10,0005261,reference,dataset_splits/10_buildings/building_10/0005261/reference/0005261_092.jpg
building_10,0005261,reference,dataset_splits/10_buildings/building_10/0005261/reference/0005261_120.jpg
building_10,0005261,reference,dataset_splits/10_buildings/building_10/0005261/reference/0005261_130.jpg
building_10,0005261,reference,dataset_splits/10_buildings/building_10/0005261/reference/0005261_147.jpg
building_10,0005261,reference,dataset_splits/10_buildings/building_10/0005261/reference/0005261_192.jpg
building_10,0005261,reference,dataset_splits/10_buildings/building_10/0005261/reference/0005261_194.jpg
building_10,0005261,reference,dataset_splits/10_buildings/building_10/0005261/reference/0005261_207.jpg
building_10,0005261,reference,dataset_splits/10_buildings/building_10/0005261/reference/0005261_211.jpg
building_10,0005261,reference,dataset_splits/10_buildings/building_10/0005261/reference/0005261_222.jpg
building_10,0005261,reference,dataset_splits/10_buildings/building_10/0005261/reference/0005261_225.jpg
building_10,0005261,reference,dataset_splits/10_buildings/building_10/0005261/reference/0005261_232.jpg
building_10,0005261,reference,dataset_splits/10_buildings/building_10/0005261/reference/0005261_244.jpg
building_10,0005261,test,dataset_splits/10_buildings/building_10/0005261/test/0005261_027.jpg
building_10,0005261,test,dataset_splits/10_buildings/building_10/0005261/test/0005261_033.jpg
building_10,0005261,test,dataset_splits/10_buildings/building_10/0005261/test/0005261_040.jpg
building_10,0005261,test,dataset_splits/10_buildings/building_10/0005261/test/0005261_047.jpg
building_10,0005261,test,dataset_splits/10_buildings/building_10/0005261/test/0005261_052.jpg
building_10,0005261,test,dataset_splits/10_buildings/building_10/0005261/test/0005261_074.jpg
building_10,0005261,test,dataset_splits/10_buildings/building_10/0005261/test/0005261_099.jpg
building_10,0005261,test,dataset_splits/10_buildings/building_10/0005261/test/0005261_100.jpg
building_10,0005261,test,dataset_splits/10_buildings/building_10/0005261/test/0005261_114.jpg
building_10,0005261,test,dataset_splits/10_buildings/building_10/0005261/test/0005261_117.jpg
building_10,0005261,test,dataset_splits/10_buildings/building_10/0005261/test/0005261_133.jpg
building_10,0005261,test,dataset_splits/10_buildings/building_10/0005261/test/0005261_151.jpg
building_10,0005261,test,dataset_splits/10_buildings/building_10/0005261/test/0005261_155.jpg
building_10,0005261,test,dataset_splits/10_buildings/building_10/0005261/test/0005261_174.jpg
building_10,0005261,test,dataset_splits/10_buildings/building_10/0005261/test/0005261_185.jpg
building_10,0005261,test,dataset_splits/10_buildings/building_10/0005261/test/0005261_193.jpg
building_10,0005261,test,dataset_splits/10_buildings/building_10/0005261/test/0005261_195.jpg
building_10,0005261,test,dataset_splits/10_buildings/building_10/0005261/test/0005261_206.jpg
building_10,0005261,test,dataset_splits/10_buildings/building_10/0005261/test/0005261_218.jpg
building_10,0005261,test,dataset_splits/10_buildings/building_10/0005261/test/0005261_247.jpg
building_10,0005273,reference,dataset_splits/10_buildings/building_10/0005273/reference/0005273_002.jpg
building_10,0005273,reference,dataset_splits/10_buildings/building_10/0005273/reference/0005273_010.jpg
building_10,0005273,reference,dataset_splits/10_buildings/building_10/0005273/reference/0005273_015.jpg
building_10,0005273,reference,dataset_splits/10_buildings/building_10/0005273/reference/0005273_018.jpg
building_10,0005273,reference,dataset_splits/10_buildings/building_10/0005273/reference/0005273_020.jpg
building_10,0005273,reference,dataset_splits/10_buildings/building_10/0005273/reference/0005273_021.jpg
building_10,0005273,reference,dataset_splits/10_buildings/building_10/0005273/reference/0005273_023.jpg
building_10,0005273,reference,dataset_splits/10_buildings/building_10/0005273/reference/0005273_025.jpg
building_10,0005273,reference,dataset_splits/10_buildings/building_10/0005273/reference/0005273_033.jpg
building_10,0005273,reference,dataset_splits/10_buildings/building_10/0005273/reference/0005273_040.jpg
building_10,0005273,reference,dataset_splits/10_buildings/building_10/0005273/reference/0005273_042.jpg
building_10,0005273,reference,dataset_splits/10_buildings/building_10/0005273/reference/0005273_046.jpg
building_10,0005273,reference,dataset_splits/10_buildings/building_10/0005273/reference/0005273_049.jpg
building_10,0005273,reference,dataset_splits/10_buildings/building_10/0005273/reference/0005273_054.jpg
building_10,0005273,reference,dataset_splits/10_buildings/building_10/0005273/reference/0005273_066.jpg
building_10,0005273,reference,dataset_splits/10_buildings/building_10/0005273/reference/0005273_069.jpg
building_10,0005273,reference,dataset_splits/10_buildings/building_10/0005273/reference/0005273_082.jpg
building_10,0005273,reference,dataset_splits/10_buildings/building_10/0005273/reference/0005273_102.jpg
building_10,0005273,reference,dataset_splits/10_buildings/building_10/0005273/reference/0005273_103.jpg
building_10,0005273,reference,dataset_splits/10_buildings/building_10/0005273/reference/0005273_116.jpg
building_10,0005273,test,dataset_splits/10_buildings/building_10/0005273/test/0005273_013.jpg
building_10,0005273,test,dataset_splits/10_buildings/building_10/0005273/test/0005273_022.jpg
building_10,0005273,test,dataset_splits/10_buildings/building_10/0005273/test/0005273_030.jpg
building_10,0005273,test,dataset_splits/10_buildings/building_10/0005273/test/0005273_037.jpg
building_10,0005273,test,dataset_splits/10_buildings/building_10/0005273/test/0005273_039.jpg
building_10,0005273,test,dataset_splits/10_buildings/building_10/0005273/test/0005273_045.jpg
building_10,0005273,test,dataset_splits/10_buildings/building_10/0005273/test/0005273_047.jpg
building_10,0005273,test,dataset_splits/10_buildings/building_10/0005273/test/0005273_052.jpg
building_10,0005273,test,dataset_splits/10_buildings/building_10/0005273/test/0005273_055.jpg
building_10,0005273,test,dataset_splits/10_buildings/building_10/0005273/test/0005273_062.jpg
building_10,0005273,test,dataset_splits/10_buildings/building_10/0005273/test/0005273_070.jpg
building_10,0005273,test,dataset_splits/10_buildings/building_10/0005273/test/0005273_074.jpg
building_10,0005273,test,dataset_splits/10_buildings/building_10/0005273/test/0005273_084.jpg
building_10,0005273,test,dataset_splits/10_buildings/building_10/0005273/test/0005273_088.jpg
building_10,0005273,test,dataset_splits/10_buildings/building_10/0005273/test/0005273_089.jpg
building_10,0005273,test,dataset_splits/10_buildings/building_10/0005273/test/0005273_093.jpg
building_10,0005273,test,dataset_splits/10_buildings/building_10/0005273/test/0005273_095.jpg
building_10,0005273,test,dataset_splits/10_buildings/building_10/0005273/test/0005273_098.jpg
building_10,0005273,test,dataset_splits/10_buildings/building_10/0005273/test/0005273_107.jpg
building_10,0005273,test,dataset_splits/10_buildings/building_10/0005273/test/0005273_110.jpg
building_10,0005299,reference,dataset_splits/10_buildings/building_10/0005299/reference/0005299_001.jpg
building_10,0005299,reference,dataset_splits/10_buildings/building_10/0005299/reference/0005299_009.jpg
building_10,0005299,reference,dataset_splits/10_buildings/building_10/0005299/reference/0005299_010.jpg
building_10,0005299,reference,dataset_splits/10_buildings/building_10/0005299/reference/0005299_020.jpg
building_10,0005299,reference,dataset_splits/10_buildings/building_10/0005299/reference/0005299_023.jpg
building_10,0005299,reference,dataset_splits/10_buildings/building_10/0005299/reference/0005299_026.jpg
building_10,0005299,reference,dataset_splits/10_buildings/building_10/0005299/reference/0005299_032.jpg
building_10,0005299,reference,dataset_splits/10_buildings/building_10/0005299/reference/0005299_035.jpg
building_10,0005299,reference,dataset_splits/10_buildings/building_10/0005299/reference/0005299_039.jpg
building_10,0005299,reference,dataset_splits/10_buildings/building_10/0005299/reference/0005299_054.jpg
building_10,0005299,reference,dataset_splits/10_buildings/building_10/0005299/reference/0005299_077.jpg
building_10,0005299,reference,dataset_splits/10_buildings/building_10/0005299/reference/0005299_085.jpg
building_10,0005299,reference,dataset_splits/10_buildings/building_10/0005299/reference/0005299_093.jpg
building_10,0005299,reference,dataset_splits/10_buildings/building_10/0005299/reference/0005299_107.jpg
building_10,0005299,reference,dataset_splits/10_buildings/building_10/0005299/reference/0005299_115.jpg
building_10,0005299,reference,dataset_splits/10_buildings/building_10/0005299/reference/0005299_132.jpg
building_10,0005299,reference,dataset_splits/10_buildings/building_10/0005299/reference/0005299_136.jpg
building_10,0005299,reference,dataset_splits/10_buildings/building_10/0005299/reference/0005299_140.jpg
building_10,0005299,reference,dataset_splits/10_buildings/building_10/0005299/reference/0005299_154.jpg
building_10,0005299,reference,dataset_splits/10_buildings/building_10/0005299/reference/0005299_157.jpg
building_10,0005299,test,dataset_splits/10_buildings/building_10/0005299/test/0005299_013.jpg
building_10,0005299,test,dataset_splits/10_buildings/building_10/0005299/test/0005299_014.jpg
building_10,0005299,test,dataset_splits/10_buildings/building_10/0005299/test/0005299_016.jpg
building_10,0005299,test,dataset_splits/10_buildings/building_10/0005299/test/0005299_034.jpg
building_10,0005299,test,dataset_splits/10_buildings/building_10/0005299/test/0005299_042.jpg
building_10,0005299,test,dataset_splits/10_buildings/building_10/0005299/test/0005299_055.jpg
building_10,0005299,test,dataset_splits/10_buildings/building_10/0005299/test/0005299_058.jpg
building_10,0005299,test,dataset_splits/10_buildings/building_10/0005299/test/0005299_070.jpg
building_10,0005299,test,dataset_splits/10_buildings/building_10/0005299/test/0005299_073.jpg
building_10,0005299,test,dataset_splits/10_buildings/building_10/0005299/test/0005299_079.jpg
building_10,0005299,test,dataset_splits/10_buildings/building_10/0005299/test/0005299_089.jpg
building_10,0005299,test,dataset_splits/10_buildings/building_10/0005299/test/0005299_097.jpg
building_10,0005299,test,dataset_splits/10_buildings/building_10/0005299/test/0005299_102.jpg
building_10,0005299,test,dataset_splits/10_buildings/building_10/0005299/test/0005299_103.jpg
building_10,0005299,test,dataset_splits/10_buildings/building_10/0005299/test/0005299_109.jpg
building_10,0005299,test,dataset_splits/10_buildings/building_10/0005299/test/0005299_124.jpg
building_10,0005299,test,dataset_splits/10_buildings/building_10/0005299/test/0005299_129.jpg
building_10,0005299,test,dataset_splits/10_buildings/building_10/0005299/test/0005299_143.jpg
building_10,0005299,test,dataset_splits/10_buildings/building_10/0005299/test/0005299_152.jpg
building_10,0005299,test,dataset_splits/10_buildings/building_10/0005299/test/0005299_156.jpg
building_10,0005362,reference,dataset_splits/10_buildings/building_10/0005362/reference/0005362_039.jpg
building_10,0005362,reference,dataset_splits/10_buildings/building_10/0005362/reference/0005362_041.jpg
building_10,0005362,reference,dataset_splits/10_buildings/building_10/0005362/reference/0005362_043.jpg
building_10,0005362,reference,dataset_splits/10_buildings/building_10/0005362/reference/0005362_046.jpg
building_10,0005362,reference,dataset_splits/10_buildings/building_10/0005362/reference/0005362_052.jpg
building_10,0005362,reference,dataset_splits/10_buildings/building_10/0005362/reference/0005362_079.jpg
building_10,0005362,reference,dataset_splits/10_buildings/building_10/0005362/reference/0005362_093.jpg
building_10,0005362,reference,dataset_splits/10_buildings/building_10/0005362/reference/0005362_104.jpg
building_10,0005362,reference,dataset_splits/10_buildings/building_10/0005362/reference/0005362_106.jpg
building_10,0005362,reference,dataset_splits/10_buildings/building_10/0005362/reference/0005362_107.jpg
building_10,0005362,reference,dataset_splits/10_buildings/building_10/0005362/reference/0005362_114.jpg
building_10,0005362,reference,dataset_splits/10_buildings/building_10/0005362/reference/0005362_118.jpg
building_10,0005362,reference,dataset_splits/10_buildings/building_10/0005362/reference/0005362_135.jpg
building_10,0005362,reference,dataset_splits/10_buildings/building_10/0005362/reference/0005362_142.jpg
building_10,0005362,reference,dataset_splits/10_buildings/building_10/0005362/reference/0005362_146.jpg
building_10,0005362,reference,dataset_splits/10_buildings/building_10/0005362/reference/0005362_150.jpg
building_10,0005362,reference,dataset_splits/10_buildings/building_10/0005362/reference/0005362_175.jpg
building_10,0005362,reference,dataset_splits/10_buildings/building_10/0005362/reference/0005362_177.jpg
building_10,0005362,reference,dataset_splits/10_buildings/building_10/0005362/reference/0005362_178.jpg
building_10,0005362,reference,dataset_splits/10_buildings/building_10/0005362/reference/0005362_179.jpg
building_10,0005362,test,dataset_splits/10_buildings/building_10/0005362/test/0005362_014.jpg
building_10,0005362,test,dataset_splits/10_buildings/building_10/0005362/test/0005362_020.jpg
building_10,0005362,test,dataset_splits/10_buildings/building_10/0005362/test/0005362_023.jpg
building_10,0005362,test,dataset_splits/10_buildings/building_10/0005362/test/0005362_065.jpg
building_10,0005362,test,dataset_splits/10_buildings/building_10/0005362/test/0005362_066.jpg
building_10,0005362,test,dataset_splits/10_buildings/building_10/0005362/test/0005362_067.jpg
building_10,0005362,test,dataset_splits/10_buildings/building_10/0005362/test/0005362_069.jpg
building_10,0005362,test,dataset_splits/10_buildings/building_10/0005362/test/0005362_070.jpg
building_10,0005362,test,dataset_splits/10_buildings/building_10/0005362/test/0005362_072.jpg
building_10,0005362,test,dataset_splits/10_buildings/building_10/0005362/test/0005362_084.jpg
building_10,0005362,test,dataset_splits/10_buildings/building_10/0005362/test/0005362_085.jpg
building_10,0005362,test,dataset_splits/10_buildings/building_10/0005362/test/0005362_089.jpg
building_10,0005362,test,dataset_splits/10_buildings/building_10/0005362/test/0005362_102.jpg
building_10,0005362,test,dataset_splits/10_buildings/building_10/0005362/test/0005362_103.jpg
building_10,0005362,test,dataset_splits/10_buildings/building_10/0005362/test/0005362_122.jpg
building_10,0005362,test,dataset_splits/10_buildings/building_10/0005362/test/0005362_124.jpg
building_10,0005362,test,dataset_splits/10_buildings/building_10/0005362/test/0005362_125.jpg
building_10,0005362,test,dataset_splits/10_buildings/building_10/0005362/test/0005362_131.jpg
building_10,0005362,test,dataset_splits/10_buildings/building_10/0005362/test/0005362_139.jpg
building_10,0005362,test,dataset_splits/10_buildings/building_10/0005362/test/0005362_167.jpg
building_10,0005381,reference,dataset_splits/10_buildings/building_10/0005381/reference/0005381_009.jpg
building_10,0005381,reference,dataset_splits/10_buildings/building_10/0005381/reference/0005381_010.jpg
building_10,0005381,reference,dataset_splits/10_buildings/building_10/0005381/reference/0005381_016.jpg
building_10,0005381,reference,dataset_splits/10_buildings/building_10/0005381/reference/0005381_038.jpg
building_10,0005381,reference,dataset_splits/10_buildings/building_10/0005381/reference/0005381_039.jpg
building_10,0005381,reference,dataset_splits/10_buildings/building_10/0005381/reference/0005381_059.jpg
building_10,0005381,reference,dataset_splits/10_buildings/building_10/0005381/reference/0005381_082.jpg
building_10,0005381,reference,dataset_splits/10_buildings/building_10/0005381/reference/0005381_122.jpg
building_10,0005381,reference,dataset_splits/10_buildings/building_10/0005381/reference/0005381_152.jpg
building_10,0005381,reference,dataset_splits/10_buildings/building_10/0005381/reference/0005381_157.jpg
building_10,0005381,reference,dataset_splits/10_buildings/building_10/0005381/reference/0005381_199.jpg
building_10,0005381,reference,dataset_splits/10_buildings/building_10/0005381/reference/0005381_206.jpg
building_10,0005381,reference,dataset_splits/10_buildings/building_10/0005381/reference/0005381_213.jpg
building_10,0005381,reference,dataset_splits/10_buildings/building_10/0005381/reference/0005381_218.jpg
building_10,0005381,reference,dataset_splits/10_buildings/building_10/0005381/reference/0005381_232.jpg
building_10,0005381,reference,dataset_splits/10_buildings/building_10/0005381/reference/0005381_252.jpg
building_10,0005381,reference,dataset_splits/10_buildings/building_10/0005381/reference/0005381_260.jpg
building_10,0005381,reference,dataset_splits/10_buildings/building_10/0005381/reference/0005381_264.jpg
building_10,0005381,reference,dataset_splits/10_buildings/building_10/0005381/reference/0005381_268.jpg
building_10,0005381,reference,dataset_splits/10_buildings/building_10/0005381/reference/0005381_270.jpg
building_10,0005381,test,dataset_splits/10_buildings/building_10/0005381/test/0005381_002.jpg
building_10,0005381,test,dataset_splits/10_buildings/building_10/0005381/test/0005381_003.jpg
building_10,0005381,test,dataset_splits/10_buildings/building_10/0005381/test/0005381_004.jpg
building_10,0005381,test,dataset_splits/10_buildings/building_10/0005381/test/0005381_011.jpg
building_10,0005381,test,dataset_splits/10_buildings/building_10/0005381/test/0005381_036.jpg
building_10,0005381,test,dataset_splits/10_buildings/building_10/0005381/test/0005381_037.jpg
building_10,0005381,test,dataset_splits/10_buildings/building_10/0005381/test/0005381_046.jpg
building_10,0005381,test,dataset_splits/10_buildings/building_10/0005381/test/0005381_056.jpg
building_10,0005381,test,dataset_splits/10_buildings/building_10/0005381/test/0005381_063.jpg
building_10,0005381,test,dataset_splits/10_buildings/building_10/0005381/test/0005381_064.jpg
building_10,0005381,test,dataset_splits/10_buildings/building_10/0005381/test/0005381_067.jpg
building_10,0005381,test,dataset_splits/10_buildings/building_10/0005381/test/0005381_081.jpg
building_10,0005381,test,dataset_splits/10_buildings/building_10/0005381/test/0005381_090.jpg
building_10,0005381,test,dataset_splits/10_buildings/building_10/0005381/test/0005381_095.jpg
building_10,0005381,test,dataset_splits/10_buildings/building_10/0005381/test/0005381_103.jpg
building_10,0005381,test,dataset_splits/10_buildings/building_10/0005381/test/0005381_113.jpg
building_10,0005381,test,dataset_splits/10_buildings/building_10/0005381/test/0005381_120.jpg
building_10,0005381,test,dataset_splits/10_buildings/building_10/0005381/test/0005381_169.jpg
building_10,0005381,test,dataset_splits/10_buildings/building_10/0005381/test/0005381_192.jpg
building_10,0005381,test,dataset_splits/10_buildings/building_10/0005381/test/0005381_249.jpg
building_10,0005428,reference,dataset_splits/10_buildings/building_10/0005428/reference/0005428_001.jpg
building_10,0005428,reference,dataset_splits/10_buildings/building_10/0005428/reference/0005428_009.jpg
building_10,0005428,reference,dataset_splits/10_buildings/building_10/0005428/reference/0005428_015.jpg
building_10,0005428,reference,dataset_splits/10_buildings/building_10/0005428/reference/0005428_018.jpg
building_10,0005428,reference,dataset_splits/10_buildings/building_10/0005428/reference/0005428_019.jpg
building_10,0005428,reference,dataset_splits/10_buildings/building_10/0005428/reference/0005428_020.jpg
building_10,0005428,reference,dataset_splits/10_buildings/building_10/0005428/reference/0005428_021.jpg
building_10,0005428,reference,dataset_splits/10_buildings/building_10/0005428/reference/0005428_022.jpg
building_10,0005428,reference,dataset_splits/10_buildings/building_10/0005428/reference/0005428_024.jpg
building_10,0005428,reference,dataset_splits/10_buildings/building_10/0005428/reference/0005428_025.jpg
building_10,0005428,reference,dataset_splits/10_buildings/building_10/0005428/reference/0005428_029.jpg
building_10,0005428,reference,dataset_splits/10_buildings/building_10/0005428/reference/0005428_030.jpg
building_10,0005428,reference,dataset_splits/10_buildings/building_10/0005428/reference/0005428_031.jpg
building_10,0005428,reference,dataset_splits/10_buildings/building_10/0005428/reference/0005428_033.jpg
building_10,0005428,reference,dataset_splits/10_buildings/building_10/0005428/reference/0005428_035.jpg
building_10,0005428,reference,dataset_splits/10_buildings/building_10/0005428/reference/0005428_038.jpg
building_10,0005428,reference,dataset_splits/10_buildings/building_10/0005428/reference/0005428_040.jpg
building_10,0005428,reference,dataset_splits/10_buildings/building_10/0005428/reference/0005428_041.jpg
building_10,0005428,reference,dataset_splits/10_buildings/building_10/0005428/reference/0005428_042.jpg
building_10,0005428,reference,dataset_splits/10_buildings/building_10/0005428/reference/0005428_052.jpg
building_10,0005428,test,dataset_splits/10_buildings/building_10/0005428/test/0005428_002.jpg
building_10,0005428,test,dataset_splits/10_buildings/building_10/0005428/test/0005428_003.jpg
building_10,0005428,test,dataset_splits/10_buildings/building_10/0005428/test/0005428_004.jpg
building_10,0005428,test,dataset_splits/10_buildings/building_10/0005428/test/0005428_005.jpg
building_10,0005428,test,dataset_splits/10_buildings/building_10/0005428/test/0005428_006.jpg
building_10,0005428,test,dataset_splits/10_buildings/building_10/0005428/test/0005428_007.jpg
building_10,0005428,test,dataset_splits/10_buildings/building_10/0005428/test/0005428_010.jpg
building_10,0005428,test,dataset_splits/10_buildings/building_10/0005428/test/0005428_011.jpg
building_10,0005428,test,dataset_splits/10_buildings/building_10/0005428/test/0005428_013.jpg
building_10,0005428,test,dataset_splits/10_buildings/building_10/0005428/test/0005428_014.jpg
building_10,0005428,test,dataset_splits/10_buildings/building_10/0005428/test/0005428_016.jpg
building_10,0005428,test,dataset_splits/10_buildings/building_10/0005428/test/0005428_023.jpg
building_10,0005428,test,dataset_splits/10_buildings/building_10/0005428/test/0005428_032.jpg
building_10,0005428,test,dataset_splits/10_buildings/building_10/0005428/test/0005428_034.jpg
building_10,0005428,test,dataset_splits/10_buildings/building_10/0005428/test/0005428_036.jpg
building_10,0005428,test,dataset_splits/10_buildings/building_10/0005428/test/0005428_037.jpg
building_10,0005428,test,dataset_splits/10_buildings/building_10/0005428/test/0005428_039.jpg
building_10,0005428,test,dataset_splits/10_buildings/building_10/0005428/test/0005428_043.jpg
building_10,0005428,test,dataset_splits/10_buildings/building_10/0005428/test/0005428_044.jpg
building_10,0005428,test,dataset_splits/10_buildings/building_10/0005428/test/0005428_045.jpg
