building,occupant_id,split,image_path
building_8,0000103,reference,dataset_splits/10_buildings/building_8/0000103/reference/0000103_006.jpg
building_8,0000103,reference,dataset_splits/10_buildings/building_8/0000103/reference/0000103_010.jpg
building_8,0000103,reference,dataset_splits/10_buildings/building_8/0000103/reference/0000103_017.jpg
building_8,0000103,reference,dataset_splits/10_buildings/building_8/0000103/reference/0000103_020.jpg
building_8,0000103,reference,dataset_splits/10_buildings/building_8/0000103/reference/0000103_022.jpg
building_8,0000103,reference,dataset_splits/10_buildings/building_8/0000103/reference/0000103_023.jpg
building_8,0000103,reference,dataset_splits/10_buildings/building_8/0000103/reference/0000103_024.jpg
building_8,0000103,reference,dataset_splits/10_buildings/building_8/0000103/reference/0000103_027.jpg
building_8,0000103,reference,dataset_splits/10_buildings/building_8/0000103/reference/0000103_033.jpg
building_8,0000103,reference,dataset_splits/10_buildings/building_8/0000103/reference/0000103_047.jpg
building_8,0000103,reference,dataset_splits/10_buildings/building_8/0000103/reference/0000103_049.jpg
building_8,0000103,reference,dataset_splits/10_buildings/building_8/0000103/reference/0000103_051.jpg
building_8,0000103,reference,dataset_splits/10_buildings/building_8/0000103/reference/0000103_056.jpg
building_8,0000103,reference,dataset_splits/10_buildings/building_8/0000103/reference/0000103_063.jpg
building_8,0000103,reference,dataset_splits/10_buildings/building_8/0000103/reference/0000103_064.jpg
building_8,0000103,reference,dataset_splits/10_buildings/building_8/0000103/reference/0000103_065.jpg
building_8,0000103,reference,dataset_splits/10_buildings/building_8/0000103/reference/0000103_066.jpg
building_8,0000103,reference,dataset_splits/10_buildings/building_8/0000103/reference/0000103_069.jpg
building_8,0000103,reference,dataset_splits/10_buildings/building_8/0000103/reference/0000103_072.jpg
building_8,0000103,reference,dataset_splits/10_buildings/building_8/0000103/reference/0000103_073.jpg
building_8,0000103,test,dataset_splits/10_buildings/building_8/0000103/test/0000103_001.jpg
building_8,0000103,test,dataset_splits/10_buildings/building_8/0000103/test/0000103_005.jpg
building_8,0000103,test,dataset_splits/10_buildings/building_8/0000103/test/0000103_007.jpg
building_8,0000103,test,dataset_splits/10_buildings/building_8/0000103/test/0000103_008.jpg
building_8,0000103,test,dataset_splits/10_buildings/building_8/0000103/test/0000103_012.jpg
building_8,0000103,test,dataset_splits/10_buildings/building_8/0000103/test/0000103_016.jpg
building_8,0000103,test,dataset_splits/10_buildings/building_8/0000103/test/0000103_021.jpg
building_8,0000103,test,dataset_splits/10_buildings/building_8/0000103/test/0000103_025.jpg
building_8,0000103,test,dataset_splits/10_buildings/building_8/0000103/test/0000103_026.jpg
building_8,0000103,test,dataset_splits/10_buildings/building_8/0000103/test/0000103_028.jpg
building_8,0000103,test,dataset_splits/10_buildings/building_8/0000103/test/0000103_029.jpg
building_8,0000103,test,dataset_splits/10_buildings/building_8/0000103/test/0000103_031.jpg
building_8,0000103,test,dataset_splits/10_buildings/building_8/0000103/test/0000103_040.jpg
building_8,0000103,test,dataset_splits/10_buildings/building_8/0000103/test/0000103_041.jpg
building_8,0000103,test,dataset_splits/10_buildings/building_8/0000103/test/0000103_052.jpg
building_8,0000103,test,dataset_splits/10_buildings/building_8/0000103/test/0000103_053.jpg
building_8,0000103,test,dataset_splits/10_buildings/building_8/0000103/test/0000103_055.jpg
building_8,0000103,test,dataset_splits/10_buildings/building_8/0000103/test/0000103_057.jpg
building_8,0000103,test,dataset_splits/10_buildings/building_8/0000103/test/0000103_062.jpg
building_8,0000103,test,dataset_splits/10_buildings/building_8/0000103/test/0000103_074.jpg
building_8,0000141,reference,dataset_splits/10_buildings/building_8/0000141/reference/0000141_023.jpg
building_8,0000141,reference,dataset_splits/10_buildings/building_8/0000141/reference/0000141_050.jpg
building_8,0000141,reference,dataset_splits/10_buildings/building_8/0000141/reference/0000141_052.jpg
building_8,0000141,reference,dataset_splits/10_buildings/building_8/0000141/reference/0000141_058.jpg
building_8,0000141,reference,dataset_splits/10_buildings/building_8/0000141/reference/0000141_075.jpg
building_8,0000141,reference,dataset_splits/10_buildings/building_8/0000141/reference/0000141_113.jpg
building_8,0000141,reference,dataset_splits/10_buildings/building_8/0000141/reference/0000141_123.jpg
building_8,0000141,reference,dataset_splits/10_buildings/building_8/0000141/reference/0000141_140.jpg
building_8,0000141,reference,dataset_splits/10_buildings/building_8/0000141/reference/0000141_159.jpg
building_8,0000141,reference,dataset_splits/10_buildings/building_8/0000141/reference/0000141_186.jpg
building_8,0000141,reference,dataset_splits/10_buildings/building_8/0000141/reference/0000141_214.jpg
building_8,0000141,reference,dataset_splits/10_buildings/building_8/0000141/reference/0000141_232.jpg
building_8,0000141,reference,dataset_splits/10_buildings/building_8/0000141/reference/0000141_251.jpg
building_8,0000141,reference,dataset_splits/10_buildings/building_8/0000141/reference/0000141_261.jpg
building_8,0000141,reference,dataset_splits/10_buildings/building_8/0000141/reference/0000141_275.jpg
building_8,0000141,reference,dataset_splits/10_buildings/building_8/0000141/reference/0000141_280.jpg
building_8,0000141,reference,dataset_splits/10_buildings/building_8/0000141/reference/0000141_322.jpg
building_8,0000141,reference,dataset_splits/10_buildings/building_8/0000141/reference/0000141_360.jpg
building_8,0000141,reference,dataset_splits/10_buildings/building_8/0000141/reference/0000141_374.jpg
building_8,0000141,reference,dataset_splits/10_buildings/building_8/0000141/reference/0000141_384.jpg
building_8,0000141,test,dataset_splits/10_buildings/building_8/0000141/test/0000141_048.jpg
building_8,0000141,test,dataset_splits/10_buildings/building_8/0000141/test/0000141_053.jpg
building_8,0000141,test,dataset_splits/10_buildings/building_8/0000141/test/0000141_059.jpg
building_8,0000141,test,dataset_splits/10_buildings/building_8/0000141/test/0000141_071.jpg
building_8,0000141,test,dataset_splits/10_buildings/building_8/0000141/test/0000141_076.jpg
building_8,0000141,test,dataset_splits/10_buildings/building_8/0000141/test/0000141_097.jpg
building_8,0000141,test,dataset_splits/10_buildings/building_8/0000141/test/0000141_154.jpg
building_8,0000141,test,dataset_splits/10_buildings/building_8/0000141/test/0000141_177.jpg
building_8,0000141,test,dataset_splits/10_buildings/building_8/0000141/test/0000141_198.jpg
building_8,0000141,test,dataset_splits/10_buildings/building_8/0000141/test/0000141_208.jpg
building_8,0000141,test,dataset_splits/10_buildings/building_8/0000141/test/0000141_224.jpg
building_8,0000141,test,dataset_splits/10_buildings/building_8/0000141/test/0000141_239.jpg
building_8,0000141,test,dataset_splits/10_buildings/building_8/0000141/test/0000141_282.jpg
building_8,0000141,test,dataset_splits/10_buildings/building_8/0000141/test/0000141_284.jpg
building_8,0000141,test,dataset_splits/10_buildings/building_8/0000141/test/0000141_291.jpg
building_8,0000141,test,dataset_splits/10_buildings/building_8/0000141/test/0000141_310.jpg
building_8,0000141,test,dataset_splits/10_buildings/building_8/0000141/test/0000141_348.jpg
building_8,0000141,test,dataset_splits/10_buildings/building_8/0000141/test/0000141_376.jpg
building_8,0000141,test,dataset_splits/10_buildings/building_8/0000141/test/0000141_382.jpg
building_8,0000141,test,dataset_splits/10_buildings/building_8/0000141/test/0000141_399.jpg
building_8,0000166,reference,dataset_splits/10_buildings/building_8/0000166/reference/0000166_007.jpg
building_8,0000166,reference,dataset_splits/10_buildings/building_8/0000166/reference/0000166_020.jpg
building_8,0000166,reference,dataset_splits/10_buildings/building_8/0000166/reference/0000166_025.jpg
building_8,0000166,reference,dataset_splits/10_buildings/building_8/0000166/reference/0000166_030.jpg
building_8,0000166,reference,dataset_splits/10_buildings/building_8/0000166/reference/0000166_046.jpg
building_8,0000166,reference,dataset_splits/10_buildings/building_8/0000166/reference/0000166_051.jpg
building_8,0000166,reference,dataset_splits/10_buildings/building_8/0000166/reference/0000166_059.jpg
building_8,0000166,reference,dataset_splits/10_buildings/building_8/0000166/reference/0000166_063.jpg
building_8,0000166,reference,dataset_splits/10_buildings/building_8/0000166/reference/0000166_069.jpg
building_8,0000166,reference,dataset_splits/10_buildings/building_8/0000166/reference/0000166_076.jpg
building_8,0000166,reference,dataset_splits/10_buildings/building_8/0000166/reference/0000166_088.jpg
building_8,0000166,reference,dataset_splits/10_buildings/building_8/0000166/reference/0000166_104.jpg
building_8,0000166,reference,dataset_splits/10_buildings/building_8/0000166/reference/0000166_137.jpg
building_8,0000166,reference,dataset_splits/10_buildings/building_8/0000166/reference/0000166_146.jpg
building_8,0000166,reference,dataset_splits/10_buildings/building_8/0000166/reference/0000166_192.jpg
building_8,0000166,reference,dataset_splits/10_buildings/building_8/0000166/reference/0000166_208.jpg
building_8,0000166,reference,dataset_splits/10_buildings/building_8/0000166/reference/0000166_240.jpg
building_8,0000166,reference,dataset_splits/10_buildings/building_8/0000166/reference/0000166_261.jpg
building_8,0000166,reference,dataset_splits/10_buildings/building_8/0000166/reference/0000166_262.jpg
building_8,0000166,reference,dataset_splits/10_buildings/building_8/0000166/reference/0000166_265.jpg
building_8,0000166,test,dataset_splits/10_buildings/building_8/0000166/test/0000166_003.jpg
building_8,0000166,test,dataset_splits/10_buildings/building_8/0000166/test/0000166_022.jpg
building_8,0000166,test,dataset_splits/10_buildings/building_8/0000166/test/0000166_031.jpg
building_8,0000166,test,dataset_splits/10_buildings/building_8/0000166/test/0000166_038.jpg
building_8,0000166,test,dataset_splits/10_buildings/building_8/0000166/test/0000166_057.jpg
building_8,0000166,test,dataset_splits/10_buildings/building_8/0000166/test/0000166_067.jpg
building_8,0000166,test,dataset_splits/10_buildings/building_8/0000166/test/0000166_083.jpg
building_8,0000166,test,dataset_splits/10_buildings/building_8/0000166/test/0000166_089.jpg
building_8,0000166,test,dataset_splits/10_buildings/building_8/0000166/test/0000166_098.jpg
building_8,0000166,test,dataset_splits/10_buildings/building_8/0000166/test/0000166_125.jpg
building_8,0000166,test,dataset_splits/10_buildings/building_8/0000166/test/0000166_126.jpg
building_8,0000166,test,dataset_splits/10_buildings/building_8/0000166/test/0000166_150.jpg
building_8,0000166,test,dataset_splits/10_buildings/building_8/0000166/test/0000166_152.jpg
building_8,0000166,test,dataset_splits/10_buildings/building_8/0000166/test/0000166_160.jpg
building_8,0000166,test,dataset_splits/10_buildings/building_8/0000166/test/0000166_191.jpg
building_8,0000166,test,dataset_splits/10_buildings/building_8/0000166/test/0000166_200.jpg
building_8,0000166,test,dataset_splits/10_buildings/building_8/0000166/test/0000166_224.jpg
building_8,0000166,test,dataset_splits/10_buildings/building_8/0000166/test/0000166_227.jpg
building_8,0000166,test,dataset_splits/10_buildings/building_8/0000166/test/0000166_234.jpg
building_8,0000166,test,dataset_splits/10_buildings/building_8/0000166/test/0000166_251.jpg
building_8,0000210,reference,dataset_splits/10_buildings/building_8/0000210/reference/0000210_009.jpg
building_8,0000210,reference,dataset_splits/10_buildings/building_8/0000210/reference/0000210_044.jpg
building_8,0000210,reference,dataset_splits/10_buildings/building_8/0000210/reference/0000210_074.jpg
building_8,0000210,reference,dataset_splits/10_buildings/building_8/0000210/reference/0000210_138.jpg
building_8,0000210,reference,dataset_splits/10_buildings/building_8/0000210/reference/0000210_159.jpg
building_8,0000210,reference,dataset_splits/10_buildings/building_8/0000210/reference/0000210_205.jpg
building_8,0000210,reference,dataset_splits/10_buildings/building_8/0000210/reference/0000210_207.jpg
building_8,0000210,reference,dataset_splits/10_buildings/building_8/0000210/reference/0000210_208.jpg
building_8,0000210,reference,dataset_splits/10_buildings/building_8/0000210/reference/0000210_308.jpg
building_8,0000210,reference,dataset_splits/10_buildings/building_8/0000210/reference/0000210_309.jpg
building_8,0000210,reference,dataset_splits/10_buildings/building_8/0000210/reference/0000210_317.jpg
building_8,0000210,reference,dataset_splits/10_buildings/building_8/0000210/reference/0000210_335.jpg
building_8,0000210,reference,dataset_splits/10_buildings/building_8/0000210/reference/0000210_354.jpg
building_8,0000210,reference,dataset_splits/10_buildings/building_8/0000210/reference/0000210_410.jpg
building_8,0000210,reference,dataset_splits/10_buildings/building_8/0000210/reference/0000210_468.jpg
building_8,0000210,reference,dataset_splits/10_buildings/building_8/0000210/reference/0000210_482.jpg
building_8,0000210,reference,dataset_splits/10_buildings/building_8/0000210/reference/0000210_490.jpg
building_8,0000210,reference,dataset_splits/10_buildings/building_8/0000210/reference/0000210_512.jpg
building_8,0000210,reference,dataset_splits/10_buildings/building_8/0000210/reference/0000210_562.jpg
building_8,0000210,reference,dataset_splits/10_buildings/building_8/0000210/reference/0000210_581.jpg
building_8,0000210,test,dataset_splits/10_buildings/building_8/0000210/test/0000210_010.jpg
building_8,0000210,test,dataset_splits/10_buildings/building_8/0000210/test/0000210_013.jpg
building_8,0000210,test,dataset_splits/10_buildings/building_8/0000210/test/0000210_014.jpg
building_8,0000210,test,dataset_splits/10_buildings/building_8/0000210/test/0000210_035.jpg
building_8,0000210,test,dataset_splits/10_buildings/building_8/0000210/test/0000210_059.jpg
building_8,0000210,test,dataset_splits/10_buildings/building_8/0000210/test/0000210_063.jpg
building_8,0000210,test,dataset_splits/10_buildings/building_8/0000210/test/0000210_066.jpg
building_8,0000210,test,dataset_splits/10_buildings/building_8/0000210/test/0000210_109.jpg
building_8,0000210,test,dataset_splits/10_buildings/building_8/0000210/test/0000210_221.jpg
building_8,0000210,test,dataset_splits/10_buildings/building_8/0000210/test/0000210_241.jpg
building_8,0000210,test,dataset_splits/10_buildings/building_8/0000210/test/0000210_265.jpg
building_8,0000210,test,dataset_splits/10_buildings/building_8/0000210/test/0000210_340.jpg
building_8,0000210,test,dataset_splits/10_buildings/building_8/0000210/test/0000210_350.jpg
building_8,0000210,test,dataset_splits/10_buildings/building_8/0000210/test/0000210_373.jpg
building_8,0000210,test,dataset_splits/10_buildings/building_8/0000210/test/0000210_377.jpg
building_8,0000210,test,dataset_splits/10_buildings/building_8/0000210/test/0000210_411.jpg
building_8,0000210,test,dataset_splits/10_buildings/building_8/0000210/test/0000210_470.jpg
building_8,0000210,test,dataset_splits/10_buildings/building_8/0000210/test/0000210_480.jpg
building_8,0000210,test,dataset_splits/10_buildings/building_8/0000210/test/0000210_502.jpg
building_8,0000210,test,dataset_splits/10_buildings/building_8/0000210/test/0000210_578.jpg
building_8,0000212,reference,dataset_splits/10_buildings/building_8/0000212/reference/0000212_015.jpg
building_8,0000212,reference,dataset_splits/10_buildings/building_8/0000212/reference/0000212_019.jpg
building_8,0000212,reference,dataset_splits/10_buildings/building_8/0000212/reference/0000212_028.jpg
building_8,0000212,reference,dataset_splits/10_buildings/building_8/0000212/reference/0000212_036.jpg
building_8,0000212,reference,dataset_splits/10_buildings/building_8/0000212/reference/0000212_044.jpg
building_8,0000212,reference,dataset_splits/10_buildings/building_8/0000212/reference/0000212_046.jpg
building_8,0000212,reference,dataset_splits/10_buildings/building_8/0000212/reference/0000212_051.jpg
building_8,0000212,reference,dataset_splits/10_buildings/building_8/0000212/reference/0000212_054.jpg
building_8,0000212,reference,dataset_splits/10_buildings/building_8/0000212/reference/0000212_058.jpg
building_8,0000212,reference,dataset_splits/10_buildings/building_8/0000212/reference/0000212_074.jpg
building_8,0000212,reference,dataset_splits/10_buildings/building_8/0000212/reference/0000212_097.jpg
building_8,0000212,reference,dataset_splits/10_buildings/building_8/0000212/reference/0000212_099.jpg
building_8,0000212,reference,dataset_splits/10_buildings/building_8/0000212/reference/0000212_102.jpg
building_8,0000212,reference,dataset_splits/10_buildings/building_8/0000212/reference/0000212_122.jpg
building_8,0000212,reference,dataset_splits/10_buildings/building_8/0000212/reference/0000212_132.jpg
building_8,0000212,reference,dataset_splits/10_buildings/building_8/0000212/reference/0000212_137.jpg
building_8,0000212,reference,dataset_splits/10_buildings/building_8/0000212/reference/0000212_144.jpg
building_8,0000212,reference,dataset_splits/10_buildings/building_8/0000212/reference/0000212_145.jpg
building_8,0000212,reference,dataset_splits/10_buildings/building_8/0000212/reference/0000212_149.jpg
building_8,0000212,reference,dataset_splits/10_buildings/building_8/0000212/reference/0000212_157.jpg
building_8,0000212,test,dataset_splits/10_buildings/building_8/0000212/test/0000212_012.jpg
building_8,0000212,test,dataset_splits/10_buildings/building_8/0000212/test/0000212_020.jpg
building_8,0000212,test,dataset_splits/10_buildings/building_8/0000212/test/0000212_033.jpg
building_8,0000212,test,dataset_splits/10_buildings/building_8/0000212/test/0000212_039.jpg
building_8,0000212,test,dataset_splits/10_buildings/building_8/0000212/test/0000212_045.jpg
building_8,0000212,test,dataset_splits/10_buildings/building_8/0000212/test/0000212_060.jpg
building_8,0000212,test,dataset_splits/10_buildings/building_8/0000212/test/0000212_062.jpg
building_8,0000212,test,dataset_splits/10_buildings/building_8/0000212/test/0000212_072.jpg
building_8,0000212,test,dataset_splits/10_buildings/building_8/0000212/test/0000212_083.jpg
building_8,0000212,test,dataset_splits/10_buildings/building_8/0000212/test/0000212_087.jpg
building_8,0000212,test,dataset_splits/10_buildings/building_8/0000212/test/0000212_095.jpg
building_8,0000212,test,dataset_splits/10_buildings/building_8/0000212/test/0000212_108.jpg
building_8,0000212,test,dataset_splits/10_buildings/building_8/0000212/test/0000212_110.jpg
building_8,0000212,test,dataset_splits/10_buildings/building_8/0000212/test/0000212_117.jpg
building_8,0000212,test,dataset_splits/10_buildings/building_8/0000212/test/0000212_121.jpg
building_8,0000212,test,dataset_splits/10_buildings/building_8/0000212/test/0000212_128.jpg
building_8,0000212,test,dataset_splits/10_buildings/building_8/0000212/test/0000212_139.jpg
building_8,0000212,test,dataset_splits/10_buildings/building_8/0000212/test/0000212_167.jpg
building_8,0000212,test,dataset_splits/10_buildings/building_8/0000212/test/0000212_173.jpg
building_8,0000212,test,dataset_splits/10_buildings/building_8/0000212/test/0000212_174.jpg
building_8,0000333,reference,dataset_splits/10_buildings/building_8/0000333/reference/0000333_028.jpg
building_8,0000333,reference,dataset_splits/10_buildings/building_8/0000333/reference/0000333_033.jpg
building_8,0000333,reference,dataset_splits/10_buildings/building_8/0000333/reference/0000333_035.jpg
building_8,0000333,reference,dataset_splits/10_buildings/building_8/0000333/reference/0000333_050.jpg
building_8,0000333,reference,dataset_splits/10_buildings/building_8/0000333/reference/0000333_059.jpg
building_8,0000333,reference,dataset_splits/10_buildings/building_8/0000333/reference/0000333_068.jpg
building_8,0000333,reference,dataset_splits/10_buildings/building_8/0000333/reference/0000333_099.jpg
building_8,0000333,reference,dataset_splits/10_buildings/building_8/0000333/reference/0000333_103.jpg
building_8,0000333,reference,dataset_splits/10_buildings/building_8/0000333/reference/0000333_143.jpg
building_8,0000333,reference,dataset_splits/10_buildings/building_8/0000333/reference/0000333_170.jpg
building_8,0000333,reference,dataset_splits/10_buildings/building_8/0000333/reference/0000333_173.jpg
building_8,0000333,reference,dataset_splits/10_buildings/building_8/0000333/reference/0000333_196.jpg
building_8,0000333,reference,dataset_splits/10_buildings/building_8/0000333/reference/0000333_204.jpg
building_8,0000333,reference,dataset_splits/10_buildings/building_8/0000333/reference/0000333_213.jpg
building_8,0000333,reference,dataset_splits/10_buildings/building_8/0000333/reference/0000333_223.jpg
building_8,0000333,reference,dataset_splits/10_buildings/building_8/0000333/reference/0000333_230.jpg
building_8,0000333,reference,dataset_splits/10_buildings/building_8/0000333/reference/0000333_285.jpg
building_8,0000333,reference,dataset_splits/10_buildings/building_8/0000333/reference/0000333_286.jpg
building_8,0000333,reference,dataset_splits/10_buildings/building_8/0000333/reference/0000333_287.jpg
building_8,0000333,reference,dataset_splits/10_buildings/building_8/0000333/reference/0000333_288.jpg
building_8,0000333,test,dataset_splits/10_buildings/building_8/0000333/test/0000333_016.jpg
building_8,0000333,test,dataset_splits/10_buildings/building_8/0000333/test/0000333_020.jpg
building_8,0000333,test,dataset_splits/10_buildings/building_8/0000333/test/0000333_031.jpg
building_8,0000333,test,dataset_splits/10_buildings/building_8/0000333/test/0000333_056.jpg
building_8,0000333,test,dataset_splits/10_buildings/building_8/0000333/test/0000333_124.jpg
building_8,0000333,test,dataset_splits/10_buildings/building_8/0000333/test/0000333_131.jpg
building_8,0000333,test,dataset_splits/10_buildings/building_8/0000333/test/0000333_133.jpg
building_8,0000333,test,dataset_splits/10_buildings/building_8/0000333/test/0000333_141.jpg
building_8,0000333,test,dataset_splits/10_buildings/building_8/0000333/test/0000333_148.jpg
building_8,0000333,test,dataset_splits/10_buildings/building_8/0000333/test/0000333_154.jpg
building_8,0000333,test,dataset_splits/10_buildings/building_8/0000333/test/0000333_171.jpg
building_8,0000333,test,dataset_splits/10_buildings/building_8/0000333/test/0000333_183.jpg
building_8,0000333,test,dataset_splits/10_buildings/building_8/0000333/test/0000333_184.jpg
building_8,0000333,test,dataset_splits/10_buildings/building_8/0000333/test/0000333_189.jpg
building_8,0000333,test,dataset_splits/10_buildings/building_8/0000333/test/0000333_248.jpg
building_8,0000333,test,dataset_splits/10_buildings/building_8/0000333/test/0000333_298.jpg
building_8,0000333,test,dataset_splits/10_buildings/building_8/0000333/test/0000333_300.jpg
building_8,0000333,test,dataset_splits/10_buildings/building_8/0000333/test/0000333_302.jpg
building_8,0000333,test,dataset_splits/10_buildings/building_8/0000333/test/0000333_306.jpg
building_8,0000333,test,dataset_splits/10_buildings/building_8/0000333/test/0000333_308.jpg
building_8,0000464,reference,dataset_splits/10_buildings/building_8/0000464/reference/0000464_002.jpg
building_8,0000464,reference,dataset_splits/10_buildings/building_8/0000464/reference/0000464_007.jpg
building_8,0000464,reference,dataset_splits/10_buildings/building_8/0000464/reference/0000464_009.jpg
building_8,0000464,reference,dataset_splits/10_buildings/building_8/0000464/reference/0000464_010.jpg
building_8,0000464,reference,dataset_splits/10_buildings/building_8/0000464/reference/0000464_012.jpg
building_8,0000464,reference,dataset_splits/10_buildings/building_8/0000464/reference/0000464_013.jpg
building_8,0000464,reference,dataset_splits/10_buildings/building_8/0000464/reference/0000464_014.jpg
building_8,0000464,reference,dataset_splits/10_buildings/building_8/0000464/reference/0000464_015.jpg
building_8,0000464,reference,dataset_splits/10_buildings/building_8/0000464/reference/0000464_018.jpg
building_8,0000464,reference,dataset_splits/10_buildings/building_8/0000464/reference/0000464_023.jpg
building_8,0000464,reference,dataset_splits/10_buildings/building_8/0000464/reference/0000464_025.jpg
building_8,0000464,reference,dataset_splits/10_buildings/building_8/0000464/reference/0000464_026.jpg
building_8,0000464,reference,dataset_splits/10_buildings/building_8/0000464/reference/0000464_027.jpg
building_8,0000464,reference,dataset_splits/10_buildings/building_8/0000464/reference/0000464_028.jpg
building_8,0000464,reference,dataset_splits/10_buildings/building_8/0000464/reference/0000464_031.jpg
building_8,0000464,reference,dataset_splits/10_buildings/building_8/0000464/reference/0000464_032.jpg
building_8,0000464,reference,dataset_splits/10_buildings/building_8/0000464/reference/0000464_034.jpg
building_8,0000464,reference,dataset_splits/10_buildings/building_8/0000464/reference/0000464_041.jpg
building_8,0000464,reference,dataset_splits/10_buildings/building_8/0000464/reference/0000464_048.jpg
building_8,0000464,reference,dataset_splits/10_buildings/building_8/0000464/reference/0000464_053.jpg
building_8,0000464,test,dataset_splits/10_buildings/building_8/0000464/test/0000464_001.jpg
building_8,0000464,test,dataset_splits/10_buildings/building_8/0000464/test/0000464_004.jpg
building_8,0000464,test,dataset_splits/10_buildings/building_8/0000464/test/0000464_006.jpg
building_8,0000464,test,dataset_splits/10_buildings/building_8/0000464/test/0000464_011.jpg
building_8,0000464,test,dataset_splits/10_buildings/building_8/0000464/test/0000464_016.jpg
building_8,0000464,test,dataset_splits/10_buildings/building_8/0000464/test/0000464_020.jpg
building_8,0000464,test,dataset_splits/10_buildings/building_8/0000464/test/0000464_021.jpg
building_8,0000464,test,dataset_splits/10_buildings/building_8/0000464/test/0000464_022.jpg
building_8,0000464,test,dataset_splits/10_buildings/building_8/0000464/test/0000464_029.jpg
building_8,0000464,test,dataset_splits/10_buildings/building_8/0000464/test/0000464_030.jpg
building_8,0000464,test,dataset_splits/10_buildings/building_8/0000464/test/0000464_033.jpg
building_8,0000464,test,dataset_splits/10_buildings/building_8/0000464/test/0000464_038.jpg
building_8,0000464,test,dataset_splits/10_buildings/building_8/0000464/test/0000464_039.jpg
building_8,0000464,test,dataset_splits/10_buildings/building_8/0000464/test/0000464_040.jpg
building_8,0000464,test,dataset_splits/10_buildings/building_8/0000464/test/0000464_042.jpg
building_8,0000464,test,dataset_splits/10_buildings/building_8/0000464/test/0000464_043.jpg
building_8,0000464,test,dataset_splits/10_buildings/building_8/0000464/test/0000464_045.jpg
building_8,0000464,test,dataset_splits/10_buildings/building_8/0000464/test/0000464_047.jpg
building_8,0000464,test,dataset_splits/10_buildings/building_8/0000464/test/0000464_050.jpg
building_8,0000464,test,dataset_splits/10_buildings/building_8/0000464/test/0000464_051.jpg
building_8,0000492,reference,dataset_splits/10_buildings/building_8/0000492/reference/0000492_010.jpg
building_8,0000492,reference,dataset_splits/10_buildings/building_8/0000492/reference/0000492_012.jpg
building_8,0000492,reference,dataset_splits/10_buildings/building_8/0000492/reference/0000492_027.jpg
building_8,0000492,reference,dataset_splits/10_buildings/building_8/0000492/reference/0000492_028.jpg
building_8,0000492,reference,dataset_splits/10_buildings/building_8/0000492/reference/0000492_044.jpg
building_8,0000492,reference,dataset_splits/10_buildings/building_8/0000492/reference/0000492_045.jpg
building_8,0000492,reference,dataset_splits/10_buildings/building_8/0000492/reference/0000492_053.jpg
building_8,0000492,reference,dataset_splits/10_buildings/building_8/0000492/reference/0000492_056.jpg
building_8,0000492,reference,dataset_splits/10_buildings/building_8/0000492/reference/0000492_059.jpg
building_8,0000492,reference,dataset_splits/10_buildings/building_8/0000492/reference/0000492_063.jpg
building_8,0000492,reference,dataset_splits/10_buildings/building_8/0000492/reference/0000492_064.jpg
building_8,0000492,reference,dataset_splits/10_buildings/building_8/0000492/reference/0000492_065.jpg
building_8,0000492,reference,dataset_splits/10_buildings/building_8/0000492/reference/0000492_066.jpg
building_8,0000492,reference,dataset_splits/10_buildings/building_8/0000492/reference/0000492_067.jpg
building_8,0000492,reference,dataset_splits/10_buildings/building_8/0000492/reference/0000492_070.jpg
building_8,0000492,reference,dataset_splits/10_buildings/building_8/0000492/reference/0000492_074.jpg
building_8,0000492,reference,dataset_splits/10_buildings/building_8/0000492/reference/0000492_084.jpg
building_8,0000492,reference,dataset_splits/10_buildings/building_8/0000492/reference/0000492_092.jpg
building_8,0000492,reference,dataset_splits/10_buildings/building_8/0000492/reference/0000492_107.jpg
building_8,0000492,reference,dataset_splits/10_buildings/building_8/0000492/reference/0000492_117.jpg
building_8,0000492,test,dataset_splits/10_buildings/building_8/0000492/test/0000492_005.jpg
building_8,0000492,test,dataset_splits/10_buildings/building_8/0000492/test/0000492_017.jpg
building_8,0000492,test,dataset_splits/10_buildings/building_8/0000492/test/0000492_018.jpg
building_8,0000492,test,dataset_splits/10_buildings/building_8/0000492/test/0000492_021.jpg
building_8,0000492,test,dataset_splits/10_buildings/building_8/0000492/test/0000492_033.jpg
building_8,0000492,test,dataset_splits/10_buildings/building_8/0000492/test/0000492_037.jpg
building_8,0000492,test,dataset_splits/10_buildings/building_8/0000492/test/0000492_042.jpg
building_8,0000492,test,dataset_splits/10_buildings/building_8/0000492/test/0000492_057.jpg
building_8,0000492,test,dataset_splits/10_buildings/building_8/0000492/test/0000492_068.jpg
building_8,0000492,test,dataset_splits/10_buildings/building_8/0000492/test/0000492_069.jpg
building_8,0000492,test,dataset_splits/10_buildings/building_8/0000492/test/0000492_079.jpg
building_8,0000492,test,dataset_splits/10_buildings/building_8/0000492/test/0000492_085.jpg
building_8,0000492,test,dataset_splits/10_buildings/building_8/0000492/test/0000492_086.jpg
building_8,0000492,test,dataset_splits/10_buildings/building_8/0000492/test/0000492_091.jpg
building_8,0000492,test,dataset_splits/10_buildings/building_8/0000492/test/0000492_093.jpg
building_8,0000492,test,dataset_splits/10_buildings/building_8/0000492/test/0000492_096.jpg
building_8,0000492,test,dataset_splits/10_buildings/building_8/0000492/test/0000492_097.jpg
building_8,0000492,test,dataset_splits/10_buildings/building_8/0000492/test/0000492_103.jpg
building_8,0000492,test,dataset_splits/10_buildings/building_8/0000492/test/0000492_109.jpg
building_8,0000492,test,dataset_splits/10_buildings/building_8/0000492/test/0000492_114.jpg
building_8,0000494,reference,dataset_splits/10_buildings/building_8/0000494/reference/0000494_002.jpg
building_8,0000494,reference,dataset_splits/10_buildings/building_8/0000494/reference/0000494_007.jpg
building_8,0000494,reference,dataset_splits/10_buildings/building_8/0000494/reference/0000494_008.jpg
building_8,0000494,reference,dataset_splits/10_buildings/building_8/0000494/reference/0000494_010.jpg
building_8,0000494,reference,dataset_splits/10_buildings/building_8/0000494/reference/0000494_018.jpg
building_8,0000494,reference,dataset_splits/10_buildings/building_8/0000494/reference/0000494_020.jpg
building_8,0000494,reference,dataset_splits/10_buildings/building_8/0000494/reference/0000494_023.jpg
building_8,0000494,reference,dataset_splits/10_buildings/building_8/0000494/reference/0000494_032.jpg
building_8,0000494,reference,dataset_splits/10_buildings/building_8/0000494/reference/0000494_033.jpg
building_8,0000494,reference,dataset_splits/10_buildings/building_8/0000494/reference/0000494_036.jpg
building_8,0000494,reference,dataset_splits/10_buildings/building_8/0000494/reference/0000494_039.jpg
building_8,0000494,reference,dataset_splits/10_buildings/building_8/0000494/reference/0000494_048.jpg
building_8,0000494,reference,dataset_splits/10_buildings/building_8/0000494/reference/0000494_053.jpg
building_8,0000494,reference,dataset_splits/10_buildings/building_8/0000494/reference/0000494_056.jpg
building_8,0000494,reference,dataset_splits/10_buildings/building_8/0000494/reference/0000494_057.jpg
building_8,0000494,reference,dataset_splits/10_buildings/building_8/0000494/reference/0000494_059.jpg
building_8,0000494,reference,dataset_splits/10_buildings/building_8/0000494/reference/0000494_061.jpg
building_8,0000494,reference,dataset_splits/10_buildings/building_8/0000494/reference/0000494_065.jpg
building_8,0000494,reference,dataset_splits/10_buildings/building_8/0000494/reference/0000494_073.jpg
building_8,0000494,reference,dataset_splits/10_buildings/building_8/0000494/reference/0000494_076.jpg
building_8,0000494,test,dataset_splits/10_buildings/building_8/0000494/test/0000494_003.jpg
building_8,0000494,test,dataset_splits/10_buildings/building_8/0000494/test/0000494_005.jpg
building_8,0000494,test,dataset_splits/10_buildings/building_8/0000494/test/0000494_006.jpg
building_8,0000494,test,dataset_splits/10_buildings/building_8/0000494/test/0000494_012.jpg
building_8,0000494,test,dataset_splits/10_buildings/building_8/0000494/test/0000494_015.jpg
building_8,0000494,test,dataset_splits/10_buildings/building_8/0000494/test/0000494_017.jpg
building_8,0000494,test,dataset_splits/10_buildings/building_8/0000494/test/0000494_024.jpg
building_8,0000494,test,dataset_splits/10_buildings/building_8/0000494/test/0000494_027.jpg
building_8,0000494,test,dataset_splits/10_buildings/building_8/0000494/test/0000494_045.jpg
building_8,0000494,test,dataset_splits/10_buildings/building_8/0000494/test/0000494_047.jpg
building_8,0000494,test,dataset_splits/10_buildings/building_8/0000494/test/0000494_049.jpg
building_8,0000494,test,dataset_splits/10_buildings/building_8/0000494/test/0000494_055.jpg
building_8,0000494,test,dataset_splits/10_buildings/building_8/0000494/test/0000494_058.jpg
building_8,0000494,test,dataset_splits/10_buildings/building_8/0000494/test/0000494_060.jpg
building_8,0000494,test,dataset_splits/10_buildings/building_8/0000494/test/0000494_064.jpg
building_8,0000494,test,dataset_splits/10_buildings/building_8/0000494/test/0000494_067.jpg
building_8,0000494,test,dataset_splits/10_buildings/building_8/0000494/test/0000494_069.jpg
building_8,0000494,test,dataset_splits/10_buildings/building_8/0000494/test/0000494_080.jpg
building_8,0000494,test,dataset_splits/10_buildings/building_8/0000494/test/0000494_081.jpg
building_8,0000494,test,dataset_splits/10_buildings/building_8/0000494/test/0000494_083.jpg
building_8,0000506,reference,dataset_splits/10_buildings/building_8/0000506/reference/0000506_003.jpg
building_8,0000506,reference,dataset_splits/10_buildings/building_8/0000506/reference/0000506_023.jpg
building_8,0000506,reference,dataset_splits/10_buildings/building_8/0000506/reference/0000506_025.jpg
building_8,0000506,reference,dataset_splits/10_buildings/building_8/0000506/reference/0000506_033.jpg
building_8,0000506,reference,dataset_splits/10_buildings/building_8/0000506/reference/0000506_050.jpg
building_8,0000506,reference,dataset_splits/10_buildings/building_8/0000506/reference/0000506_076.jpg
building_8,0000506,reference,dataset_splits/10_buildings/building_8/0000506/reference/0000506_080.jpg
building_8,0000506,reference,dataset_splits/10_buildings/building_8/0000506/reference/0000506_086.jpg
building_8,0000506,reference,dataset_splits/10_buildings/building_8/0000506/reference/0000506_106.jpg
building_8,0000506,reference,dataset_splits/10_buildings/building_8/0000506/reference/0000506_118.jpg
building_8,0000506,reference,dataset_splits/10_buildings/building_8/0000506/reference/0000506_125.jpg
building_8,0000506,reference,dataset_splits/10_buildings/building_8/0000506/reference/0000506_158.jpg
building_8,0000506,reference,dataset_splits/10_buildings/building_8/0000506/reference/0000506_165.jpg
building_8,0000506,reference,dataset_splits/10_buildings/building_8/0000506/reference/0000506_166.jpg
building_8,0000506,reference,dataset_splits/10_buildings/building_8/0000506/reference/0000506_180.jpg
building_8,0000506,reference,dataset_splits/10_buildings/building_8/0000506/reference/0000506_185.jpg
building_8,0000506,reference,dataset_splits/10_buildings/building_8/0000506/reference/0000506_186.jpg
building_8,0000506,reference,dataset_splits/10_buildings/building_8/0000506/reference/0000506_203.jpg
building_8,0000506,reference,dataset_splits/10_buildings/building_8/0000506/reference/0000506_213.jpg
building_8,0000506,reference,dataset_splits/10_buildings/building_8/0000506/reference/0000506_218.jpg
building_8,0000506,test,dataset_splits/10_buildings/building_8/0000506/test/0000506_004.jpg
building_8,0000506,test,dataset_splits/10_buildings/building_8/0000506/test/0000506_039.jpg
building_8,0000506,test,dataset_splits/10_buildings/building_8/0000506/test/0000506_041.jpg
building_8,0000506,test,dataset_splits/10_buildings/building_8/0000506/test/0000506_051.jpg
building_8,0000506,test,dataset_splits/10_buildings/building_8/0000506/test/0000506_089.jpg
building_8,0000506,test,dataset_splits/10_buildings/building_8/0000506/test/0000506_090.jpg
building_8,0000506,test,dataset_splits/10_buildings/building_8/0000506/test/0000506_095.jpg
building_8,0000506,test,dataset_splits/10_buildings/building_8/0000506/test/0000506_099.jpg
building_8,0000506,test,dataset_splits/10_buildings/building_8/0000506/test/0000506_104.jpg
building_8,0000506,test,dataset_splits/10_buildings/building_8/0000506/test/0000506_110.jpg
building_8,0000506,test,dataset_splits/10_buildings/building_8/0000506/test/0000506_123.jpg
building_8,0000506,test,dataset_splits/10_buildings/building_8/0000506/test/0000506_135.jpg
building_8,0000506,test,dataset_splits/10_buildings/building_8/0000506/test/0000506_149.jpg
building_8,0000506,test,dataset_splits/10_buildings/building_8/0000506/test/0000506_151.jpg
building_8,0000506,test,dataset_splits/10_buildings/building_8/0000506/test/0000506_159.jpg
building_8,0000506,test,dataset_splits/10_buildings/building_8/0000506/test/0000506_169.jpg
building_8,0000506,test,dataset_splits/10_buildings/building_8/0000506/test/0000506_181.jpg
building_8,0000506,test,dataset_splits/10_buildings/building_8/0000506/test/0000506_199.jpg
building_8,0000506,test,dataset_splits/10_buildings/building_8/0000506/test/0000506_204.jpg
building_8,0000506,test,dataset_splits/10_buildings/building_8/0000506/test/0000506_222.jpg
building_8,0000512,reference,dataset_splits/10_buildings/building_8/0000512/reference/0000512_005.jpg
building_8,0000512,reference,dataset_splits/10_buildings/building_8/0000512/reference/0000512_007.jpg
building_8,0000512,reference,dataset_splits/10_buildings/building_8/0000512/reference/0000512_009.jpg
building_8,0000512,reference,dataset_splits/10_buildings/building_8/0000512/reference/0000512_011.jpg
building_8,0000512,reference,dataset_splits/10_buildings/building_8/0000512/reference/0000512_012.jpg
building_8,0000512,reference,dataset_splits/10_buildings/building_8/0000512/reference/0000512_013.jpg
building_8,0000512,reference,dataset_splits/10_buildings/building_8/0000512/reference/0000512_015.jpg
building_8,0000512,reference,dataset_splits/10_buildings/building_8/0000512/reference/0000512_017.jpg
building_8,0000512,reference,dataset_splits/10_buildings/building_8/0000512/reference/0000512_025.jpg
building_8,0000512,reference,dataset_splits/10_buildings/building_8/0000512/reference/0000512_031.jpg
building_8,0000512,reference,dataset_splits/10_buildings/building_8/0000512/reference/0000512_034.jpg
building_8,0000512,reference,dataset_splits/10_buildings/building_8/0000512/reference/0000512_036.jpg
building_8,0000512,reference,dataset_splits/10_buildings/building_8/0000512/reference/0000512_039.jpg
building_8,0000512,reference,dataset_splits/10_buildings/building_8/0000512/reference/0000512_043.jpg
building_8,0000512,reference,dataset_splits/10_buildings/building_8/0000512/reference/0000512_044.jpg
building_8,0000512,reference,dataset_splits/10_buildings/building_8/0000512/reference/0000512_047.jpg
building_8,0000512,reference,dataset_splits/10_buildings/building_8/0000512/reference/0000512_055.jpg
building_8,0000512,reference,dataset_splits/10_buildings/building_8/0000512/reference/0000512_058.jpg
building_8,0000512,reference,dataset_splits/10_buildings/building_8/0000512/reference/0000512_059.jpg
building_8,0000512,reference,dataset_splits/10_buildings/building_8/0000512/reference/0000512_060.jpg
building_8,0000512,test,dataset_splits/10_buildings/building_8/0000512/test/0000512_001.jpg
building_8,0000512,test,dataset_splits/10_buildings/building_8/0000512/test/0000512_003.jpg
building_8,0000512,test,dataset_splits/10_buildings/building_8/0000512/test/0000512_021.jpg
building_8,0000512,test,dataset_splits/10_buildings/building_8/0000512/test/0000512_024.jpg
building_8,0000512,test,dataset_splits/10_buildings/building_8/0000512/test/0000512_026.jpg
building_8,0000512,test,dataset_splits/10_buildings/building_8/0000512/test/0000512_027.jpg
building_8,0000512,test,dataset_splits/10_buildings/building_8/0000512/test/0000512_032.jpg
building_8,0000512,test,dataset_splits/10_buildings/building_8/0000512/test/0000512_033.jpg
building_8,0000512,test,dataset_splits/10_buildings/building_8/0000512/test/0000512_035.jpg
building_8,0000512,test,dataset_splits/10_buildings/building_8/0000512/test/0000512_038.jpg
building_8,0000512,test,dataset_splits/10_buildings/building_8/0000512/test/0000512_040.jpg
building_8,0000512,test,dataset_splits/10_buildings/building_8/0000512/test/0000512_042.jpg
building_8,0000512,test,dataset_splits/10_buildings/building_8/0000512/test/0000512_048.jpg
building_8,0000512,test,dataset_splits/10_buildings/building_8/0000512/test/0000512_049.jpg
building_8,0000512,test,dataset_splits/10_buildings/building_8/0000512/test/0000512_050.jpg
building_8,0000512,test,dataset_splits/10_buildings/building_8/0000512/test/0000512_052.jpg
building_8,0000512,test,dataset_splits/10_buildings/building_8/0000512/test/0000512_053.jpg
building_8,0000512,test,dataset_splits/10_buildings/building_8/0000512/test/0000512_054.jpg
building_8,0000512,test,dataset_splits/10_buildings/building_8/0000512/test/0000512_056.jpg
building_8,0000512,test,dataset_splits/10_buildings/building_8/0000512/test/0000512_061.jpg
building_8,0000520,reference,dataset_splits/10_buildings/building_8/0000520/reference/0000520_004.jpg
building_8,0000520,reference,dataset_splits/10_buildings/building_8/0000520/reference/0000520_006.jpg
building_8,0000520,reference,dataset_splits/10_buildings/building_8/0000520/reference/0000520_007.jpg
building_8,0000520,reference,dataset_splits/10_buildings/building_8/0000520/reference/0000520_009.jpg
building_8,0000520,reference,dataset_splits/10_buildings/building_8/0000520/reference/0000520_011.jpg
building_8,0000520,reference,dataset_splits/10_buildings/building_8/0000520/reference/0000520_012.jpg
building_8,0000520,reference,dataset_splits/10_buildings/building_8/0000520/reference/0000520_016.jpg
building_8,0000520,reference,dataset_splits/10_buildings/building_8/0000520/reference/0000520_019.jpg
building_8,0000520,reference,dataset_splits/10_buildings/building_8/0000520/reference/0000520_021.jpg
building_8,0000520,reference,dataset_splits/10_buildings/building_8/0000520/reference/0000520_022.jpg
building_8,0000520,reference,dataset_splits/10_buildings/building_8/0000520/reference/0000520_034.jpg
building_8,0000520,reference,dataset_splits/10_buildings/building_8/0000520/reference/0000520_035.jpg
building_8,0000520,reference,dataset_splits/10_buildings/building_8/0000520/reference/0000520_037.jpg
building_8,0000520,reference,dataset_splits/10_buildings/building_8/0000520/reference/0000520_039.jpg
building_8,0000520,reference,dataset_splits/10_buildings/building_8/0000520/reference/0000520_044.jpg
building_8,0000520,reference,dataset_splits/10_buildings/building_8/0000520/reference/0000520_055.jpg
building_8,0000520,reference,dataset_splits/10_buildings/building_8/0000520/reference/0000520_057.jpg
building_8,0000520,reference,dataset_splits/10_buildings/building_8/0000520/reference/0000520_061.jpg
building_8,0000520,reference,dataset_splits/10_buildings/building_8/0000520/reference/0000520_062.jpg
building_8,0000520,reference,dataset_splits/10_buildings/building_8/0000520/reference/0000520_064.jpg
building_8,0000520,test,dataset_splits/10_buildings/building_8/0000520/test/0000520_001.jpg
building_8,0000520,test,dataset_splits/10_buildings/building_8/0000520/test/0000520_002.jpg
building_8,0000520,test,dataset_splits/10_buildings/building_8/0000520/test/0000520_005.jpg
building_8,0000520,test,dataset_splits/10_buildings/building_8/0000520/test/0000520_010.jpg
building_8,0000520,test,dataset_splits/10_buildings/building_8/0000520/test/0000520_013.jpg
building_8,0000520,test,dataset_splits/10_buildings/building_8/0000520/test/0000520_015.jpg
building_8,0000520,test,dataset_splits/10_buildings/building_8/0000520/test/0000520_025.jpg
building_8,0000520,test,dataset_splits/10_buildings/building_8/0000520/test/0000520_026.jpg
building_8,0000520,test,dataset_splits/10_buildings/building_8/0000520/test/0000520_027.jpg
building_8,0000520,test,dataset_splits/10_buildings/building_8/0000520/test/0000520_029.jpg
building_8,0000520,test,dataset_splits/10_buildings/building_8/0000520/test/0000520_030.jpg
building_8,0000520,test,dataset_splits/10_buildings/building_8/0000520/test/0000520_031.jpg
building_8,0000520,test,dataset_splits/10_buildings/building_8/0000520/test/0000520_040.jpg
building_8,0000520,test,dataset_splits/10_buildings/building_8/0000520/test/0000520_041.jpg
building_8,0000520,test,dataset_splits/10_buildings/building_8/0000520/test/0000520_043.jpg
building_8,0000520,test,dataset_splits/10_buildings/building_8/0000520/test/0000520_052.jpg
building_8,0000520,test,dataset_splits/10_buildings/building_8/0000520/test/0000520_054.jpg
building_8,0000520,test,dataset_splits/10_buildings/building_8/0000520/test/0000520_059.jpg
building_8,0000520,test,dataset_splits/10_buildings/building_8/0000520/test/0000520_060.jpg
building_8,0000520,test,dataset_splits/10_buildings/building_8/0000520/test/0000520_063.jpg
building_8,0000655,reference,dataset_splits/10_buildings/building_8/0000655/reference/0000655_001.jpg
building_8,0000655,reference,dataset_splits/10_buildings/building_8/0000655/reference/0000655_002.jpg
building_8,0000655,reference,dataset_splits/10_buildings/building_8/0000655/reference/0000655_012.jpg
building_8,0000655,reference,dataset_splits/10_buildings/building_8/0000655/reference/0000655_021.jpg
building_8,0000655,reference,dataset_splits/10_buildings/building_8/0000655/reference/0000655_024.jpg
building_8,0000655,reference,dataset_splits/10_buildings/building_8/0000655/reference/0000655_028.jpg
building_8,0000655,reference,dataset_splits/10_buildings/building_8/0000655/reference/0000655_031.jpg
building_8,0000655,reference,dataset_splits/10_buildings/building_8/0000655/reference/0000655_036.jpg
building_8,0000655,reference,dataset_splits/10_buildings/building_8/0000655/reference/0000655_037.jpg
building_8,0000655,reference,dataset_splits/10_buildings/building_8/0000655/reference/0000655_039.jpg
building_8,0000655,reference,dataset_splits/10_buildings/building_8/0000655/reference/0000655_045.jpg
building_8,0000655,reference,dataset_splits/10_buildings/building_8/0000655/reference/0000655_048.jpg
building_8,0000655,reference,dataset_splits/10_buildings/building_8/0000655/reference/0000655_050.jpg
building_8,0000655,reference,dataset_splits/10_buildings/building_8/0000655/reference/0000655_053.jpg
building_8,0000655,reference,dataset_splits/10_buildings/building_8/0000655/reference/0000655_056.jpg
building_8,0000655,reference,dataset_splits/10_buildings/building_8/0000655/reference/0000655_057.jpg
building_8,0000655,reference,dataset_splits/10_buildings/building_8/0000655/reference/0000655_063.jpg
building_8,0000655,reference,dataset_splits/10_buildings/building_8/0000655/reference/0000655_065.jpg
building_8,0000655,reference,dataset_splits/10_buildings/building_8/0000655/reference/0000655_066.jpg
building_8,0000655,reference,dataset_splits/10_buildings/building_8/0000655/reference/0000655_067.jpg
building_8,0000655,test,dataset_splits/10_buildings/building_8/0000655/test/0000655_003.jpg
building_8,0000655,test,dataset_splits/10_buildings/building_8/0000655/test/0000655_007.jpg
building_8,0000655,test,dataset_splits/10_buildings/building_8/0000655/test/0000655_008.jpg
building_8,0000655,test,dataset_splits/10_buildings/building_8/0000655/test/0000655_010.jpg
building_8,0000655,test,dataset_splits/10_buildings/building_8/0000655/test/0000655_011.jpg
building_8,0000655,test,dataset_splits/10_buildings/building_8/0000655/test/0000655_013.jpg
building_8,0000655,test,dataset_splits/10_buildings/building_8/0000655/test/0000655_017.jpg
building_8,0000655,test,dataset_splits/10_buildings/building_8/0000655/test/0000655_019.jpg
building_8,0000655,test,dataset_splits/10_buildings/building_8/0000655/test/0000655_020.jpg
building_8,0000655,test,dataset_splits/10_buildings/building_8/0000655/test/0000655_022.jpg
building_8,0000655,test,dataset_splits/10_buildings/building_8/0000655/test/0000655_026.jpg
building_8,0000655,test,dataset_splits/10_buildings/building_8/0000655/test/0000655_029.jpg
building_8,0000655,test,dataset_splits/10_buildings/building_8/0000655/test/0000655_038.jpg
building_8,0000655,test,dataset_splits/10_buildings/building_8/0000655/test/0000655_040.jpg
building_8,0000655,test,dataset_splits/10_buildings/building_8/0000655/test/0000655_044.jpg
building_8,0000655,test,dataset_splits/10_buildings/building_8/0000655/test/0000655_055.jpg
building_8,0000655,test,dataset_splits/10_buildings/building_8/0000655/test/0000655_059.jpg
building_8,0000655,test,dataset_splits/10_buildings/building_8/0000655/test/0000655_062.jpg
building_8,0000655,test,dataset_splits/10_buildings/building_8/0000655/test/0000655_071.jpg
building_8,0000655,test,dataset_splits/10_buildings/building_8/0000655/test/0000655_072.jpg
building_8,0000663,reference,dataset_splits/10_buildings/building_8/0000663/reference/0000663_004.jpg
building_8,0000663,reference,dataset_splits/10_buildings/building_8/0000663/reference/0000663_005.jpg
building_8,0000663,reference,dataset_splits/10_buildings/building_8/0000663/reference/0000663_006.jpg
building_8,0000663,reference,dataset_splits/10_buildings/building_8/0000663/reference/0000663_014.jpg
building_8,0000663,reference,dataset_splits/10_buildings/building_8/0000663/reference/0000663_019.jpg
building_8,0000663,reference,dataset_splits/10_buildings/building_8/0000663/reference/0000663_022.jpg
building_8,0000663,reference,dataset_splits/10_buildings/building_8/0000663/reference/0000663_027.jpg
building_8,0000663,reference,dataset_splits/10_buildings/building_8/0000663/reference/0000663_036.jpg
building_8,0000663,reference,dataset_splits/10_buildings/building_8/0000663/reference/0000663_041.jpg
building_8,0000663,reference,dataset_splits/10_buildings/building_8/0000663/reference/0000663_042.jpg
building_8,0000663,reference,dataset_splits/10_buildings/building_8/0000663/reference/0000663_047.jpg
building_8,0000663,reference,dataset_splits/10_buildings/building_8/0000663/reference/0000663_055.jpg
building_8,0000663,reference,dataset_splits/10_buildings/building_8/0000663/reference/0000663_060.jpg
building_8,0000663,reference,dataset_splits/10_buildings/building_8/0000663/reference/0000663_064.jpg
building_8,0000663,reference,dataset_splits/10_buildings/building_8/0000663/reference/0000663_065.jpg
building_8,0000663,reference,dataset_splits/10_buildings/building_8/0000663/reference/0000663_073.jpg
building_8,0000663,reference,dataset_splits/10_buildings/building_8/0000663/reference/0000663_076.jpg
building_8,0000663,reference,dataset_splits/10_buildings/building_8/0000663/reference/0000663_079.jpg
building_8,0000663,reference,dataset_splits/10_buildings/building_8/0000663/reference/0000663_081.jpg
building_8,0000663,reference,dataset_splits/10_buildings/building_8/0000663/reference/0000663_092.jpg
building_8,0000663,test,dataset_splits/10_buildings/building_8/0000663/test/0000663_002.jpg
building_8,0000663,test,dataset_splits/10_buildings/building_8/0000663/test/0000663_003.jpg
building_8,0000663,test,dataset_splits/10_buildings/building_8/0000663/test/0000663_009.jpg
building_8,0000663,test,dataset_splits/10_buildings/building_8/0000663/test/0000663_010.jpg
building_8,0000663,test,dataset_splits/10_buildings/building_8/0000663/test/0000663_023.jpg
building_8,0000663,test,dataset_splits/10_buildings/building_8/0000663/test/0000663_026.jpg
building_8,0000663,test,dataset_splits/10_buildings/building_8/0000663/test/0000663_030.jpg
building_8,0000663,test,dataset_splits/10_buildings/building_8/0000663/test/0000663_037.jpg
building_8,0000663,test,dataset_splits/10_buildings/building_8/0000663/test/0000663_044.jpg
building_8,0000663,test,dataset_splits/10_buildings/building_8/0000663/test/0000663_049.jpg
building_8,0000663,test,dataset_splits/10_buildings/building_8/0000663/test/0000663_057.jpg
building_8,0000663,test,dataset_splits/10_buildings/building_8/0000663/test/0000663_062.jpg
building_8,0000663,test,dataset_splits/10_buildings/building_8/0000663/test/0000663_070.jpg
building_8,0000663,test,dataset_splits/10_buildings/building_8/0000663/test/0000663_074.jpg
building_8,0000663,test,dataset_splits/10_buildings/building_8/0000663/test/0000663_080.jpg
building_8,0000663,test,dataset_splits/10_buildings/building_8/0000663/test/0000663_089.jpg
building_8,0000663,test,dataset_splits/10_buildings/building_8/0000663/test/0000663_091.jpg
building_8,0000663,test,dataset_splits/10_buildings/building_8/0000663/test/0000663_095.jpg
building_8,0000663,test,dataset_splits/10_buildings/building_8/0000663/test/0000663_100.jpg
building_8,0000663,test,dataset_splits/10_buildings/building_8/0000663/test/0000663_101.jpg
building_8,0001082,reference,dataset_splits/10_buildings/building_8/0001082/reference/0001082_005.jpg
building_8,0001082,reference,dataset_splits/10_buildings/building_8/0001082/reference/0001082_016.jpg
building_8,0001082,reference,dataset_splits/10_buildings/building_8/0001082/reference/0001082_025.jpg
building_8,0001082,reference,dataset_splits/10_buildings/building_8/0001082/reference/0001082_043.jpg
building_8,0001082,reference,dataset_splits/10_buildings/building_8/0001082/reference/0001082_046.jpg
building_8,0001082,reference,dataset_splits/10_buildings/building_8/0001082/reference/0001082_061.jpg
building_8,0001082,reference,dataset_splits/10_buildings/building_8/0001082/reference/0001082_062.jpg
building_8,0001082,reference,dataset_splits/10_buildings/building_8/0001082/reference/0001082_081.jpg
building_8,0001082,reference,dataset_splits/10_buildings/building_8/0001082/reference/0001082_084.jpg
building_8,0001082,reference,dataset_splits/10_buildings/building_8/0001082/reference/0001082_087.jpg
building_8,0001082,reference,dataset_splits/10_buildings/building_8/0001082/reference/0001082_092.jpg
building_8,0001082,reference,dataset_splits/10_buildings/building_8/0001082/reference/0001082_102.jpg
building_8,0001082,reference,dataset_splits/10_buildings/building_8/0001082/reference/0001082_105.jpg
building_8,0001082,reference,dataset_splits/10_buildings/building_8/0001082/reference/0001082_117.jpg
building_8,0001082,reference,dataset_splits/10_buildings/building_8/0001082/reference/0001082_118.jpg
building_8,0001082,reference,dataset_splits/10_buildings/building_8/0001082/reference/0001082_131.jpg
building_8,0001082,reference,dataset_splits/10_buildings/building_8/0001082/reference/0001082_141.jpg
building_8,0001082,reference,dataset_splits/10_buildings/building_8/0001082/reference/0001082_149.jpg
building_8,0001082,reference,dataset_splits/10_buildings/building_8/0001082/reference/0001082_157.jpg
building_8,0001082,reference,dataset_splits/10_buildings/building_8/0001082/reference/0001082_158.jpg
building_8,0001082,test,dataset_splits/10_buildings/building_8/0001082/test/0001082_006.jpg
building_8,0001082,test,dataset_splits/10_buildings/building_8/0001082/test/0001082_013.jpg
building_8,0001082,test,dataset_splits/10_buildings/building_8/0001082/test/0001082_019.jpg
building_8,0001082,test,dataset_splits/10_buildings/building_8/0001082/test/0001082_023.jpg
building_8,0001082,test,dataset_splits/10_buildings/building_8/0001082/test/0001082_024.jpg
building_8,0001082,test,dataset_splits/10_buildings/building_8/0001082/test/0001082_028.jpg
building_8,0001082,test,dataset_splits/10_buildings/building_8/0001082/test/0001082_034.jpg
building_8,0001082,test,dataset_splits/10_buildings/building_8/0001082/test/0001082_060.jpg
building_8,0001082,test,dataset_splits/10_buildings/building_8/0001082/test/0001082_069.jpg
building_8,0001082,test,dataset_splits/10_buildings/building_8/0001082/test/0001082_075.jpg
building_8,0001082,test,dataset_splits/10_buildings/building_8/0001082/test/0001082_086.jpg
building_8,0001082,test,dataset_splits/10_buildings/building_8/0001082/test/0001082_091.jpg
building_8,0001082,test,dataset_splits/10_buildings/building_8/0001082/test/0001082_098.jpg
building_8,0001082,test,dataset_splits/10_buildings/building_8/0001082/test/0001082_101.jpg
building_8,0001082,test,dataset_splits/10_buildings/building_8/0001082/test/0001082_112.jpg
building_8,0001082,test,dataset_splits/10_buildings/building_8/0001082/test/0001082_138.jpg
building_8,0001082,test,dataset_splits/10_buildings/building_8/0001082/test/0001082_139.jpg
building_8,0001082,test,dataset_splits/10_buildings/building_8/0001082/test/0001082_148.jpg
building_8,0001082,test,dataset_splits/10_buildings/building_8/0001082/test/0001082_153.jpg
building_8,0001082,test,dataset_splits/10_buildings/building_8/0001082/test/0001082_162.jpg
building_8,0001287,reference,dataset_splits/10_buildings/building_8/0001287/reference/0001287_003.jpg
building_8,0001287,reference,dataset_splits/10_buildings/building_8/0001287/reference/0001287_007.jpg
building_8,0001287,reference,dataset_splits/10_buildings/building_8/0001287/reference/0001287_019.jpg
building_8,0001287,reference,dataset_splits/10_buildings/building_8/0001287/reference/0001287_042.jpg
building_8,0001287,reference,dataset_splits/10_buildings/building_8/0001287/reference/0001287_043.jpg
building_8,0001287,reference,dataset_splits/10_buildings/building_8/0001287/reference/0001287_062.jpg
building_8,0001287,reference,dataset_splits/10_buildings/building_8/0001287/reference/0001287_076.jpg
building_8,0001287,reference,dataset_splits/10_buildings/building_8/0001287/reference/0001287_082.jpg
building_8,0001287,reference,dataset_splits/10_buildings/building_8/0001287/reference/0001287_089.jpg
building_8,0001287,reference,dataset_splits/10_buildings/building_8/0001287/reference/0001287_119.jpg
building_8,0001287,reference,dataset_splits/10_buildings/building_8/0001287/reference/0001287_136.jpg
building_8,0001287,reference,dataset_splits/10_buildings/building_8/0001287/reference/0001287_155.jpg
building_8,0001287,reference,dataset_splits/10_buildings/building_8/0001287/reference/0001287_158.jpg
building_8,0001287,reference,dataset_splits/10_buildings/building_8/0001287/reference/0001287_161.jpg
building_8,0001287,reference,dataset_splits/10_buildings/building_8/0001287/reference/0001287_173.jpg
building_8,0001287,reference,dataset_splits/10_buildings/building_8/0001287/reference/0001287_176.jpg
building_8,0001287,reference,dataset_splits/10_buildings/building_8/0001287/reference/0001287_185.jpg
building_8,0001287,reference,dataset_splits/10_buildings/building_8/0001287/reference/0001287_191.jpg
building_8,0001287,reference,dataset_splits/10_buildings/building_8/0001287/reference/0001287_216.jpg
building_8,0001287,reference,dataset_splits/10_buildings/building_8/0001287/reference/0001287_219.jpg
building_8,0001287,test,dataset_splits/10_buildings/building_8/0001287/test/0001287_005.jpg
building_8,0001287,test,dataset_splits/10_buildings/building_8/0001287/test/0001287_017.jpg
building_8,0001287,test,dataset_splits/10_buildings/building_8/0001287/test/0001287_018.jpg
building_8,0001287,test,dataset_splits/10_buildings/building_8/0001287/test/0001287_034.jpg
building_8,0001287,test,dataset_splits/10_buildings/building_8/0001287/test/0001287_035.jpg
building_8,0001287,test,dataset_splits/10_buildings/building_8/0001287/test/0001287_047.jpg
building_8,0001287,test,dataset_splits/10_buildings/building_8/0001287/test/0001287_058.jpg
building_8,0001287,test,dataset_splits/10_buildings/building_8/0001287/test/0001287_063.jpg
building_8,0001287,test,dataset_splits/10_buildings/building_8/0001287/test/0001287_094.jpg
building_8,0001287,test,dataset_splits/10_buildings/building_8/0001287/test/0001287_096.jpg
building_8,0001287,test,dataset_splits/10_buildings/building_8/0001287/test/0001287_101.jpg
building_8,0001287,test,dataset_splits/10_buildings/building_8/0001287/test/0001287_123.jpg
building_8,0001287,test,dataset_splits/10_buildings/building_8/0001287/test/0001287_148.jpg
building_8,0001287,test,dataset_splits/10_buildings/building_8/0001287/test/0001287_159.jpg
building_8,0001287,test,dataset_splits/10_buildings/building_8/0001287/test/0001287_182.jpg
building_8,0001287,test,dataset_splits/10_buildings/building_8/0001287/test/0001287_197.jpg
building_8,0001287,test,dataset_splits/10_buildings/building_8/0001287/test/0001287_202.jpg
building_8,0001287,test,dataset_splits/10_buildings/building_8/0001287/test/0001287_208.jpg
building_8,0001287,test,dataset_splits/10_buildings/building_8/0001287/test/0001287_232.jpg
building_8,0001287,test,dataset_splits/10_buildings/building_8/0001287/test/0001287_233.jpg
building_8,0001290,reference,dataset_splits/10_buildings/building_8/0001290/reference/0001290_001.jpg
building_8,0001290,reference,dataset_splits/10_buildings/building_8/0001290/reference/0001290_005.jpg
building_8,0001290,reference,dataset_splits/10_buildings/building_8/0001290/reference/0001290_007.jpg
building_8,0001290,reference,dataset_splits/10_buildings/building_8/0001290/reference/0001290_010.jpg
building_8,0001290,reference,dataset_splits/10_buildings/building_8/0001290/reference/0001290_012.jpg
building_8,0001290,reference,dataset_splits/10_buildings/building_8/0001290/reference/0001290_016.jpg
building_8,0001290,reference,dataset_splits/10_buildings/building_8/0001290/reference/0001290_026.jpg
building_8,0001290,reference,dataset_splits/10_buildings/building_8/0001290/reference/0001290_027.jpg
building_8,0001290,reference,dataset_splits/10_buildings/building_8/0001290/reference/0001290_029.jpg
building_8,0001290,reference,dataset_splits/10_buildings/building_8/0001290/reference/0001290_031.jpg
building_8,0001290,reference,dataset_splits/10_buildings/building_8/0001290/reference/0001290_033.jpg
building_8,0001290,reference,dataset_splits/10_buildings/building_8/0001290/reference/0001290_040.jpg
building_8,0001290,reference,dataset_splits/10_buildings/building_8/0001290/reference/0001290_045.jpg
building_8,0001290,reference,dataset_splits/10_buildings/building_8/0001290/reference/0001290_048.jpg
building_8,0001290,reference,dataset_splits/10_buildings/building_8/0001290/reference/0001290_050.jpg
building_8,0001290,reference,dataset_splits/10_buildings/building_8/0001290/reference/0001290_058.jpg
building_8,0001290,reference,dataset_splits/10_buildings/building_8/0001290/reference/0001290_062.jpg
building_8,0001290,reference,dataset_splits/10_buildings/building_8/0001290/reference/0001290_064.jpg
building_8,0001290,reference,dataset_splits/10_buildings/building_8/0001290/reference/0001290_067.jpg
building_8,0001290,reference,dataset_splits/10_buildings/building_8/0001290/reference/0001290_073.jpg
building_8,0001290,test,dataset_splits/10_buildings/building_8/0001290/test/0001290_003.jpg
building_8,0001290,test,dataset_splits/10_buildings/building_8/0001290/test/0001290_004.jpg
building_8,0001290,test,dataset_splits/10_buildings/building_8/0001290/test/0001290_017.jpg
building_8,0001290,test,dataset_splits/10_buildings/building_8/0001290/test/0001290_020.jpg
building_8,0001290,test,dataset_splits/10_buildings/building_8/0001290/test/0001290_022.jpg
building_8,0001290,test,dataset_splits/10_buildings/building_8/0001290/test/0001290_035.jpg
building_8,0001290,test,dataset_splits/10_buildings/building_8/0001290/test/0001290_037.jpg
building_8,0001290,test,dataset_splits/10_buildings/building_8/0001290/test/0001290_039.jpg
building_8,0001290,test,dataset_splits/10_buildings/building_8/0001290/test/0001290_042.jpg
building_8,0001290,test,dataset_splits/10_buildings/building_8/0001290/test/0001290_043.jpg
building_8,0001290,test,dataset_splits/10_buildings/building_8/0001290/test/0001290_047.jpg
building_8,0001290,test,dataset_splits/10_buildings/building_8/0001290/test/0001290_053.jpg
building_8,0001290,test,dataset_splits/10_buildings/building_8/0001290/test/0001290_054.jpg
building_8,0001290,test,dataset_splits/10_buildings/building_8/0001290/test/0001290_055.jpg
building_8,0001290,test,dataset_splits/10_buildings/building_8/0001290/test/0001290_056.jpg
building_8,0001290,test,dataset_splits/10_buildings/building_8/0001290/test/0001290_057.jpg
building_8,0001290,test,dataset_splits/10_buildings/building_8/0001290/test/0001290_068.jpg
building_8,0001290,test,dataset_splits/10_buildings/building_8/0001290/test/0001290_070.jpg
building_8,0001290,test,dataset_splits/10_buildings/building_8/0001290/test/0001290_074.jpg
building_8,0001290,test,dataset_splits/10_buildings/building_8/0001290/test/0001290_077.jpg
building_8,0001480,reference,dataset_splits/10_buildings/building_8/0001480/reference/0001480_003.jpg
building_8,0001480,reference,dataset_splits/10_buildings/building_8/0001480/reference/0001480_004.jpg
building_8,0001480,reference,dataset_splits/10_buildings/building_8/0001480/reference/0001480_006.jpg
building_8,0001480,reference,dataset_splits/10_buildings/building_8/0001480/reference/0001480_013.jpg
building_8,0001480,reference,dataset_splits/10_buildings/building_8/0001480/reference/0001480_015.jpg
building_8,0001480,reference,dataset_splits/10_buildings/building_8/0001480/reference/0001480_016.jpg
building_8,0001480,reference,dataset_splits/10_buildings/building_8/0001480/reference/0001480_024.jpg
building_8,0001480,reference,dataset_splits/10_buildings/building_8/0001480/reference/0001480_027.jpg
building_8,0001480,reference,dataset_splits/10_buildings/building_8/0001480/reference/0001480_030.jpg
building_8,0001480,reference,dataset_splits/10_buildings/building_8/0001480/reference/0001480_033.jpg
building_8,0001480,reference,dataset_splits/10_buildings/building_8/0001480/reference/0001480_041.jpg
building_8,0001480,reference,dataset_splits/10_buildings/building_8/0001480/reference/0001480_042.jpg
building_8,0001480,reference,dataset_splits/10_buildings/building_8/0001480/reference/0001480_044.jpg
building_8,0001480,reference,dataset_splits/10_buildings/building_8/0001480/reference/0001480_047.jpg
building_8,0001480,reference,dataset_splits/10_buildings/building_8/0001480/reference/0001480_049.jpg
building_8,0001480,reference,dataset_splits/10_buildings/building_8/0001480/reference/0001480_051.jpg
building_8,0001480,reference,dataset_splits/10_buildings/building_8/0001480/reference/0001480_053.jpg
building_8,0001480,reference,dataset_splits/10_buildings/building_8/0001480/reference/0001480_054.jpg
building_8,0001480,reference,dataset_splits/10_buildings/building_8/0001480/reference/0001480_056.jpg
building_8,0001480,reference,dataset_splits/10_buildings/building_8/0001480/reference/0001480_059.jpg
building_8,0001480,test,dataset_splits/10_buildings/building_8/0001480/test/0001480_009.jpg
building_8,0001480,test,dataset_splits/10_buildings/building_8/0001480/test/0001480_011.jpg
building_8,0001480,test,dataset_splits/10_buildings/building_8/0001480/test/0001480_012.jpg
building_8,0001480,test,dataset_splits/10_buildings/building_8/0001480/test/0001480_014.jpg
building_8,0001480,test,dataset_splits/10_buildings/building_8/0001480/test/0001480_019.jpg
building_8,0001480,test,dataset_splits/10_buildings/building_8/0001480/test/0001480_026.jpg
building_8,0001480,test,dataset_splits/10_buildings/building_8/0001480/test/0001480_029.jpg
building_8,0001480,test,dataset_splits/10_buildings/building_8/0001480/test/0001480_031.jpg
building_8,0001480,test,dataset_splits/10_buildings/building_8/0001480/test/0001480_035.jpg
building_8,0001480,test,dataset_splits/10_buildings/building_8/0001480/test/0001480_036.jpg
building_8,0001480,test,dataset_splits/10_buildings/building_8/0001480/test/0001480_038.jpg
building_8,0001480,test,dataset_splits/10_buildings/building_8/0001480/test/0001480_040.jpg
building_8,0001480,test,dataset_splits/10_buildings/building_8/0001480/test/0001480_043.jpg
building_8,0001480,test,dataset_splits/10_buildings/building_8/0001480/test/0001480_045.jpg
building_8,0001480,test,dataset_splits/10_buildings/building_8/0001480/test/0001480_048.jpg
building_8,0001480,test,dataset_splits/10_buildings/building_8/0001480/test/0001480_052.jpg
building_8,0001480,test,dataset_splits/10_buildings/building_8/0001480/test/0001480_057.jpg
building_8,0001480,test,dataset_splits/10_buildings/building_8/0001480/test/0001480_060.jpg
building_8,0001480,test,dataset_splits/10_buildings/building_8/0001480/test/0001480_061.jpg
building_8,0001480,test,dataset_splits/10_buildings/building_8/0001480/test/0001480_062.jpg
building_8,0001491,reference,dataset_splits/10_buildings/building_8/0001491/reference/0001491_005.jpg
building_8,0001491,reference,dataset_splits/10_buildings/building_8/0001491/reference/0001491_017.jpg
building_8,0001491,reference,dataset_splits/10_buildings/building_8/0001491/reference/0001491_025.jpg
building_8,0001491,reference,dataset_splits/10_buildings/building_8/0001491/reference/0001491_027.jpg
building_8,0001491,reference,dataset_splits/10_buildings/building_8/0001491/reference/0001491_028.jpg
building_8,0001491,reference,dataset_splits/10_buildings/building_8/0001491/reference/0001491_039.jpg
building_8,0001491,reference,dataset_splits/10_buildings/building_8/0001491/reference/0001491_044.jpg
building_8,0001491,reference,dataset_splits/10_buildings/building_8/0001491/reference/0001491_046.jpg
building_8,0001491,reference,dataset_splits/10_buildings/building_8/0001491/reference/0001491_050.jpg
building_8,0001491,reference,dataset_splits/10_buildings/building_8/0001491/reference/0001491_057.jpg
building_8,0001491,reference,dataset_splits/10_buildings/building_8/0001491/reference/0001491_060.jpg
building_8,0001491,reference,dataset_splits/10_buildings/building_8/0001491/reference/0001491_067.jpg
building_8,0001491,reference,dataset_splits/10_buildings/building_8/0001491/reference/0001491_068.jpg
building_8,0001491,reference,dataset_splits/10_buildings/building_8/0001491/reference/0001491_076.jpg
building_8,0001491,reference,dataset_splits/10_buildings/building_8/0001491/reference/0001491_078.jpg
building_8,0001491,reference,dataset_splits/10_buildings/building_8/0001491/reference/0001491_081.jpg
building_8,0001491,reference,dataset_splits/10_buildings/building_8/0001491/reference/0001491_083.jpg
building_8,0001491,reference,dataset_splits/10_buildings/building_8/0001491/reference/0001491_087.jpg
building_8,0001491,reference,dataset_splits/10_buildings/building_8/0001491/reference/0001491_093.jpg
building_8,0001491,reference,dataset_splits/10_buildings/building_8/0001491/reference/0001491_094.jpg
building_8,0001491,test,dataset_splits/10_buildings/building_8/0001491/test/0001491_010.jpg
building_8,0001491,test,dataset_splits/10_buildings/building_8/0001491/test/0001491_011.jpg
building_8,0001491,test,dataset_splits/10_buildings/building_8/0001491/test/0001491_012.jpg
building_8,0001491,test,dataset_splits/10_buildings/building_8/0001491/test/0001491_015.jpg
building_8,0001491,test,dataset_splits/10_buildings/building_8/0001491/test/0001491_016.jpg
building_8,0001491,test,dataset_splits/10_buildings/building_8/0001491/test/0001491_018.jpg
building_8,0001491,test,dataset_splits/10_buildings/building_8/0001491/test/0001491_029.jpg
building_8,0001491,test,dataset_splits/10_buildings/building_8/0001491/test/0001491_030.jpg
building_8,0001491,test,dataset_splits/10_buildings/building_8/0001491/test/0001491_034.jpg
building_8,0001491,test,dataset_splits/10_buildings/building_8/0001491/test/0001491_036.jpg
building_8,0001491,test,dataset_splits/10_buildings/building_8/0001491/test/0001491_043.jpg
building_8,0001491,test,dataset_splits/10_buildings/building_8/0001491/test/0001491_055.jpg
building_8,0001491,test,dataset_splits/10_buildings/building_8/0001491/test/0001491_056.jpg
building_8,0001491,test,dataset_splits/10_buildings/building_8/0001491/test/0001491_069.jpg
building_8,0001491,test,dataset_splits/10_buildings/building_8/0001491/test/0001491_070.jpg
building_8,0001491,test,dataset_splits/10_buildings/building_8/0001491/test/0001491_077.jpg
building_8,0001491,test,dataset_splits/10_buildings/building_8/0001491/test/0001491_080.jpg
building_8,0001491,test,dataset_splits/10_buildings/building_8/0001491/test/0001491_082.jpg
building_8,0001491,test,dataset_splits/10_buildings/building_8/0001491/test/0001491_090.jpg
building_8,0001491,test,dataset_splits/10_buildings/building_8/0001491/test/0001491_091.jpg
building_8,0001507,reference,dataset_splits/10_buildings/building_8/0001507/reference/0001507_005.jpg
building_8,0001507,reference,dataset_splits/10_buildings/building_8/0001507/reference/0001507_006.jpg
building_8,0001507,reference,dataset_splits/10_buildings/building_8/0001507/reference/0001507_016.jpg
building_8,0001507,reference,dataset_splits/10_buildings/building_8/0001507/reference/0001507_017.jpg
building_8,0001507,reference,dataset_splits/10_buildings/building_8/0001507/reference/0001507_022.jpg
building_8,0001507,reference,dataset_splits/10_buildings/building_8/0001507/reference/0001507_025.jpg
building_8,0001507,reference,dataset_splits/10_buildings/building_8/0001507/reference/0001507_027.jpg
building_8,0001507,reference,dataset_splits/10_buildings/building_8/0001507/reference/0001507_028.jpg
building_8,0001507,reference,dataset_splits/10_buildings/building_8/0001507/reference/0001507_029.jpg
building_8,0001507,reference,dataset_splits/10_buildings/building_8/0001507/reference/0001507_030.jpg
building_8,0001507,reference,dataset_splits/10_buildings/building_8/0001507/reference/0001507_035.jpg
building_8,0001507,reference,dataset_splits/10_buildings/building_8/0001507/reference/0001507_038.jpg
building_8,0001507,reference,dataset_splits/10_buildings/building_8/0001507/reference/0001507_040.jpg
building_8,0001507,reference,dataset_splits/10_buildings/building_8/0001507/reference/0001507_043.jpg
building_8,0001507,reference,dataset_splits/10_buildings/building_8/0001507/reference/0001507_044.jpg
building_8,0001507,reference,dataset_splits/10_buildings/building_8/0001507/reference/0001507_045.jpg
building_8,0001507,reference,dataset_splits/10_buildings/building_8/0001507/reference/0001507_047.jpg
building_8,0001507,reference,dataset_splits/10_buildings/building_8/0001507/reference/0001507_050.jpg
building_8,0001507,reference,dataset_splits/10_buildings/building_8/0001507/reference/0001507_052.jpg
building_8,0001507,reference,dataset_splits/10_buildings/building_8/0001507/reference/0001507_055.jpg
building_8,0001507,test,dataset_splits/10_buildings/building_8/0001507/test/0001507_002.jpg
building_8,0001507,test,dataset_splits/10_buildings/building_8/0001507/test/0001507_004.jpg
building_8,0001507,test,dataset_splits/10_buildings/building_8/0001507/test/0001507_008.jpg
building_8,0001507,test,dataset_splits/10_buildings/building_8/0001507/test/0001507_009.jpg
building_8,0001507,test,dataset_splits/10_buildings/building_8/0001507/test/0001507_010.jpg
building_8,0001507,test,dataset_splits/10_buildings/building_8/0001507/test/0001507_011.jpg
building_8,0001507,test,dataset_splits/10_buildings/building_8/0001507/test/0001507_012.jpg
building_8,0001507,test,dataset_splits/10_buildings/building_8/0001507/test/0001507_015.jpg
building_8,0001507,test,dataset_splits/10_buildings/building_8/0001507/test/0001507_018.jpg
building_8,0001507,test,dataset_splits/10_buildings/building_8/0001507/test/0001507_019.jpg
building_8,0001507,test,dataset_splits/10_buildings/building_8/0001507/test/0001507_020.jpg
building_8,0001507,test,dataset_splits/10_buildings/building_8/0001507/test/0001507_024.jpg
building_8,0001507,test,dataset_splits/10_buildings/building_8/0001507/test/0001507_026.jpg
building_8,0001507,test,dataset_splits/10_buildings/building_8/0001507/test/0001507_031.jpg
building_8,0001507,test,dataset_splits/10_buildings/building_8/0001507/test/0001507_033.jpg
building_8,0001507,test,dataset_splits/10_buildings/building_8/0001507/test/0001507_037.jpg
building_8,0001507,test,dataset_splits/10_buildings/building_8/0001507/test/0001507_039.jpg
building_8,0001507,test,dataset_splits/10_buildings/building_8/0001507/test/0001507_041.jpg
building_8,0001507,test,dataset_splits/10_buildings/building_8/0001507/test/0001507_046.jpg
building_8,0001507,test,dataset_splits/10_buildings/building_8/0001507/test/0001507_051.jpg
building_8,0001538,reference,dataset_splits/10_buildings/building_8/0001538/reference/0001538_001.jpg
building_8,0001538,reference,dataset_splits/10_buildings/building_8/0001538/reference/0001538_010.jpg
building_8,0001538,reference,dataset_splits/10_buildings/building_8/0001538/reference/0001538_018.jpg
building_8,0001538,reference,dataset_splits/10_buildings/building_8/0001538/reference/0001538_052.jpg
building_8,0001538,reference,dataset_splits/10_buildings/building_8/0001538/reference/0001538_062.jpg
building_8,0001538,reference,dataset_splits/10_buildings/building_8/0001538/reference/0001538_072.jpg
building_8,0001538,reference,dataset_splits/10_buildings/building_8/0001538/reference/0001538_080.jpg
building_8,0001538,reference,dataset_splits/10_buildings/building_8/0001538/reference/0001538_093.jpg
building_8,0001538,reference,dataset_splits/10_buildings/building_8/0001538/reference/0001538_138.jpg
building_8,0001538,reference,dataset_splits/10_buildings/building_8/0001538/reference/0001538_158.jpg
building_8,0001538,reference,dataset_splits/10_buildings/building_8/0001538/reference/0001538_162.jpg
building_8,0001538,reference,dataset_splits/10_buildings/building_8/0001538/reference/0001538_188.jpg
building_8,0001538,reference,dataset_splits/10_buildings/building_8/0001538/reference/0001538_191.jpg
building_8,0001538,reference,dataset_splits/10_buildings/building_8/0001538/reference/0001538_195.jpg
building_8,0001538,reference,dataset_splits/10_buildings/building_8/0001538/reference/0001538_204.jpg
building_8,0001538,reference,dataset_splits/10_buildings/building_8/0001538/reference/0001538_216.jpg
building_8,0001538,reference,dataset_splits/10_buildings/building_8/0001538/reference/0001538_231.jpg
building_8,0001538,reference,dataset_splits/10_buildings/building_8/0001538/reference/0001538_235.jpg
building_8,0001538,reference,dataset_splits/10_buildings/building_8/0001538/reference/0001538_240.jpg
building_8,0001538,reference,dataset_splits/10_buildings/building_8/0001538/reference/0001538_242.jpg
building_8,0001538,test,dataset_splits/10_buildings/building_8/0001538/test/0001538_030.jpg
building_8,0001538,test,dataset_splits/10_buildings/building_8/0001538/test/0001538_040.jpg
building_8,0001538,test,dataset_splits/10_buildings/building_8/0001538/test/0001538_043.jpg
building_8,0001538,test,dataset_splits/10_buildings/building_8/0001538/test/0001538_057.jpg
building_8,0001538,test,dataset_splits/10_buildings/building_8/0001538/test/0001538_058.jpg
building_8,0001538,test,dataset_splits/10_buildings/building_8/0001538/test/0001538_059.jpg
building_8,0001538,test,dataset_splits/10_buildings/building_8/0001538/test/0001538_096.jpg
building_8,0001538,test,dataset_splits/10_buildings/building_8/0001538/test/0001538_098.jpg
building_8,0001538,test,dataset_splits/10_buildings/building_8/0001538/test/0001538_133.jpg
building_8,0001538,test,dataset_splits/10_buildings/building_8/0001538/test/0001538_135.jpg
building_8,0001538,test,dataset_splits/10_buildings/building_8/0001538/test/0001538_140.jpg
building_8,0001538,test,dataset_splits/10_buildings/building_8/0001538/test/0001538_166.jpg
building_8,0001538,test,dataset_splits/10_buildings/building_8/0001538/test/0001538_167.jpg
building_8,0001538,test,dataset_splits/10_buildings/building_8/0001538/test/0001538_173.jpg
building_8,0001538,test,dataset_splits/10_buildings/building_8/0001538/test/0001538_193.jpg
building_8,0001538,test,dataset_splits/10_buildings/building_8/0001538/test/0001538_194.jpg
building_8,0001538,test,dataset_splits/10_buildings/building_8/0001538/test/0001538_209.jpg
building_8,0001538,test,dataset_splits/10_buildings/building_8/0001538/test/0001538_228.jpg
building_8,0001538,test,dataset_splits/10_buildings/building_8/0001538/test/0001538_230.jpg
building_8,0001538,test,dataset_splits/10_buildings/building_8/0001538/test/0001538_243.jpg
building_8,0001669,reference,dataset_splits/10_buildings/building_8/0001669/reference/0001669_008.jpg
building_8,0001669,reference,dataset_splits/10_buildings/building_8/0001669/reference/0001669_010.jpg
building_8,0001669,reference,dataset_splits/10_buildings/building_8/0001669/reference/0001669_015.jpg
building_8,0001669,reference,dataset_splits/10_buildings/building_8/0001669/reference/0001669_017.jpg
building_8,0001669,reference,dataset_splits/10_buildings/building_8/0001669/reference/0001669_022.jpg
building_8,0001669,reference,dataset_splits/10_buildings/building_8/0001669/reference/0001669_024.jpg
building_8,0001669,reference,dataset_splits/10_buildings/building_8/0001669/reference/0001669_026.jpg
building_8,0001669,reference,dataset_splits/10_buildings/building_8/0001669/reference/0001669_030.jpg
building_8,0001669,reference,dataset_splits/10_buildings/building_8/0001669/reference/0001669_033.jpg
building_8,0001669,reference,dataset_splits/10_buildings/building_8/0001669/reference/0001669_038.jpg
building_8,0001669,reference,dataset_splits/10_buildings/building_8/0001669/reference/0001669_040.jpg
building_8,0001669,reference,dataset_splits/10_buildings/building_8/0001669/reference/0001669_041.jpg
building_8,0001669,reference,dataset_splits/10_buildings/building_8/0001669/reference/0001669_043.jpg
building_8,0001669,reference,dataset_splits/10_buildings/building_8/0001669/reference/0001669_044.jpg
building_8,0001669,reference,dataset_splits/10_buildings/building_8/0001669/reference/0001669_048.jpg
building_8,0001669,reference,dataset_splits/10_buildings/building_8/0001669/reference/0001669_050.jpg
building_8,0001669,reference,dataset_splits/10_buildings/building_8/0001669/reference/0001669_055.jpg
building_8,0001669,reference,dataset_splits/10_buildings/building_8/0001669/reference/0001669_057.jpg
building_8,0001669,reference,dataset_splits/10_buildings/building_8/0001669/reference/0001669_060.jpg
building_8,0001669,reference,dataset_splits/10_buildings/building_8/0001669/reference/0001669_068.jpg
building_8,0001669,test,dataset_splits/10_buildings/building_8/0001669/test/0001669_003.jpg
building_8,0001669,test,dataset_splits/10_buildings/building_8/0001669/test/0001669_006.jpg
building_8,0001669,test,dataset_splits/10_buildings/building_8/0001669/test/0001669_012.jpg
building_8,0001669,test,dataset_splits/10_buildings/building_8/0001669/test/0001669_013.jpg
building_8,0001669,test,dataset_splits/10_buildings/building_8/0001669/test/0001669_016.jpg
building_8,0001669,test,dataset_splits/10_buildings/building_8/0001669/test/0001669_018.jpg
building_8,0001669,test,dataset_splits/10_buildings/building_8/0001669/test/0001669_021.jpg
building_8,0001669,test,dataset_splits/10_buildings/building_8/0001669/test/0001669_025.jpg
building_8,0001669,test,dataset_splits/10_buildings/building_8/0001669/test/0001669_027.jpg
building_8,0001669,test,dataset_splits/10_buildings/building_8/0001669/test/0001669_031.jpg
building_8,0001669,test,dataset_splits/10_buildings/building_8/0001669/test/0001669_037.jpg
building_8,0001669,test,dataset_splits/10_buildings/building_8/0001669/test/0001669_045.jpg
building_8,0001669,test,dataset_splits/10_buildings/building_8/0001669/test/0001669_046.jpg
building_8,0001669,test,dataset_splits/10_buildings/building_8/0001669/test/0001669_053.jpg
building_8,0001669,test,dataset_splits/10_buildings/building_8/0001669/test/0001669_054.jpg
building_8,0001669,test,dataset_splits/10_buildings/building_8/0001669/test/0001669_058.jpg
building_8,0001669,test,dataset_splits/10_buildings/building_8/0001669/test/0001669_061.jpg
building_8,0001669,test,dataset_splits/10_buildings/building_8/0001669/test/0001669_063.jpg
building_8,0001669,test,dataset_splits/10_buildings/building_8/0001669/test/0001669_064.jpg
building_8,0001669,test,dataset_splits/10_buildings/building_8/0001669/test/0001669_067.jpg
building_8,0001670,reference,dataset_splits/10_buildings/building_8/0001670/reference/0001670_003.jpg
building_8,0001670,reference,dataset_splits/10_buildings/building_8/0001670/reference/0001670_011.jpg
building_8,0001670,reference,dataset_splits/10_buildings/building_8/0001670/reference/0001670_013.jpg
building_8,0001670,reference,dataset_splits/10_buildings/building_8/0001670/reference/0001670_014.jpg
building_8,0001670,reference,dataset_splits/10_buildings/building_8/0001670/reference/0001670_023.jpg
building_8,0001670,reference,dataset_splits/10_buildings/building_8/0001670/reference/0001670_025.jpg
building_8,0001670,reference,dataset_splits/10_buildings/building_8/0001670/reference/0001670_031.jpg
building_8,0001670,reference,dataset_splits/10_buildings/building_8/0001670/reference/0001670_033.jpg
building_8,0001670,reference,dataset_splits/10_buildings/building_8/0001670/reference/0001670_044.jpg
building_8,0001670,reference,dataset_splits/10_buildings/building_8/0001670/reference/0001670_045.jpg
building_8,0001670,reference,dataset_splits/10_buildings/building_8/0001670/reference/0001670_046.jpg
building_8,0001670,reference,dataset_splits/10_buildings/building_8/0001670/reference/0001670_047.jpg
building_8,0001670,reference,dataset_splits/10_buildings/building_8/0001670/reference/0001670_051.jpg
building_8,0001670,reference,dataset_splits/10_buildings/building_8/0001670/reference/0001670_061.jpg
building_8,0001670,reference,dataset_splits/10_buildings/building_8/0001670/reference/0001670_072.jpg
building_8,0001670,reference,dataset_splits/10_buildings/building_8/0001670/reference/0001670_076.jpg
building_8,0001670,reference,dataset_splits/10_buildings/building_8/0001670/reference/0001670_078.jpg
building_8,0001670,reference,dataset_splits/10_buildings/building_8/0001670/reference/0001670_081.jpg
building_8,0001670,reference,dataset_splits/10_buildings/building_8/0001670/reference/0001670_082.jpg
building_8,0001670,reference,dataset_splits/10_buildings/building_8/0001670/reference/0001670_084.jpg
building_8,0001670,test,dataset_splits/10_buildings/building_8/0001670/test/0001670_005.jpg
building_8,0001670,test,dataset_splits/10_buildings/building_8/0001670/test/0001670_009.jpg
building_8,0001670,test,dataset_splits/10_buildings/building_8/0001670/test/0001670_012.jpg
building_8,0001670,test,dataset_splits/10_buildings/building_8/0001670/test/0001670_016.jpg
building_8,0001670,test,dataset_splits/10_buildings/building_8/0001670/test/0001670_018.jpg
building_8,0001670,test,dataset_splits/10_buildings/building_8/0001670/test/0001670_020.jpg
building_8,0001670,test,dataset_splits/10_buildings/building_8/0001670/test/0001670_024.jpg
building_8,0001670,test,dataset_splits/10_buildings/building_8/0001670/test/0001670_032.jpg
building_8,0001670,test,dataset_splits/10_buildings/building_8/0001670/test/0001670_037.jpg
building_8,0001670,test,dataset_splits/10_buildings/building_8/0001670/test/0001670_039.jpg
building_8,0001670,test,dataset_splits/10_buildings/building_8/0001670/test/0001670_042.jpg
building_8,0001670,test,dataset_splits/10_buildings/building_8/0001670/test/0001670_048.jpg
building_8,0001670,test,dataset_splits/10_buildings/building_8/0001670/test/0001670_052.jpg
building_8,0001670,test,dataset_splits/10_buildings/building_8/0001670/test/0001670_054.jpg
building_8,0001670,test,dataset_splits/10_buildings/building_8/0001670/test/0001670_059.jpg
building_8,0001670,test,dataset_splits/10_buildings/building_8/0001670/test/0001670_067.jpg
building_8,0001670,test,dataset_splits/10_buildings/building_8/0001670/test/0001670_069.jpg
building_8,0001670,test,dataset_splits/10_buildings/building_8/0001670/test/0001670_073.jpg
building_8,0001670,test,dataset_splits/10_buildings/building_8/0001670/test/0001670_083.jpg
building_8,0001670,test,dataset_splits/10_buildings/building_8/0001670/test/0001670_088.jpg
building_8,0001752,reference,dataset_splits/10_buildings/building_8/0001752/reference/0001752_005.jpg
building_8,0001752,reference,dataset_splits/10_buildings/building_8/0001752/reference/0001752_007.jpg
building_8,0001752,reference,dataset_splits/10_buildings/building_8/0001752/reference/0001752_026.jpg
building_8,0001752,reference,dataset_splits/10_buildings/building_8/0001752/reference/0001752_036.jpg
building_8,0001752,reference,dataset_splits/10_buildings/building_8/0001752/reference/0001752_037.jpg
building_8,0001752,reference,dataset_splits/10_buildings/building_8/0001752/reference/0001752_039.jpg
building_8,0001752,reference,dataset_splits/10_buildings/building_8/0001752/reference/0001752_047.jpg
building_8,0001752,reference,dataset_splits/10_buildings/building_8/0001752/reference/0001752_062.jpg
building_8,0001752,reference,dataset_splits/10_buildings/building_8/0001752/reference/0001752_068.jpg
building_8,0001752,reference,dataset_splits/10_buildings/building_8/0001752/reference/0001752_070.jpg
building_8,0001752,reference,dataset_splits/10_buildings/building_8/0001752/reference/0001752_072.jpg
building_8,0001752,reference,dataset_splits/10_buildings/building_8/0001752/reference/0001752_076.jpg
building_8,0001752,reference,dataset_splits/10_buildings/building_8/0001752/reference/0001752_077.jpg
building_8,0001752,reference,dataset_splits/10_buildings/building_8/0001752/reference/0001752_092.jpg
building_8,0001752,reference,dataset_splits/10_buildings/building_8/0001752/reference/0001752_097.jpg
building_8,0001752,reference,dataset_splits/10_buildings/building_8/0001752/reference/0001752_098.jpg
building_8,0001752,reference,dataset_splits/10_buildings/building_8/0001752/reference/0001752_107.jpg
building_8,0001752,reference,dataset_splits/10_buildings/building_8/0001752/reference/0001752_114.jpg
building_8,0001752,reference,dataset_splits/10_buildings/building_8/0001752/reference/0001752_116.jpg
building_8,0001752,reference,dataset_splits/10_buildings/building_8/0001752/reference/0001752_117.jpg
building_8,0001752,test,dataset_splits/10_buildings/building_8/0001752/test/0001752_003.jpg
building_8,0001752,test,dataset_splits/10_buildings/building_8/0001752/test/0001752_023.jpg
building_8,0001752,test,dataset_splits/10_buildings/building_8/0001752/test/0001752_029.jpg
building_8,0001752,test,dataset_splits/10_buildings/building_8/0001752/test/0001752_032.jpg
building_8,0001752,test,dataset_splits/10_buildings/building_8/0001752/test/0001752_040.jpg
building_8,0001752,test,dataset_splits/10_buildings/building_8/0001752/test/0001752_041.jpg
building_8,0001752,test,dataset_splits/10_buildings/building_8/0001752/test/0001752_049.jpg
building_8,0001752,test,dataset_splits/10_buildings/building_8/0001752/test/0001752_050.jpg
building_8,0001752,test,dataset_splits/10_buildings/building_8/0001752/test/0001752_058.jpg
building_8,0001752,test,dataset_splits/10_buildings/building_8/0001752/test/0001752_059.jpg
building_8,0001752,test,dataset_splits/10_buildings/building_8/0001752/test/0001752_073.jpg
building_8,0001752,test,dataset_splits/10_buildings/building_8/0001752/test/0001752_080.jpg
building_8,0001752,test,dataset_splits/10_buildings/building_8/0001752/test/0001752_086.jpg
building_8,0001752,test,dataset_splits/10_buildings/building_8/0001752/test/0001752_087.jpg
building_8,0001752,test,dataset_splits/10_buildings/building_8/0001752/test/0001752_091.jpg
building_8,0001752,test,dataset_splits/10_buildings/building_8/0001752/test/0001752_094.jpg
building_8,0001752,test,dataset_splits/10_buildings/building_8/0001752/test/0001752_096.jpg
building_8,0001752,test,dataset_splits/10_buildings/building_8/0001752/test/0001752_099.jpg
building_8,0001752,test,dataset_splits/10_buildings/building_8/0001752/test/0001752_104.jpg
building_8,0001752,test,dataset_splits/10_buildings/building_8/0001752/test/0001752_118.jpg
building_8,0001787,reference,dataset_splits/10_buildings/building_8/0001787/reference/0001787_003.jpg
building_8,0001787,reference,dataset_splits/10_buildings/building_8/0001787/reference/0001787_015.jpg
building_8,0001787,reference,dataset_splits/10_buildings/building_8/0001787/reference/0001787_020.jpg
building_8,0001787,reference,dataset_splits/10_buildings/building_8/0001787/reference/0001787_022.jpg
building_8,0001787,reference,dataset_splits/10_buildings/building_8/0001787/reference/0001787_032.jpg
building_8,0001787,reference,dataset_splits/10_buildings/building_8/0001787/reference/0001787_033.jpg
building_8,0001787,reference,dataset_splits/10_buildings/building_8/0001787/reference/0001787_035.jpg
building_8,0001787,reference,dataset_splits/10_buildings/building_8/0001787/reference/0001787_040.jpg
building_8,0001787,reference,dataset_splits/10_buildings/building_8/0001787/reference/0001787_044.jpg
building_8,0001787,reference,dataset_splits/10_buildings/building_8/0001787/reference/0001787_049.jpg
building_8,0001787,reference,dataset_splits/10_buildings/building_8/0001787/reference/0001787_055.jpg
building_8,0001787,reference,dataset_splits/10_buildings/building_8/0001787/reference/0001787_056.jpg
building_8,0001787,reference,dataset_splits/10_buildings/building_8/0001787/reference/0001787_059.jpg
building_8,0001787,reference,dataset_splits/10_buildings/building_8/0001787/reference/0001787_068.jpg
building_8,0001787,reference,dataset_splits/10_buildings/building_8/0001787/reference/0001787_073.jpg
building_8,0001787,reference,dataset_splits/10_buildings/building_8/0001787/reference/0001787_091.jpg
building_8,0001787,reference,dataset_splits/10_buildings/building_8/0001787/reference/0001787_095.jpg
building_8,0001787,reference,dataset_splits/10_buildings/building_8/0001787/reference/0001787_096.jpg
building_8,0001787,reference,dataset_splits/10_buildings/building_8/0001787/reference/0001787_098.jpg
building_8,0001787,reference,dataset_splits/10_buildings/building_8/0001787/reference/0001787_103.jpg
building_8,0001787,test,dataset_splits/10_buildings/building_8/0001787/test/0001787_013.jpg
building_8,0001787,test,dataset_splits/10_buildings/building_8/0001787/test/0001787_014.jpg
building_8,0001787,test,dataset_splits/10_buildings/building_8/0001787/test/0001787_019.jpg
building_8,0001787,test,dataset_splits/10_buildings/building_8/0001787/test/0001787_024.jpg
building_8,0001787,test,dataset_splits/10_buildings/building_8/0001787/test/0001787_025.jpg
building_8,0001787,test,dataset_splits/10_buildings/building_8/0001787/test/0001787_027.jpg
building_8,0001787,test,dataset_splits/10_buildings/building_8/0001787/test/0001787_029.jpg
building_8,0001787,test,dataset_splits/10_buildings/building_8/0001787/test/0001787_038.jpg
building_8,0001787,test,dataset_splits/10_buildings/building_8/0001787/test/0001787_045.jpg
building_8,0001787,test,dataset_splits/10_buildings/building_8/0001787/test/0001787_050.jpg
building_8,0001787,test,dataset_splits/10_buildings/building_8/0001787/test/0001787_063.jpg
building_8,0001787,test,dataset_splits/10_buildings/building_8/0001787/test/0001787_065.jpg
building_8,0001787,test,dataset_splits/10_buildings/building_8/0001787/test/0001787_072.jpg
building_8,0001787,test,dataset_splits/10_buildings/building_8/0001787/test/0001787_074.jpg
building_8,0001787,test,dataset_splits/10_buildings/building_8/0001787/test/0001787_076.jpg
building_8,0001787,test,dataset_splits/10_buildings/building_8/0001787/test/0001787_077.jpg
building_8,0001787,test,dataset_splits/10_buildings/building_8/0001787/test/0001787_079.jpg
building_8,0001787,test,dataset_splits/10_buildings/building_8/0001787/test/0001787_085.jpg
building_8,0001787,test,dataset_splits/10_buildings/building_8/0001787/test/0001787_086.jpg
building_8,0001787,test,dataset_splits/10_buildings/building_8/0001787/test/0001787_100.jpg
building_8,0001804,reference,dataset_splits/10_buildings/building_8/0001804/reference/0001804_001.jpg
building_8,0001804,reference,dataset_splits/10_buildings/building_8/0001804/reference/0001804_004.jpg
building_8,0001804,reference,dataset_splits/10_buildings/building_8/0001804/reference/0001804_011.jpg
building_8,0001804,reference,dataset_splits/10_buildings/building_8/0001804/reference/0001804_021.jpg
building_8,0001804,reference,dataset_splits/10_buildings/building_8/0001804/reference/0001804_048.jpg
building_8,0001804,reference,dataset_splits/10_buildings/building_8/0001804/reference/0001804_053.jpg
building_8,0001804,reference,dataset_splits/10_buildings/building_8/0001804/reference/0001804_055.jpg
building_8,0001804,reference,dataset_splits/10_buildings/building_8/0001804/reference/0001804_060.jpg
building_8,0001804,reference,dataset_splits/10_buildings/building_8/0001804/reference/0001804_064.jpg
building_8,0001804,reference,dataset_splits/10_buildings/building_8/0001804/reference/0001804_066.jpg
building_8,0001804,reference,dataset_splits/10_buildings/building_8/0001804/reference/0001804_069.jpg
building_8,0001804,reference,dataset_splits/10_buildings/building_8/0001804/reference/0001804_072.jpg
building_8,0001804,reference,dataset_splits/10_buildings/building_8/0001804/reference/0001804_087.jpg
building_8,0001804,reference,dataset_splits/10_buildings/building_8/0001804/reference/0001804_107.jpg
building_8,0001804,reference,dataset_splits/10_buildings/building_8/0001804/reference/0001804_113.jpg
building_8,0001804,reference,dataset_splits/10_buildings/building_8/0001804/reference/0001804_116.jpg
building_8,0001804,reference,dataset_splits/10_buildings/building_8/0001804/reference/0001804_136.jpg
building_8,0001804,reference,dataset_splits/10_buildings/building_8/0001804/reference/0001804_157.jpg
building_8,0001804,reference,dataset_splits/10_buildings/building_8/0001804/reference/0001804_182.jpg
building_8,0001804,reference,dataset_splits/10_buildings/building_8/0001804/reference/0001804_187.jpg
building_8,0001804,test,dataset_splits/10_buildings/building_8/0001804/test/0001804_005.jpg
building_8,0001804,test,dataset_splits/10_buildings/building_8/0001804/test/0001804_012.jpg
building_8,0001804,test,dataset_splits/10_buildings/building_8/0001804/test/0001804_013.jpg
building_8,0001804,test,dataset_splits/10_buildings/building_8/0001804/test/0001804_020.jpg
building_8,0001804,test,dataset_splits/10_buildings/building_8/0001804/test/0001804_024.jpg
building_8,0001804,test,dataset_splits/10_buildings/building_8/0001804/test/0001804_038.jpg
building_8,0001804,test,dataset_splits/10_buildings/building_8/0001804/test/0001804_063.jpg
building_8,0001804,test,dataset_splits/10_buildings/building_8/0001804/test/0001804_076.jpg
building_8,0001804,test,dataset_splits/10_buildings/building_8/0001804/test/0001804_079.jpg
building_8,0001804,test,dataset_splits/10_buildings/building_8/0001804/test/0001804_103.jpg
building_8,0001804,test,dataset_splits/10_buildings/building_8/0001804/test/0001804_120.jpg
building_8,0001804,test,dataset_splits/10_buildings/building_8/0001804/test/0001804_129.jpg
building_8,0001804,test,dataset_splits/10_buildings/building_8/0001804/test/0001804_130.jpg
building_8,0001804,test,dataset_splits/10_buildings/building_8/0001804/test/0001804_134.jpg
building_8,0001804,test,dataset_splits/10_buildings/building_8/0001804/test/0001804_137.jpg
building_8,0001804,test,dataset_splits/10_buildings/building_8/0001804/test/0001804_146.jpg
building_8,0001804,test,dataset_splits/10_buildings/building_8/0001804/test/0001804_147.jpg
building_8,0001804,test,dataset_splits/10_buildings/building_8/0001804/test/0001804_174.jpg
building_8,0001804,test,dataset_splits/10_buildings/building_8/0001804/test/0001804_176.jpg
building_8,0001804,test,dataset_splits/10_buildings/building_8/0001804/test/0001804_184.jpg
building_8,0001838,reference,dataset_splits/10_buildings/building_8/0001838/reference/0001838_007.jpg
building_8,0001838,reference,dataset_splits/10_buildings/building_8/0001838/reference/0001838_030.jpg
building_8,0001838,reference,dataset_splits/10_buildings/building_8/0001838/reference/0001838_066.jpg
building_8,0001838,reference,dataset_splits/10_buildings/building_8/0001838/reference/0001838_110.jpg
building_8,0001838,reference,dataset_splits/10_buildings/building_8/0001838/reference/0001838_131.jpg
building_8,0001838,reference,dataset_splits/10_buildings/building_8/0001838/reference/0001838_141.jpg
building_8,0001838,reference,dataset_splits/10_buildings/building_8/0001838/reference/0001838_149.jpg
building_8,0001838,reference,dataset_splits/10_buildings/building_8/0001838/reference/0001838_150.jpg
building_8,0001838,reference,dataset_splits/10_buildings/building_8/0001838/reference/0001838_155.jpg
building_8,0001838,reference,dataset_splits/10_buildings/building_8/0001838/reference/0001838_157.jpg
building_8,0001838,reference,dataset_splits/10_buildings/building_8/0001838/reference/0001838_162.jpg
building_8,0001838,reference,dataset_splits/10_buildings/building_8/0001838/reference/0001838_211.jpg
building_8,0001838,reference,dataset_splits/10_buildings/building_8/0001838/reference/0001838_236.jpg
building_8,0001838,reference,dataset_splits/10_buildings/building_8/0001838/reference/0001838_243.jpg
building_8,0001838,reference,dataset_splits/10_buildings/building_8/0001838/reference/0001838_249.jpg
building_8,0001838,reference,dataset_splits/10_buildings/building_8/0001838/reference/0001838_280.jpg
building_8,0001838,reference,dataset_splits/10_buildings/building_8/0001838/reference/0001838_294.jpg
building_8,0001838,reference,dataset_splits/10_buildings/building_8/0001838/reference/0001838_300.jpg
building_8,0001838,reference,dataset_splits/10_buildings/building_8/0001838/reference/0001838_303.jpg
building_8,0001838,reference,dataset_splits/10_buildings/building_8/0001838/reference/0001838_317.jpg
building_8,0001838,test,dataset_splits/10_buildings/building_8/0001838/test/0001838_023.jpg
building_8,0001838,test,dataset_splits/10_buildings/building_8/0001838/test/0001838_024.jpg
building_8,0001838,test,dataset_splits/10_buildings/building_8/0001838/test/0001838_031.jpg
building_8,0001838,test,dataset_splits/10_buildings/building_8/0001838/test/0001838_036.jpg
building_8,0001838,test,dataset_splits/10_buildings/building_8/0001838/test/0001838_056.jpg
building_8,0001838,test,dataset_splits/10_buildings/building_8/0001838/test/0001838_068.jpg
building_8,0001838,test,dataset_splits/10_buildings/building_8/0001838/test/0001838_073.jpg
building_8,0001838,test,dataset_splits/10_buildings/building_8/0001838/test/0001838_078.jpg
building_8,0001838,test,dataset_splits/10_buildings/building_8/0001838/test/0001838_108.jpg
building_8,0001838,test,dataset_splits/10_buildings/building_8/0001838/test/0001838_111.jpg
building_8,0001838,test,dataset_splits/10_buildings/building_8/0001838/test/0001838_121.jpg
building_8,0001838,test,dataset_splits/10_buildings/building_8/0001838/test/0001838_168.jpg
building_8,0001838,test,dataset_splits/10_buildings/building_8/0001838/test/0001838_205.jpg
building_8,0001838,test,dataset_splits/10_buildings/building_8/0001838/test/0001838_221.jpg
building_8,0001838,test,dataset_splits/10_buildings/building_8/0001838/test/0001838_231.jpg
building_8,0001838,test,dataset_splits/10_buildings/building_8/0001838/test/0001838_264.jpg
building_8,0001838,test,dataset_splits/10_buildings/building_8/0001838/test/0001838_288.jpg
building_8,0001838,test,dataset_splits/10_buildings/building_8/0001838/test/0001838_291.jpg
building_8,0001838,test,dataset_splits/10_buildings/building_8/0001838/test/0001838_297.jpg
building_8,0001838,test,dataset_splits/10_buildings/building_8/0001838/test/0001838_315.jpg
building_8,0002332,reference,dataset_splits/10_buildings/building_8/0002332/reference/0002332_006.jpg
building_8,0002332,reference,dataset_splits/10_buildings/building_8/0002332/reference/0002332_014.jpg
building_8,0002332,reference,dataset_splits/10_buildings/building_8/0002332/reference/0002332_017.jpg
building_8,0002332,reference,dataset_splits/10_buildings/building_8/0002332/reference/0002332_024.jpg
building_8,0002332,reference,dataset_splits/10_buildings/building_8/0002332/reference/0002332_025.jpg
building_8,0002332,reference,dataset_splits/10_buildings/building_8/0002332/reference/0002332_028.jpg
building_8,0002332,reference,dataset_splits/10_buildings/building_8/0002332/reference/0002332_030.jpg
building_8,0002332,reference,dataset_splits/10_buildings/building_8/0002332/reference/0002332_035.jpg
building_8,0002332,reference,dataset_splits/10_buildings/building_8/0002332/reference/0002332_036.jpg
building_8,0002332,reference,dataset_splits/10_buildings/building_8/0002332/reference/0002332_040.jpg
building_8,0002332,reference,dataset_splits/10_buildings/building_8/0002332/reference/0002332_041.jpg
building_8,0002332,reference,dataset_splits/10_buildings/building_8/0002332/reference/0002332_046.jpg
building_8,0002332,reference,dataset_splits/10_buildings/building_8/0002332/reference/0002332_050.jpg
building_8,0002332,reference,dataset_splits/10_buildings/building_8/0002332/reference/0002332_053.jpg
building_8,0002332,reference,dataset_splits/10_buildings/building_8/0002332/reference/0002332_054.jpg
building_8,0002332,reference,dataset_splits/10_buildings/building_8/0002332/reference/0002332_062.jpg
building_8,0002332,reference,dataset_splits/10_buildings/building_8/0002332/reference/0002332_066.jpg
building_8,0002332,reference,dataset_splits/10_buildings/building_8/0002332/reference/0002332_069.jpg
building_8,0002332,reference,dataset_splits/10_buildings/building_8/0002332/reference/0002332_070.jpg
building_8,0002332,reference,dataset_splits/10_buildings/building_8/0002332/reference/0002332_078.jpg
building_8,0002332,test,dataset_splits/10_buildings/building_8/0002332/test/0002332_001.jpg
building_8,0002332,test,dataset_splits/10_buildings/building_8/0002332/test/0002332_002.jpg
building_8,0002332,test,dataset_splits/10_buildings/building_8/0002332/test/0002332_003.jpg
building_8,0002332,test,dataset_splits/10_buildings/building_8/0002332/test/0002332_010.jpg
building_8,0002332,test,dataset_splits/10_buildings/building_8/0002332/test/0002332_019.jpg
building_8,0002332,test,dataset_splits/10_buildings/building_8/0002332/test/0002332_029.jpg
building_8,0002332,test,dataset_splits/10_buildings/building_8/0002332/test/0002332_031.jpg
building_8,0002332,test,dataset_splits/10_buildings/building_8/0002332/test/0002332_032.jpg
building_8,0002332,test,dataset_splits/10_buildings/building_8/0002332/test/0002332_037.jpg
building_8,0002332,test,dataset_splits/10_buildings/building_8/0002332/test/0002332_039.jpg
building_8,0002332,test,dataset_splits/10_buildings/building_8/0002332/test/0002332_042.jpg
building_8,0002332,test,dataset_splits/10_buildings/building_8/0002332/test/0002332_045.jpg
building_8,0002332,test,dataset_splits/10_buildings/building_8/0002332/test/0002332_051.jpg
building_8,0002332,test,dataset_splits/10_buildings/building_8/0002332/test/0002332_057.jpg
building_8,0002332,test,dataset_splits/10_buildings/building_8/0002332/test/0002332_061.jpg
building_8,0002332,test,dataset_splits/10_buildings/building_8/0002332/test/0002332_067.jpg
building_8,0002332,test,dataset_splits/10_buildings/building_8/0002332/test/0002332_071.jpg
building_8,0002332,test,dataset_splits/10_buildings/building_8/0002332/test/0002332_077.jpg
building_8,0002332,test,dataset_splits/10_buildings/building_8/0002332/test/0002332_079.jpg
building_8,0002332,test,dataset_splits/10_buildings/building_8/0002332/test/0002332_080.jpg
building_8,0004645,reference,dataset_splits/10_buildings/building_8/0004645/reference/0004645_002.jpg
building_8,0004645,reference,dataset_splits/10_buildings/building_8/0004645/reference/0004645_008.jpg
building_8,0004645,reference,dataset_splits/10_buildings/building_8/0004645/reference/0004645_011.jpg
building_8,0004645,reference,dataset_splits/10_buildings/building_8/0004645/reference/0004645_013.jpg
building_8,0004645,reference,dataset_splits/10_buildings/building_8/0004645/reference/0004645_017.jpg
building_8,0004645,reference,dataset_splits/10_buildings/building_8/0004645/reference/0004645_019.jpg
building_8,0004645,reference,dataset_splits/10_buildings/building_8/0004645/reference/0004645_020.jpg
building_8,0004645,reference,dataset_splits/10_buildings/building_8/0004645/reference/0004645_031.jpg
building_8,0004645,reference,dataset_splits/10_buildings/building_8/0004645/reference/0004645_033.jpg
building_8,0004645,reference,dataset_splits/10_buildings/building_8/0004645/reference/0004645_038.jpg
building_8,0004645,reference,dataset_splits/10_buildings/building_8/0004645/reference/0004645_048.jpg
building_8,0004645,reference,dataset_splits/10_buildings/building_8/0004645/reference/0004645_054.jpg
building_8,0004645,reference,dataset_splits/10_buildings/building_8/0004645/reference/0004645_055.jpg
building_8,0004645,reference,dataset_splits/10_buildings/building_8/0004645/reference/0004645_057.jpg
building_8,0004645,reference,dataset_splits/10_buildings/building_8/0004645/reference/0004645_059.jpg
building_8,0004645,reference,dataset_splits/10_buildings/building_8/0004645/reference/0004645_060.jpg
building_8,0004645,reference,dataset_splits/10_buildings/building_8/0004645/reference/0004645_061.jpg
building_8,0004645,reference,dataset_splits/10_buildings/building_8/0004645/reference/0004645_062.jpg
building_8,0004645,reference,dataset_splits/10_buildings/building_8/0004645/reference/0004645_065.jpg
building_8,0004645,reference,dataset_splits/10_buildings/building_8/0004645/reference/0004645_067.jpg
building_8,0004645,test,dataset_splits/10_buildings/building_8/0004645/test/0004645_001.jpg
building_8,0004645,test,dataset_splits/10_buildings/building_8/0004645/test/0004645_005.jpg
building_8,0004645,test,dataset_splits/10_buildings/building_8/0004645/test/0004645_015.jpg
building_8,0004645,test,dataset_splits/10_buildings/building_8/0004645/test/0004645_016.jpg
building_8,0004645,test,dataset_splits/10_buildings/building_8/0004645/test/0004645_018.jpg
building_8,0004645,test,dataset_splits/10_buildings/building_8/0004645/test/0004645_022.jpg
building_8,0004645,test,dataset_splits/10_buildings/building_8/0004645/test/0004645_023.jpg
building_8,0004645,test,dataset_splits/10_buildings/building_8/0004645/test/0004645_026.jpg
building_8,0004645,test,dataset_splits/10_buildings/building_8/0004645/test/0004645_027.jpg
building_8,0004645,test,dataset_splits/10_buildings/building_8/0004645/test/0004645_028.jpg
building_8,0004645,test,dataset_splits/10_buildings/building_8/0004645/test/0004645_036.jpg
building_8,0004645,test,dataset_splits/10_buildings/building_8/0004645/test/0004645_037.jpg
building_8,0004645,test,dataset_splits/10_buildings/building_8/0004645/test/0004645_039.jpg
building_8,0004645,test,dataset_splits/10_buildings/building_8/0004645/test/0004645_040.jpg
building_8,0004645,test,dataset_splits/10_buildings/building_8/0004645/test/0004645_041.jpg
building_8,0004645,test,dataset_splits/10_buildings/building_8/0004645/test/0004645_042.jpg
building_8,0004645,test,dataset_splits/10_buildings/building_8/0004645/test/0004645_046.jpg
building_8,0004645,test,dataset_splits/10_buildings/building_8/0004645/test/0004645_053.jpg
building_8,0004645,test,dataset_splits/10_buildings/building_8/0004645/test/0004645_058.jpg
building_8,0004645,test,dataset_splits/10_buildings/building_8/0004645/test/0004645_066.jpg
building_8,0004854,reference,dataset_splits/10_buildings/building_8/0004854/reference/0004854_001.jpg
building_8,0004854,reference,dataset_splits/10_buildings/building_8/0004854/reference/0004854_002.jpg
building_8,0004854,reference,dataset_splits/10_buildings/building_8/0004854/reference/0004854_006.jpg
building_8,0004854,reference,dataset_splits/10_buildings/building_8/0004854/reference/0004854_009.jpg
building_8,0004854,reference,dataset_splits/10_buildings/building_8/0004854/reference/0004854_022.jpg
building_8,0004854,reference,dataset_splits/10_buildings/building_8/0004854/reference/0004854_031.jpg
building_8,0004854,reference,dataset_splits/10_buildings/building_8/0004854/reference/0004854_037.jpg
building_8,0004854,reference,dataset_splits/10_buildings/building_8/0004854/reference/0004854_049.jpg
building_8,0004854,reference,dataset_splits/10_buildings/building_8/0004854/reference/0004854_050.jpg
building_8,0004854,reference,dataset_splits/10_buildings/building_8/0004854/reference/0004854_054.jpg
building_8,0004854,reference,dataset_splits/10_buildings/building_8/0004854/reference/0004854_056.jpg
building_8,0004854,reference,dataset_splits/10_buildings/building_8/0004854/reference/0004854_058.jpg
building_8,0004854,reference,dataset_splits/10_buildings/building_8/0004854/reference/0004854_066.jpg
building_8,0004854,reference,dataset_splits/10_buildings/building_8/0004854/reference/0004854_068.jpg
building_8,0004854,reference,dataset_splits/10_buildings/building_8/0004854/reference/0004854_084.jpg
building_8,0004854,reference,dataset_splits/10_buildings/building_8/0004854/reference/0004854_089.jpg
building_8,0004854,reference,dataset_splits/10_buildings/building_8/0004854/reference/0004854_090.jpg
building_8,0004854,reference,dataset_splits/10_buildings/building_8/0004854/reference/0004854_092.jpg
building_8,0004854,reference,dataset_splits/10_buildings/building_8/0004854/reference/0004854_097.jpg
building_8,0004854,reference,dataset_splits/10_buildings/building_8/0004854/reference/0004854_100.jpg
building_8,0004854,test,dataset_splits/10_buildings/building_8/0004854/test/0004854_013.jpg
building_8,0004854,test,dataset_splits/10_buildings/building_8/0004854/test/0004854_016.jpg
building_8,0004854,test,dataset_splits/10_buildings/building_8/0004854/test/0004854_019.jpg
building_8,0004854,test,dataset_splits/10_buildings/building_8/0004854/test/0004854_023.jpg
building_8,0004854,test,dataset_splits/10_buildings/building_8/0004854/test/0004854_033.jpg
building_8,0004854,test,dataset_splits/10_buildings/building_8/0004854/test/0004854_035.jpg
building_8,0004854,test,dataset_splits/10_buildings/building_8/0004854/test/0004854_036.jpg
building_8,0004854,test,dataset_splits/10_buildings/building_8/0004854/test/0004854_041.jpg
building_8,0004854,test,dataset_splits/10_buildings/building_8/0004854/test/0004854_042.jpg
building_8,0004854,test,dataset_splits/10_buildings/building_8/0004854/test/0004854_044.jpg
building_8,0004854,test,dataset_splits/10_buildings/building_8/0004854/test/0004854_046.jpg
building_8,0004854,test,dataset_splits/10_buildings/building_8/0004854/test/0004854_051.jpg
building_8,0004854,test,dataset_splits/10_buildings/building_8/0004854/test/0004854_064.jpg
building_8,0004854,test,dataset_splits/10_buildings/building_8/0004854/test/0004854_065.jpg
building_8,0004854,test,dataset_splits/10_buildings/building_8/0004854/test/0004854_070.jpg
building_8,0004854,test,dataset_splits/10_buildings/building_8/0004854/test/0004854_081.jpg
building_8,0004854,test,dataset_splits/10_buildings/building_8/0004854/test/0004854_082.jpg
building_8,0004854,test,dataset_splits/10_buildings/building_8/0004854/test/0004854_086.jpg
building_8,0004854,test,dataset_splits/10_buildings/building_8/0004854/test/0004854_093.jpg
building_8,0004854,test,dataset_splits/10_buildings/building_8/0004854/test/0004854_102.jpg
building_8,0004980,reference,dataset_splits/10_buildings/building_8/0004980/reference/0004980_007.jpg
building_8,0004980,reference,dataset_splits/10_buildings/building_8/0004980/reference/0004980_024.jpg
building_8,0004980,reference,dataset_splits/10_buildings/building_8/0004980/reference/0004980_027.jpg
building_8,0004980,reference,dataset_splits/10_buildings/building_8/0004980/reference/0004980_028.jpg
building_8,0004980,reference,dataset_splits/10_buildings/building_8/0004980/reference/0004980_041.jpg
building_8,0004980,reference,dataset_splits/10_buildings/building_8/0004980/reference/0004980_063.jpg
building_8,0004980,reference,dataset_splits/10_buildings/building_8/0004980/reference/0004980_072.jpg
building_8,0004980,reference,dataset_splits/10_buildings/building_8/0004980/reference/0004980_074.jpg
building_8,0004980,reference,dataset_splits/10_buildings/building_8/0004980/reference/0004980_093.jpg
building_8,0004980,reference,dataset_splits/10_buildings/building_8/0004980/reference/0004980_106.jpg
building_8,0004980,reference,dataset_splits/10_buildings/building_8/0004980/reference/0004980_108.jpg
building_8,0004980,reference,dataset_splits/10_buildings/building_8/0004980/reference/0004980_109.jpg
building_8,0004980,reference,dataset_splits/10_buildings/building_8/0004980/reference/0004980_120.jpg
building_8,0004980,reference,dataset_splits/10_buildings/building_8/0004980/reference/0004980_124.jpg
building_8,0004980,reference,dataset_splits/10_buildings/building_8/0004980/reference/0004980_127.jpg
building_8,0004980,reference,dataset_splits/10_buildings/building_8/0004980/reference/0004980_135.jpg
building_8,0004980,reference,dataset_splits/10_buildings/building_8/0004980/reference/0004980_137.jpg
building_8,0004980,reference,dataset_splits/10_buildings/building_8/0004980/reference/0004980_141.jpg
building_8,0004980,reference,dataset_splits/10_buildings/building_8/0004980/reference/0004980_145.jpg
building_8,0004980,reference,dataset_splits/10_buildings/building_8/0004980/reference/0004980_151.jpg
building_8,0004980,test,dataset_splits/10_buildings/building_8/0004980/test/0004980_003.jpg
building_8,0004980,test,dataset_splits/10_buildings/building_8/0004980/test/0004980_004.jpg
building_8,0004980,test,dataset_splits/10_buildings/building_8/0004980/test/0004980_010.jpg
building_8,0004980,test,dataset_splits/10_buildings/building_8/0004980/test/0004980_011.jpg
building_8,0004980,test,dataset_splits/10_buildings/building_8/0004980/test/0004980_017.jpg
building_8,0004980,test,dataset_splits/10_buildings/building_8/0004980/test/0004980_020.jpg
building_8,0004980,test,dataset_splits/10_buildings/building_8/0004980/test/0004980_046.jpg
building_8,0004980,test,dataset_splits/10_buildings/building_8/0004980/test/0004980_053.jpg
building_8,0004980,test,dataset_splits/10_buildings/building_8/0004980/test/0004980_055.jpg
building_8,0004980,test,dataset_splits/10_buildings/building_8/0004980/test/0004980_057.jpg
building_8,0004980,test,dataset_splits/10_buildings/building_8/0004980/test/0004980_067.jpg
building_8,0004980,test,dataset_splits/10_buildings/building_8/0004980/test/0004980_077.jpg
building_8,0004980,test,dataset_splits/10_buildings/building_8/0004980/test/0004980_089.jpg
building_8,0004980,test,dataset_splits/10_buildings/building_8/0004980/test/0004980_095.jpg
building_8,0004980,test,dataset_splits/10_buildings/building_8/0004980/test/0004980_105.jpg
building_8,0004980,test,dataset_splits/10_buildings/building_8/0004980/test/0004980_110.jpg
building_8,0004980,test,dataset_splits/10_buildings/building_8/0004980/test/0004980_121.jpg
building_8,0004980,test,dataset_splits/10_buildings/building_8/0004980/test/0004980_133.jpg
building_8,0004980,test,dataset_splits/10_buildings/building_8/0004980/test/0004980_147.jpg
building_8,0004980,test,dataset_splits/10_buildings/building_8/0004980/test/0004980_159.jpg
building_8,0004988,reference,dataset_splits/10_buildings/building_8/0004988/reference/0004988_003.jpg
building_8,0004988,reference,dataset_splits/10_buildings/building_8/0004988/reference/0004988_019.jpg
building_8,0004988,reference,dataset_splits/10_buildings/building_8/0004988/reference/0004988_020.jpg
building_8,0004988,reference,dataset_splits/10_buildings/building_8/0004988/reference/0004988_024.jpg
building_8,0004988,reference,dataset_splits/10_buildings/building_8/0004988/reference/0004988_039.jpg
building_8,0004988,reference,dataset_splits/10_buildings/building_8/0004988/reference/0004988_041.jpg
building_8,0004988,reference,dataset_splits/10_buildings/building_8/0004988/reference/0004988_050.jpg
building_8,0004988,reference,dataset_splits/10_buildings/building_8/0004988/reference/0004988_069.jpg
building_8,0004988,reference,dataset_splits/10_buildings/building_8/0004988/reference/0004988_088.jpg
building_8,0004988,reference,dataset_splits/10_buildings/building_8/0004988/reference/0004988_093.jpg
building_8,0004988,reference,dataset_splits/10_buildings/building_8/0004988/reference/0004988_108.jpg
building_8,0004988,reference,dataset_splits/10_buildings/building_8/0004988/reference/0004988_122.jpg
building_8,0004988,reference,dataset_splits/10_buildings/building_8/0004988/reference/0004988_123.jpg
building_8,0004988,reference,dataset_splits/10_buildings/building_8/0004988/reference/0004988_127.jpg
building_8,0004988,reference,dataset_splits/10_buildings/building_8/0004988/reference/0004988_128.jpg
building_8,0004988,reference,dataset_splits/10_buildings/building_8/0004988/reference/0004988_130.jpg
building_8,0004988,reference,dataset_splits/10_buildings/building_8/0004988/reference/0004988_138.jpg
building_8,0004988,reference,dataset_splits/10_buildings/building_8/0004988/reference/0004988_154.jpg
building_8,0004988,reference,dataset_splits/10_buildings/building_8/0004988/reference/0004988_164.jpg
building_8,0004988,reference,dataset_splits/10_buildings/building_8/0004988/reference/0004988_168.jpg
building_8,0004988,test,dataset_splits/10_buildings/building_8/0004988/test/0004988_028.jpg
building_8,0004988,test,dataset_splits/10_buildings/building_8/0004988/test/0004988_035.jpg
building_8,0004988,test,dataset_splits/10_buildings/building_8/0004988/test/0004988_040.jpg
building_8,0004988,test,dataset_splits/10_buildings/building_8/0004988/test/0004988_043.jpg
building_8,0004988,test,dataset_splits/10_buildings/building_8/0004988/test/0004988_044.jpg
building_8,0004988,test,dataset_splits/10_buildings/building_8/0004988/test/0004988_072.jpg
building_8,0004988,test,dataset_splits/10_buildings/building_8/0004988/test/0004988_106.jpg
building_8,0004988,test,dataset_splits/10_buildings/building_8/0004988/test/0004988_107.jpg
building_8,0004988,test,dataset_splits/10_buildings/building_8/0004988/test/0004988_119.jpg
building_8,0004988,test,dataset_splits/10_buildings/building_8/0004988/test/0004988_120.jpg
building_8,0004988,test,dataset_splits/10_buildings/building_8/0004988/test/0004988_125.jpg
building_8,0004988,test,dataset_splits/10_buildings/building_8/0004988/test/0004988_129.jpg
building_8,0004988,test,dataset_splits/10_buildings/building_8/0004988/test/0004988_132.jpg
building_8,0004988,test,dataset_splits/10_buildings/building_8/0004988/test/0004988_135.jpg
building_8,0004988,test,dataset_splits/10_buildings/building_8/0004988/test/0004988_140.jpg
building_8,0004988,test,dataset_splits/10_buildings/building_8/0004988/test/0004988_146.jpg
building_8,0004988,test,dataset_splits/10_buildings/building_8/0004988/test/0004988_151.jpg
building_8,0004988,test,dataset_splits/10_buildings/building_8/0004988/test/0004988_152.jpg
building_8,0004988,test,dataset_splits/10_buildings/building_8/0004988/test/0004988_153.jpg
building_8,0004988,test,dataset_splits/10_buildings/building_8/0004988/test/0004988_161.jpg
building_8,0005020,reference,dataset_splits/10_buildings/building_8/0005020/reference/0005020_003.jpg
building_8,0005020,reference,dataset_splits/10_buildings/building_8/0005020/reference/0005020_005.jpg
building_8,0005020,reference,dataset_splits/10_buildings/building_8/0005020/reference/0005020_008.jpg
building_8,0005020,reference,dataset_splits/10_buildings/building_8/0005020/reference/0005020_009.jpg
building_8,0005020,reference,dataset_splits/10_buildings/building_8/0005020/reference/0005020_011.jpg
building_8,0005020,reference,dataset_splits/10_buildings/building_8/0005020/reference/0005020_015.jpg
building_8,0005020,reference,dataset_splits/10_buildings/building_8/0005020/reference/0005020_016.jpg
building_8,0005020,reference,dataset_splits/10_buildings/building_8/0005020/reference/0005020_046.jpg
building_8,0005020,reference,dataset_splits/10_buildings/building_8/0005020/reference/0005020_055.jpg
building_8,0005020,reference,dataset_splits/10_buildings/building_8/0005020/reference/0005020_057.jpg
building_8,0005020,reference,dataset_splits/10_buildings/building_8/0005020/reference/0005020_061.jpg
building_8,0005020,reference,dataset_splits/10_buildings/building_8/0005020/reference/0005020_093.jpg
building_8,0005020,reference,dataset_splits/10_buildings/building_8/0005020/reference/0005020_101.jpg
building_8,0005020,reference,dataset_splits/10_buildings/building_8/0005020/reference/0005020_111.jpg
building_8,0005020,reference,dataset_splits/10_buildings/building_8/0005020/reference/0005020_112.jpg
building_8,0005020,reference,dataset_splits/10_buildings/building_8/0005020/reference/0005020_115.jpg
building_8,0005020,reference,dataset_splits/10_buildings/building_8/0005020/reference/0005020_118.jpg
building_8,0005020,reference,dataset_splits/10_buildings/building_8/0005020/reference/0005020_122.jpg
building_8,0005020,reference,dataset_splits/10_buildings/building_8/0005020/reference/0005020_124.jpg
building_8,0005020,reference,dataset_splits/10_buildings/building_8/0005020/reference/0005020_125.jpg
building_8,0005020,test,dataset_splits/10_buildings/building_8/0005020/test/0005020_004.jpg
building_8,0005020,test,dataset_splits/10_buildings/building_8/0005020/test/0005020_014.jpg
building_8,0005020,test,dataset_splits/10_buildings/building_8/0005020/test/0005020_020.jpg
building_8,0005020,test,dataset_splits/10_buildings/building_8/0005020/test/0005020_022.jpg
building_8,0005020,test,dataset_splits/10_buildings/building_8/0005020/test/0005020_029.jpg
building_8,0005020,test,dataset_splits/10_buildings/building_8/0005020/test/0005020_032.jpg
building_8,0005020,test,dataset_splits/10_buildings/building_8/0005020/test/0005020_034.jpg
building_8,0005020,test,dataset_splits/10_buildings/building_8/0005020/test/0005020_039.jpg
building_8,0005020,test,dataset_splits/10_buildings/building_8/0005020/test/0005020_042.jpg
building_8,0005020,test,dataset_splits/10_buildings/building_8/0005020/test/0005020_052.jpg
building_8,0005020,test,dataset_splits/10_buildings/building_8/0005020/test/0005020_063.jpg
building_8,0005020,test,dataset_splits/10_buildings/building_8/0005020/test/0005020_066.jpg
building_8,0005020,test,dataset_splits/10_buildings/building_8/0005020/test/0005020_067.jpg
building_8,0005020,test,dataset_splits/10_buildings/building_8/0005020/test/0005020_084.jpg
building_8,0005020,test,dataset_splits/10_buildings/building_8/0005020/test/0005020_086.jpg
building_8,0005020,test,dataset_splits/10_buildings/building_8/0005020/test/0005020_087.jpg
building_8,0005020,test,dataset_splits/10_buildings/building_8/0005020/test/0005020_092.jpg
building_8,0005020,test,dataset_splits/10_buildings/building_8/0005020/test/0005020_098.jpg
building_8,0005020,test,dataset_splits/10_buildings/building_8/0005020/test/0005020_106.jpg
building_8,0005020,test,dataset_splits/10_buildings/building_8/0005020/test/0005020_107.jpg
building_8,0005042,reference,dataset_splits/10_buildings/building_8/0005042/reference/0005042_011.jpg
building_8,0005042,reference,dataset_splits/10_buildings/building_8/0005042/reference/0005042_013.jpg
building_8,0005042,reference,dataset_splits/10_buildings/building_8/0005042/reference/0005042_018.jpg
building_8,0005042,reference,dataset_splits/10_buildings/building_8/0005042/reference/0005042_027.jpg
building_8,0005042,reference,dataset_splits/10_buildings/building_8/0005042/reference/0005042_037.jpg
building_8,0005042,reference,dataset_splits/10_buildings/building_8/0005042/reference/0005042_044.jpg
building_8,0005042,reference,dataset_splits/10_buildings/building_8/0005042/reference/0005042_045.jpg
building_8,0005042,reference,dataset_splits/10_buildings/building_8/0005042/reference/0005042_056.jpg
building_8,0005042,reference,dataset_splits/10_buildings/building_8/0005042/reference/0005042_062.jpg
building_8,0005042,reference,dataset_splits/10_buildings/building_8/0005042/reference/0005042_063.jpg
building_8,0005042,reference,dataset_splits/10_buildings/building_8/0005042/reference/0005042_074.jpg
building_8,0005042,reference,dataset_splits/10_buildings/building_8/0005042/reference/0005042_089.jpg
building_8,0005042,reference,dataset_splits/10_buildings/building_8/0005042/reference/0005042_100.jpg
building_8,0005042,reference,dataset_splits/10_buildings/building_8/0005042/reference/0005042_119.jpg
building_8,0005042,reference,dataset_splits/10_buildings/building_8/0005042/reference/0005042_122.jpg
building_8,0005042,reference,dataset_splits/10_buildings/building_8/0005042/reference/0005042_124.jpg
building_8,0005042,reference,dataset_splits/10_buildings/building_8/0005042/reference/0005042_129.jpg
building_8,0005042,reference,dataset_splits/10_buildings/building_8/0005042/reference/0005042_130.jpg
building_8,0005042,reference,dataset_splits/10_buildings/building_8/0005042/reference/0005042_132.jpg
building_8,0005042,reference,dataset_splits/10_buildings/building_8/0005042/reference/0005042_136.jpg
building_8,0005042,test,dataset_splits/10_buildings/building_8/0005042/test/0005042_019.jpg
building_8,0005042,test,dataset_splits/10_buildings/building_8/0005042/test/0005042_021.jpg
building_8,0005042,test,dataset_splits/10_buildings/building_8/0005042/test/0005042_032.jpg
building_8,0005042,test,dataset_splits/10_buildings/building_8/0005042/test/0005042_038.jpg
building_8,0005042,test,dataset_splits/10_buildings/building_8/0005042/test/0005042_048.jpg
building_8,0005042,test,dataset_splits/10_buildings/building_8/0005042/test/0005042_054.jpg
building_8,0005042,test,dataset_splits/10_buildings/building_8/0005042/test/0005042_066.jpg
building_8,0005042,test,dataset_splits/10_buildings/building_8/0005042/test/0005042_078.jpg
building_8,0005042,test,dataset_splits/10_buildings/building_8/0005042/test/0005042_085.jpg
building_8,0005042,test,dataset_splits/10_buildings/building_8/0005042/test/0005042_093.jpg
building_8,0005042,test,dataset_splits/10_buildings/building_8/0005042/test/0005042_096.jpg
building_8,0005042,test,dataset_splits/10_buildings/building_8/0005042/test/0005042_097.jpg
building_8,0005042,test,dataset_splits/10_buildings/building_8/0005042/test/0005042_104.jpg
building_8,0005042,test,dataset_splits/10_buildings/building_8/0005042/test/0005042_109.jpg
building_8,0005042,test,dataset_splits/10_buildings/building_8/0005042/test/0005042_127.jpg
building_8,0005042,test,dataset_splits/10_buildings/building_8/0005042/test/0005042_135.jpg
building_8,0005042,test,dataset_splits/10_buildings/building_8/0005042/test/0005042_137.jpg
building_8,0005042,test,dataset_splits/10_buildings/building_8/0005042/test/0005042_142.jpg
building_8,0005042,test,dataset_splits/10_buildings/building_8/0005042/test/0005042_143.jpg
building_8,0005042,test,dataset_splits/10_buildings/building_8/0005042/test/0005042_144.jpg
building_8,0005045,reference,dataset_splits/10_buildings/building_8/0005045/reference/0005045_006.jpg
building_8,0005045,reference,dataset_splits/10_buildings/building_8/0005045/reference/0005045_015.jpg
building_8,0005045,reference,dataset_splits/10_buildings/building_8/0005045/reference/0005045_034.jpg
building_8,0005045,reference,dataset_splits/10_buildings/building_8/0005045/reference/0005045_055.jpg
building_8,0005045,reference,dataset_splits/10_buildings/building_8/0005045/reference/0005045_069.jpg
building_8,0005045,reference,dataset_splits/10_buildings/building_8/0005045/reference/0005045_090.jpg
building_8,0005045,reference,dataset_splits/10_buildings/building_8/0005045/reference/0005045_098.jpg
building_8,0005045,reference,dataset_splits/10_buildings/building_8/0005045/reference/0005045_102.jpg
building_8,0005045,reference,dataset_splits/10_buildings/building_8/0005045/reference/0005045_105.jpg
building_8,0005045,reference,dataset_splits/10_buildings/building_8/0005045/reference/0005045_121.jpg
building_8,0005045,reference,dataset_splits/10_buildings/building_8/0005045/reference/0005045_128.jpg
building_8,0005045,reference,dataset_splits/10_buildings/building_8/0005045/reference/0005045_137.jpg
building_8,0005045,reference,dataset_splits/10_buildings/building_8/0005045/reference/0005045_142.jpg
building_8,0005045,reference,dataset_splits/10_buildings/building_8/0005045/reference/0005045_152.jpg
building_8,0005045,reference,dataset_splits/10_buildings/building_8/0005045/reference/0005045_159.jpg
building_8,0005045,reference,dataset_splits/10_buildings/building_8/0005045/reference/0005045_183.jpg
building_8,0005045,reference,dataset_splits/10_buildings/building_8/0005045/reference/0005045_215.jpg
building_8,0005045,reference,dataset_splits/10_buildings/building_8/0005045/reference/0005045_266.jpg
building_8,0005045,reference,dataset_splits/10_buildings/building_8/0005045/reference/0005045_273.jpg
building_8,0005045,reference,dataset_splits/10_buildings/building_8/0005045/reference/0005045_329.jpg
building_8,0005045,test,dataset_splits/10_buildings/building_8/0005045/test/0005045_014.jpg
building_8,0005045,test,dataset_splits/10_buildings/building_8/0005045/test/0005045_019.jpg
building_8,0005045,test,dataset_splits/10_buildings/building_8/0005045/test/0005045_026.jpg
building_8,0005045,test,dataset_splits/10_buildings/building_8/0005045/test/0005045_041.jpg
building_8,0005045,test,dataset_splits/10_buildings/building_8/0005045/test/0005045_062.jpg
building_8,0005045,test,dataset_splits/10_buildings/building_8/0005045/test/0005045_085.jpg
building_8,0005045,test,dataset_splits/10_buildings/building_8/0005045/test/0005045_123.jpg
building_8,0005045,test,dataset_splits/10_buildings/building_8/0005045/test/0005045_153.jpg
building_8,0005045,test,dataset_splits/10_buildings/building_8/0005045/test/0005045_161.jpg
building_8,0005045,test,dataset_splits/10_buildings/building_8/0005045/test/0005045_181.jpg
building_8,0005045,test,dataset_splits/10_buildings/building_8/0005045/test/0005045_213.jpg
building_8,0005045,test,dataset_splits/10_buildings/building_8/0005045/test/0005045_232.jpg
building_8,0005045,test,dataset_splits/10_buildings/building_8/0005045/test/0005045_238.jpg
building_8,0005045,test,dataset_splits/10_buildings/building_8/0005045/test/0005045_254.jpg
building_8,0005045,test,dataset_splits/10_buildings/building_8/0005045/test/0005045_262.jpg
building_8,0005045,test,dataset_splits/10_buildings/building_8/0005045/test/0005045_301.jpg
building_8,0005045,test,dataset_splits/10_buildings/building_8/0005045/test/0005045_321.jpg
building_8,0005045,test,dataset_splits/10_buildings/building_8/0005045/test/0005045_324.jpg
building_8,0005045,test,dataset_splits/10_buildings/building_8/0005045/test/0005045_326.jpg
building_8,0005045,test,dataset_splits/10_buildings/building_8/0005045/test/0005045_348.jpg
building_8,0005095,reference,dataset_splits/10_buildings/building_8/0005095/reference/0005095_007.jpg
building_8,0005095,reference,dataset_splits/10_buildings/building_8/0005095/reference/0005095_017.jpg
building_8,0005095,reference,dataset_splits/10_buildings/building_8/0005095/reference/0005095_019.jpg
building_8,0005095,reference,dataset_splits/10_buildings/building_8/0005095/reference/0005095_024.jpg
building_8,0005095,reference,dataset_splits/10_buildings/building_8/0005095/reference/0005095_026.jpg
building_8,0005095,reference,dataset_splits/10_buildings/building_8/0005095/reference/0005095_039.jpg
building_8,0005095,reference,dataset_splits/10_buildings/building_8/0005095/reference/0005095_041.jpg
building_8,0005095,reference,dataset_splits/10_buildings/building_8/0005095/reference/0005095_042.jpg
building_8,0005095,reference,dataset_splits/10_buildings/building_8/0005095/reference/0005095_058.jpg
building_8,0005095,reference,dataset_splits/10_buildings/building_8/0005095/reference/0005095_064.jpg
building_8,0005095,reference,dataset_splits/10_buildings/building_8/0005095/reference/0005095_065.jpg
building_8,0005095,reference,dataset_splits/10_buildings/building_8/0005095/reference/0005095_066.jpg
building_8,0005095,reference,dataset_splits/10_buildings/building_8/0005095/reference/0005095_070.jpg
building_8,0005095,reference,dataset_splits/10_buildings/building_8/0005095/reference/0005095_075.jpg
building_8,0005095,reference,dataset_splits/10_buildings/building_8/0005095/reference/0005095_077.jpg
building_8,0005095,reference,dataset_splits/10_buildings/building_8/0005095/reference/0005095_091.jpg
building_8,0005095,reference,dataset_splits/10_buildings/building_8/0005095/reference/0005095_098.jpg
building_8,0005095,reference,dataset_splits/10_buildings/building_8/0005095/reference/0005095_112.jpg
building_8,0005095,reference,dataset_splits/10_buildings/building_8/0005095/reference/0005095_116.jpg
building_8,0005095,reference,dataset_splits/10_buildings/building_8/0005095/reference/0005095_130.jpg
building_8,0005095,test,dataset_splits/10_buildings/building_8/0005095/test/0005095_006.jpg
building_8,0005095,test,dataset_splits/10_buildings/building_8/0005095/test/0005095_012.jpg
building_8,0005095,test,dataset_splits/10_buildings/building_8/0005095/test/0005095_020.jpg
building_8,0005095,test,dataset_splits/10_buildings/building_8/0005095/test/0005095_025.jpg
building_8,0005095,test,dataset_splits/10_buildings/building_8/0005095/test/0005095_032.jpg
building_8,0005095,test,dataset_splits/10_buildings/building_8/0005095/test/0005095_035.jpg
building_8,0005095,test,dataset_splits/10_buildings/building_8/0005095/test/0005095_037.jpg
building_8,0005095,test,dataset_splits/10_buildings/building_8/0005095/test/0005095_048.jpg
building_8,0005095,test,dataset_splits/10_buildings/building_8/0005095/test/0005095_057.jpg
building_8,0005095,test,dataset_splits/10_buildings/building_8/0005095/test/0005095_067.jpg
building_8,0005095,test,dataset_splits/10_buildings/building_8/0005095/test/0005095_068.jpg
building_8,0005095,test,dataset_splits/10_buildings/building_8/0005095/test/0005095_071.jpg
building_8,0005095,test,dataset_splits/10_buildings/building_8/0005095/test/0005095_086.jpg
building_8,0005095,test,dataset_splits/10_buildings/building_8/0005095/test/0005095_092.jpg
building_8,0005095,test,dataset_splits/10_buildings/building_8/0005095/test/0005095_099.jpg
building_8,0005095,test,dataset_splits/10_buildings/building_8/0005095/test/0005095_108.jpg
building_8,0005095,test,dataset_splits/10_buildings/building_8/0005095/test/0005095_119.jpg
building_8,0005095,test,dataset_splits/10_buildings/building_8/0005095/test/0005095_125.jpg
building_8,0005095,test,dataset_splits/10_buildings/building_8/0005095/test/0005095_131.jpg
building_8,0005095,test,dataset_splits/10_buildings/building_8/0005095/test/0005095_133.jpg
building_8,0005112,reference,dataset_splits/10_buildings/building_8/0005112/reference/0005112_004.jpg
building_8,0005112,reference,dataset_splits/10_buildings/building_8/0005112/reference/0005112_013.jpg
building_8,0005112,reference,dataset_splits/10_buildings/building_8/0005112/reference/0005112_016.jpg
building_8,0005112,reference,dataset_splits/10_buildings/building_8/0005112/reference/0005112_029.jpg
building_8,0005112,reference,dataset_splits/10_buildings/building_8/0005112/reference/0005112_049.jpg
building_8,0005112,reference,dataset_splits/10_buildings/building_8/0005112/reference/0005112_053.jpg
building_8,0005112,reference,dataset_splits/10_buildings/building_8/0005112/reference/0005112_062.jpg
building_8,0005112,reference,dataset_splits/10_buildings/building_8/0005112/reference/0005112_079.jpg
building_8,0005112,reference,dataset_splits/10_buildings/building_8/0005112/reference/0005112_095.jpg
building_8,0005112,reference,dataset_splits/10_buildings/building_8/0005112/reference/0005112_099.jpg
building_8,0005112,reference,dataset_splits/10_buildings/building_8/0005112/reference/0005112_106.jpg
building_8,0005112,reference,dataset_splits/10_buildings/building_8/0005112/reference/0005112_114.jpg
building_8,0005112,reference,dataset_splits/10_buildings/building_8/0005112/reference/0005112_117.jpg
building_8,0005112,reference,dataset_splits/10_buildings/building_8/0005112/reference/0005112_161.jpg
building_8,0005112,reference,dataset_splits/10_buildings/building_8/0005112/reference/0005112_168.jpg
building_8,0005112,reference,dataset_splits/10_buildings/building_8/0005112/reference/0005112_171.jpg
building_8,0005112,reference,dataset_splits/10_buildings/building_8/0005112/reference/0005112_180.jpg
building_8,0005112,reference,dataset_splits/10_buildings/building_8/0005112/reference/0005112_221.jpg
building_8,0005112,reference,dataset_splits/10_buildings/building_8/0005112/reference/0005112_257.jpg
building_8,0005112,reference,dataset_splits/10_buildings/building_8/0005112/reference/0005112_289.jpg
building_8,0005112,test,dataset_splits/10_buildings/building_8/0005112/test/0005112_026.jpg
building_8,0005112,test,dataset_splits/10_buildings/building_8/0005112/test/0005112_027.jpg
building_8,0005112,test,dataset_splits/10_buildings/building_8/0005112/test/0005112_046.jpg
building_8,0005112,test,dataset_splits/10_buildings/building_8/0005112/test/0005112_070.jpg
building_8,0005112,test,dataset_splits/10_buildings/building_8/0005112/test/0005112_081.jpg
building_8,0005112,test,dataset_splits/10_buildings/building_8/0005112/test/0005112_111.jpg
building_8,0005112,test,dataset_splits/10_buildings/building_8/0005112/test/0005112_112.jpg
building_8,0005112,test,dataset_splits/10_buildings/building_8/0005112/test/0005112_122.jpg
building_8,0005112,test,dataset_splits/10_buildings/building_8/0005112/test/0005112_125.jpg
building_8,0005112,test,dataset_splits/10_buildings/building_8/0005112/test/0005112_143.jpg
building_8,0005112,test,dataset_splits/10_buildings/building_8/0005112/test/0005112_176.jpg
building_8,0005112,test,dataset_splits/10_buildings/building_8/0005112/test/0005112_202.jpg
building_8,0005112,test,dataset_splits/10_buildings/building_8/0005112/test/0005112_204.jpg
building_8,0005112,test,dataset_splits/10_buildings/building_8/0005112/test/0005112_208.jpg
building_8,0005112,test,dataset_splits/10_buildings/building_8/0005112/test/0005112_215.jpg
building_8,0005112,test,dataset_splits/10_buildings/building_8/0005112/test/0005112_219.jpg
building_8,0005112,test,dataset_splits/10_buildings/building_8/0005112/test/0005112_241.jpg
building_8,0005112,test,dataset_splits/10_buildings/building_8/0005112/test/0005112_266.jpg
building_8,0005112,test,dataset_splits/10_buildings/building_8/0005112/test/0005112_277.jpg
building_8,0005112,test,dataset_splits/10_buildings/building_8/0005112/test/0005112_282.jpg
building_8,0005123,reference,dataset_splits/10_buildings/building_8/0005123/reference/0005123_006.jpg
building_8,0005123,reference,dataset_splits/10_buildings/building_8/0005123/reference/0005123_023.jpg
building_8,0005123,reference,dataset_splits/10_buildings/building_8/0005123/reference/0005123_040.jpg
building_8,0005123,reference,dataset_splits/10_buildings/building_8/0005123/reference/0005123_054.jpg
building_8,0005123,reference,dataset_splits/10_buildings/building_8/0005123/reference/0005123_056.jpg
building_8,0005123,reference,dataset_splits/10_buildings/building_8/0005123/reference/0005123_058.jpg
building_8,0005123,reference,dataset_splits/10_buildings/building_8/0005123/reference/0005123_065.jpg
building_8,0005123,reference,dataset_splits/10_buildings/building_8/0005123/reference/0005123_083.jpg
building_8,0005123,reference,dataset_splits/10_buildings/building_8/0005123/reference/0005123_088.jpg
building_8,0005123,reference,dataset_splits/10_buildings/building_8/0005123/reference/0005123_097.jpg
building_8,0005123,reference,dataset_splits/10_buildings/building_8/0005123/reference/0005123_098.jpg
building_8,0005123,reference,dataset_splits/10_buildings/building_8/0005123/reference/0005123_106.jpg
building_8,0005123,reference,dataset_splits/10_buildings/building_8/0005123/reference/0005123_118.jpg
building_8,0005123,reference,dataset_splits/10_buildings/building_8/0005123/reference/0005123_120.jpg
building_8,0005123,reference,dataset_splits/10_buildings/building_8/0005123/reference/0005123_123.jpg
building_8,0005123,reference,dataset_splits/10_buildings/building_8/0005123/reference/0005123_169.jpg
building_8,0005123,reference,dataset_splits/10_buildings/building_8/0005123/reference/0005123_189.jpg
building_8,0005123,reference,dataset_splits/10_buildings/building_8/0005123/reference/0005123_211.jpg
building_8,0005123,reference,dataset_splits/10_buildings/building_8/0005123/reference/0005123_218.jpg
building_8,0005123,reference,dataset_splits/10_buildings/building_8/0005123/reference/0005123_228.jpg
building_8,0005123,test,dataset_splits/10_buildings/building_8/0005123/test/0005123_014.jpg
building_8,0005123,test,dataset_splits/10_buildings/building_8/0005123/test/0005123_018.jpg
building_8,0005123,test,dataset_splits/10_buildings/building_8/0005123/test/0005123_019.jpg
building_8,0005123,test,dataset_splits/10_buildings/building_8/0005123/test/0005123_020.jpg
building_8,0005123,test,dataset_splits/10_buildings/building_8/0005123/test/0005123_126.jpg
building_8,0005123,test,dataset_splits/10_buildings/building_8/0005123/test/0005123_134.jpg
building_8,0005123,test,dataset_splits/10_buildings/building_8/0005123/test/0005123_135.jpg
building_8,0005123,test,dataset_splits/10_buildings/building_8/0005123/test/0005123_150.jpg
building_8,0005123,test,dataset_splits/10_buildings/building_8/0005123/test/0005123_154.jpg
building_8,0005123,test,dataset_splits/10_buildings/building_8/0005123/test/0005123_158.jpg
building_8,0005123,test,dataset_splits/10_buildings/building_8/0005123/test/0005123_163.jpg
building_8,0005123,test,dataset_splits/10_buildings/building_8/0005123/test/0005123_180.jpg
building_8,0005123,test,dataset_splits/10_buildings/building_8/0005123/test/0005123_192.jpg
building_8,0005123,test,dataset_splits/10_buildings/building_8/0005123/test/0005123_203.jpg
building_8,0005123,test,dataset_splits/10_buildings/building_8/0005123/test/0005123_215.jpg
building_8,0005123,test,dataset_splits/10_buildings/building_8/0005123/test/0005123_221.jpg
building_8,0005123,test,dataset_splits/10_buildings/building_8/0005123/test/0005123_227.jpg
building_8,0005123,test,dataset_splits/10_buildings/building_8/0005123/test/0005123_234.jpg
building_8,0005123,test,dataset_splits/10_buildings/building_8/0005123/test/0005123_263.jpg
building_8,0005123,test,dataset_splits/10_buildings/building_8/0005123/test/0005123_265.jpg
building_8,0005138,reference,dataset_splits/10_buildings/building_8/0005138/reference/0005138_007.jpg
building_8,0005138,reference,dataset_splits/10_buildings/building_8/0005138/reference/0005138_009.jpg
building_8,0005138,reference,dataset_splits/10_buildings/building_8/0005138/reference/0005138_012.jpg
building_8,0005138,reference,dataset_splits/10_buildings/building_8/0005138/reference/0005138_013.jpg
building_8,0005138,reference,dataset_splits/10_buildings/building_8/0005138/reference/0005138_017.jpg
building_8,0005138,reference,dataset_splits/10_buildings/building_8/0005138/reference/0005138_024.jpg
building_8,0005138,reference,dataset_splits/10_buildings/building_8/0005138/reference/0005138_025.jpg
building_8,0005138,reference,dataset_splits/10_buildings/building_8/0005138/reference/0005138_028.jpg
building_8,0005138,reference,dataset_splits/10_buildings/building_8/0005138/reference/0005138_029.jpg
building_8,0005138,reference,dataset_splits/10_buildings/building_8/0005138/reference/0005138_031.jpg
building_8,0005138,reference,dataset_splits/10_buildings/building_8/0005138/reference/0005138_036.jpg
building_8,0005138,reference,dataset_splits/10_buildings/building_8/0005138/reference/0005138_039.jpg
building_8,0005138,reference,dataset_splits/10_buildings/building_8/0005138/reference/0005138_040.jpg
building_8,0005138,reference,dataset_splits/10_buildings/building_8/0005138/reference/0005138_044.jpg
building_8,0005138,reference,dataset_splits/10_buildings/building_8/0005138/reference/0005138_045.jpg
building_8,0005138,reference,dataset_splits/10_buildings/building_8/0005138/reference/0005138_049.jpg
building_8,0005138,reference,dataset_splits/10_buildings/building_8/0005138/reference/0005138_053.jpg
building_8,0005138,reference,dataset_splits/10_buildings/building_8/0005138/reference/0005138_062.jpg
building_8,0005138,reference,dataset_splits/10_buildings/building_8/0005138/reference/0005138_064.jpg
building_8,0005138,reference,dataset_splits/10_buildings/building_8/0005138/reference/0005138_069.jpg
building_8,0005138,test,dataset_splits/10_buildings/building_8/0005138/test/0005138_001.jpg
building_8,0005138,test,dataset_splits/10_buildings/building_8/0005138/test/0005138_002.jpg
building_8,0005138,test,dataset_splits/10_buildings/building_8/0005138/test/0005138_004.jpg
building_8,0005138,test,dataset_splits/10_buildings/building_8/0005138/test/0005138_005.jpg
building_8,0005138,test,dataset_splits/10_buildings/building_8/0005138/test/0005138_014.jpg
building_8,0005138,test,dataset_splits/10_buildings/building_8/0005138/test/0005138_015.jpg
building_8,0005138,test,dataset_splits/10_buildings/building_8/0005138/test/0005138_016.jpg
building_8,0005138,test,dataset_splits/10_buildings/building_8/0005138/test/0005138_018.jpg
building_8,0005138,test,dataset_splits/10_buildings/building_8/0005138/test/0005138_019.jpg
building_8,0005138,test,dataset_splits/10_buildings/building_8/0005138/test/0005138_023.jpg
building_8,0005138,test,dataset_splits/10_buildings/building_8/0005138/test/0005138_033.jpg
building_8,0005138,test,dataset_splits/10_buildings/building_8/0005138/test/0005138_043.jpg
building_8,0005138,test,dataset_splits/10_buildings/building_8/0005138/test/0005138_046.jpg
building_8,0005138,test,dataset_splits/10_buildings/building_8/0005138/test/0005138_051.jpg
building_8,0005138,test,dataset_splits/10_buildings/building_8/0005138/test/0005138_052.jpg
building_8,0005138,test,dataset_splits/10_buildings/building_8/0005138/test/0005138_058.jpg
building_8,0005138,test,dataset_splits/10_buildings/building_8/0005138/test/0005138_060.jpg
building_8,0005138,test,dataset_splits/10_buildings/building_8/0005138/test/0005138_061.jpg
building_8,0005138,test,dataset_splits/10_buildings/building_8/0005138/test/0005138_065.jpg
building_8,0005138,test,dataset_splits/10_buildings/building_8/0005138/test/0005138_068.jpg
building_8,0005145,reference,dataset_splits/10_buildings/building_8/0005145/reference/0005145_003.jpg
building_8,0005145,reference,dataset_splits/10_buildings/building_8/0005145/reference/0005145_005.jpg
building_8,0005145,reference,dataset_splits/10_buildings/building_8/0005145/reference/0005145_006.jpg
building_8,0005145,reference,dataset_splits/10_buildings/building_8/0005145/reference/0005145_010.jpg
building_8,0005145,reference,dataset_splits/10_buildings/building_8/0005145/reference/0005145_015.jpg
building_8,0005145,reference,dataset_splits/10_buildings/building_8/0005145/reference/0005145_016.jpg
building_8,0005145,reference,dataset_splits/10_buildings/building_8/0005145/reference/0005145_022.jpg
building_8,0005145,reference,dataset_splits/10_buildings/building_8/0005145/reference/0005145_028.jpg
building_8,0005145,reference,dataset_splits/10_buildings/building_8/0005145/reference/0005145_029.jpg
building_8,0005145,reference,dataset_splits/10_buildings/building_8/0005145/reference/0005145_031.jpg
building_8,0005145,reference,dataset_splits/10_buildings/building_8/0005145/reference/0005145_034.jpg
building_8,0005145,reference,dataset_splits/10_buildings/building_8/0005145/reference/0005145_038.jpg
building_8,0005145,reference,dataset_splits/10_buildings/building_8/0005145/reference/0005145_041.jpg
building_8,0005145,reference,dataset_splits/10_buildings/building_8/0005145/reference/0005145_042.jpg
building_8,0005145,reference,dataset_splits/10_buildings/building_8/0005145/reference/0005145_045.jpg
building_8,0005145,reference,dataset_splits/10_buildings/building_8/0005145/reference/0005145_052.jpg
building_8,0005145,reference,dataset_splits/10_buildings/building_8/0005145/reference/0005145_053.jpg
building_8,0005145,reference,dataset_splits/10_buildings/building_8/0005145/reference/0005145_055.jpg
building_8,0005145,reference,dataset_splits/10_buildings/building_8/0005145/reference/0005145_056.jpg
building_8,0005145,reference,dataset_splits/10_buildings/building_8/0005145/reference/0005145_059.jpg
building_8,0005145,test,dataset_splits/10_buildings/building_8/0005145/test/0005145_002.jpg
building_8,0005145,test,dataset_splits/10_buildings/building_8/0005145/test/0005145_004.jpg
building_8,0005145,test,dataset_splits/10_buildings/building_8/0005145/test/0005145_011.jpg
building_8,0005145,test,dataset_splits/10_buildings/building_8/0005145/test/0005145_013.jpg
building_8,0005145,test,dataset_splits/10_buildings/building_8/0005145/test/0005145_018.jpg
building_8,0005145,test,dataset_splits/10_buildings/building_8/0005145/test/0005145_019.jpg
building_8,0005145,test,dataset_splits/10_buildings/building_8/0005145/test/0005145_020.jpg
building_8,0005145,test,dataset_splits/10_buildings/building_8/0005145/test/0005145_021.jpg
building_8,0005145,test,dataset_splits/10_buildings/building_8/0005145/test/0005145_023.jpg
building_8,0005145,test,dataset_splits/10_buildings/building_8/0005145/test/0005145_024.jpg
building_8,0005145,test,dataset_splits/10_buildings/building_8/0005145/test/0005145_030.jpg
building_8,0005145,test,dataset_splits/10_buildings/building_8/0005145/test/0005145_036.jpg
building_8,0005145,test,dataset_splits/10_buildings/building_8/0005145/test/0005145_044.jpg
building_8,0005145,test,dataset_splits/10_buildings/building_8/0005145/test/0005145_046.jpg
building_8,0005145,test,dataset_splits/10_buildings/building_8/0005145/test/0005145_048.jpg
building_8,0005145,test,dataset_splits/10_buildings/building_8/0005145/test/0005145_051.jpg
building_8,0005145,test,dataset_splits/10_buildings/building_8/0005145/test/0005145_057.jpg
building_8,0005145,test,dataset_splits/10_buildings/building_8/0005145/test/0005145_060.jpg
building_8,0005145,test,dataset_splits/10_buildings/building_8/0005145/test/0005145_061.jpg
building_8,0005145,test,dataset_splits/10_buildings/building_8/0005145/test/0005145_062.jpg
building_8,0005152,reference,dataset_splits/10_buildings/building_8/0005152/reference/0005152_001.jpg
building_8,0005152,reference,dataset_splits/10_buildings/building_8/0005152/reference/0005152_004.jpg
building_8,0005152,reference,dataset_splits/10_buildings/building_8/0005152/reference/0005152_006.jpg
building_8,0005152,reference,dataset_splits/10_buildings/building_8/0005152/reference/0005152_013.jpg
building_8,0005152,reference,dataset_splits/10_buildings/building_8/0005152/reference/0005152_016.jpg
building_8,0005152,reference,dataset_splits/10_buildings/building_8/0005152/reference/0005152_019.jpg
building_8,0005152,reference,dataset_splits/10_buildings/building_8/0005152/reference/0005152_021.jpg
building_8,0005152,reference,dataset_splits/10_buildings/building_8/0005152/reference/0005152_022.jpg
building_8,0005152,reference,dataset_splits/10_buildings/building_8/0005152/reference/0005152_023.jpg
building_8,0005152,reference,dataset_splits/10_buildings/building_8/0005152/reference/0005152_024.jpg
building_8,0005152,reference,dataset_splits/10_buildings/building_8/0005152/reference/0005152_025.jpg
building_8,0005152,reference,dataset_splits/10_buildings/building_8/0005152/reference/0005152_031.jpg
building_8,0005152,reference,dataset_splits/10_buildings/building_8/0005152/reference/0005152_032.jpg
building_8,0005152,reference,dataset_splits/10_buildings/building_8/0005152/reference/0005152_034.jpg
building_8,0005152,reference,dataset_splits/10_buildings/building_8/0005152/reference/0005152_037.jpg
building_8,0005152,reference,dataset_splits/10_buildings/building_8/0005152/reference/0005152_041.jpg
building_8,0005152,reference,dataset_splits/10_buildings/building_8/0005152/reference/0005152_045.jpg
building_8,0005152,reference,dataset_splits/10_buildings/building_8/0005152/reference/0005152_047.jpg
building_8,0005152,reference,dataset_splits/10_buildings/building_8/0005152/reference/0005152_051.jpg
building_8,0005152,reference,dataset_splits/10_buildings/building_8/0005152/reference/0005152_052.jpg
building_8,0005152,test,dataset_splits/10_buildings/building_8/0005152/test/0005152_002.jpg
building_8,0005152,test,dataset_splits/10_buildings/building_8/0005152/test/0005152_005.jpg
building_8,0005152,test,dataset_splits/10_buildings/building_8/0005152/test/0005152_007.jpg
building_8,0005152,test,dataset_splits/10_buildings/building_8/0005152/test/0005152_009.jpg
building_8,0005152,test,dataset_splits/10_buildings/building_8/0005152/test/0005152_012.jpg
building_8,0005152,test,dataset_splits/10_buildings/building_8/0005152/test/0005152_014.jpg
building_8,0005152,test,dataset_splits/10_buildings/building_8/0005152/test/0005152_015.jpg
building_8,0005152,test,dataset_splits/10_buildings/building_8/0005152/test/0005152_017.jpg
building_8,0005152,test,dataset_splits/10_buildings/building_8/0005152/test/0005152_026.jpg
building_8,0005152,test,dataset_splits/10_buildings/building_8/0005152/test/0005152_028.jpg
building_8,0005152,test,dataset_splits/10_buildings/building_8/0005152/test/0005152_035.jpg
building_8,0005152,test,dataset_splits/10_buildings/building_8/0005152/test/0005152_036.jpg
building_8,0005152,test,dataset_splits/10_buildings/building_8/0005152/test/0005152_038.jpg
building_8,0005152,test,dataset_splits/10_buildings/building_8/0005152/test/0005152_040.jpg
building_8,0005152,test,dataset_splits/10_buildings/building_8/0005152/test/0005152_042.jpg
building_8,0005152,test,dataset_splits/10_buildings/building_8/0005152/test/0005152_043.jpg
building_8,0005152,test,dataset_splits/10_buildings/building_8/0005152/test/0005152_044.jpg
building_8,0005152,test,dataset_splits/10_buildings/building_8/0005152/test/0005152_046.jpg
building_8,0005152,test,dataset_splits/10_buildings/building_8/0005152/test/0005152_049.jpg
building_8,0005152,test,dataset_splits/10_buildings/building_8/0005152/test/0005152_054.jpg
building_8,0005177,reference,dataset_splits/10_buildings/building_8/0005177/reference/0005177_002.jpg
building_8,0005177,reference,dataset_splits/10_buildings/building_8/0005177/reference/0005177_006.jpg
building_8,0005177,reference,dataset_splits/10_buildings/building_8/0005177/reference/0005177_007.jpg
building_8,0005177,reference,dataset_splits/10_buildings/building_8/0005177/reference/0005177_012.jpg
building_8,0005177,reference,dataset_splits/10_buildings/building_8/0005177/reference/0005177_021.jpg
building_8,0005177,reference,dataset_splits/10_buildings/building_8/0005177/reference/0005177_022.jpg
building_8,0005177,reference,dataset_splits/10_buildings/building_8/0005177/reference/0005177_023.jpg
building_8,0005177,reference,dataset_splits/10_buildings/building_8/0005177/reference/0005177_025.jpg
building_8,0005177,reference,dataset_splits/10_buildings/building_8/0005177/reference/0005177_030.jpg
building_8,0005177,reference,dataset_splits/10_buildings/building_8/0005177/reference/0005177_033.jpg
building_8,0005177,reference,dataset_splits/10_buildings/building_8/0005177/reference/0005177_054.jpg
building_8,0005177,reference,dataset_splits/10_buildings/building_8/0005177/reference/0005177_057.jpg
building_8,0005177,reference,dataset_splits/10_buildings/building_8/0005177/reference/0005177_063.jpg
building_8,0005177,reference,dataset_splits/10_buildings/building_8/0005177/reference/0005177_065.jpg
building_8,0005177,reference,dataset_splits/10_buildings/building_8/0005177/reference/0005177_066.jpg
building_8,0005177,reference,dataset_splits/10_buildings/building_8/0005177/reference/0005177_068.jpg
building_8,0005177,reference,dataset_splits/10_buildings/building_8/0005177/reference/0005177_077.jpg
building_8,0005177,reference,dataset_splits/10_buildings/building_8/0005177/reference/0005177_078.jpg
building_8,0005177,reference,dataset_splits/10_buildings/building_8/0005177/reference/0005177_094.jpg
building_8,0005177,reference,dataset_splits/10_buildings/building_8/0005177/reference/0005177_097.jpg
building_8,0005177,test,dataset_splits/10_buildings/building_8/0005177/test/0005177_001.jpg
building_8,0005177,test,dataset_splits/10_buildings/building_8/0005177/test/0005177_008.jpg
building_8,0005177,test,dataset_splits/10_buildings/building_8/0005177/test/0005177_009.jpg
building_8,0005177,test,dataset_splits/10_buildings/building_8/0005177/test/0005177_011.jpg
building_8,0005177,test,dataset_splits/10_buildings/building_8/0005177/test/0005177_018.jpg
building_8,0005177,test,dataset_splits/10_buildings/building_8/0005177/test/0005177_019.jpg
building_8,0005177,test,dataset_splits/10_buildings/building_8/0005177/test/0005177_024.jpg
building_8,0005177,test,dataset_splits/10_buildings/building_8/0005177/test/0005177_027.jpg
building_8,0005177,test,dataset_splits/10_buildings/building_8/0005177/test/0005177_028.jpg
building_8,0005177,test,dataset_splits/10_buildings/building_8/0005177/test/0005177_036.jpg
building_8,0005177,test,dataset_splits/10_buildings/building_8/0005177/test/0005177_045.jpg
building_8,0005177,test,dataset_splits/10_buildings/building_8/0005177/test/0005177_048.jpg
building_8,0005177,test,dataset_splits/10_buildings/building_8/0005177/test/0005177_062.jpg
building_8,0005177,test,dataset_splits/10_buildings/building_8/0005177/test/0005177_064.jpg
building_8,0005177,test,dataset_splits/10_buildings/building_8/0005177/test/0005177_069.jpg
building_8,0005177,test,dataset_splits/10_buildings/building_8/0005177/test/0005177_073.jpg
building_8,0005177,test,dataset_splits/10_buildings/building_8/0005177/test/0005177_083.jpg
building_8,0005177,test,dataset_splits/10_buildings/building_8/0005177/test/0005177_092.jpg
building_8,0005177,test,dataset_splits/10_buildings/building_8/0005177/test/0005177_093.jpg
building_8,0005177,test,dataset_splits/10_buildings/building_8/0005177/test/0005177_096.jpg
building_8,0005182,reference,dataset_splits/10_buildings/building_8/0005182/reference/0005182_003.jpg
building_8,0005182,reference,dataset_splits/10_buildings/building_8/0005182/reference/0005182_009.jpg
building_8,0005182,reference,dataset_splits/10_buildings/building_8/0005182/reference/0005182_027.jpg
building_8,0005182,reference,dataset_splits/10_buildings/building_8/0005182/reference/0005182_028.jpg
building_8,0005182,reference,dataset_splits/10_buildings/building_8/0005182/reference/0005182_036.jpg
building_8,0005182,reference,dataset_splits/10_buildings/building_8/0005182/reference/0005182_044.jpg
building_8,0005182,reference,dataset_splits/10_buildings/building_8/0005182/reference/0005182_046.jpg
building_8,0005182,reference,dataset_splits/10_buildings/building_8/0005182/reference/0005182_052.jpg
building_8,0005182,reference,dataset_splits/10_buildings/building_8/0005182/reference/0005182_055.jpg
building_8,0005182,reference,dataset_splits/10_buildings/building_8/0005182/reference/0005182_065.jpg
building_8,0005182,reference,dataset_splits/10_buildings/building_8/0005182/reference/0005182_113.jpg
building_8,0005182,reference,dataset_splits/10_buildings/building_8/0005182/reference/0005182_118.jpg
building_8,0005182,reference,dataset_splits/10_buildings/building_8/0005182/reference/0005182_133.jpg
building_8,0005182,reference,dataset_splits/10_buildings/building_8/0005182/reference/0005182_138.jpg
building_8,0005182,reference,dataset_splits/10_buildings/building_8/0005182/reference/0005182_153.jpg
building_8,0005182,reference,dataset_splits/10_buildings/building_8/0005182/reference/0005182_159.jpg
building_8,0005182,reference,dataset_splits/10_buildings/building_8/0005182/reference/0005182_173.jpg
building_8,0005182,reference,dataset_splits/10_buildings/building_8/0005182/reference/0005182_179.jpg
building_8,0005182,reference,dataset_splits/10_buildings/building_8/0005182/reference/0005182_204.jpg
building_8,0005182,reference,dataset_splits/10_buildings/building_8/0005182/reference/0005182_221.jpg
building_8,0005182,test,dataset_splits/10_buildings/building_8/0005182/test/0005182_010.jpg
building_8,0005182,test,dataset_splits/10_buildings/building_8/0005182/test/0005182_021.jpg
building_8,0005182,test,dataset_splits/10_buildings/building_8/0005182/test/0005182_056.jpg
building_8,0005182,test,dataset_splits/10_buildings/building_8/0005182/test/0005182_073.jpg
building_8,0005182,test,dataset_splits/10_buildings/building_8/0005182/test/0005182_076.jpg
building_8,0005182,test,dataset_splits/10_buildings/building_8/0005182/test/0005182_093.jpg
building_8,0005182,test,dataset_splits/10_buildings/building_8/0005182/test/0005182_104.jpg
building_8,0005182,test,dataset_splits/10_buildings/building_8/0005182/test/0005182_125.jpg
building_8,0005182,test,dataset_splits/10_buildings/building_8/0005182/test/0005182_126.jpg
building_8,0005182,test,dataset_splits/10_buildings/building_8/0005182/test/0005182_130.jpg
building_8,0005182,test,dataset_splits/10_buildings/building_8/0005182/test/0005182_135.jpg
building_8,0005182,test,dataset_splits/10_buildings/building_8/0005182/test/0005182_152.jpg
building_8,0005182,test,dataset_splits/10_buildings/building_8/0005182/test/0005182_157.jpg
building_8,0005182,test,dataset_splits/10_buildings/building_8/0005182/test/0005182_170.jpg
building_8,0005182,test,dataset_splits/10_buildings/building_8/0005182/test/0005182_176.jpg
building_8,0005182,test,dataset_splits/10_buildings/building_8/0005182/test/0005182_189.jpg
building_8,0005182,test,dataset_splits/10_buildings/building_8/0005182/test/0005182_191.jpg
building_8,0005182,test,dataset_splits/10_buildings/building_8/0005182/test/0005182_212.jpg
building_8,0005182,test,dataset_splits/10_buildings/building_8/0005182/test/0005182_236.jpg
building_8,0005182,test,dataset_splits/10_buildings/building_8/0005182/test/0005182_237.jpg
building_8,0005221,reference,dataset_splits/10_buildings/building_8/0005221/reference/0005221_004.jpg
building_8,0005221,reference,dataset_splits/10_buildings/building_8/0005221/reference/0005221_007.jpg
building_8,0005221,reference,dataset_splits/10_buildings/building_8/0005221/reference/0005221_012.jpg
building_8,0005221,reference,dataset_splits/10_buildings/building_8/0005221/reference/0005221_020.jpg
building_8,0005221,reference,dataset_splits/10_buildings/building_8/0005221/reference/0005221_029.jpg
building_8,0005221,reference,dataset_splits/10_buildings/building_8/0005221/reference/0005221_039.jpg
building_8,0005221,reference,dataset_splits/10_buildings/building_8/0005221/reference/0005221_041.jpg
building_8,0005221,reference,dataset_splits/10_buildings/building_8/0005221/reference/0005221_046.jpg
building_8,0005221,reference,dataset_splits/10_buildings/building_8/0005221/reference/0005221_050.jpg
building_8,0005221,reference,dataset_splits/10_buildings/building_8/0005221/reference/0005221_063.jpg
building_8,0005221,reference,dataset_splits/10_buildings/building_8/0005221/reference/0005221_066.jpg
building_8,0005221,reference,dataset_splits/10_buildings/building_8/0005221/reference/0005221_076.jpg
building_8,0005221,reference,dataset_splits/10_buildings/building_8/0005221/reference/0005221_077.jpg
building_8,0005221,reference,dataset_splits/10_buildings/building_8/0005221/reference/0005221_078.jpg
building_8,0005221,reference,dataset_splits/10_buildings/building_8/0005221/reference/0005221_083.jpg
building_8,0005221,reference,dataset_splits/10_buildings/building_8/0005221/reference/0005221_091.jpg
building_8,0005221,reference,dataset_splits/10_buildings/building_8/0005221/reference/0005221_092.jpg
building_8,0005221,reference,dataset_splits/10_buildings/building_8/0005221/reference/0005221_095.jpg
building_8,0005221,reference,dataset_splits/10_buildings/building_8/0005221/reference/0005221_104.jpg
building_8,0005221,reference,dataset_splits/10_buildings/building_8/0005221/reference/0005221_106.jpg
building_8,0005221,test,dataset_splits/10_buildings/building_8/0005221/test/0005221_001.jpg
building_8,0005221,test,dataset_splits/10_buildings/building_8/0005221/test/0005221_008.jpg
building_8,0005221,test,dataset_splits/10_buildings/building_8/0005221/test/0005221_018.jpg
building_8,0005221,test,dataset_splits/10_buildings/building_8/0005221/test/0005221_021.jpg
building_8,0005221,test,dataset_splits/10_buildings/building_8/0005221/test/0005221_023.jpg
building_8,0005221,test,dataset_splits/10_buildings/building_8/0005221/test/0005221_033.jpg
building_8,0005221,test,dataset_splits/10_buildings/building_8/0005221/test/0005221_037.jpg
building_8,0005221,test,dataset_splits/10_buildings/building_8/0005221/test/0005221_051.jpg
building_8,0005221,test,dataset_splits/10_buildings/building_8/0005221/test/0005221_057.jpg
building_8,0005221,test,dataset_splits/10_buildings/building_8/0005221/test/0005221_060.jpg
building_8,0005221,test,dataset_splits/10_buildings/building_8/0005221/test/0005221_071.jpg
building_8,0005221,test,dataset_splits/10_buildings/building_8/0005221/test/0005221_073.jpg
building_8,0005221,test,dataset_splits/10_buildings/building_8/0005221/test/0005221_084.jpg
building_8,0005221,test,dataset_splits/10_buildings/building_8/0005221/test/0005221_086.jpg
building_8,0005221,test,dataset_splits/10_buildings/building_8/0005221/test/0005221_088.jpg
building_8,0005221,test,dataset_splits/10_buildings/building_8/0005221/test/0005221_089.jpg
building_8,0005221,test,dataset_splits/10_buildings/building_8/0005221/test/0005221_098.jpg
building_8,0005221,test,dataset_splits/10_buildings/building_8/0005221/test/0005221_101.jpg
building_8,0005221,test,dataset_splits/10_buildings/building_8/0005221/test/0005221_103.jpg
building_8,0005221,test,dataset_splits/10_buildings/building_8/0005221/test/0005221_108.jpg
building_8,0005281,reference,dataset_splits/10_buildings/building_8/0005281/reference/0005281_001.jpg
building_8,0005281,reference,dataset_splits/10_buildings/building_8/0005281/reference/0005281_003.jpg
building_8,0005281,reference,dataset_splits/10_buildings/building_8/0005281/reference/0005281_006.jpg
building_8,0005281,reference,dataset_splits/10_buildings/building_8/0005281/reference/0005281_013.jpg
building_8,0005281,reference,dataset_splits/10_buildings/building_8/0005281/reference/0005281_015.jpg
building_8,0005281,reference,dataset_splits/10_buildings/building_8/0005281/reference/0005281_018.jpg
building_8,0005281,reference,dataset_splits/10_buildings/building_8/0005281/reference/0005281_020.jpg
building_8,0005281,reference,dataset_splits/10_buildings/building_8/0005281/reference/0005281_023.jpg
building_8,0005281,reference,dataset_splits/10_buildings/building_8/0005281/reference/0005281_025.jpg
building_8,0005281,reference,dataset_splits/10_buildings/building_8/0005281/reference/0005281_026.jpg
building_8,0005281,reference,dataset_splits/10_buildings/building_8/0005281/reference/0005281_029.jpg
building_8,0005281,reference,dataset_splits/10_buildings/building_8/0005281/reference/0005281_032.jpg
building_8,0005281,reference,dataset_splits/10_buildings/building_8/0005281/reference/0005281_034.jpg
building_8,0005281,reference,dataset_splits/10_buildings/building_8/0005281/reference/0005281_035.jpg
building_8,0005281,reference,dataset_splits/10_buildings/building_8/0005281/reference/0005281_038.jpg
building_8,0005281,reference,dataset_splits/10_buildings/building_8/0005281/reference/0005281_040.jpg
building_8,0005281,reference,dataset_splits/10_buildings/building_8/0005281/reference/0005281_044.jpg
building_8,0005281,reference,dataset_splits/10_buildings/building_8/0005281/reference/0005281_049.jpg
building_8,0005281,reference,dataset_splits/10_buildings/building_8/0005281/reference/0005281_051.jpg
building_8,0005281,reference,dataset_splits/10_buildings/building_8/0005281/reference/0005281_052.jpg
building_8,0005281,test,dataset_splits/10_buildings/building_8/0005281/test/0005281_004.jpg
building_8,0005281,test,dataset_splits/10_buildings/building_8/0005281/test/0005281_007.jpg
building_8,0005281,test,dataset_splits/10_buildings/building_8/0005281/test/0005281_010.jpg
building_8,0005281,test,dataset_splits/10_buildings/building_8/0005281/test/0005281_012.jpg
building_8,0005281,test,dataset_splits/10_buildings/building_8/0005281/test/0005281_014.jpg
building_8,0005281,test,dataset_splits/10_buildings/building_8/0005281/test/0005281_016.jpg
building_8,0005281,test,dataset_splits/10_buildings/building_8/0005281/test/0005281_017.jpg
building_8,0005281,test,dataset_splits/10_buildings/building_8/0005281/test/0005281_019.jpg
building_8,0005281,test,dataset_splits/10_buildings/building_8/0005281/test/0005281_021.jpg
building_8,0005281,test,dataset_splits/10_buildings/building_8/0005281/test/0005281_024.jpg
building_8,0005281,test,dataset_splits/10_buildings/building_8/0005281/test/0005281_027.jpg
building_8,0005281,test,dataset_splits/10_buildings/building_8/0005281/test/0005281_028.jpg
building_8,0005281,test,dataset_splits/10_buildings/building_8/0005281/test/0005281_030.jpg
building_8,0005281,test,dataset_splits/10_buildings/building_8/0005281/test/0005281_031.jpg
building_8,0005281,test,dataset_splits/10_buildings/building_8/0005281/test/0005281_036.jpg
building_8,0005281,test,dataset_splits/10_buildings/building_8/0005281/test/0005281_037.jpg
building_8,0005281,test,dataset_splits/10_buildings/building_8/0005281/test/0005281_042.jpg
building_8,0005281,test,dataset_splits/10_buildings/building_8/0005281/test/0005281_045.jpg
building_8,0005281,test,dataset_splits/10_buildings/building_8/0005281/test/0005281_048.jpg
building_8,0005281,test,dataset_splits/10_buildings/building_8/0005281/test/0005281_050.jpg
building_8,0005349,reference,dataset_splits/10_buildings/building_8/0005349/reference/0005349_006.jpg
building_8,0005349,reference,dataset_splits/10_buildings/building_8/0005349/reference/0005349_007.jpg
building_8,0005349,reference,dataset_splits/10_buildings/building_8/0005349/reference/0005349_011.jpg
building_8,0005349,reference,dataset_splits/10_buildings/building_8/0005349/reference/0005349_015.jpg
building_8,0005349,reference,dataset_splits/10_buildings/building_8/0005349/reference/0005349_017.jpg
building_8,0005349,reference,dataset_splits/10_buildings/building_8/0005349/reference/0005349_018.jpg
building_8,0005349,reference,dataset_splits/10_buildings/building_8/0005349/reference/0005349_019.jpg
building_8,0005349,reference,dataset_splits/10_buildings/building_8/0005349/reference/0005349_022.jpg
building_8,0005349,reference,dataset_splits/10_buildings/building_8/0005349/reference/0005349_025.jpg
building_8,0005349,reference,dataset_splits/10_buildings/building_8/0005349/reference/0005349_028.jpg
building_8,0005349,reference,dataset_splits/10_buildings/building_8/0005349/reference/0005349_033.jpg
building_8,0005349,reference,dataset_splits/10_buildings/building_8/0005349/reference/0005349_036.jpg
building_8,0005349,reference,dataset_splits/10_buildings/building_8/0005349/reference/0005349_038.jpg
building_8,0005349,reference,dataset_splits/10_buildings/building_8/0005349/reference/0005349_040.jpg
building_8,0005349,reference,dataset_splits/10_buildings/building_8/0005349/reference/0005349_041.jpg
building_8,0005349,reference,dataset_splits/10_buildings/building_8/0005349/reference/0005349_042.jpg
building_8,0005349,reference,dataset_splits/10_buildings/building_8/0005349/reference/0005349_046.jpg
building_8,0005349,reference,dataset_splits/10_buildings/building_8/0005349/reference/0005349_051.jpg
building_8,0005349,reference,dataset_splits/10_buildings/building_8/0005349/reference/0005349_053.jpg
building_8,0005349,reference,dataset_splits/10_buildings/building_8/0005349/reference/0005349_054.jpg
building_8,0005349,test,dataset_splits/10_buildings/building_8/0005349/test/0005349_003.jpg
building_8,0005349,test,dataset_splits/10_buildings/building_8/0005349/test/0005349_005.jpg
building_8,0005349,test,dataset_splits/10_buildings/building_8/0005349/test/0005349_008.jpg
building_8,0005349,test,dataset_splits/10_buildings/building_8/0005349/test/0005349_010.jpg
building_8,0005349,test,dataset_splits/10_buildings/building_8/0005349/test/0005349_012.jpg
building_8,0005349,test,dataset_splits/10_buildings/building_8/0005349/test/0005349_013.jpg
building_8,0005349,test,dataset_splits/10_buildings/building_8/0005349/test/0005349_020.jpg
building_8,0005349,test,dataset_splits/10_buildings/building_8/0005349/test/0005349_023.jpg
building_8,0005349,test,dataset_splits/10_buildings/building_8/0005349/test/0005349_029.jpg
building_8,0005349,test,dataset_splits/10_buildings/building_8/0005349/test/0005349_030.jpg
building_8,0005349,test,dataset_splits/10_buildings/building_8/0005349/test/0005349_032.jpg
building_8,0005349,test,dataset_splits/10_buildings/building_8/0005349/test/0005349_034.jpg
building_8,0005349,test,dataset_splits/10_buildings/building_8/0005349/test/0005349_039.jpg
building_8,0005349,test,dataset_splits/10_buildings/building_8/0005349/test/0005349_043.jpg
building_8,0005349,test,dataset_splits/10_buildings/building_8/0005349/test/0005349_044.jpg
building_8,0005349,test,dataset_splits/10_buildings/building_8/0005349/test/0005349_045.jpg
building_8,0005349,test,dataset_splits/10_buildings/building_8/0005349/test/0005349_048.jpg
building_8,0005349,test,dataset_splits/10_buildings/building_8/0005349/test/0005349_049.jpg
building_8,0005349,test,dataset_splits/10_buildings/building_8/0005349/test/0005349_056.jpg
building_8,0005349,test,dataset_splits/10_buildings/building_8/0005349/test/0005349_057.jpg
building_8,0005366,reference,dataset_splits/10_buildings/building_8/0005366/reference/0005366_001.jpg
building_8,0005366,reference,dataset_splits/10_buildings/building_8/0005366/reference/0005366_002.jpg
building_8,0005366,reference,dataset_splits/10_buildings/building_8/0005366/reference/0005366_003.jpg
building_8,0005366,reference,dataset_splits/10_buildings/building_8/0005366/reference/0005366_009.jpg
building_8,0005366,reference,dataset_splits/10_buildings/building_8/0005366/reference/0005366_013.jpg
building_8,0005366,reference,dataset_splits/10_buildings/building_8/0005366/reference/0005366_017.jpg
building_8,0005366,reference,dataset_splits/10_buildings/building_8/0005366/reference/0005366_025.jpg
building_8,0005366,reference,dataset_splits/10_buildings/building_8/0005366/reference/0005366_032.jpg
building_8,0005366,reference,dataset_splits/10_buildings/building_8/0005366/reference/0005366_033.jpg
building_8,0005366,reference,dataset_splits/10_buildings/building_8/0005366/reference/0005366_035.jpg
building_8,0005366,reference,dataset_splits/10_buildings/building_8/0005366/reference/0005366_037.jpg
building_8,0005366,reference,dataset_splits/10_buildings/building_8/0005366/reference/0005366_038.jpg
building_8,0005366,reference,dataset_splits/10_buildings/building_8/0005366/reference/0005366_040.jpg
building_8,0005366,reference,dataset_splits/10_buildings/building_8/0005366/reference/0005366_041.jpg
building_8,0005366,reference,dataset_splits/10_buildings/building_8/0005366/reference/0005366_042.jpg
building_8,0005366,reference,dataset_splits/10_buildings/building_8/0005366/reference/0005366_048.jpg
building_8,0005366,reference,dataset_splits/10_buildings/building_8/0005366/reference/0005366_050.jpg
building_8,0005366,reference,dataset_splits/10_buildings/building_8/0005366/reference/0005366_051.jpg
building_8,0005366,reference,dataset_splits/10_buildings/building_8/0005366/reference/0005366_054.jpg
building_8,0005366,reference,dataset_splits/10_buildings/building_8/0005366/reference/0005366_055.jpg
building_8,0005366,test,dataset_splits/10_buildings/building_8/0005366/test/0005366_005.jpg
building_8,0005366,test,dataset_splits/10_buildings/building_8/0005366/test/0005366_006.jpg
building_8,0005366,test,dataset_splits/10_buildings/building_8/0005366/test/0005366_008.jpg
building_8,0005366,test,dataset_splits/10_buildings/building_8/0005366/test/0005366_011.jpg
building_8,0005366,test,dataset_splits/10_buildings/building_8/0005366/test/0005366_018.jpg
building_8,0005366,test,dataset_splits/10_buildings/building_8/0005366/test/0005366_019.jpg
building_8,0005366,test,dataset_splits/10_buildings/building_8/0005366/test/0005366_020.jpg
building_8,0005366,test,dataset_splits/10_buildings/building_8/0005366/test/0005366_021.jpg
building_8,0005366,test,dataset_splits/10_buildings/building_8/0005366/test/0005366_024.jpg
building_8,0005366,test,dataset_splits/10_buildings/building_8/0005366/test/0005366_026.jpg
building_8,0005366,test,dataset_splits/10_buildings/building_8/0005366/test/0005366_029.jpg
building_8,0005366,test,dataset_splits/10_buildings/building_8/0005366/test/0005366_030.jpg
building_8,0005366,test,dataset_splits/10_buildings/building_8/0005366/test/0005366_031.jpg
building_8,0005366,test,dataset_splits/10_buildings/building_8/0005366/test/0005366_034.jpg
building_8,0005366,test,dataset_splits/10_buildings/building_8/0005366/test/0005366_036.jpg
building_8,0005366,test,dataset_splits/10_buildings/building_8/0005366/test/0005366_044.jpg
building_8,0005366,test,dataset_splits/10_buildings/building_8/0005366/test/0005366_047.jpg
building_8,0005366,test,dataset_splits/10_buildings/building_8/0005366/test/0005366_049.jpg
building_8,0005366,test,dataset_splits/10_buildings/building_8/0005366/test/0005366_052.jpg
building_8,0005366,test,dataset_splits/10_buildings/building_8/0005366/test/0005366_058.jpg
building_8,0005392,reference,dataset_splits/10_buildings/building_8/0005392/reference/0005392_001.jpg
building_8,0005392,reference,dataset_splits/10_buildings/building_8/0005392/reference/0005392_023.jpg
building_8,0005392,reference,dataset_splits/10_buildings/building_8/0005392/reference/0005392_051.jpg
building_8,0005392,reference,dataset_splits/10_buildings/building_8/0005392/reference/0005392_052.jpg
building_8,0005392,reference,dataset_splits/10_buildings/building_8/0005392/reference/0005392_064.jpg
building_8,0005392,reference,dataset_splits/10_buildings/building_8/0005392/reference/0005392_065.jpg
building_8,0005392,reference,dataset_splits/10_buildings/building_8/0005392/reference/0005392_093.jpg
building_8,0005392,reference,dataset_splits/10_buildings/building_8/0005392/reference/0005392_100.jpg
building_8,0005392,reference,dataset_splits/10_buildings/building_8/0005392/reference/0005392_102.jpg
building_8,0005392,reference,dataset_splits/10_buildings/building_8/0005392/reference/0005392_125.jpg
building_8,0005392,reference,dataset_splits/10_buildings/building_8/0005392/reference/0005392_133.jpg
building_8,0005392,reference,dataset_splits/10_buildings/building_8/0005392/reference/0005392_147.jpg
building_8,0005392,reference,dataset_splits/10_buildings/building_8/0005392/reference/0005392_148.jpg
building_8,0005392,reference,dataset_splits/10_buildings/building_8/0005392/reference/0005392_149.jpg
building_8,0005392,reference,dataset_splits/10_buildings/building_8/0005392/reference/0005392_174.jpg
building_8,0005392,reference,dataset_splits/10_buildings/building_8/0005392/reference/0005392_212.jpg
building_8,0005392,reference,dataset_splits/10_buildings/building_8/0005392/reference/0005392_213.jpg
building_8,0005392,reference,dataset_splits/10_buildings/building_8/0005392/reference/0005392_227.jpg
building_8,0005392,reference,dataset_splits/10_buildings/building_8/0005392/reference/0005392_248.jpg
building_8,0005392,reference,dataset_splits/10_buildings/building_8/0005392/reference/0005392_296.jpg
building_8,0005392,test,dataset_splits/10_buildings/building_8/0005392/test/0005392_008.jpg
building_8,0005392,test,dataset_splits/10_buildings/building_8/0005392/test/0005392_010.jpg
building_8,0005392,test,dataset_splits/10_buildings/building_8/0005392/test/0005392_013.jpg
building_8,0005392,test,dataset_splits/10_buildings/building_8/0005392/test/0005392_027.jpg
building_8,0005392,test,dataset_splits/10_buildings/building_8/0005392/test/0005392_032.jpg
building_8,0005392,test,dataset_splits/10_buildings/building_8/0005392/test/0005392_035.jpg
building_8,0005392,test,dataset_splits/10_buildings/building_8/0005392/test/0005392_063.jpg
building_8,0005392,test,dataset_splits/10_buildings/building_8/0005392/test/0005392_083.jpg
building_8,0005392,test,dataset_splits/10_buildings/building_8/0005392/test/0005392_090.jpg
building_8,0005392,test,dataset_splits/10_buildings/building_8/0005392/test/0005392_131.jpg
building_8,0005392,test,dataset_splits/10_buildings/building_8/0005392/test/0005392_157.jpg
building_8,0005392,test,dataset_splits/10_buildings/building_8/0005392/test/0005392_181.jpg
building_8,0005392,test,dataset_splits/10_buildings/building_8/0005392/test/0005392_205.jpg
building_8,0005392,test,dataset_splits/10_buildings/building_8/0005392/test/0005392_214.jpg
building_8,0005392,test,dataset_splits/10_buildings/building_8/0005392/test/0005392_216.jpg
building_8,0005392,test,dataset_splits/10_buildings/building_8/0005392/test/0005392_224.jpg
building_8,0005392,test,dataset_splits/10_buildings/building_8/0005392/test/0005392_233.jpg
building_8,0005392,test,dataset_splits/10_buildings/building_8/0005392/test/0005392_280.jpg
building_8,0005392,test,dataset_splits/10_buildings/building_8/0005392/test/0005392_285.jpg
building_8,0005392,test,dataset_splits/10_buildings/building_8/0005392/test/0005392_313.jpg
building_8,0006713,reference,dataset_splits/10_buildings/building_8/0006713/reference/0006713_002.jpg
building_8,0006713,reference,dataset_splits/10_buildings/building_8/0006713/reference/0006713_005.jpg
building_8,0006713,reference,dataset_splits/10_buildings/building_8/0006713/reference/0006713_006.jpg
building_8,0006713,reference,dataset_splits/10_buildings/building_8/0006713/reference/0006713_017.jpg
building_8,0006713,reference,dataset_splits/10_buildings/building_8/0006713/reference/0006713_018.jpg
building_8,0006713,reference,dataset_splits/10_buildings/building_8/0006713/reference/0006713_023.jpg
building_8,0006713,reference,dataset_splits/10_buildings/building_8/0006713/reference/0006713_026.jpg
building_8,0006713,reference,dataset_splits/10_buildings/building_8/0006713/reference/0006713_030.jpg
building_8,0006713,reference,dataset_splits/10_buildings/building_8/0006713/reference/0006713_033.jpg
building_8,0006713,reference,dataset_splits/10_buildings/building_8/0006713/reference/0006713_037.jpg
building_8,0006713,reference,dataset_splits/10_buildings/building_8/0006713/reference/0006713_048.jpg
building_8,0006713,reference,dataset_splits/10_buildings/building_8/0006713/reference/0006713_060.jpg
building_8,0006713,reference,dataset_splits/10_buildings/building_8/0006713/reference/0006713_065.jpg
building_8,0006713,reference,dataset_splits/10_buildings/building_8/0006713/reference/0006713_066.jpg
building_8,0006713,reference,dataset_splits/10_buildings/building_8/0006713/reference/0006713_074.jpg
building_8,0006713,reference,dataset_splits/10_buildings/building_8/0006713/reference/0006713_075.jpg
building_8,0006713,reference,dataset_splits/10_buildings/building_8/0006713/reference/0006713_092.jpg
building_8,0006713,reference,dataset_splits/10_buildings/building_8/0006713/reference/0006713_096.jpg
building_8,0006713,reference,dataset_splits/10_buildings/building_8/0006713/reference/0006713_098.jpg
building_8,0006713,reference,dataset_splits/10_buildings/building_8/0006713/reference/0006713_100.jpg
building_8,0006713,test,dataset_splits/10_buildings/building_8/0006713/test/0006713_001.jpg
building_8,0006713,test,dataset_splits/10_buildings/building_8/0006713/test/0006713_007.jpg
building_8,0006713,test,dataset_splits/10_buildings/building_8/0006713/test/0006713_008.jpg
building_8,0006713,test,dataset_splits/10_buildings/building_8/0006713/test/0006713_010.jpg
building_8,0006713,test,dataset_splits/10_buildings/building_8/0006713/test/0006713_012.jpg
building_8,0006713,test,dataset_splits/10_buildings/building_8/0006713/test/0006713_025.jpg
building_8,0006713,test,dataset_splits/10_buildings/building_8/0006713/test/0006713_027.jpg
building_8,0006713,test,dataset_splits/10_buildings/building_8/0006713/test/0006713_036.jpg
building_8,0006713,test,dataset_splits/10_buildings/building_8/0006713/test/0006713_042.jpg
building_8,0006713,test,dataset_splits/10_buildings/building_8/0006713/test/0006713_050.jpg
building_8,0006713,test,dataset_splits/10_buildings/building_8/0006713/test/0006713_052.jpg
building_8,0006713,test,dataset_splits/10_buildings/building_8/0006713/test/0006713_054.jpg
building_8,0006713,test,dataset_splits/10_buildings/building_8/0006713/test/0006713_056.jpg
building_8,0006713,test,dataset_splits/10_buildings/building_8/0006713/test/0006713_059.jpg
building_8,0006713,test,dataset_splits/10_buildings/building_8/0006713/test/0006713_072.jpg
building_8,0006713,test,dataset_splits/10_buildings/building_8/0006713/test/0006713_073.jpg
building_8,0006713,test,dataset_splits/10_buildings/building_8/0006713/test/0006713_078.jpg
building_8,0006713,test,dataset_splits/10_buildings/building_8/0006713/test/0006713_080.jpg
building_8,0006713,test,dataset_splits/10_buildings/building_8/0006713/test/0006713_094.jpg
building_8,0006713,test,dataset_splits/10_buildings/building_8/0006713/test/0006713_099.jpg
building_8,0008543,reference,dataset_splits/10_buildings/building_8/0008543/reference/0008543_001.jpg
building_8,0008543,reference,dataset_splits/10_buildings/building_8/0008543/reference/0008543_002.jpg
building_8,0008543,reference,dataset_splits/10_buildings/building_8/0008543/reference/0008543_003.jpg
building_8,0008543,reference,dataset_splits/10_buildings/building_8/0008543/reference/0008543_008.jpg
building_8,0008543,reference,dataset_splits/10_buildings/building_8/0008543/reference/0008543_013.jpg
building_8,0008543,reference,dataset_splits/10_buildings/building_8/0008543/reference/0008543_015.jpg
building_8,0008543,reference,dataset_splits/10_buildings/building_8/0008543/reference/0008543_018.jpg
building_8,0008543,reference,dataset_splits/10_buildings/building_8/0008543/reference/0008543_019.jpg
building_8,0008543,reference,dataset_splits/10_buildings/building_8/0008543/reference/0008543_045.jpg
building_8,0008543,reference,dataset_splits/10_buildings/building_8/0008543/reference/0008543_046.jpg
building_8,0008543,reference,dataset_splits/10_buildings/building_8/0008543/reference/0008543_052.jpg
building_8,0008543,reference,dataset_splits/10_buildings/building_8/0008543/reference/0008543_053.jpg
building_8,0008543,reference,dataset_splits/10_buildings/building_8/0008543/reference/0008543_061.jpg
building_8,0008543,reference,dataset_splits/10_buildings/building_8/0008543/reference/0008543_067.jpg
building_8,0008543,reference,dataset_splits/10_buildings/building_8/0008543/reference/0008543_068.jpg
building_8,0008543,reference,dataset_splits/10_buildings/building_8/0008543/reference/0008543_069.jpg
building_8,0008543,reference,dataset_splits/10_buildings/building_8/0008543/reference/0008543_070.jpg
building_8,0008543,reference,dataset_splits/10_buildings/building_8/0008543/reference/0008543_071.jpg
building_8,0008543,reference,dataset_splits/10_buildings/building_8/0008543/reference/0008543_075.jpg
building_8,0008543,reference,dataset_splits/10_buildings/building_8/0008543/reference/0008543_087.jpg
building_8,0008543,test,dataset_splits/10_buildings/building_8/0008543/test/0008543_005.jpg
building_8,0008543,test,dataset_splits/10_buildings/building_8/0008543/test/0008543_006.jpg
building_8,0008543,test,dataset_splits/10_buildings/building_8/0008543/test/0008543_011.jpg
building_8,0008543,test,dataset_splits/10_buildings/building_8/0008543/test/0008543_012.jpg
building_8,0008543,test,dataset_splits/10_buildings/building_8/0008543/test/0008543_016.jpg
building_8,0008543,test,dataset_splits/10_buildings/building_8/0008543/test/0008543_023.jpg
building_8,0008543,test,dataset_splits/10_buildings/building_8/0008543/test/0008543_025.jpg
building_8,0008543,test,dataset_splits/10_buildings/building_8/0008543/test/0008543_029.jpg
building_8,0008543,test,dataset_splits/10_buildings/building_8/0008543/test/0008543_032.jpg
building_8,0008543,test,dataset_splits/10_buildings/building_8/0008543/test/0008543_035.jpg
building_8,0008543,test,dataset_splits/10_buildings/building_8/0008543/test/0008543_038.jpg
building_8,0008543,test,dataset_splits/10_buildings/building_8/0008543/test/0008543_049.jpg
building_8,0008543,test,dataset_splits/10_buildings/building_8/0008543/test/0008543_055.jpg
building_8,0008543,test,dataset_splits/10_buildings/building_8/0008543/test/0008543_057.jpg
building_8,0008543,test,dataset_splits/10_buildings/building_8/0008543/test/0008543_059.jpg
building_8,0008543,test,dataset_splits/10_buildings/building_8/0008543/test/0008543_060.jpg
building_8,0008543,test,dataset_splits/10_buildings/building_8/0008543/test/0008543_063.jpg
building_8,0008543,test,dataset_splits/10_buildings/building_8/0008543/test/0008543_073.jpg
building_8,0008543,test,dataset_splits/10_buildings/building_8/0008543/test/0008543_084.jpg
building_8,0008543,test,dataset_splits/10_buildings/building_8/0008543/test/0008543_091.jpg
