building,occupant_id,split,image_path
building_6,0000169,reference,dataset_splits/10_buildings/building_6/0000169/reference/0000169_031.jpg
building_6,0000169,reference,dataset_splits/10_buildings/building_6/0000169/reference/0000169_034.jpg
building_6,0000169,reference,dataset_splits/10_buildings/building_6/0000169/reference/0000169_038.jpg
building_6,0000169,reference,dataset_splits/10_buildings/building_6/0000169/reference/0000169_039.jpg
building_6,0000169,reference,dataset_splits/10_buildings/building_6/0000169/reference/0000169_044.jpg
building_6,0000169,reference,dataset_splits/10_buildings/building_6/0000169/reference/0000169_045.jpg
building_6,0000169,reference,dataset_splits/10_buildings/building_6/0000169/reference/0000169_052.jpg
building_6,0000169,reference,dataset_splits/10_buildings/building_6/0000169/reference/0000169_065.jpg
building_6,0000169,reference,dataset_splits/10_buildings/building_6/0000169/reference/0000169_066.jpg
building_6,0000169,reference,dataset_splits/10_buildings/building_6/0000169/reference/0000169_078.jpg
building_6,0000169,reference,dataset_splits/10_buildings/building_6/0000169/reference/0000169_103.jpg
building_6,0000169,reference,dataset_splits/10_buildings/building_6/0000169/reference/0000169_159.jpg
building_6,0000169,reference,dataset_splits/10_buildings/building_6/0000169/reference/0000169_166.jpg
building_6,0000169,reference,dataset_splits/10_buildings/building_6/0000169/reference/0000169_168.jpg
building_6,0000169,reference,dataset_splits/10_buildings/building_6/0000169/reference/0000169_184.jpg
building_6,0000169,reference,dataset_splits/10_buildings/building_6/0000169/reference/0000169_186.jpg
building_6,0000169,reference,dataset_splits/10_buildings/building_6/0000169/reference/0000169_201.jpg
building_6,0000169,reference,dataset_splits/10_buildings/building_6/0000169/reference/0000169_208.jpg
building_6,0000169,reference,dataset_splits/10_buildings/building_6/0000169/reference/0000169_209.jpg
building_6,0000169,reference,dataset_splits/10_buildings/building_6/0000169/reference/0000169_214.jpg
building_6,0000169,test,dataset_splits/10_buildings/building_6/0000169/test/0000169_001.jpg
building_6,0000169,test,dataset_splits/10_buildings/building_6/0000169/test/0000169_003.jpg
building_6,0000169,test,dataset_splits/10_buildings/building_6/0000169/test/0000169_016.jpg
building_6,0000169,test,dataset_splits/10_buildings/building_6/0000169/test/0000169_017.jpg
building_6,0000169,test,dataset_splits/10_buildings/building_6/0000169/test/0000169_055.jpg
building_6,0000169,test,dataset_splits/10_buildings/building_6/0000169/test/0000169_060.jpg
building_6,0000169,test,dataset_splits/10_buildings/building_6/0000169/test/0000169_070.jpg
building_6,0000169,test,dataset_splits/10_buildings/building_6/0000169/test/0000169_075.jpg
building_6,0000169,test,dataset_splits/10_buildings/building_6/0000169/test/0000169_085.jpg
building_6,0000169,test,dataset_splits/10_buildings/building_6/0000169/test/0000169_087.jpg
building_6,0000169,test,dataset_splits/10_buildings/building_6/0000169/test/0000169_088.jpg
building_6,0000169,test,dataset_splits/10_buildings/building_6/0000169/test/0000169_099.jpg
building_6,0000169,test,dataset_splits/10_buildings/building_6/0000169/test/0000169_112.jpg
building_6,0000169,test,dataset_splits/10_buildings/building_6/0000169/test/0000169_120.jpg
building_6,0000169,test,dataset_splits/10_buildings/building_6/0000169/test/0000169_123.jpg
building_6,0000169,test,dataset_splits/10_buildings/building_6/0000169/test/0000169_125.jpg
building_6,0000169,test,dataset_splits/10_buildings/building_6/0000169/test/0000169_156.jpg
building_6,0000169,test,dataset_splits/10_buildings/building_6/0000169/test/0000169_188.jpg
building_6,0000169,test,dataset_splits/10_buildings/building_6/0000169/test/0000169_218.jpg
building_6,0000169,test,dataset_splits/10_buildings/building_6/0000169/test/0000169_220.jpg
building_6,0000174,reference,dataset_splits/10_buildings/building_6/0000174/reference/0000174_018.jpg
building_6,0000174,reference,dataset_splits/10_buildings/building_6/0000174/reference/0000174_032.jpg
building_6,0000174,reference,dataset_splits/10_buildings/building_6/0000174/reference/0000174_033.jpg
building_6,0000174,reference,dataset_splits/10_buildings/building_6/0000174/reference/0000174_044.jpg
building_6,0000174,reference,dataset_splits/10_buildings/building_6/0000174/reference/0000174_053.jpg
building_6,0000174,reference,dataset_splits/10_buildings/building_6/0000174/reference/0000174_056.jpg
building_6,0000174,reference,dataset_splits/10_buildings/building_6/0000174/reference/0000174_059.jpg
building_6,0000174,reference,dataset_splits/10_buildings/building_6/0000174/reference/0000174_068.jpg
building_6,0000174,reference,dataset_splits/10_buildings/building_6/0000174/reference/0000174_081.jpg
building_6,0000174,reference,dataset_splits/10_buildings/building_6/0000174/reference/0000174_087.jpg
building_6,0000174,reference,dataset_splits/10_buildings/building_6/0000174/reference/0000174_091.jpg
building_6,0000174,reference,dataset_splits/10_buildings/building_6/0000174/reference/0000174_097.jpg
building_6,0000174,reference,dataset_splits/10_buildings/building_6/0000174/reference/0000174_101.jpg
building_6,0000174,reference,dataset_splits/10_buildings/building_6/0000174/reference/0000174_104.jpg
building_6,0000174,reference,dataset_splits/10_buildings/building_6/0000174/reference/0000174_127.jpg
building_6,0000174,reference,dataset_splits/10_buildings/building_6/0000174/reference/0000174_154.jpg
building_6,0000174,reference,dataset_splits/10_buildings/building_6/0000174/reference/0000174_160.jpg
building_6,0000174,reference,dataset_splits/10_buildings/building_6/0000174/reference/0000174_163.jpg
building_6,0000174,reference,dataset_splits/10_buildings/building_6/0000174/reference/0000174_179.jpg
building_6,0000174,reference,dataset_splits/10_buildings/building_6/0000174/reference/0000174_186.jpg
building_6,0000174,test,dataset_splits/10_buildings/building_6/0000174/test/0000174_005.jpg
building_6,0000174,test,dataset_splits/10_buildings/building_6/0000174/test/0000174_010.jpg
building_6,0000174,test,dataset_splits/10_buildings/building_6/0000174/test/0000174_014.jpg
building_6,0000174,test,dataset_splits/10_buildings/building_6/0000174/test/0000174_020.jpg
building_6,0000174,test,dataset_splits/10_buildings/building_6/0000174/test/0000174_028.jpg
building_6,0000174,test,dataset_splits/10_buildings/building_6/0000174/test/0000174_029.jpg
building_6,0000174,test,dataset_splits/10_buildings/building_6/0000174/test/0000174_034.jpg
building_6,0000174,test,dataset_splits/10_buildings/building_6/0000174/test/0000174_042.jpg
building_6,0000174,test,dataset_splits/10_buildings/building_6/0000174/test/0000174_066.jpg
building_6,0000174,test,dataset_splits/10_buildings/building_6/0000174/test/0000174_078.jpg
building_6,0000174,test,dataset_splits/10_buildings/building_6/0000174/test/0000174_094.jpg
building_6,0000174,test,dataset_splits/10_buildings/building_6/0000174/test/0000174_096.jpg
building_6,0000174,test,dataset_splits/10_buildings/building_6/0000174/test/0000174_100.jpg
building_6,0000174,test,dataset_splits/10_buildings/building_6/0000174/test/0000174_110.jpg
building_6,0000174,test,dataset_splits/10_buildings/building_6/0000174/test/0000174_136.jpg
building_6,0000174,test,dataset_splits/10_buildings/building_6/0000174/test/0000174_175.jpg
building_6,0000174,test,dataset_splits/10_buildings/building_6/0000174/test/0000174_176.jpg
building_6,0000174,test,dataset_splits/10_buildings/building_6/0000174/test/0000174_177.jpg
building_6,0000174,test,dataset_splits/10_buildings/building_6/0000174/test/0000174_184.jpg
building_6,0000174,test,dataset_splits/10_buildings/building_6/0000174/test/0000174_185.jpg
building_6,0000260,reference,dataset_splits/10_buildings/building_6/0000260/reference/0000260_006.jpg
building_6,0000260,reference,dataset_splits/10_buildings/building_6/0000260/reference/0000260_015.jpg
building_6,0000260,reference,dataset_splits/10_buildings/building_6/0000260/reference/0000260_020.jpg
building_6,0000260,reference,dataset_splits/10_buildings/building_6/0000260/reference/0000260_026.jpg
building_6,0000260,reference,dataset_splits/10_buildings/building_6/0000260/reference/0000260_029.jpg
building_6,0000260,reference,dataset_splits/10_buildings/building_6/0000260/reference/0000260_032.jpg
building_6,0000260,reference,dataset_splits/10_buildings/building_6/0000260/reference/0000260_033.jpg
building_6,0000260,reference,dataset_splits/10_buildings/building_6/0000260/reference/0000260_046.jpg
building_6,0000260,reference,dataset_splits/10_buildings/building_6/0000260/reference/0000260_047.jpg
building_6,0000260,reference,dataset_splits/10_buildings/building_6/0000260/reference/0000260_050.jpg
building_6,0000260,reference,dataset_splits/10_buildings/building_6/0000260/reference/0000260_062.jpg
building_6,0000260,reference,dataset_splits/10_buildings/building_6/0000260/reference/0000260_068.jpg
building_6,0000260,reference,dataset_splits/10_buildings/building_6/0000260/reference/0000260_085.jpg
building_6,0000260,reference,dataset_splits/10_buildings/building_6/0000260/reference/0000260_092.jpg
building_6,0000260,reference,dataset_splits/10_buildings/building_6/0000260/reference/0000260_099.jpg
building_6,0000260,reference,dataset_splits/10_buildings/building_6/0000260/reference/0000260_114.jpg
building_6,0000260,reference,dataset_splits/10_buildings/building_6/0000260/reference/0000260_130.jpg
building_6,0000260,reference,dataset_splits/10_buildings/building_6/0000260/reference/0000260_132.jpg
building_6,0000260,reference,dataset_splits/10_buildings/building_6/0000260/reference/0000260_136.jpg
building_6,0000260,reference,dataset_splits/10_buildings/building_6/0000260/reference/0000260_162.jpg
building_6,0000260,test,dataset_splits/10_buildings/building_6/0000260/test/0000260_004.jpg
building_6,0000260,test,dataset_splits/10_buildings/building_6/0000260/test/0000260_022.jpg
building_6,0000260,test,dataset_splits/10_buildings/building_6/0000260/test/0000260_040.jpg
building_6,0000260,test,dataset_splits/10_buildings/building_6/0000260/test/0000260_053.jpg
building_6,0000260,test,dataset_splits/10_buildings/building_6/0000260/test/0000260_060.jpg
building_6,0000260,test,dataset_splits/10_buildings/building_6/0000260/test/0000260_064.jpg
building_6,0000260,test,dataset_splits/10_buildings/building_6/0000260/test/0000260_077.jpg
building_6,0000260,test,dataset_splits/10_buildings/building_6/0000260/test/0000260_078.jpg
building_6,0000260,test,dataset_splits/10_buildings/building_6/0000260/test/0000260_080.jpg
building_6,0000260,test,dataset_splits/10_buildings/building_6/0000260/test/0000260_104.jpg
building_6,0000260,test,dataset_splits/10_buildings/building_6/0000260/test/0000260_111.jpg
building_6,0000260,test,dataset_splits/10_buildings/building_6/0000260/test/0000260_122.jpg
building_6,0000260,test,dataset_splits/10_buildings/building_6/0000260/test/0000260_129.jpg
building_6,0000260,test,dataset_splits/10_buildings/building_6/0000260/test/0000260_133.jpg
building_6,0000260,test,dataset_splits/10_buildings/building_6/0000260/test/0000260_135.jpg
building_6,0000260,test,dataset_splits/10_buildings/building_6/0000260/test/0000260_143.jpg
building_6,0000260,test,dataset_splits/10_buildings/building_6/0000260/test/0000260_155.jpg
building_6,0000260,test,dataset_splits/10_buildings/building_6/0000260/test/0000260_160.jpg
building_6,0000260,test,dataset_splits/10_buildings/building_6/0000260/test/0000260_161.jpg
building_6,0000260,test,dataset_splits/10_buildings/building_6/0000260/test/0000260_166.jpg
building_6,0000396,reference,dataset_splits/10_buildings/building_6/0000396/reference/0000396_001.jpg
building_6,0000396,reference,dataset_splits/10_buildings/building_6/0000396/reference/0000396_011.jpg
building_6,0000396,reference,dataset_splits/10_buildings/building_6/0000396/reference/0000396_013.jpg
building_6,0000396,reference,dataset_splits/10_buildings/building_6/0000396/reference/0000396_017.jpg
building_6,0000396,reference,dataset_splits/10_buildings/building_6/0000396/reference/0000396_018.jpg
building_6,0000396,reference,dataset_splits/10_buildings/building_6/0000396/reference/0000396_041.jpg
building_6,0000396,reference,dataset_splits/10_buildings/building_6/0000396/reference/0000396_044.jpg
building_6,0000396,reference,dataset_splits/10_buildings/building_6/0000396/reference/0000396_052.jpg
building_6,0000396,reference,dataset_splits/10_buildings/building_6/0000396/reference/0000396_054.jpg
building_6,0000396,reference,dataset_splits/10_buildings/building_6/0000396/reference/0000396_058.jpg
building_6,0000396,reference,dataset_splits/10_buildings/building_6/0000396/reference/0000396_061.jpg
building_6,0000396,reference,dataset_splits/10_buildings/building_6/0000396/reference/0000396_065.jpg
building_6,0000396,reference,dataset_splits/10_buildings/building_6/0000396/reference/0000396_068.jpg
building_6,0000396,reference,dataset_splits/10_buildings/building_6/0000396/reference/0000396_070.jpg
building_6,0000396,reference,dataset_splits/10_buildings/building_6/0000396/reference/0000396_073.jpg
building_6,0000396,reference,dataset_splits/10_buildings/building_6/0000396/reference/0000396_074.jpg
building_6,0000396,reference,dataset_splits/10_buildings/building_6/0000396/reference/0000396_083.jpg
building_6,0000396,reference,dataset_splits/10_buildings/building_6/0000396/reference/0000396_090.jpg
building_6,0000396,reference,dataset_splits/10_buildings/building_6/0000396/reference/0000396_094.jpg
building_6,0000396,reference,dataset_splits/10_buildings/building_6/0000396/reference/0000396_096.jpg
building_6,0000396,test,dataset_splits/10_buildings/building_6/0000396/test/0000396_007.jpg
building_6,0000396,test,dataset_splits/10_buildings/building_6/0000396/test/0000396_022.jpg
building_6,0000396,test,dataset_splits/10_buildings/building_6/0000396/test/0000396_023.jpg
building_6,0000396,test,dataset_splits/10_buildings/building_6/0000396/test/0000396_025.jpg
building_6,0000396,test,dataset_splits/10_buildings/building_6/0000396/test/0000396_026.jpg
building_6,0000396,test,dataset_splits/10_buildings/building_6/0000396/test/0000396_031.jpg
building_6,0000396,test,dataset_splits/10_buildings/building_6/0000396/test/0000396_036.jpg
building_6,0000396,test,dataset_splits/10_buildings/building_6/0000396/test/0000396_040.jpg
building_6,0000396,test,dataset_splits/10_buildings/building_6/0000396/test/0000396_045.jpg
building_6,0000396,test,dataset_splits/10_buildings/building_6/0000396/test/0000396_046.jpg
building_6,0000396,test,dataset_splits/10_buildings/building_6/0000396/test/0000396_053.jpg
building_6,0000396,test,dataset_splits/10_buildings/building_6/0000396/test/0000396_071.jpg
building_6,0000396,test,dataset_splits/10_buildings/building_6/0000396/test/0000396_076.jpg
building_6,0000396,test,dataset_splits/10_buildings/building_6/0000396/test/0000396_077.jpg
building_6,0000396,test,dataset_splits/10_buildings/building_6/0000396/test/0000396_082.jpg
building_6,0000396,test,dataset_splits/10_buildings/building_6/0000396/test/0000396_084.jpg
building_6,0000396,test,dataset_splits/10_buildings/building_6/0000396/test/0000396_085.jpg
building_6,0000396,test,dataset_splits/10_buildings/building_6/0000396/test/0000396_091.jpg
building_6,0000396,test,dataset_splits/10_buildings/building_6/0000396/test/0000396_095.jpg
building_6,0000396,test,dataset_splits/10_buildings/building_6/0000396/test/0000396_098.jpg
building_6,0000498,reference,dataset_splits/10_buildings/building_6/0000498/reference/0000498_003.jpg
building_6,0000498,reference,dataset_splits/10_buildings/building_6/0000498/reference/0000498_005.jpg
building_6,0000498,reference,dataset_splits/10_buildings/building_6/0000498/reference/0000498_006.jpg
building_6,0000498,reference,dataset_splits/10_buildings/building_6/0000498/reference/0000498_007.jpg
building_6,0000498,reference,dataset_splits/10_buildings/building_6/0000498/reference/0000498_023.jpg
building_6,0000498,reference,dataset_splits/10_buildings/building_6/0000498/reference/0000498_024.jpg
building_6,0000498,reference,dataset_splits/10_buildings/building_6/0000498/reference/0000498_027.jpg
building_6,0000498,reference,dataset_splits/10_buildings/building_6/0000498/reference/0000498_034.jpg
building_6,0000498,reference,dataset_splits/10_buildings/building_6/0000498/reference/0000498_035.jpg
building_6,0000498,reference,dataset_splits/10_buildings/building_6/0000498/reference/0000498_043.jpg
building_6,0000498,reference,dataset_splits/10_buildings/building_6/0000498/reference/0000498_048.jpg
building_6,0000498,reference,dataset_splits/10_buildings/building_6/0000498/reference/0000498_053.jpg
building_6,0000498,reference,dataset_splits/10_buildings/building_6/0000498/reference/0000498_080.jpg
building_6,0000498,reference,dataset_splits/10_buildings/building_6/0000498/reference/0000498_101.jpg
building_6,0000498,reference,dataset_splits/10_buildings/building_6/0000498/reference/0000498_110.jpg
building_6,0000498,reference,dataset_splits/10_buildings/building_6/0000498/reference/0000498_111.jpg
building_6,0000498,reference,dataset_splits/10_buildings/building_6/0000498/reference/0000498_117.jpg
building_6,0000498,reference,dataset_splits/10_buildings/building_6/0000498/reference/0000498_118.jpg
building_6,0000498,reference,dataset_splits/10_buildings/building_6/0000498/reference/0000498_124.jpg
building_6,0000498,reference,dataset_splits/10_buildings/building_6/0000498/reference/0000498_128.jpg
building_6,0000498,test,dataset_splits/10_buildings/building_6/0000498/test/0000498_004.jpg
building_6,0000498,test,dataset_splits/10_buildings/building_6/0000498/test/0000498_009.jpg
building_6,0000498,test,dataset_splits/10_buildings/building_6/0000498/test/0000498_036.jpg
building_6,0000498,test,dataset_splits/10_buildings/building_6/0000498/test/0000498_044.jpg
building_6,0000498,test,dataset_splits/10_buildings/building_6/0000498/test/0000498_045.jpg
building_6,0000498,test,dataset_splits/10_buildings/building_6/0000498/test/0000498_046.jpg
building_6,0000498,test,dataset_splits/10_buildings/building_6/0000498/test/0000498_056.jpg
building_6,0000498,test,dataset_splits/10_buildings/building_6/0000498/test/0000498_061.jpg
building_6,0000498,test,dataset_splits/10_buildings/building_6/0000498/test/0000498_068.jpg
building_6,0000498,test,dataset_splits/10_buildings/building_6/0000498/test/0000498_073.jpg
building_6,0000498,test,dataset_splits/10_buildings/building_6/0000498/test/0000498_077.jpg
building_6,0000498,test,dataset_splits/10_buildings/building_6/0000498/test/0000498_084.jpg
building_6,0000498,test,dataset_splits/10_buildings/building_6/0000498/test/0000498_085.jpg
building_6,0000498,test,dataset_splits/10_buildings/building_6/0000498/test/0000498_087.jpg
building_6,0000498,test,dataset_splits/10_buildings/building_6/0000498/test/0000498_092.jpg
building_6,0000498,test,dataset_splits/10_buildings/building_6/0000498/test/0000498_098.jpg
building_6,0000498,test,dataset_splits/10_buildings/building_6/0000498/test/0000498_099.jpg
building_6,0000498,test,dataset_splits/10_buildings/building_6/0000498/test/0000498_104.jpg
building_6,0000498,test,dataset_splits/10_buildings/building_6/0000498/test/0000498_106.jpg
building_6,0000498,test,dataset_splits/10_buildings/building_6/0000498/test/0000498_108.jpg
building_6,0000515,reference,dataset_splits/10_buildings/building_6/0000515/reference/0000515_009.jpg
building_6,0000515,reference,dataset_splits/10_buildings/building_6/0000515/reference/0000515_016.jpg
building_6,0000515,reference,dataset_splits/10_buildings/building_6/0000515/reference/0000515_021.jpg
building_6,0000515,reference,dataset_splits/10_buildings/building_6/0000515/reference/0000515_030.jpg
building_6,0000515,reference,dataset_splits/10_buildings/building_6/0000515/reference/0000515_032.jpg
building_6,0000515,reference,dataset_splits/10_buildings/building_6/0000515/reference/0000515_045.jpg
building_6,0000515,reference,dataset_splits/10_buildings/building_6/0000515/reference/0000515_095.jpg
building_6,0000515,reference,dataset_splits/10_buildings/building_6/0000515/reference/0000515_112.jpg
building_6,0000515,reference,dataset_splits/10_buildings/building_6/0000515/reference/0000515_131.jpg
building_6,0000515,reference,dataset_splits/10_buildings/building_6/0000515/reference/0000515_139.jpg
building_6,0000515,reference,dataset_splits/10_buildings/building_6/0000515/reference/0000515_140.jpg
building_6,0000515,reference,dataset_splits/10_buildings/building_6/0000515/reference/0000515_152.jpg
building_6,0000515,reference,dataset_splits/10_buildings/building_6/0000515/reference/0000515_164.jpg
building_6,0000515,reference,dataset_splits/10_buildings/building_6/0000515/reference/0000515_166.jpg
building_6,0000515,reference,dataset_splits/10_buildings/building_6/0000515/reference/0000515_181.jpg
building_6,0000515,reference,dataset_splits/10_buildings/building_6/0000515/reference/0000515_202.jpg
building_6,0000515,reference,dataset_splits/10_buildings/building_6/0000515/reference/0000515_219.jpg
building_6,0000515,reference,dataset_splits/10_buildings/building_6/0000515/reference/0000515_236.jpg
building_6,0000515,reference,dataset_splits/10_buildings/building_6/0000515/reference/0000515_250.jpg
building_6,0000515,reference,dataset_splits/10_buildings/building_6/0000515/reference/0000515_262.jpg
building_6,0000515,test,dataset_splits/10_buildings/building_6/0000515/test/0000515_002.jpg
building_6,0000515,test,dataset_splits/10_buildings/building_6/0000515/test/0000515_013.jpg
building_6,0000515,test,dataset_splits/10_buildings/building_6/0000515/test/0000515_028.jpg
building_6,0000515,test,dataset_splits/10_buildings/building_6/0000515/test/0000515_074.jpg
building_6,0000515,test,dataset_splits/10_buildings/building_6/0000515/test/0000515_082.jpg
building_6,0000515,test,dataset_splits/10_buildings/building_6/0000515/test/0000515_090.jpg
building_6,0000515,test,dataset_splits/10_buildings/building_6/0000515/test/0000515_093.jpg
building_6,0000515,test,dataset_splits/10_buildings/building_6/0000515/test/0000515_097.jpg
building_6,0000515,test,dataset_splits/10_buildings/building_6/0000515/test/0000515_123.jpg
building_6,0000515,test,dataset_splits/10_buildings/building_6/0000515/test/0000515_128.jpg
building_6,0000515,test,dataset_splits/10_buildings/building_6/0000515/test/0000515_133.jpg
building_6,0000515,test,dataset_splits/10_buildings/building_6/0000515/test/0000515_138.jpg
building_6,0000515,test,dataset_splits/10_buildings/building_6/0000515/test/0000515_150.jpg
building_6,0000515,test,dataset_splits/10_buildings/building_6/0000515/test/0000515_180.jpg
building_6,0000515,test,dataset_splits/10_buildings/building_6/0000515/test/0000515_190.jpg
building_6,0000515,test,dataset_splits/10_buildings/building_6/0000515/test/0000515_193.jpg
building_6,0000515,test,dataset_splits/10_buildings/building_6/0000515/test/0000515_205.jpg
building_6,0000515,test,dataset_splits/10_buildings/building_6/0000515/test/0000515_220.jpg
building_6,0000515,test,dataset_splits/10_buildings/building_6/0000515/test/0000515_227.jpg
building_6,0000515,test,dataset_splits/10_buildings/building_6/0000515/test/0000515_249.jpg
building_6,0000547,reference,dataset_splits/10_buildings/building_6/0000547/reference/0000547_001.jpg
building_6,0000547,reference,dataset_splits/10_buildings/building_6/0000547/reference/0000547_024.jpg
building_6,0000547,reference,dataset_splits/10_buildings/building_6/0000547/reference/0000547_028.jpg
building_6,0000547,reference,dataset_splits/10_buildings/building_6/0000547/reference/0000547_030.jpg
building_6,0000547,reference,dataset_splits/10_buildings/building_6/0000547/reference/0000547_031.jpg
building_6,0000547,reference,dataset_splits/10_buildings/building_6/0000547/reference/0000547_043.jpg
building_6,0000547,reference,dataset_splits/10_buildings/building_6/0000547/reference/0000547_051.jpg
building_6,0000547,reference,dataset_splits/10_buildings/building_6/0000547/reference/0000547_060.jpg
building_6,0000547,reference,dataset_splits/10_buildings/building_6/0000547/reference/0000547_068.jpg
building_6,0000547,reference,dataset_splits/10_buildings/building_6/0000547/reference/0000547_069.jpg
building_6,0000547,reference,dataset_splits/10_buildings/building_6/0000547/reference/0000547_072.jpg
building_6,0000547,reference,dataset_splits/10_buildings/building_6/0000547/reference/0000547_074.jpg
building_6,0000547,reference,dataset_splits/10_buildings/building_6/0000547/reference/0000547_075.jpg
building_6,0000547,reference,dataset_splits/10_buildings/building_6/0000547/reference/0000547_091.jpg
building_6,0000547,reference,dataset_splits/10_buildings/building_6/0000547/reference/0000547_099.jpg
building_6,0000547,reference,dataset_splits/10_buildings/building_6/0000547/reference/0000547_102.jpg
building_6,0000547,reference,dataset_splits/10_buildings/building_6/0000547/reference/0000547_105.jpg
building_6,0000547,reference,dataset_splits/10_buildings/building_6/0000547/reference/0000547_106.jpg
building_6,0000547,reference,dataset_splits/10_buildings/building_6/0000547/reference/0000547_108.jpg
building_6,0000547,reference,dataset_splits/10_buildings/building_6/0000547/reference/0000547_120.jpg
building_6,0000547,test,dataset_splits/10_buildings/building_6/0000547/test/0000547_005.jpg
building_6,0000547,test,dataset_splits/10_buildings/building_6/0000547/test/0000547_006.jpg
building_6,0000547,test,dataset_splits/10_buildings/building_6/0000547/test/0000547_014.jpg
building_6,0000547,test,dataset_splits/10_buildings/building_6/0000547/test/0000547_016.jpg
building_6,0000547,test,dataset_splits/10_buildings/building_6/0000547/test/0000547_020.jpg
building_6,0000547,test,dataset_splits/10_buildings/building_6/0000547/test/0000547_023.jpg
building_6,0000547,test,dataset_splits/10_buildings/building_6/0000547/test/0000547_037.jpg
building_6,0000547,test,dataset_splits/10_buildings/building_6/0000547/test/0000547_047.jpg
building_6,0000547,test,dataset_splits/10_buildings/building_6/0000547/test/0000547_049.jpg
building_6,0000547,test,dataset_splits/10_buildings/building_6/0000547/test/0000547_061.jpg
building_6,0000547,test,dataset_splits/10_buildings/building_6/0000547/test/0000547_062.jpg
building_6,0000547,test,dataset_splits/10_buildings/building_6/0000547/test/0000547_071.jpg
building_6,0000547,test,dataset_splits/10_buildings/building_6/0000547/test/0000547_076.jpg
building_6,0000547,test,dataset_splits/10_buildings/building_6/0000547/test/0000547_085.jpg
building_6,0000547,test,dataset_splits/10_buildings/building_6/0000547/test/0000547_093.jpg
building_6,0000547,test,dataset_splits/10_buildings/building_6/0000547/test/0000547_095.jpg
building_6,0000547,test,dataset_splits/10_buildings/building_6/0000547/test/0000547_107.jpg
building_6,0000547,test,dataset_splits/10_buildings/building_6/0000547/test/0000547_114.jpg
building_6,0000547,test,dataset_splits/10_buildings/building_6/0000547/test/0000547_117.jpg
building_6,0000547,test,dataset_splits/10_buildings/building_6/0000547/test/0000547_118.jpg
building_6,0000597,reference,dataset_splits/10_buildings/building_6/0000597/reference/0000597_002.jpg
building_6,0000597,reference,dataset_splits/10_buildings/building_6/0000597/reference/0000597_009.jpg
building_6,0000597,reference,dataset_splits/10_buildings/building_6/0000597/reference/0000597_011.jpg
building_6,0000597,reference,dataset_splits/10_buildings/building_6/0000597/reference/0000597_018.jpg
building_6,0000597,reference,dataset_splits/10_buildings/building_6/0000597/reference/0000597_035.jpg
building_6,0000597,reference,dataset_splits/10_buildings/building_6/0000597/reference/0000597_036.jpg
building_6,0000597,reference,dataset_splits/10_buildings/building_6/0000597/reference/0000597_063.jpg
building_6,0000597,reference,dataset_splits/10_buildings/building_6/0000597/reference/0000597_064.jpg
building_6,0000597,reference,dataset_splits/10_buildings/building_6/0000597/reference/0000597_068.jpg
building_6,0000597,reference,dataset_splits/10_buildings/building_6/0000597/reference/0000597_075.jpg
building_6,0000597,reference,dataset_splits/10_buildings/building_6/0000597/reference/0000597_076.jpg
building_6,0000597,reference,dataset_splits/10_buildings/building_6/0000597/reference/0000597_084.jpg
building_6,0000597,reference,dataset_splits/10_buildings/building_6/0000597/reference/0000597_087.jpg
building_6,0000597,reference,dataset_splits/10_buildings/building_6/0000597/reference/0000597_089.jpg
building_6,0000597,reference,dataset_splits/10_buildings/building_6/0000597/reference/0000597_096.jpg
building_6,0000597,reference,dataset_splits/10_buildings/building_6/0000597/reference/0000597_102.jpg
building_6,0000597,reference,dataset_splits/10_buildings/building_6/0000597/reference/0000597_104.jpg
building_6,0000597,reference,dataset_splits/10_buildings/building_6/0000597/reference/0000597_105.jpg
building_6,0000597,reference,dataset_splits/10_buildings/building_6/0000597/reference/0000597_108.jpg
building_6,0000597,reference,dataset_splits/10_buildings/building_6/0000597/reference/0000597_119.jpg
building_6,0000597,test,dataset_splits/10_buildings/building_6/0000597/test/0000597_008.jpg
building_6,0000597,test,dataset_splits/10_buildings/building_6/0000597/test/0000597_019.jpg
building_6,0000597,test,dataset_splits/10_buildings/building_6/0000597/test/0000597_022.jpg
building_6,0000597,test,dataset_splits/10_buildings/building_6/0000597/test/0000597_029.jpg
building_6,0000597,test,dataset_splits/10_buildings/building_6/0000597/test/0000597_030.jpg
building_6,0000597,test,dataset_splits/10_buildings/building_6/0000597/test/0000597_040.jpg
building_6,0000597,test,dataset_splits/10_buildings/building_6/0000597/test/0000597_053.jpg
building_6,0000597,test,dataset_splits/10_buildings/building_6/0000597/test/0000597_057.jpg
building_6,0000597,test,dataset_splits/10_buildings/building_6/0000597/test/0000597_066.jpg
building_6,0000597,test,dataset_splits/10_buildings/building_6/0000597/test/0000597_077.jpg
building_6,0000597,test,dataset_splits/10_buildings/building_6/0000597/test/0000597_081.jpg
building_6,0000597,test,dataset_splits/10_buildings/building_6/0000597/test/0000597_093.jpg
building_6,0000597,test,dataset_splits/10_buildings/building_6/0000597/test/0000597_103.jpg
building_6,0000597,test,dataset_splits/10_buildings/building_6/0000597/test/0000597_111.jpg
building_6,0000597,test,dataset_splits/10_buildings/building_6/0000597/test/0000597_112.jpg
building_6,0000597,test,dataset_splits/10_buildings/building_6/0000597/test/0000597_113.jpg
building_6,0000597,test,dataset_splits/10_buildings/building_6/0000597/test/0000597_120.jpg
building_6,0000597,test,dataset_splits/10_buildings/building_6/0000597/test/0000597_124.jpg
building_6,0000597,test,dataset_splits/10_buildings/building_6/0000597/test/0000597_125.jpg
building_6,0000597,test,dataset_splits/10_buildings/building_6/0000597/test/0000597_126.jpg
building_6,0000609,reference,dataset_splits/10_buildings/building_6/0000609/reference/0000609_001.jpg
building_6,0000609,reference,dataset_splits/10_buildings/building_6/0000609/reference/0000609_005.jpg
building_6,0000609,reference,dataset_splits/10_buildings/building_6/0000609/reference/0000609_009.jpg
building_6,0000609,reference,dataset_splits/10_buildings/building_6/0000609/reference/0000609_010.jpg
building_6,0000609,reference,dataset_splits/10_buildings/building_6/0000609/reference/0000609_013.jpg
building_6,0000609,reference,dataset_splits/10_buildings/building_6/0000609/reference/0000609_022.jpg
building_6,0000609,reference,dataset_splits/10_buildings/building_6/0000609/reference/0000609_030.jpg
building_6,0000609,reference,dataset_splits/10_buildings/building_6/0000609/reference/0000609_032.jpg
building_6,0000609,reference,dataset_splits/10_buildings/building_6/0000609/reference/0000609_035.jpg
building_6,0000609,reference,dataset_splits/10_buildings/building_6/0000609/reference/0000609_047.jpg
building_6,0000609,reference,dataset_splits/10_buildings/building_6/0000609/reference/0000609_049.jpg
building_6,0000609,reference,dataset_splits/10_buildings/building_6/0000609/reference/0000609_052.jpg
building_6,0000609,reference,dataset_splits/10_buildings/building_6/0000609/reference/0000609_053.jpg
building_6,0000609,reference,dataset_splits/10_buildings/building_6/0000609/reference/0000609_054.jpg
building_6,0000609,reference,dataset_splits/10_buildings/building_6/0000609/reference/0000609_056.jpg
building_6,0000609,reference,dataset_splits/10_buildings/building_6/0000609/reference/0000609_059.jpg
building_6,0000609,reference,dataset_splits/10_buildings/building_6/0000609/reference/0000609_060.jpg
building_6,0000609,reference,dataset_splits/10_buildings/building_6/0000609/reference/0000609_061.jpg
building_6,0000609,reference,dataset_splits/10_buildings/building_6/0000609/reference/0000609_064.jpg
building_6,0000609,reference,dataset_splits/10_buildings/building_6/0000609/reference/0000609_066.jpg
building_6,0000609,test,dataset_splits/10_buildings/building_6/0000609/test/0000609_003.jpg
building_6,0000609,test,dataset_splits/10_buildings/building_6/0000609/test/0000609_006.jpg
building_6,0000609,test,dataset_splits/10_buildings/building_6/0000609/test/0000609_007.jpg
building_6,0000609,test,dataset_splits/10_buildings/building_6/0000609/test/0000609_008.jpg
building_6,0000609,test,dataset_splits/10_buildings/building_6/0000609/test/0000609_012.jpg
building_6,0000609,test,dataset_splits/10_buildings/building_6/0000609/test/0000609_018.jpg
building_6,0000609,test,dataset_splits/10_buildings/building_6/0000609/test/0000609_019.jpg
building_6,0000609,test,dataset_splits/10_buildings/building_6/0000609/test/0000609_021.jpg
building_6,0000609,test,dataset_splits/10_buildings/building_6/0000609/test/0000609_024.jpg
building_6,0000609,test,dataset_splits/10_buildings/building_6/0000609/test/0000609_025.jpg
building_6,0000609,test,dataset_splits/10_buildings/building_6/0000609/test/0000609_026.jpg
building_6,0000609,test,dataset_splits/10_buildings/building_6/0000609/test/0000609_028.jpg
building_6,0000609,test,dataset_splits/10_buildings/building_6/0000609/test/0000609_031.jpg
building_6,0000609,test,dataset_splits/10_buildings/building_6/0000609/test/0000609_034.jpg
building_6,0000609,test,dataset_splits/10_buildings/building_6/0000609/test/0000609_038.jpg
building_6,0000609,test,dataset_splits/10_buildings/building_6/0000609/test/0000609_044.jpg
building_6,0000609,test,dataset_splits/10_buildings/building_6/0000609/test/0000609_055.jpg
building_6,0000609,test,dataset_splits/10_buildings/building_6/0000609/test/0000609_057.jpg
building_6,0000609,test,dataset_splits/10_buildings/building_6/0000609/test/0000609_062.jpg
building_6,0000609,test,dataset_splits/10_buildings/building_6/0000609/test/0000609_067.jpg
building_6,0000612,reference,dataset_splits/10_buildings/building_6/0000612/reference/0000612_002.jpg
building_6,0000612,reference,dataset_splits/10_buildings/building_6/0000612/reference/0000612_070.jpg
building_6,0000612,reference,dataset_splits/10_buildings/building_6/0000612/reference/0000612_080.jpg
building_6,0000612,reference,dataset_splits/10_buildings/building_6/0000612/reference/0000612_093.jpg
building_6,0000612,reference,dataset_splits/10_buildings/building_6/0000612/reference/0000612_097.jpg
building_6,0000612,reference,dataset_splits/10_buildings/building_6/0000612/reference/0000612_105.jpg
building_6,0000612,reference,dataset_splits/10_buildings/building_6/0000612/reference/0000612_107.jpg
building_6,0000612,reference,dataset_splits/10_buildings/building_6/0000612/reference/0000612_112.jpg
building_6,0000612,reference,dataset_splits/10_buildings/building_6/0000612/reference/0000612_137.jpg
building_6,0000612,reference,dataset_splits/10_buildings/building_6/0000612/reference/0000612_144.jpg
building_6,0000612,reference,dataset_splits/10_buildings/building_6/0000612/reference/0000612_146.jpg
building_6,0000612,reference,dataset_splits/10_buildings/building_6/0000612/reference/0000612_150.jpg
building_6,0000612,reference,dataset_splits/10_buildings/building_6/0000612/reference/0000612_155.jpg
building_6,0000612,reference,dataset_splits/10_buildings/building_6/0000612/reference/0000612_156.jpg
building_6,0000612,reference,dataset_splits/10_buildings/building_6/0000612/reference/0000612_162.jpg
building_6,0000612,reference,dataset_splits/10_buildings/building_6/0000612/reference/0000612_207.jpg
building_6,0000612,reference,dataset_splits/10_buildings/building_6/0000612/reference/0000612_212.jpg
building_6,0000612,reference,dataset_splits/10_buildings/building_6/0000612/reference/0000612_214.jpg
building_6,0000612,reference,dataset_splits/10_buildings/building_6/0000612/reference/0000612_216.jpg
building_6,0000612,reference,dataset_splits/10_buildings/building_6/0000612/reference/0000612_233.jpg
building_6,0000612,test,dataset_splits/10_buildings/building_6/0000612/test/0000612_005.jpg
building_6,0000612,test,dataset_splits/10_buildings/building_6/0000612/test/0000612_025.jpg
building_6,0000612,test,dataset_splits/10_buildings/building_6/0000612/test/0000612_034.jpg
building_6,0000612,test,dataset_splits/10_buildings/building_6/0000612/test/0000612_040.jpg
building_6,0000612,test,dataset_splits/10_buildings/building_6/0000612/test/0000612_044.jpg
building_6,0000612,test,dataset_splits/10_buildings/building_6/0000612/test/0000612_081.jpg
building_6,0000612,test,dataset_splits/10_buildings/building_6/0000612/test/0000612_092.jpg
building_6,0000612,test,dataset_splits/10_buildings/building_6/0000612/test/0000612_098.jpg
building_6,0000612,test,dataset_splits/10_buildings/building_6/0000612/test/0000612_122.jpg
building_6,0000612,test,dataset_splits/10_buildings/building_6/0000612/test/0000612_138.jpg
building_6,0000612,test,dataset_splits/10_buildings/building_6/0000612/test/0000612_163.jpg
building_6,0000612,test,dataset_splits/10_buildings/building_6/0000612/test/0000612_171.jpg
building_6,0000612,test,dataset_splits/10_buildings/building_6/0000612/test/0000612_173.jpg
building_6,0000612,test,dataset_splits/10_buildings/building_6/0000612/test/0000612_183.jpg
building_6,0000612,test,dataset_splits/10_buildings/building_6/0000612/test/0000612_194.jpg
building_6,0000612,test,dataset_splits/10_buildings/building_6/0000612/test/0000612_198.jpg
building_6,0000612,test,dataset_splits/10_buildings/building_6/0000612/test/0000612_202.jpg
building_6,0000612,test,dataset_splits/10_buildings/building_6/0000612/test/0000612_223.jpg
building_6,0000612,test,dataset_splits/10_buildings/building_6/0000612/test/0000612_226.jpg
building_6,0000612,test,dataset_splits/10_buildings/building_6/0000612/test/0000612_231.jpg
building_6,0000623,reference,dataset_splits/10_buildings/building_6/0000623/reference/0000623_009.jpg
building_6,0000623,reference,dataset_splits/10_buildings/building_6/0000623/reference/0000623_017.jpg
building_6,0000623,reference,dataset_splits/10_buildings/building_6/0000623/reference/0000623_030.jpg
building_6,0000623,reference,dataset_splits/10_buildings/building_6/0000623/reference/0000623_040.jpg
building_6,0000623,reference,dataset_splits/10_buildings/building_6/0000623/reference/0000623_044.jpg
building_6,0000623,reference,dataset_splits/10_buildings/building_6/0000623/reference/0000623_050.jpg
building_6,0000623,reference,dataset_splits/10_buildings/building_6/0000623/reference/0000623_056.jpg
building_6,0000623,reference,dataset_splits/10_buildings/building_6/0000623/reference/0000623_060.jpg
building_6,0000623,reference,dataset_splits/10_buildings/building_6/0000623/reference/0000623_066.jpg
building_6,0000623,reference,dataset_splits/10_buildings/building_6/0000623/reference/0000623_070.jpg
building_6,0000623,reference,dataset_splits/10_buildings/building_6/0000623/reference/0000623_077.jpg
building_6,0000623,reference,dataset_splits/10_buildings/building_6/0000623/reference/0000623_085.jpg
building_6,0000623,reference,dataset_splits/10_buildings/building_6/0000623/reference/0000623_093.jpg
building_6,0000623,reference,dataset_splits/10_buildings/building_6/0000623/reference/0000623_139.jpg
building_6,0000623,reference,dataset_splits/10_buildings/building_6/0000623/reference/0000623_144.jpg
building_6,0000623,reference,dataset_splits/10_buildings/building_6/0000623/reference/0000623_145.jpg
building_6,0000623,reference,dataset_splits/10_buildings/building_6/0000623/reference/0000623_146.jpg
building_6,0000623,reference,dataset_splits/10_buildings/building_6/0000623/reference/0000623_159.jpg
building_6,0000623,reference,dataset_splits/10_buildings/building_6/0000623/reference/0000623_166.jpg
building_6,0000623,reference,dataset_splits/10_buildings/building_6/0000623/reference/0000623_167.jpg
building_6,0000623,test,dataset_splits/10_buildings/building_6/0000623/test/0000623_003.jpg
building_6,0000623,test,dataset_splits/10_buildings/building_6/0000623/test/0000623_007.jpg
building_6,0000623,test,dataset_splits/10_buildings/building_6/0000623/test/0000623_029.jpg
building_6,0000623,test,dataset_splits/10_buildings/building_6/0000623/test/0000623_034.jpg
building_6,0000623,test,dataset_splits/10_buildings/building_6/0000623/test/0000623_038.jpg
building_6,0000623,test,dataset_splits/10_buildings/building_6/0000623/test/0000623_039.jpg
building_6,0000623,test,dataset_splits/10_buildings/building_6/0000623/test/0000623_042.jpg
building_6,0000623,test,dataset_splits/10_buildings/building_6/0000623/test/0000623_046.jpg
building_6,0000623,test,dataset_splits/10_buildings/building_6/0000623/test/0000623_061.jpg
building_6,0000623,test,dataset_splits/10_buildings/building_6/0000623/test/0000623_071.jpg
building_6,0000623,test,dataset_splits/10_buildings/building_6/0000623/test/0000623_088.jpg
building_6,0000623,test,dataset_splits/10_buildings/building_6/0000623/test/0000623_090.jpg
building_6,0000623,test,dataset_splits/10_buildings/building_6/0000623/test/0000623_092.jpg
building_6,0000623,test,dataset_splits/10_buildings/building_6/0000623/test/0000623_098.jpg
building_6,0000623,test,dataset_splits/10_buildings/building_6/0000623/test/0000623_118.jpg
building_6,0000623,test,dataset_splits/10_buildings/building_6/0000623/test/0000623_123.jpg
building_6,0000623,test,dataset_splits/10_buildings/building_6/0000623/test/0000623_131.jpg
building_6,0000623,test,dataset_splits/10_buildings/building_6/0000623/test/0000623_153.jpg
building_6,0000623,test,dataset_splits/10_buildings/building_6/0000623/test/0000623_156.jpg
building_6,0000623,test,dataset_splits/10_buildings/building_6/0000623/test/0000623_157.jpg
building_6,0000624,reference,dataset_splits/10_buildings/building_6/0000624/reference/0000624_001.jpg
building_6,0000624,reference,dataset_splits/10_buildings/building_6/0000624/reference/0000624_003.jpg
building_6,0000624,reference,dataset_splits/10_buildings/building_6/0000624/reference/0000624_007.jpg
building_6,0000624,reference,dataset_splits/10_buildings/building_6/0000624/reference/0000624_009.jpg
building_6,0000624,reference,dataset_splits/10_buildings/building_6/0000624/reference/0000624_011.jpg
building_6,0000624,reference,dataset_splits/10_buildings/building_6/0000624/reference/0000624_013.jpg
building_6,0000624,reference,dataset_splits/10_buildings/building_6/0000624/reference/0000624_016.jpg
building_6,0000624,reference,dataset_splits/10_buildings/building_6/0000624/reference/0000624_018.jpg
building_6,0000624,reference,dataset_splits/10_buildings/building_6/0000624/reference/0000624_022.jpg
building_6,0000624,reference,dataset_splits/10_buildings/building_6/0000624/reference/0000624_023.jpg
building_6,0000624,reference,dataset_splits/10_buildings/building_6/0000624/reference/0000624_043.jpg
building_6,0000624,reference,dataset_splits/10_buildings/building_6/0000624/reference/0000624_047.jpg
building_6,0000624,reference,dataset_splits/10_buildings/building_6/0000624/reference/0000624_050.jpg
building_6,0000624,reference,dataset_splits/10_buildings/building_6/0000624/reference/0000624_051.jpg
building_6,0000624,reference,dataset_splits/10_buildings/building_6/0000624/reference/0000624_054.jpg
building_6,0000624,reference,dataset_splits/10_buildings/building_6/0000624/reference/0000624_057.jpg
building_6,0000624,reference,dataset_splits/10_buildings/building_6/0000624/reference/0000624_059.jpg
building_6,0000624,reference,dataset_splits/10_buildings/building_6/0000624/reference/0000624_067.jpg
building_6,0000624,reference,dataset_splits/10_buildings/building_6/0000624/reference/0000624_071.jpg
building_6,0000624,reference,dataset_splits/10_buildings/building_6/0000624/reference/0000624_075.jpg
building_6,0000624,test,dataset_splits/10_buildings/building_6/0000624/test/0000624_006.jpg
building_6,0000624,test,dataset_splits/10_buildings/building_6/0000624/test/0000624_012.jpg
building_6,0000624,test,dataset_splits/10_buildings/building_6/0000624/test/0000624_017.jpg
building_6,0000624,test,dataset_splits/10_buildings/building_6/0000624/test/0000624_019.jpg
building_6,0000624,test,dataset_splits/10_buildings/building_6/0000624/test/0000624_026.jpg
building_6,0000624,test,dataset_splits/10_buildings/building_6/0000624/test/0000624_029.jpg
building_6,0000624,test,dataset_splits/10_buildings/building_6/0000624/test/0000624_030.jpg
building_6,0000624,test,dataset_splits/10_buildings/building_6/0000624/test/0000624_033.jpg
building_6,0000624,test,dataset_splits/10_buildings/building_6/0000624/test/0000624_034.jpg
building_6,0000624,test,dataset_splits/10_buildings/building_6/0000624/test/0000624_035.jpg
building_6,0000624,test,dataset_splits/10_buildings/building_6/0000624/test/0000624_036.jpg
building_6,0000624,test,dataset_splits/10_buildings/building_6/0000624/test/0000624_044.jpg
building_6,0000624,test,dataset_splits/10_buildings/building_6/0000624/test/0000624_045.jpg
building_6,0000624,test,dataset_splits/10_buildings/building_6/0000624/test/0000624_052.jpg
building_6,0000624,test,dataset_splits/10_buildings/building_6/0000624/test/0000624_053.jpg
building_6,0000624,test,dataset_splits/10_buildings/building_6/0000624/test/0000624_061.jpg
building_6,0000624,test,dataset_splits/10_buildings/building_6/0000624/test/0000624_063.jpg
building_6,0000624,test,dataset_splits/10_buildings/building_6/0000624/test/0000624_066.jpg
building_6,0000624,test,dataset_splits/10_buildings/building_6/0000624/test/0000624_069.jpg
building_6,0000624,test,dataset_splits/10_buildings/building_6/0000624/test/0000624_072.jpg
building_6,0000775,reference,dataset_splits/10_buildings/building_6/0000775/reference/0000775_022.jpg
building_6,0000775,reference,dataset_splits/10_buildings/building_6/0000775/reference/0000775_044.jpg
building_6,0000775,reference,dataset_splits/10_buildings/building_6/0000775/reference/0000775_092.jpg
building_6,0000775,reference,dataset_splits/10_buildings/building_6/0000775/reference/0000775_106.jpg
building_6,0000775,reference,dataset_splits/10_buildings/building_6/0000775/reference/0000775_107.jpg
building_6,0000775,reference,dataset_splits/10_buildings/building_6/0000775/reference/0000775_122.jpg
building_6,0000775,reference,dataset_splits/10_buildings/building_6/0000775/reference/0000775_140.jpg
building_6,0000775,reference,dataset_splits/10_buildings/building_6/0000775/reference/0000775_153.jpg
building_6,0000775,reference,dataset_splits/10_buildings/building_6/0000775/reference/0000775_187.jpg
building_6,0000775,reference,dataset_splits/10_buildings/building_6/0000775/reference/0000775_192.jpg
building_6,0000775,reference,dataset_splits/10_buildings/building_6/0000775/reference/0000775_195.jpg
building_6,0000775,reference,dataset_splits/10_buildings/building_6/0000775/reference/0000775_220.jpg
building_6,0000775,reference,dataset_splits/10_buildings/building_6/0000775/reference/0000775_235.jpg
building_6,0000775,reference,dataset_splits/10_buildings/building_6/0000775/reference/0000775_243.jpg
building_6,0000775,reference,dataset_splits/10_buildings/building_6/0000775/reference/0000775_269.jpg
building_6,0000775,reference,dataset_splits/10_buildings/building_6/0000775/reference/0000775_280.jpg
building_6,0000775,reference,dataset_splits/10_buildings/building_6/0000775/reference/0000775_320.jpg
building_6,0000775,reference,dataset_splits/10_buildings/building_6/0000775/reference/0000775_334.jpg
building_6,0000775,reference,dataset_splits/10_buildings/building_6/0000775/reference/0000775_385.jpg
building_6,0000775,reference,dataset_splits/10_buildings/building_6/0000775/reference/0000775_389.jpg
building_6,0000775,test,dataset_splits/10_buildings/building_6/0000775/test/0000775_018.jpg
building_6,0000775,test,dataset_splits/10_buildings/building_6/0000775/test/0000775_068.jpg
building_6,0000775,test,dataset_splits/10_buildings/building_6/0000775/test/0000775_077.jpg
building_6,0000775,test,dataset_splits/10_buildings/building_6/0000775/test/0000775_087.jpg
building_6,0000775,test,dataset_splits/10_buildings/building_6/0000775/test/0000775_089.jpg
building_6,0000775,test,dataset_splits/10_buildings/building_6/0000775/test/0000775_100.jpg
building_6,0000775,test,dataset_splits/10_buildings/building_6/0000775/test/0000775_110.jpg
building_6,0000775,test,dataset_splits/10_buildings/building_6/0000775/test/0000775_118.jpg
building_6,0000775,test,dataset_splits/10_buildings/building_6/0000775/test/0000775_175.jpg
building_6,0000775,test,dataset_splits/10_buildings/building_6/0000775/test/0000775_190.jpg
building_6,0000775,test,dataset_splits/10_buildings/building_6/0000775/test/0000775_228.jpg
building_6,0000775,test,dataset_splits/10_buildings/building_6/0000775/test/0000775_290.jpg
building_6,0000775,test,dataset_splits/10_buildings/building_6/0000775/test/0000775_292.jpg
building_6,0000775,test,dataset_splits/10_buildings/building_6/0000775/test/0000775_325.jpg
building_6,0000775,test,dataset_splits/10_buildings/building_6/0000775/test/0000775_327.jpg
building_6,0000775,test,dataset_splits/10_buildings/building_6/0000775/test/0000775_330.jpg
building_6,0000775,test,dataset_splits/10_buildings/building_6/0000775/test/0000775_360.jpg
building_6,0000775,test,dataset_splits/10_buildings/building_6/0000775/test/0000775_380.jpg
building_6,0000775,test,dataset_splits/10_buildings/building_6/0000775/test/0000775_384.jpg
building_6,0000775,test,dataset_splits/10_buildings/building_6/0000775/test/0000775_386.jpg
building_6,0000881,reference,dataset_splits/10_buildings/building_6/0000881/reference/0000881_002.jpg
building_6,0000881,reference,dataset_splits/10_buildings/building_6/0000881/reference/0000881_003.jpg
building_6,0000881,reference,dataset_splits/10_buildings/building_6/0000881/reference/0000881_006.jpg
building_6,0000881,reference,dataset_splits/10_buildings/building_6/0000881/reference/0000881_011.jpg
building_6,0000881,reference,dataset_splits/10_buildings/building_6/0000881/reference/0000881_015.jpg
building_6,0000881,reference,dataset_splits/10_buildings/building_6/0000881/reference/0000881_032.jpg
building_6,0000881,reference,dataset_splits/10_buildings/building_6/0000881/reference/0000881_043.jpg
building_6,0000881,reference,dataset_splits/10_buildings/building_6/0000881/reference/0000881_050.jpg
building_6,0000881,reference,dataset_splits/10_buildings/building_6/0000881/reference/0000881_054.jpg
building_6,0000881,reference,dataset_splits/10_buildings/building_6/0000881/reference/0000881_058.jpg
building_6,0000881,reference,dataset_splits/10_buildings/building_6/0000881/reference/0000881_073.jpg
building_6,0000881,reference,dataset_splits/10_buildings/building_6/0000881/reference/0000881_075.jpg
building_6,0000881,reference,dataset_splits/10_buildings/building_6/0000881/reference/0000881_078.jpg
building_6,0000881,reference,dataset_splits/10_buildings/building_6/0000881/reference/0000881_079.jpg
building_6,0000881,reference,dataset_splits/10_buildings/building_6/0000881/reference/0000881_081.jpg
building_6,0000881,reference,dataset_splits/10_buildings/building_6/0000881/reference/0000881_083.jpg
building_6,0000881,reference,dataset_splits/10_buildings/building_6/0000881/reference/0000881_084.jpg
building_6,0000881,reference,dataset_splits/10_buildings/building_6/0000881/reference/0000881_087.jpg
building_6,0000881,reference,dataset_splits/10_buildings/building_6/0000881/reference/0000881_088.jpg
building_6,0000881,reference,dataset_splits/10_buildings/building_6/0000881/reference/0000881_094.jpg
building_6,0000881,test,dataset_splits/10_buildings/building_6/0000881/test/0000881_005.jpg
building_6,0000881,test,dataset_splits/10_buildings/building_6/0000881/test/0000881_009.jpg
building_6,0000881,test,dataset_splits/10_buildings/building_6/0000881/test/0000881_012.jpg
building_6,0000881,test,dataset_splits/10_buildings/building_6/0000881/test/0000881_019.jpg
building_6,0000881,test,dataset_splits/10_buildings/building_6/0000881/test/0000881_024.jpg
building_6,0000881,test,dataset_splits/10_buildings/building_6/0000881/test/0000881_025.jpg
building_6,0000881,test,dataset_splits/10_buildings/building_6/0000881/test/0000881_027.jpg
building_6,0000881,test,dataset_splits/10_buildings/building_6/0000881/test/0000881_028.jpg
building_6,0000881,test,dataset_splits/10_buildings/building_6/0000881/test/0000881_042.jpg
building_6,0000881,test,dataset_splits/10_buildings/building_6/0000881/test/0000881_046.jpg
building_6,0000881,test,dataset_splits/10_buildings/building_6/0000881/test/0000881_048.jpg
building_6,0000881,test,dataset_splits/10_buildings/building_6/0000881/test/0000881_049.jpg
building_6,0000881,test,dataset_splits/10_buildings/building_6/0000881/test/0000881_052.jpg
building_6,0000881,test,dataset_splits/10_buildings/building_6/0000881/test/0000881_059.jpg
building_6,0000881,test,dataset_splits/10_buildings/building_6/0000881/test/0000881_060.jpg
building_6,0000881,test,dataset_splits/10_buildings/building_6/0000881/test/0000881_064.jpg
building_6,0000881,test,dataset_splits/10_buildings/building_6/0000881/test/0000881_068.jpg
building_6,0000881,test,dataset_splits/10_buildings/building_6/0000881/test/0000881_076.jpg
building_6,0000881,test,dataset_splits/10_buildings/building_6/0000881/test/0000881_082.jpg
building_6,0000881,test,dataset_splits/10_buildings/building_6/0000881/test/0000881_089.jpg
building_6,0000902,reference,dataset_splits/10_buildings/building_6/0000902/reference/0000902_009.jpg
building_6,0000902,reference,dataset_splits/10_buildings/building_6/0000902/reference/0000902_016.jpg
building_6,0000902,reference,dataset_splits/10_buildings/building_6/0000902/reference/0000902_021.jpg
building_6,0000902,reference,dataset_splits/10_buildings/building_6/0000902/reference/0000902_024.jpg
building_6,0000902,reference,dataset_splits/10_buildings/building_6/0000902/reference/0000902_029.jpg
building_6,0000902,reference,dataset_splits/10_buildings/building_6/0000902/reference/0000902_044.jpg
building_6,0000902,reference,dataset_splits/10_buildings/building_6/0000902/reference/0000902_050.jpg
building_6,0000902,reference,dataset_splits/10_buildings/building_6/0000902/reference/0000902_054.jpg
building_6,0000902,reference,dataset_splits/10_buildings/building_6/0000902/reference/0000902_057.jpg
building_6,0000902,reference,dataset_splits/10_buildings/building_6/0000902/reference/0000902_058.jpg
building_6,0000902,reference,dataset_splits/10_buildings/building_6/0000902/reference/0000902_063.jpg
building_6,0000902,reference,dataset_splits/10_buildings/building_6/0000902/reference/0000902_069.jpg
building_6,0000902,reference,dataset_splits/10_buildings/building_6/0000902/reference/0000902_070.jpg
building_6,0000902,reference,dataset_splits/10_buildings/building_6/0000902/reference/0000902_082.jpg
building_6,0000902,reference,dataset_splits/10_buildings/building_6/0000902/reference/0000902_088.jpg
building_6,0000902,reference,dataset_splits/10_buildings/building_6/0000902/reference/0000902_104.jpg
building_6,0000902,reference,dataset_splits/10_buildings/building_6/0000902/reference/0000902_106.jpg
building_6,0000902,reference,dataset_splits/10_buildings/building_6/0000902/reference/0000902_109.jpg
building_6,0000902,reference,dataset_splits/10_buildings/building_6/0000902/reference/0000902_111.jpg
building_6,0000902,reference,dataset_splits/10_buildings/building_6/0000902/reference/0000902_113.jpg
building_6,0000902,test,dataset_splits/10_buildings/building_6/0000902/test/0000902_001.jpg
building_6,0000902,test,dataset_splits/10_buildings/building_6/0000902/test/0000902_006.jpg
building_6,0000902,test,dataset_splits/10_buildings/building_6/0000902/test/0000902_008.jpg
building_6,0000902,test,dataset_splits/10_buildings/building_6/0000902/test/0000902_015.jpg
building_6,0000902,test,dataset_splits/10_buildings/building_6/0000902/test/0000902_031.jpg
building_6,0000902,test,dataset_splits/10_buildings/building_6/0000902/test/0000902_036.jpg
building_6,0000902,test,dataset_splits/10_buildings/building_6/0000902/test/0000902_039.jpg
building_6,0000902,test,dataset_splits/10_buildings/building_6/0000902/test/0000902_045.jpg
building_6,0000902,test,dataset_splits/10_buildings/building_6/0000902/test/0000902_046.jpg
building_6,0000902,test,dataset_splits/10_buildings/building_6/0000902/test/0000902_047.jpg
building_6,0000902,test,dataset_splits/10_buildings/building_6/0000902/test/0000902_066.jpg
building_6,0000902,test,dataset_splits/10_buildings/building_6/0000902/test/0000902_091.jpg
building_6,0000902,test,dataset_splits/10_buildings/building_6/0000902/test/0000902_099.jpg
building_6,0000902,test,dataset_splits/10_buildings/building_6/0000902/test/0000902_100.jpg
building_6,0000902,test,dataset_splits/10_buildings/building_6/0000902/test/0000902_102.jpg
building_6,0000902,test,dataset_splits/10_buildings/building_6/0000902/test/0000902_108.jpg
building_6,0000902,test,dataset_splits/10_buildings/building_6/0000902/test/0000902_114.jpg
building_6,0000902,test,dataset_splits/10_buildings/building_6/0000902/test/0000902_120.jpg
building_6,0000902,test,dataset_splits/10_buildings/building_6/0000902/test/0000902_122.jpg
building_6,0000902,test,dataset_splits/10_buildings/building_6/0000902/test/0000902_124.jpg
building_6,0001101,reference,dataset_splits/10_buildings/building_6/0001101/reference/0001101_030.jpg
building_6,0001101,reference,dataset_splits/10_buildings/building_6/0001101/reference/0001101_072.jpg
building_6,0001101,reference,dataset_splits/10_buildings/building_6/0001101/reference/0001101_076.jpg
building_6,0001101,reference,dataset_splits/10_buildings/building_6/0001101/reference/0001101_083.jpg
building_6,0001101,reference,dataset_splits/10_buildings/building_6/0001101/reference/0001101_095.jpg
building_6,0001101,reference,dataset_splits/10_buildings/building_6/0001101/reference/0001101_098.jpg
building_6,0001101,reference,dataset_splits/10_buildings/building_6/0001101/reference/0001101_099.jpg
building_6,0001101,reference,dataset_splits/10_buildings/building_6/0001101/reference/0001101_101.jpg
building_6,0001101,reference,dataset_splits/10_buildings/building_6/0001101/reference/0001101_114.jpg
building_6,0001101,reference,dataset_splits/10_buildings/building_6/0001101/reference/0001101_124.jpg
building_6,0001101,reference,dataset_splits/10_buildings/building_6/0001101/reference/0001101_133.jpg
building_6,0001101,reference,dataset_splits/10_buildings/building_6/0001101/reference/0001101_136.jpg
building_6,0001101,reference,dataset_splits/10_buildings/building_6/0001101/reference/0001101_156.jpg
building_6,0001101,reference,dataset_splits/10_buildings/building_6/0001101/reference/0001101_176.jpg
building_6,0001101,reference,dataset_splits/10_buildings/building_6/0001101/reference/0001101_181.jpg
building_6,0001101,reference,dataset_splits/10_buildings/building_6/0001101/reference/0001101_198.jpg
building_6,0001101,reference,dataset_splits/10_buildings/building_6/0001101/reference/0001101_202.jpg
building_6,0001101,reference,dataset_splits/10_buildings/building_6/0001101/reference/0001101_204.jpg
building_6,0001101,reference,dataset_splits/10_buildings/building_6/0001101/reference/0001101_209.jpg
building_6,0001101,reference,dataset_splits/10_buildings/building_6/0001101/reference/0001101_215.jpg
building_6,0001101,test,dataset_splits/10_buildings/building_6/0001101/test/0001101_020.jpg
building_6,0001101,test,dataset_splits/10_buildings/building_6/0001101/test/0001101_031.jpg
building_6,0001101,test,dataset_splits/10_buildings/building_6/0001101/test/0001101_036.jpg
building_6,0001101,test,dataset_splits/10_buildings/building_6/0001101/test/0001101_045.jpg
building_6,0001101,test,dataset_splits/10_buildings/building_6/0001101/test/0001101_047.jpg
building_6,0001101,test,dataset_splits/10_buildings/building_6/0001101/test/0001101_056.jpg
building_6,0001101,test,dataset_splits/10_buildings/building_6/0001101/test/0001101_065.jpg
building_6,0001101,test,dataset_splits/10_buildings/building_6/0001101/test/0001101_068.jpg
building_6,0001101,test,dataset_splits/10_buildings/building_6/0001101/test/0001101_070.jpg
building_6,0001101,test,dataset_splits/10_buildings/building_6/0001101/test/0001101_081.jpg
building_6,0001101,test,dataset_splits/10_buildings/building_6/0001101/test/0001101_086.jpg
building_6,0001101,test,dataset_splits/10_buildings/building_6/0001101/test/0001101_096.jpg
building_6,0001101,test,dataset_splits/10_buildings/building_6/0001101/test/0001101_120.jpg
building_6,0001101,test,dataset_splits/10_buildings/building_6/0001101/test/0001101_122.jpg
building_6,0001101,test,dataset_splits/10_buildings/building_6/0001101/test/0001101_134.jpg
building_6,0001101,test,dataset_splits/10_buildings/building_6/0001101/test/0001101_138.jpg
building_6,0001101,test,dataset_splits/10_buildings/building_6/0001101/test/0001101_139.jpg
building_6,0001101,test,dataset_splits/10_buildings/building_6/0001101/test/0001101_170.jpg
building_6,0001101,test,dataset_splits/10_buildings/building_6/0001101/test/0001101_197.jpg
building_6,0001101,test,dataset_splits/10_buildings/building_6/0001101/test/0001101_205.jpg
building_6,0001131,reference,dataset_splits/10_buildings/building_6/0001131/reference/0001131_008.jpg
building_6,0001131,reference,dataset_splits/10_buildings/building_6/0001131/reference/0001131_065.jpg
building_6,0001131,reference,dataset_splits/10_buildings/building_6/0001131/reference/0001131_101.jpg
building_6,0001131,reference,dataset_splits/10_buildings/building_6/0001131/reference/0001131_103.jpg
building_6,0001131,reference,dataset_splits/10_buildings/building_6/0001131/reference/0001131_107.jpg
building_6,0001131,reference,dataset_splits/10_buildings/building_6/0001131/reference/0001131_140.jpg
building_6,0001131,reference,dataset_splits/10_buildings/building_6/0001131/reference/0001131_156.jpg
building_6,0001131,reference,dataset_splits/10_buildings/building_6/0001131/reference/0001131_162.jpg
building_6,0001131,reference,dataset_splits/10_buildings/building_6/0001131/reference/0001131_180.jpg
building_6,0001131,reference,dataset_splits/10_buildings/building_6/0001131/reference/0001131_205.jpg
building_6,0001131,reference,dataset_splits/10_buildings/building_6/0001131/reference/0001131_222.jpg
building_6,0001131,reference,dataset_splits/10_buildings/building_6/0001131/reference/0001131_226.jpg
building_6,0001131,reference,dataset_splits/10_buildings/building_6/0001131/reference/0001131_234.jpg
building_6,0001131,reference,dataset_splits/10_buildings/building_6/0001131/reference/0001131_257.jpg
building_6,0001131,reference,dataset_splits/10_buildings/building_6/0001131/reference/0001131_273.jpg
building_6,0001131,reference,dataset_splits/10_buildings/building_6/0001131/reference/0001131_304.jpg
building_6,0001131,reference,dataset_splits/10_buildings/building_6/0001131/reference/0001131_305.jpg
building_6,0001131,reference,dataset_splits/10_buildings/building_6/0001131/reference/0001131_331.jpg
building_6,0001131,reference,dataset_splits/10_buildings/building_6/0001131/reference/0001131_339.jpg
building_6,0001131,reference,dataset_splits/10_buildings/building_6/0001131/reference/0001131_341.jpg
building_6,0001131,test,dataset_splits/10_buildings/building_6/0001131/test/0001131_003.jpg
building_6,0001131,test,dataset_splits/10_buildings/building_6/0001131/test/0001131_018.jpg
building_6,0001131,test,dataset_splits/10_buildings/building_6/0001131/test/0001131_036.jpg
building_6,0001131,test,dataset_splits/10_buildings/building_6/0001131/test/0001131_060.jpg
building_6,0001131,test,dataset_splits/10_buildings/building_6/0001131/test/0001131_076.jpg
building_6,0001131,test,dataset_splits/10_buildings/building_6/0001131/test/0001131_102.jpg
building_6,0001131,test,dataset_splits/10_buildings/building_6/0001131/test/0001131_109.jpg
building_6,0001131,test,dataset_splits/10_buildings/building_6/0001131/test/0001131_110.jpg
building_6,0001131,test,dataset_splits/10_buildings/building_6/0001131/test/0001131_186.jpg
building_6,0001131,test,dataset_splits/10_buildings/building_6/0001131/test/0001131_209.jpg
building_6,0001131,test,dataset_splits/10_buildings/building_6/0001131/test/0001131_227.jpg
building_6,0001131,test,dataset_splits/10_buildings/building_6/0001131/test/0001131_251.jpg
building_6,0001131,test,dataset_splits/10_buildings/building_6/0001131/test/0001131_255.jpg
building_6,0001131,test,dataset_splits/10_buildings/building_6/0001131/test/0001131_258.jpg
building_6,0001131,test,dataset_splits/10_buildings/building_6/0001131/test/0001131_314.jpg
building_6,0001131,test,dataset_splits/10_buildings/building_6/0001131/test/0001131_318.jpg
building_6,0001131,test,dataset_splits/10_buildings/building_6/0001131/test/0001131_325.jpg
building_6,0001131,test,dataset_splits/10_buildings/building_6/0001131/test/0001131_333.jpg
building_6,0001131,test,dataset_splits/10_buildings/building_6/0001131/test/0001131_350.jpg
building_6,0001131,test,dataset_splits/10_buildings/building_6/0001131/test/0001131_355.jpg
building_6,0001162,reference,dataset_splits/10_buildings/building_6/0001162/reference/0001162_003.jpg
building_6,0001162,reference,dataset_splits/10_buildings/building_6/0001162/reference/0001162_006.jpg
building_6,0001162,reference,dataset_splits/10_buildings/building_6/0001162/reference/0001162_010.jpg
building_6,0001162,reference,dataset_splits/10_buildings/building_6/0001162/reference/0001162_011.jpg
building_6,0001162,reference,dataset_splits/10_buildings/building_6/0001162/reference/0001162_015.jpg
building_6,0001162,reference,dataset_splits/10_buildings/building_6/0001162/reference/0001162_016.jpg
building_6,0001162,reference,dataset_splits/10_buildings/building_6/0001162/reference/0001162_017.jpg
building_6,0001162,reference,dataset_splits/10_buildings/building_6/0001162/reference/0001162_019.jpg
building_6,0001162,reference,dataset_splits/10_buildings/building_6/0001162/reference/0001162_021.jpg
building_6,0001162,reference,dataset_splits/10_buildings/building_6/0001162/reference/0001162_023.jpg
building_6,0001162,reference,dataset_splits/10_buildings/building_6/0001162/reference/0001162_024.jpg
building_6,0001162,reference,dataset_splits/10_buildings/building_6/0001162/reference/0001162_032.jpg
building_6,0001162,reference,dataset_splits/10_buildings/building_6/0001162/reference/0001162_036.jpg
building_6,0001162,reference,dataset_splits/10_buildings/building_6/0001162/reference/0001162_038.jpg
building_6,0001162,reference,dataset_splits/10_buildings/building_6/0001162/reference/0001162_039.jpg
building_6,0001162,reference,dataset_splits/10_buildings/building_6/0001162/reference/0001162_044.jpg
building_6,0001162,reference,dataset_splits/10_buildings/building_6/0001162/reference/0001162_045.jpg
building_6,0001162,reference,dataset_splits/10_buildings/building_6/0001162/reference/0001162_047.jpg
building_6,0001162,reference,dataset_splits/10_buildings/building_6/0001162/reference/0001162_049.jpg
building_6,0001162,reference,dataset_splits/10_buildings/building_6/0001162/reference/0001162_054.jpg
building_6,0001162,test,dataset_splits/10_buildings/building_6/0001162/test/0001162_004.jpg
building_6,0001162,test,dataset_splits/10_buildings/building_6/0001162/test/0001162_005.jpg
building_6,0001162,test,dataset_splits/10_buildings/building_6/0001162/test/0001162_007.jpg
building_6,0001162,test,dataset_splits/10_buildings/building_6/0001162/test/0001162_009.jpg
building_6,0001162,test,dataset_splits/10_buildings/building_6/0001162/test/0001162_013.jpg
building_6,0001162,test,dataset_splits/10_buildings/building_6/0001162/test/0001162_014.jpg
building_6,0001162,test,dataset_splits/10_buildings/building_6/0001162/test/0001162_020.jpg
building_6,0001162,test,dataset_splits/10_buildings/building_6/0001162/test/0001162_025.jpg
building_6,0001162,test,dataset_splits/10_buildings/building_6/0001162/test/0001162_027.jpg
building_6,0001162,test,dataset_splits/10_buildings/building_6/0001162/test/0001162_028.jpg
building_6,0001162,test,dataset_splits/10_buildings/building_6/0001162/test/0001162_029.jpg
building_6,0001162,test,dataset_splits/10_buildings/building_6/0001162/test/0001162_030.jpg
building_6,0001162,test,dataset_splits/10_buildings/building_6/0001162/test/0001162_031.jpg
building_6,0001162,test,dataset_splits/10_buildings/building_6/0001162/test/0001162_033.jpg
building_6,0001162,test,dataset_splits/10_buildings/building_6/0001162/test/0001162_034.jpg
building_6,0001162,test,dataset_splits/10_buildings/building_6/0001162/test/0001162_035.jpg
building_6,0001162,test,dataset_splits/10_buildings/building_6/0001162/test/0001162_043.jpg
building_6,0001162,test,dataset_splits/10_buildings/building_6/0001162/test/0001162_050.jpg
building_6,0001162,test,dataset_splits/10_buildings/building_6/0001162/test/0001162_052.jpg
building_6,0001162,test,dataset_splits/10_buildings/building_6/0001162/test/0001162_053.jpg
building_6,0001250,reference,dataset_splits/10_buildings/building_6/0001250/reference/0001250_001.jpg
building_6,0001250,reference,dataset_splits/10_buildings/building_6/0001250/reference/0001250_006.jpg
building_6,0001250,reference,dataset_splits/10_buildings/building_6/0001250/reference/0001250_007.jpg
building_6,0001250,reference,dataset_splits/10_buildings/building_6/0001250/reference/0001250_014.jpg
building_6,0001250,reference,dataset_splits/10_buildings/building_6/0001250/reference/0001250_015.jpg
building_6,0001250,reference,dataset_splits/10_buildings/building_6/0001250/reference/0001250_016.jpg
building_6,0001250,reference,dataset_splits/10_buildings/building_6/0001250/reference/0001250_017.jpg
building_6,0001250,reference,dataset_splits/10_buildings/building_6/0001250/reference/0001250_019.jpg
building_6,0001250,reference,dataset_splits/10_buildings/building_6/0001250/reference/0001250_023.jpg
building_6,0001250,reference,dataset_splits/10_buildings/building_6/0001250/reference/0001250_024.jpg
building_6,0001250,reference,dataset_splits/10_buildings/building_6/0001250/reference/0001250_027.jpg
building_6,0001250,reference,dataset_splits/10_buildings/building_6/0001250/reference/0001250_033.jpg
building_6,0001250,reference,dataset_splits/10_buildings/building_6/0001250/reference/0001250_036.jpg
building_6,0001250,reference,dataset_splits/10_buildings/building_6/0001250/reference/0001250_042.jpg
building_6,0001250,reference,dataset_splits/10_buildings/building_6/0001250/reference/0001250_044.jpg
building_6,0001250,reference,dataset_splits/10_buildings/building_6/0001250/reference/0001250_046.jpg
building_6,0001250,reference,dataset_splits/10_buildings/building_6/0001250/reference/0001250_052.jpg
building_6,0001250,reference,dataset_splits/10_buildings/building_6/0001250/reference/0001250_053.jpg
building_6,0001250,reference,dataset_splits/10_buildings/building_6/0001250/reference/0001250_056.jpg
building_6,0001250,reference,dataset_splits/10_buildings/building_6/0001250/reference/0001250_058.jpg
building_6,0001250,test,dataset_splits/10_buildings/building_6/0001250/test/0001250_002.jpg
building_6,0001250,test,dataset_splits/10_buildings/building_6/0001250/test/0001250_003.jpg
building_6,0001250,test,dataset_splits/10_buildings/building_6/0001250/test/0001250_004.jpg
building_6,0001250,test,dataset_splits/10_buildings/building_6/0001250/test/0001250_005.jpg
building_6,0001250,test,dataset_splits/10_buildings/building_6/0001250/test/0001250_008.jpg
building_6,0001250,test,dataset_splits/10_buildings/building_6/0001250/test/0001250_011.jpg
building_6,0001250,test,dataset_splits/10_buildings/building_6/0001250/test/0001250_013.jpg
building_6,0001250,test,dataset_splits/10_buildings/building_6/0001250/test/0001250_026.jpg
building_6,0001250,test,dataset_splits/10_buildings/building_6/0001250/test/0001250_028.jpg
building_6,0001250,test,dataset_splits/10_buildings/building_6/0001250/test/0001250_029.jpg
building_6,0001250,test,dataset_splits/10_buildings/building_6/0001250/test/0001250_031.jpg
building_6,0001250,test,dataset_splits/10_buildings/building_6/0001250/test/0001250_037.jpg
building_6,0001250,test,dataset_splits/10_buildings/building_6/0001250/test/0001250_038.jpg
building_6,0001250,test,dataset_splits/10_buildings/building_6/0001250/test/0001250_040.jpg
building_6,0001250,test,dataset_splits/10_buildings/building_6/0001250/test/0001250_041.jpg
building_6,0001250,test,dataset_splits/10_buildings/building_6/0001250/test/0001250_045.jpg
building_6,0001250,test,dataset_splits/10_buildings/building_6/0001250/test/0001250_048.jpg
building_6,0001250,test,dataset_splits/10_buildings/building_6/0001250/test/0001250_049.jpg
building_6,0001250,test,dataset_splits/10_buildings/building_6/0001250/test/0001250_057.jpg
building_6,0001250,test,dataset_splits/10_buildings/building_6/0001250/test/0001250_059.jpg
building_6,0001378,reference,dataset_splits/10_buildings/building_6/0001378/reference/0001378_024.jpg
building_6,0001378,reference,dataset_splits/10_buildings/building_6/0001378/reference/0001378_029.jpg
building_6,0001378,reference,dataset_splits/10_buildings/building_6/0001378/reference/0001378_034.jpg
building_6,0001378,reference,dataset_splits/10_buildings/building_6/0001378/reference/0001378_038.jpg
building_6,0001378,reference,dataset_splits/10_buildings/building_6/0001378/reference/0001378_047.jpg
building_6,0001378,reference,dataset_splits/10_buildings/building_6/0001378/reference/0001378_070.jpg
building_6,0001378,reference,dataset_splits/10_buildings/building_6/0001378/reference/0001378_076.jpg
building_6,0001378,reference,dataset_splits/10_buildings/building_6/0001378/reference/0001378_084.jpg
building_6,0001378,reference,dataset_splits/10_buildings/building_6/0001378/reference/0001378_085.jpg
building_6,0001378,reference,dataset_splits/10_buildings/building_6/0001378/reference/0001378_086.jpg
building_6,0001378,reference,dataset_splits/10_buildings/building_6/0001378/reference/0001378_104.jpg
building_6,0001378,reference,dataset_splits/10_buildings/building_6/0001378/reference/0001378_129.jpg
building_6,0001378,reference,dataset_splits/10_buildings/building_6/0001378/reference/0001378_147.jpg
building_6,0001378,reference,dataset_splits/10_buildings/building_6/0001378/reference/0001378_152.jpg
building_6,0001378,reference,dataset_splits/10_buildings/building_6/0001378/reference/0001378_159.jpg
building_6,0001378,reference,dataset_splits/10_buildings/building_6/0001378/reference/0001378_195.jpg
building_6,0001378,reference,dataset_splits/10_buildings/building_6/0001378/reference/0001378_203.jpg
building_6,0001378,reference,dataset_splits/10_buildings/building_6/0001378/reference/0001378_208.jpg
building_6,0001378,reference,dataset_splits/10_buildings/building_6/0001378/reference/0001378_232.jpg
building_6,0001378,reference,dataset_splits/10_buildings/building_6/0001378/reference/0001378_244.jpg
building_6,0001378,test,dataset_splits/10_buildings/building_6/0001378/test/0001378_005.jpg
building_6,0001378,test,dataset_splits/10_buildings/building_6/0001378/test/0001378_022.jpg
building_6,0001378,test,dataset_splits/10_buildings/building_6/0001378/test/0001378_028.jpg
building_6,0001378,test,dataset_splits/10_buildings/building_6/0001378/test/0001378_080.jpg
building_6,0001378,test,dataset_splits/10_buildings/building_6/0001378/test/0001378_091.jpg
building_6,0001378,test,dataset_splits/10_buildings/building_6/0001378/test/0001378_102.jpg
building_6,0001378,test,dataset_splits/10_buildings/building_6/0001378/test/0001378_105.jpg
building_6,0001378,test,dataset_splits/10_buildings/building_6/0001378/test/0001378_107.jpg
building_6,0001378,test,dataset_splits/10_buildings/building_6/0001378/test/0001378_127.jpg
building_6,0001378,test,dataset_splits/10_buildings/building_6/0001378/test/0001378_137.jpg
building_6,0001378,test,dataset_splits/10_buildings/building_6/0001378/test/0001378_139.jpg
building_6,0001378,test,dataset_splits/10_buildings/building_6/0001378/test/0001378_161.jpg
building_6,0001378,test,dataset_splits/10_buildings/building_6/0001378/test/0001378_169.jpg
building_6,0001378,test,dataset_splits/10_buildings/building_6/0001378/test/0001378_173.jpg
building_6,0001378,test,dataset_splits/10_buildings/building_6/0001378/test/0001378_176.jpg
building_6,0001378,test,dataset_splits/10_buildings/building_6/0001378/test/0001378_181.jpg
building_6,0001378,test,dataset_splits/10_buildings/building_6/0001378/test/0001378_185.jpg
building_6,0001378,test,dataset_splits/10_buildings/building_6/0001378/test/0001378_191.jpg
building_6,0001378,test,dataset_splits/10_buildings/building_6/0001378/test/0001378_196.jpg
building_6,0001378,test,dataset_splits/10_buildings/building_6/0001378/test/0001378_246.jpg
building_6,0001384,reference,dataset_splits/10_buildings/building_6/0001384/reference/0001384_003.jpg
building_6,0001384,reference,dataset_splits/10_buildings/building_6/0001384/reference/0001384_004.jpg
building_6,0001384,reference,dataset_splits/10_buildings/building_6/0001384/reference/0001384_007.jpg
building_6,0001384,reference,dataset_splits/10_buildings/building_6/0001384/reference/0001384_009.jpg
building_6,0001384,reference,dataset_splits/10_buildings/building_6/0001384/reference/0001384_014.jpg
building_6,0001384,reference,dataset_splits/10_buildings/building_6/0001384/reference/0001384_015.jpg
building_6,0001384,reference,dataset_splits/10_buildings/building_6/0001384/reference/0001384_026.jpg
building_6,0001384,reference,dataset_splits/10_buildings/building_6/0001384/reference/0001384_029.jpg
building_6,0001384,reference,dataset_splits/10_buildings/building_6/0001384/reference/0001384_030.jpg
building_6,0001384,reference,dataset_splits/10_buildings/building_6/0001384/reference/0001384_033.jpg
building_6,0001384,reference,dataset_splits/10_buildings/building_6/0001384/reference/0001384_034.jpg
building_6,0001384,reference,dataset_splits/10_buildings/building_6/0001384/reference/0001384_037.jpg
building_6,0001384,reference,dataset_splits/10_buildings/building_6/0001384/reference/0001384_039.jpg
building_6,0001384,reference,dataset_splits/10_buildings/building_6/0001384/reference/0001384_041.jpg
building_6,0001384,reference,dataset_splits/10_buildings/building_6/0001384/reference/0001384_045.jpg
building_6,0001384,reference,dataset_splits/10_buildings/building_6/0001384/reference/0001384_046.jpg
building_6,0001384,reference,dataset_splits/10_buildings/building_6/0001384/reference/0001384_048.jpg
building_6,0001384,reference,dataset_splits/10_buildings/building_6/0001384/reference/0001384_049.jpg
building_6,0001384,reference,dataset_splits/10_buildings/building_6/0001384/reference/0001384_050.jpg
building_6,0001384,reference,dataset_splits/10_buildings/building_6/0001384/reference/0001384_058.jpg
building_6,0001384,test,dataset_splits/10_buildings/building_6/0001384/test/0001384_008.jpg
building_6,0001384,test,dataset_splits/10_buildings/building_6/0001384/test/0001384_011.jpg
building_6,0001384,test,dataset_splits/10_buildings/building_6/0001384/test/0001384_013.jpg
building_6,0001384,test,dataset_splits/10_buildings/building_6/0001384/test/0001384_017.jpg
building_6,0001384,test,dataset_splits/10_buildings/building_6/0001384/test/0001384_018.jpg
building_6,0001384,test,dataset_splits/10_buildings/building_6/0001384/test/0001384_020.jpg
building_6,0001384,test,dataset_splits/10_buildings/building_6/0001384/test/0001384_023.jpg
building_6,0001384,test,dataset_splits/10_buildings/building_6/0001384/test/0001384_024.jpg
building_6,0001384,test,dataset_splits/10_buildings/building_6/0001384/test/0001384_032.jpg
building_6,0001384,test,dataset_splits/10_buildings/building_6/0001384/test/0001384_035.jpg
building_6,0001384,test,dataset_splits/10_buildings/building_6/0001384/test/0001384_038.jpg
building_6,0001384,test,dataset_splits/10_buildings/building_6/0001384/test/0001384_040.jpg
building_6,0001384,test,dataset_splits/10_buildings/building_6/0001384/test/0001384_042.jpg
building_6,0001384,test,dataset_splits/10_buildings/building_6/0001384/test/0001384_044.jpg
building_6,0001384,test,dataset_splits/10_buildings/building_6/0001384/test/0001384_052.jpg
building_6,0001384,test,dataset_splits/10_buildings/building_6/0001384/test/0001384_053.jpg
building_6,0001384,test,dataset_splits/10_buildings/building_6/0001384/test/0001384_054.jpg
building_6,0001384,test,dataset_splits/10_buildings/building_6/0001384/test/0001384_055.jpg
building_6,0001384,test,dataset_splits/10_buildings/building_6/0001384/test/0001384_056.jpg
building_6,0001384,test,dataset_splits/10_buildings/building_6/0001384/test/0001384_059.jpg
building_6,0001484,reference,dataset_splits/10_buildings/building_6/0001484/reference/0001484_007.jpg
building_6,0001484,reference,dataset_splits/10_buildings/building_6/0001484/reference/0001484_011.jpg
building_6,0001484,reference,dataset_splits/10_buildings/building_6/0001484/reference/0001484_012.jpg
building_6,0001484,reference,dataset_splits/10_buildings/building_6/0001484/reference/0001484_014.jpg
building_6,0001484,reference,dataset_splits/10_buildings/building_6/0001484/reference/0001484_017.jpg
building_6,0001484,reference,dataset_splits/10_buildings/building_6/0001484/reference/0001484_024.jpg
building_6,0001484,reference,dataset_splits/10_buildings/building_6/0001484/reference/0001484_027.jpg
building_6,0001484,reference,dataset_splits/10_buildings/building_6/0001484/reference/0001484_031.jpg
building_6,0001484,reference,dataset_splits/10_buildings/building_6/0001484/reference/0001484_032.jpg
building_6,0001484,reference,dataset_splits/10_buildings/building_6/0001484/reference/0001484_033.jpg
building_6,0001484,reference,dataset_splits/10_buildings/building_6/0001484/reference/0001484_046.jpg
building_6,0001484,reference,dataset_splits/10_buildings/building_6/0001484/reference/0001484_047.jpg
building_6,0001484,reference,dataset_splits/10_buildings/building_6/0001484/reference/0001484_061.jpg
building_6,0001484,reference,dataset_splits/10_buildings/building_6/0001484/reference/0001484_066.jpg
building_6,0001484,reference,dataset_splits/10_buildings/building_6/0001484/reference/0001484_069.jpg
building_6,0001484,reference,dataset_splits/10_buildings/building_6/0001484/reference/0001484_075.jpg
building_6,0001484,reference,dataset_splits/10_buildings/building_6/0001484/reference/0001484_081.jpg
building_6,0001484,reference,dataset_splits/10_buildings/building_6/0001484/reference/0001484_085.jpg
building_6,0001484,reference,dataset_splits/10_buildings/building_6/0001484/reference/0001484_090.jpg
building_6,0001484,reference,dataset_splits/10_buildings/building_6/0001484/reference/0001484_092.jpg
building_6,0001484,test,dataset_splits/10_buildings/building_6/0001484/test/0001484_003.jpg
building_6,0001484,test,dataset_splits/10_buildings/building_6/0001484/test/0001484_008.jpg
building_6,0001484,test,dataset_splits/10_buildings/building_6/0001484/test/0001484_020.jpg
building_6,0001484,test,dataset_splits/10_buildings/building_6/0001484/test/0001484_025.jpg
building_6,0001484,test,dataset_splits/10_buildings/building_6/0001484/test/0001484_026.jpg
building_6,0001484,test,dataset_splits/10_buildings/building_6/0001484/test/0001484_029.jpg
building_6,0001484,test,dataset_splits/10_buildings/building_6/0001484/test/0001484_034.jpg
building_6,0001484,test,dataset_splits/10_buildings/building_6/0001484/test/0001484_035.jpg
building_6,0001484,test,dataset_splits/10_buildings/building_6/0001484/test/0001484_038.jpg
building_6,0001484,test,dataset_splits/10_buildings/building_6/0001484/test/0001484_050.jpg
building_6,0001484,test,dataset_splits/10_buildings/building_6/0001484/test/0001484_055.jpg
building_6,0001484,test,dataset_splits/10_buildings/building_6/0001484/test/0001484_057.jpg
building_6,0001484,test,dataset_splits/10_buildings/building_6/0001484/test/0001484_065.jpg
building_6,0001484,test,dataset_splits/10_buildings/building_6/0001484/test/0001484_067.jpg
building_6,0001484,test,dataset_splits/10_buildings/building_6/0001484/test/0001484_068.jpg
building_6,0001484,test,dataset_splits/10_buildings/building_6/0001484/test/0001484_077.jpg
building_6,0001484,test,dataset_splits/10_buildings/building_6/0001484/test/0001484_083.jpg
building_6,0001484,test,dataset_splits/10_buildings/building_6/0001484/test/0001484_086.jpg
building_6,0001484,test,dataset_splits/10_buildings/building_6/0001484/test/0001484_088.jpg
building_6,0001484,test,dataset_splits/10_buildings/building_6/0001484/test/0001484_089.jpg
building_6,0001493,reference,dataset_splits/10_buildings/building_6/0001493/reference/0001493_008.jpg
building_6,0001493,reference,dataset_splits/10_buildings/building_6/0001493/reference/0001493_011.jpg
building_6,0001493,reference,dataset_splits/10_buildings/building_6/0001493/reference/0001493_017.jpg
building_6,0001493,reference,dataset_splits/10_buildings/building_6/0001493/reference/0001493_018.jpg
building_6,0001493,reference,dataset_splits/10_buildings/building_6/0001493/reference/0001493_023.jpg
building_6,0001493,reference,dataset_splits/10_buildings/building_6/0001493/reference/0001493_025.jpg
building_6,0001493,reference,dataset_splits/10_buildings/building_6/0001493/reference/0001493_028.jpg
building_6,0001493,reference,dataset_splits/10_buildings/building_6/0001493/reference/0001493_033.jpg
building_6,0001493,reference,dataset_splits/10_buildings/building_6/0001493/reference/0001493_034.jpg
building_6,0001493,reference,dataset_splits/10_buildings/building_6/0001493/reference/0001493_037.jpg
building_6,0001493,reference,dataset_splits/10_buildings/building_6/0001493/reference/0001493_038.jpg
building_6,0001493,reference,dataset_splits/10_buildings/building_6/0001493/reference/0001493_039.jpg
building_6,0001493,reference,dataset_splits/10_buildings/building_6/0001493/reference/0001493_040.jpg
building_6,0001493,reference,dataset_splits/10_buildings/building_6/0001493/reference/0001493_047.jpg
building_6,0001493,reference,dataset_splits/10_buildings/building_6/0001493/reference/0001493_049.jpg
building_6,0001493,reference,dataset_splits/10_buildings/building_6/0001493/reference/0001493_050.jpg
building_6,0001493,reference,dataset_splits/10_buildings/building_6/0001493/reference/0001493_053.jpg
building_6,0001493,reference,dataset_splits/10_buildings/building_6/0001493/reference/0001493_056.jpg
building_6,0001493,reference,dataset_splits/10_buildings/building_6/0001493/reference/0001493_059.jpg
building_6,0001493,reference,dataset_splits/10_buildings/building_6/0001493/reference/0001493_060.jpg
building_6,0001493,test,dataset_splits/10_buildings/building_6/0001493/test/0001493_001.jpg
building_6,0001493,test,dataset_splits/10_buildings/building_6/0001493/test/0001493_002.jpg
building_6,0001493,test,dataset_splits/10_buildings/building_6/0001493/test/0001493_007.jpg
building_6,0001493,test,dataset_splits/10_buildings/building_6/0001493/test/0001493_009.jpg
building_6,0001493,test,dataset_splits/10_buildings/building_6/0001493/test/0001493_013.jpg
building_6,0001493,test,dataset_splits/10_buildings/building_6/0001493/test/0001493_014.jpg
building_6,0001493,test,dataset_splits/10_buildings/building_6/0001493/test/0001493_016.jpg
building_6,0001493,test,dataset_splits/10_buildings/building_6/0001493/test/0001493_022.jpg
building_6,0001493,test,dataset_splits/10_buildings/building_6/0001493/test/0001493_024.jpg
building_6,0001493,test,dataset_splits/10_buildings/building_6/0001493/test/0001493_027.jpg
building_6,0001493,test,dataset_splits/10_buildings/building_6/0001493/test/0001493_029.jpg
building_6,0001493,test,dataset_splits/10_buildings/building_6/0001493/test/0001493_036.jpg
building_6,0001493,test,dataset_splits/10_buildings/building_6/0001493/test/0001493_042.jpg
building_6,0001493,test,dataset_splits/10_buildings/building_6/0001493/test/0001493_044.jpg
building_6,0001493,test,dataset_splits/10_buildings/building_6/0001493/test/0001493_046.jpg
building_6,0001493,test,dataset_splits/10_buildings/building_6/0001493/test/0001493_048.jpg
building_6,0001493,test,dataset_splits/10_buildings/building_6/0001493/test/0001493_051.jpg
building_6,0001493,test,dataset_splits/10_buildings/building_6/0001493/test/0001493_052.jpg
building_6,0001493,test,dataset_splits/10_buildings/building_6/0001493/test/0001493_057.jpg
building_6,0001493,test,dataset_splits/10_buildings/building_6/0001493/test/0001493_061.jpg
building_6,0001557,reference,dataset_splits/10_buildings/building_6/0001557/reference/0001557_014.jpg
building_6,0001557,reference,dataset_splits/10_buildings/building_6/0001557/reference/0001557_015.jpg
building_6,0001557,reference,dataset_splits/10_buildings/building_6/0001557/reference/0001557_019.jpg
building_6,0001557,reference,dataset_splits/10_buildings/building_6/0001557/reference/0001557_024.jpg
building_6,0001557,reference,dataset_splits/10_buildings/building_6/0001557/reference/0001557_040.jpg
building_6,0001557,reference,dataset_splits/10_buildings/building_6/0001557/reference/0001557_043.jpg
building_6,0001557,reference,dataset_splits/10_buildings/building_6/0001557/reference/0001557_048.jpg
building_6,0001557,reference,dataset_splits/10_buildings/building_6/0001557/reference/0001557_064.jpg
building_6,0001557,reference,dataset_splits/10_buildings/building_6/0001557/reference/0001557_076.jpg
building_6,0001557,reference,dataset_splits/10_buildings/building_6/0001557/reference/0001557_079.jpg
building_6,0001557,reference,dataset_splits/10_buildings/building_6/0001557/reference/0001557_109.jpg
building_6,0001557,reference,dataset_splits/10_buildings/building_6/0001557/reference/0001557_112.jpg
building_6,0001557,reference,dataset_splits/10_buildings/building_6/0001557/reference/0001557_122.jpg
building_6,0001557,reference,dataset_splits/10_buildings/building_6/0001557/reference/0001557_130.jpg
building_6,0001557,reference,dataset_splits/10_buildings/building_6/0001557/reference/0001557_142.jpg
building_6,0001557,reference,dataset_splits/10_buildings/building_6/0001557/reference/0001557_156.jpg
building_6,0001557,reference,dataset_splits/10_buildings/building_6/0001557/reference/0001557_180.jpg
building_6,0001557,reference,dataset_splits/10_buildings/building_6/0001557/reference/0001557_186.jpg
building_6,0001557,reference,dataset_splits/10_buildings/building_6/0001557/reference/0001557_203.jpg
building_6,0001557,reference,dataset_splits/10_buildings/building_6/0001557/reference/0001557_205.jpg
building_6,0001557,test,dataset_splits/10_buildings/building_6/0001557/test/0001557_017.jpg
building_6,0001557,test,dataset_splits/10_buildings/building_6/0001557/test/0001557_022.jpg
building_6,0001557,test,dataset_splits/10_buildings/building_6/0001557/test/0001557_029.jpg
building_6,0001557,test,dataset_splits/10_buildings/building_6/0001557/test/0001557_030.jpg
building_6,0001557,test,dataset_splits/10_buildings/building_6/0001557/test/0001557_051.jpg
building_6,0001557,test,dataset_splits/10_buildings/building_6/0001557/test/0001557_078.jpg
building_6,0001557,test,dataset_splits/10_buildings/building_6/0001557/test/0001557_093.jpg
building_6,0001557,test,dataset_splits/10_buildings/building_6/0001557/test/0001557_096.jpg
building_6,0001557,test,dataset_splits/10_buildings/building_6/0001557/test/0001557_100.jpg
building_6,0001557,test,dataset_splits/10_buildings/building_6/0001557/test/0001557_111.jpg
building_6,0001557,test,dataset_splits/10_buildings/building_6/0001557/test/0001557_113.jpg
building_6,0001557,test,dataset_splits/10_buildings/building_6/0001557/test/0001557_116.jpg
building_6,0001557,test,dataset_splits/10_buildings/building_6/0001557/test/0001557_121.jpg
building_6,0001557,test,dataset_splits/10_buildings/building_6/0001557/test/0001557_132.jpg
building_6,0001557,test,dataset_splits/10_buildings/building_6/0001557/test/0001557_133.jpg
building_6,0001557,test,dataset_splits/10_buildings/building_6/0001557/test/0001557_170.jpg
building_6,0001557,test,dataset_splits/10_buildings/building_6/0001557/test/0001557_176.jpg
building_6,0001557,test,dataset_splits/10_buildings/building_6/0001557/test/0001557_182.jpg
building_6,0001557,test,dataset_splits/10_buildings/building_6/0001557/test/0001557_188.jpg
building_6,0001557,test,dataset_splits/10_buildings/building_6/0001557/test/0001557_189.jpg
building_6,0001614,reference,dataset_splits/10_buildings/building_6/0001614/reference/0001614_003.jpg
building_6,0001614,reference,dataset_splits/10_buildings/building_6/0001614/reference/0001614_005.jpg
building_6,0001614,reference,dataset_splits/10_buildings/building_6/0001614/reference/0001614_006.jpg
building_6,0001614,reference,dataset_splits/10_buildings/building_6/0001614/reference/0001614_008.jpg
building_6,0001614,reference,dataset_splits/10_buildings/building_6/0001614/reference/0001614_012.jpg
building_6,0001614,reference,dataset_splits/10_buildings/building_6/0001614/reference/0001614_015.jpg
building_6,0001614,reference,dataset_splits/10_buildings/building_6/0001614/reference/0001614_017.jpg
building_6,0001614,reference,dataset_splits/10_buildings/building_6/0001614/reference/0001614_018.jpg
building_6,0001614,reference,dataset_splits/10_buildings/building_6/0001614/reference/0001614_020.jpg
building_6,0001614,reference,dataset_splits/10_buildings/building_6/0001614/reference/0001614_021.jpg
building_6,0001614,reference,dataset_splits/10_buildings/building_6/0001614/reference/0001614_030.jpg
building_6,0001614,reference,dataset_splits/10_buildings/building_6/0001614/reference/0001614_036.jpg
building_6,0001614,reference,dataset_splits/10_buildings/building_6/0001614/reference/0001614_046.jpg
building_6,0001614,reference,dataset_splits/10_buildings/building_6/0001614/reference/0001614_049.jpg
building_6,0001614,reference,dataset_splits/10_buildings/building_6/0001614/reference/0001614_051.jpg
building_6,0001614,reference,dataset_splits/10_buildings/building_6/0001614/reference/0001614_054.jpg
building_6,0001614,reference,dataset_splits/10_buildings/building_6/0001614/reference/0001614_057.jpg
building_6,0001614,reference,dataset_splits/10_buildings/building_6/0001614/reference/0001614_058.jpg
building_6,0001614,reference,dataset_splits/10_buildings/building_6/0001614/reference/0001614_061.jpg
building_6,0001614,reference,dataset_splits/10_buildings/building_6/0001614/reference/0001614_062.jpg
building_6,0001614,test,dataset_splits/10_buildings/building_6/0001614/test/0001614_007.jpg
building_6,0001614,test,dataset_splits/10_buildings/building_6/0001614/test/0001614_011.jpg
building_6,0001614,test,dataset_splits/10_buildings/building_6/0001614/test/0001614_014.jpg
building_6,0001614,test,dataset_splits/10_buildings/building_6/0001614/test/0001614_019.jpg
building_6,0001614,test,dataset_splits/10_buildings/building_6/0001614/test/0001614_022.jpg
building_6,0001614,test,dataset_splits/10_buildings/building_6/0001614/test/0001614_023.jpg
building_6,0001614,test,dataset_splits/10_buildings/building_6/0001614/test/0001614_026.jpg
building_6,0001614,test,dataset_splits/10_buildings/building_6/0001614/test/0001614_027.jpg
building_6,0001614,test,dataset_splits/10_buildings/building_6/0001614/test/0001614_028.jpg
building_6,0001614,test,dataset_splits/10_buildings/building_6/0001614/test/0001614_029.jpg
building_6,0001614,test,dataset_splits/10_buildings/building_6/0001614/test/0001614_032.jpg
building_6,0001614,test,dataset_splits/10_buildings/building_6/0001614/test/0001614_033.jpg
building_6,0001614,test,dataset_splits/10_buildings/building_6/0001614/test/0001614_034.jpg
building_6,0001614,test,dataset_splits/10_buildings/building_6/0001614/test/0001614_038.jpg
building_6,0001614,test,dataset_splits/10_buildings/building_6/0001614/test/0001614_042.jpg
building_6,0001614,test,dataset_splits/10_buildings/building_6/0001614/test/0001614_044.jpg
building_6,0001614,test,dataset_splits/10_buildings/building_6/0001614/test/0001614_048.jpg
building_6,0001614,test,dataset_splits/10_buildings/building_6/0001614/test/0001614_052.jpg
building_6,0001614,test,dataset_splits/10_buildings/building_6/0001614/test/0001614_055.jpg
building_6,0001614,test,dataset_splits/10_buildings/building_6/0001614/test/0001614_059.jpg
building_6,0001631,reference,dataset_splits/10_buildings/building_6/0001631/reference/0001631_007.jpg
building_6,0001631,reference,dataset_splits/10_buildings/building_6/0001631/reference/0001631_008.jpg
building_6,0001631,reference,dataset_splits/10_buildings/building_6/0001631/reference/0001631_014.jpg
building_6,0001631,reference,dataset_splits/10_buildings/building_6/0001631/reference/0001631_015.jpg
building_6,0001631,reference,dataset_splits/10_buildings/building_6/0001631/reference/0001631_017.jpg
building_6,0001631,reference,dataset_splits/10_buildings/building_6/0001631/reference/0001631_021.jpg
building_6,0001631,reference,dataset_splits/10_buildings/building_6/0001631/reference/0001631_033.jpg
building_6,0001631,reference,dataset_splits/10_buildings/building_6/0001631/reference/0001631_036.jpg
building_6,0001631,reference,dataset_splits/10_buildings/building_6/0001631/reference/0001631_037.jpg
building_6,0001631,reference,dataset_splits/10_buildings/building_6/0001631/reference/0001631_047.jpg
building_6,0001631,reference,dataset_splits/10_buildings/building_6/0001631/reference/0001631_054.jpg
building_6,0001631,reference,dataset_splits/10_buildings/building_6/0001631/reference/0001631_059.jpg
building_6,0001631,reference,dataset_splits/10_buildings/building_6/0001631/reference/0001631_063.jpg
building_6,0001631,reference,dataset_splits/10_buildings/building_6/0001631/reference/0001631_064.jpg
building_6,0001631,reference,dataset_splits/10_buildings/building_6/0001631/reference/0001631_067.jpg
building_6,0001631,reference,dataset_splits/10_buildings/building_6/0001631/reference/0001631_089.jpg
building_6,0001631,reference,dataset_splits/10_buildings/building_6/0001631/reference/0001631_092.jpg
building_6,0001631,reference,dataset_splits/10_buildings/building_6/0001631/reference/0001631_097.jpg
building_6,0001631,reference,dataset_splits/10_buildings/building_6/0001631/reference/0001631_107.jpg
building_6,0001631,reference,dataset_splits/10_buildings/building_6/0001631/reference/0001631_112.jpg
building_6,0001631,test,dataset_splits/10_buildings/building_6/0001631/test/0001631_003.jpg
building_6,0001631,test,dataset_splits/10_buildings/building_6/0001631/test/0001631_005.jpg
building_6,0001631,test,dataset_splits/10_buildings/building_6/0001631/test/0001631_011.jpg
building_6,0001631,test,dataset_splits/10_buildings/building_6/0001631/test/0001631_023.jpg
building_6,0001631,test,dataset_splits/10_buildings/building_6/0001631/test/0001631_025.jpg
building_6,0001631,test,dataset_splits/10_buildings/building_6/0001631/test/0001631_035.jpg
building_6,0001631,test,dataset_splits/10_buildings/building_6/0001631/test/0001631_038.jpg
building_6,0001631,test,dataset_splits/10_buildings/building_6/0001631/test/0001631_041.jpg
building_6,0001631,test,dataset_splits/10_buildings/building_6/0001631/test/0001631_045.jpg
building_6,0001631,test,dataset_splits/10_buildings/building_6/0001631/test/0001631_053.jpg
building_6,0001631,test,dataset_splits/10_buildings/building_6/0001631/test/0001631_066.jpg
building_6,0001631,test,dataset_splits/10_buildings/building_6/0001631/test/0001631_074.jpg
building_6,0001631,test,dataset_splits/10_buildings/building_6/0001631/test/0001631_075.jpg
building_6,0001631,test,dataset_splits/10_buildings/building_6/0001631/test/0001631_079.jpg
building_6,0001631,test,dataset_splits/10_buildings/building_6/0001631/test/0001631_085.jpg
building_6,0001631,test,dataset_splits/10_buildings/building_6/0001631/test/0001631_094.jpg
building_6,0001631,test,dataset_splits/10_buildings/building_6/0001631/test/0001631_095.jpg
building_6,0001631,test,dataset_splits/10_buildings/building_6/0001631/test/0001631_096.jpg
building_6,0001631,test,dataset_splits/10_buildings/building_6/0001631/test/0001631_098.jpg
building_6,0001631,test,dataset_splits/10_buildings/building_6/0001631/test/0001631_102.jpg
building_6,0001763,reference,dataset_splits/10_buildings/building_6/0001763/reference/0001763_001.jpg
building_6,0001763,reference,dataset_splits/10_buildings/building_6/0001763/reference/0001763_005.jpg
building_6,0001763,reference,dataset_splits/10_buildings/building_6/0001763/reference/0001763_008.jpg
building_6,0001763,reference,dataset_splits/10_buildings/building_6/0001763/reference/0001763_009.jpg
building_6,0001763,reference,dataset_splits/10_buildings/building_6/0001763/reference/0001763_028.jpg
building_6,0001763,reference,dataset_splits/10_buildings/building_6/0001763/reference/0001763_029.jpg
building_6,0001763,reference,dataset_splits/10_buildings/building_6/0001763/reference/0001763_034.jpg
building_6,0001763,reference,dataset_splits/10_buildings/building_6/0001763/reference/0001763_046.jpg
building_6,0001763,reference,dataset_splits/10_buildings/building_6/0001763/reference/0001763_050.jpg
building_6,0001763,reference,dataset_splits/10_buildings/building_6/0001763/reference/0001763_053.jpg
building_6,0001763,reference,dataset_splits/10_buildings/building_6/0001763/reference/0001763_060.jpg
building_6,0001763,reference,dataset_splits/10_buildings/building_6/0001763/reference/0001763_061.jpg
building_6,0001763,reference,dataset_splits/10_buildings/building_6/0001763/reference/0001763_066.jpg
building_6,0001763,reference,dataset_splits/10_buildings/building_6/0001763/reference/0001763_069.jpg
building_6,0001763,reference,dataset_splits/10_buildings/building_6/0001763/reference/0001763_071.jpg
building_6,0001763,reference,dataset_splits/10_buildings/building_6/0001763/reference/0001763_073.jpg
building_6,0001763,reference,dataset_splits/10_buildings/building_6/0001763/reference/0001763_079.jpg
building_6,0001763,reference,dataset_splits/10_buildings/building_6/0001763/reference/0001763_086.jpg
building_6,0001763,reference,dataset_splits/10_buildings/building_6/0001763/reference/0001763_089.jpg
building_6,0001763,reference,dataset_splits/10_buildings/building_6/0001763/reference/0001763_091.jpg
building_6,0001763,test,dataset_splits/10_buildings/building_6/0001763/test/0001763_002.jpg
building_6,0001763,test,dataset_splits/10_buildings/building_6/0001763/test/0001763_003.jpg
building_6,0001763,test,dataset_splits/10_buildings/building_6/0001763/test/0001763_011.jpg
building_6,0001763,test,dataset_splits/10_buildings/building_6/0001763/test/0001763_017.jpg
building_6,0001763,test,dataset_splits/10_buildings/building_6/0001763/test/0001763_020.jpg
building_6,0001763,test,dataset_splits/10_buildings/building_6/0001763/test/0001763_023.jpg
building_6,0001763,test,dataset_splits/10_buildings/building_6/0001763/test/0001763_032.jpg
building_6,0001763,test,dataset_splits/10_buildings/building_6/0001763/test/0001763_036.jpg
building_6,0001763,test,dataset_splits/10_buildings/building_6/0001763/test/0001763_039.jpg
building_6,0001763,test,dataset_splits/10_buildings/building_6/0001763/test/0001763_044.jpg
building_6,0001763,test,dataset_splits/10_buildings/building_6/0001763/test/0001763_049.jpg
building_6,0001763,test,dataset_splits/10_buildings/building_6/0001763/test/0001763_051.jpg
building_6,0001763,test,dataset_splits/10_buildings/building_6/0001763/test/0001763_055.jpg
building_6,0001763,test,dataset_splits/10_buildings/building_6/0001763/test/0001763_062.jpg
building_6,0001763,test,dataset_splits/10_buildings/building_6/0001763/test/0001763_072.jpg
building_6,0001763,test,dataset_splits/10_buildings/building_6/0001763/test/0001763_075.jpg
building_6,0001763,test,dataset_splits/10_buildings/building_6/0001763/test/0001763_076.jpg
building_6,0001763,test,dataset_splits/10_buildings/building_6/0001763/test/0001763_078.jpg
building_6,0001763,test,dataset_splits/10_buildings/building_6/0001763/test/0001763_082.jpg
building_6,0001763,test,dataset_splits/10_buildings/building_6/0001763/test/0001763_085.jpg
building_6,0001879,reference,dataset_splits/10_buildings/building_6/0001879/reference/0001879_004.jpg
building_6,0001879,reference,dataset_splits/10_buildings/building_6/0001879/reference/0001879_005.jpg
building_6,0001879,reference,dataset_splits/10_buildings/building_6/0001879/reference/0001879_006.jpg
building_6,0001879,reference,dataset_splits/10_buildings/building_6/0001879/reference/0001879_010.jpg
building_6,0001879,reference,dataset_splits/10_buildings/building_6/0001879/reference/0001879_014.jpg
building_6,0001879,reference,dataset_splits/10_buildings/building_6/0001879/reference/0001879_022.jpg
building_6,0001879,reference,dataset_splits/10_buildings/building_6/0001879/reference/0001879_025.jpg
building_6,0001879,reference,dataset_splits/10_buildings/building_6/0001879/reference/0001879_029.jpg
building_6,0001879,reference,dataset_splits/10_buildings/building_6/0001879/reference/0001879_030.jpg
building_6,0001879,reference,dataset_splits/10_buildings/building_6/0001879/reference/0001879_037.jpg
building_6,0001879,reference,dataset_splits/10_buildings/building_6/0001879/reference/0001879_048.jpg
building_6,0001879,reference,dataset_splits/10_buildings/building_6/0001879/reference/0001879_052.jpg
building_6,0001879,reference,dataset_splits/10_buildings/building_6/0001879/reference/0001879_053.jpg
building_6,0001879,reference,dataset_splits/10_buildings/building_6/0001879/reference/0001879_056.jpg
building_6,0001879,reference,dataset_splits/10_buildings/building_6/0001879/reference/0001879_057.jpg
building_6,0001879,reference,dataset_splits/10_buildings/building_6/0001879/reference/0001879_058.jpg
building_6,0001879,reference,dataset_splits/10_buildings/building_6/0001879/reference/0001879_064.jpg
building_6,0001879,reference,dataset_splits/10_buildings/building_6/0001879/reference/0001879_069.jpg
building_6,0001879,reference,dataset_splits/10_buildings/building_6/0001879/reference/0001879_071.jpg
building_6,0001879,reference,dataset_splits/10_buildings/building_6/0001879/reference/0001879_076.jpg
building_6,0001879,test,dataset_splits/10_buildings/building_6/0001879/test/0001879_003.jpg
building_6,0001879,test,dataset_splits/10_buildings/building_6/0001879/test/0001879_009.jpg
building_6,0001879,test,dataset_splits/10_buildings/building_6/0001879/test/0001879_011.jpg
building_6,0001879,test,dataset_splits/10_buildings/building_6/0001879/test/0001879_012.jpg
building_6,0001879,test,dataset_splits/10_buildings/building_6/0001879/test/0001879_013.jpg
building_6,0001879,test,dataset_splits/10_buildings/building_6/0001879/test/0001879_016.jpg
building_6,0001879,test,dataset_splits/10_buildings/building_6/0001879/test/0001879_023.jpg
building_6,0001879,test,dataset_splits/10_buildings/building_6/0001879/test/0001879_024.jpg
building_6,0001879,test,dataset_splits/10_buildings/building_6/0001879/test/0001879_028.jpg
building_6,0001879,test,dataset_splits/10_buildings/building_6/0001879/test/0001879_031.jpg
building_6,0001879,test,dataset_splits/10_buildings/building_6/0001879/test/0001879_036.jpg
building_6,0001879,test,dataset_splits/10_buildings/building_6/0001879/test/0001879_038.jpg
building_6,0001879,test,dataset_splits/10_buildings/building_6/0001879/test/0001879_041.jpg
building_6,0001879,test,dataset_splits/10_buildings/building_6/0001879/test/0001879_043.jpg
building_6,0001879,test,dataset_splits/10_buildings/building_6/0001879/test/0001879_050.jpg
building_6,0001879,test,dataset_splits/10_buildings/building_6/0001879/test/0001879_059.jpg
building_6,0001879,test,dataset_splits/10_buildings/building_6/0001879/test/0001879_062.jpg
building_6,0001879,test,dataset_splits/10_buildings/building_6/0001879/test/0001879_065.jpg
building_6,0001879,test,dataset_splits/10_buildings/building_6/0001879/test/0001879_066.jpg
building_6,0001879,test,dataset_splits/10_buildings/building_6/0001879/test/0001879_075.jpg
building_6,0002055,reference,dataset_splits/10_buildings/building_6/0002055/reference/0002055_004.jpg
building_6,0002055,reference,dataset_splits/10_buildings/building_6/0002055/reference/0002055_009.jpg
building_6,0002055,reference,dataset_splits/10_buildings/building_6/0002055/reference/0002055_012.jpg
building_6,0002055,reference,dataset_splits/10_buildings/building_6/0002055/reference/0002055_016.jpg
building_6,0002055,reference,dataset_splits/10_buildings/building_6/0002055/reference/0002055_020.jpg
building_6,0002055,reference,dataset_splits/10_buildings/building_6/0002055/reference/0002055_025.jpg
building_6,0002055,reference,dataset_splits/10_buildings/building_6/0002055/reference/0002055_027.jpg
building_6,0002055,reference,dataset_splits/10_buildings/building_6/0002055/reference/0002055_028.jpg
building_6,0002055,reference,dataset_splits/10_buildings/building_6/0002055/reference/0002055_031.jpg
building_6,0002055,reference,dataset_splits/10_buildings/building_6/0002055/reference/0002055_034.jpg
building_6,0002055,reference,dataset_splits/10_buildings/building_6/0002055/reference/0002055_039.jpg
building_6,0002055,reference,dataset_splits/10_buildings/building_6/0002055/reference/0002055_040.jpg
building_6,0002055,reference,dataset_splits/10_buildings/building_6/0002055/reference/0002055_042.jpg
building_6,0002055,reference,dataset_splits/10_buildings/building_6/0002055/reference/0002055_044.jpg
building_6,0002055,reference,dataset_splits/10_buildings/building_6/0002055/reference/0002055_046.jpg
building_6,0002055,reference,dataset_splits/10_buildings/building_6/0002055/reference/0002055_047.jpg
building_6,0002055,reference,dataset_splits/10_buildings/building_6/0002055/reference/0002055_050.jpg
building_6,0002055,reference,dataset_splits/10_buildings/building_6/0002055/reference/0002055_053.jpg
building_6,0002055,reference,dataset_splits/10_buildings/building_6/0002055/reference/0002055_056.jpg
building_6,0002055,reference,dataset_splits/10_buildings/building_6/0002055/reference/0002055_063.jpg
building_6,0002055,test,dataset_splits/10_buildings/building_6/0002055/test/0002055_001.jpg
building_6,0002055,test,dataset_splits/10_buildings/building_6/0002055/test/0002055_002.jpg
building_6,0002055,test,dataset_splits/10_buildings/building_6/0002055/test/0002055_003.jpg
building_6,0002055,test,dataset_splits/10_buildings/building_6/0002055/test/0002055_007.jpg
building_6,0002055,test,dataset_splits/10_buildings/building_6/0002055/test/0002055_008.jpg
building_6,0002055,test,dataset_splits/10_buildings/building_6/0002055/test/0002055_010.jpg
building_6,0002055,test,dataset_splits/10_buildings/building_6/0002055/test/0002055_011.jpg
building_6,0002055,test,dataset_splits/10_buildings/building_6/0002055/test/0002055_018.jpg
building_6,0002055,test,dataset_splits/10_buildings/building_6/0002055/test/0002055_022.jpg
building_6,0002055,test,dataset_splits/10_buildings/building_6/0002055/test/0002055_023.jpg
building_6,0002055,test,dataset_splits/10_buildings/building_6/0002055/test/0002055_029.jpg
building_6,0002055,test,dataset_splits/10_buildings/building_6/0002055/test/0002055_033.jpg
building_6,0002055,test,dataset_splits/10_buildings/building_6/0002055/test/0002055_035.jpg
building_6,0002055,test,dataset_splits/10_buildings/building_6/0002055/test/0002055_041.jpg
building_6,0002055,test,dataset_splits/10_buildings/building_6/0002055/test/0002055_043.jpg
building_6,0002055,test,dataset_splits/10_buildings/building_6/0002055/test/0002055_045.jpg
building_6,0002055,test,dataset_splits/10_buildings/building_6/0002055/test/0002055_051.jpg
building_6,0002055,test,dataset_splits/10_buildings/building_6/0002055/test/0002055_055.jpg
building_6,0002055,test,dataset_splits/10_buildings/building_6/0002055/test/0002055_058.jpg
building_6,0002055,test,dataset_splits/10_buildings/building_6/0002055/test/0002055_059.jpg
building_6,0002901,reference,dataset_splits/10_buildings/building_6/0002901/reference/0002901_005.jpg
building_6,0002901,reference,dataset_splits/10_buildings/building_6/0002901/reference/0002901_007.jpg
building_6,0002901,reference,dataset_splits/10_buildings/building_6/0002901/reference/0002901_008.jpg
building_6,0002901,reference,dataset_splits/10_buildings/building_6/0002901/reference/0002901_009.jpg
building_6,0002901,reference,dataset_splits/10_buildings/building_6/0002901/reference/0002901_011.jpg
building_6,0002901,reference,dataset_splits/10_buildings/building_6/0002901/reference/0002901_014.jpg
building_6,0002901,reference,dataset_splits/10_buildings/building_6/0002901/reference/0002901_017.jpg
building_6,0002901,reference,dataset_splits/10_buildings/building_6/0002901/reference/0002901_018.jpg
building_6,0002901,reference,dataset_splits/10_buildings/building_6/0002901/reference/0002901_019.jpg
building_6,0002901,reference,dataset_splits/10_buildings/building_6/0002901/reference/0002901_020.jpg
building_6,0002901,reference,dataset_splits/10_buildings/building_6/0002901/reference/0002901_021.jpg
building_6,0002901,reference,dataset_splits/10_buildings/building_6/0002901/reference/0002901_022.jpg
building_6,0002901,reference,dataset_splits/10_buildings/building_6/0002901/reference/0002901_025.jpg
building_6,0002901,reference,dataset_splits/10_buildings/building_6/0002901/reference/0002901_027.jpg
building_6,0002901,reference,dataset_splits/10_buildings/building_6/0002901/reference/0002901_029.jpg
building_6,0002901,reference,dataset_splits/10_buildings/building_6/0002901/reference/0002901_031.jpg
building_6,0002901,reference,dataset_splits/10_buildings/building_6/0002901/reference/0002901_041.jpg
building_6,0002901,reference,dataset_splits/10_buildings/building_6/0002901/reference/0002901_047.jpg
building_6,0002901,reference,dataset_splits/10_buildings/building_6/0002901/reference/0002901_048.jpg
building_6,0002901,reference,dataset_splits/10_buildings/building_6/0002901/reference/0002901_056.jpg
building_6,0002901,test,dataset_splits/10_buildings/building_6/0002901/test/0002901_001.jpg
building_6,0002901,test,dataset_splits/10_buildings/building_6/0002901/test/0002901_004.jpg
building_6,0002901,test,dataset_splits/10_buildings/building_6/0002901/test/0002901_012.jpg
building_6,0002901,test,dataset_splits/10_buildings/building_6/0002901/test/0002901_013.jpg
building_6,0002901,test,dataset_splits/10_buildings/building_6/0002901/test/0002901_016.jpg
building_6,0002901,test,dataset_splits/10_buildings/building_6/0002901/test/0002901_026.jpg
building_6,0002901,test,dataset_splits/10_buildings/building_6/0002901/test/0002901_030.jpg
building_6,0002901,test,dataset_splits/10_buildings/building_6/0002901/test/0002901_032.jpg
building_6,0002901,test,dataset_splits/10_buildings/building_6/0002901/test/0002901_033.jpg
building_6,0002901,test,dataset_splits/10_buildings/building_6/0002901/test/0002901_034.jpg
building_6,0002901,test,dataset_splits/10_buildings/building_6/0002901/test/0002901_035.jpg
building_6,0002901,test,dataset_splits/10_buildings/building_6/0002901/test/0002901_036.jpg
building_6,0002901,test,dataset_splits/10_buildings/building_6/0002901/test/0002901_037.jpg
building_6,0002901,test,dataset_splits/10_buildings/building_6/0002901/test/0002901_040.jpg
building_6,0002901,test,dataset_splits/10_buildings/building_6/0002901/test/0002901_044.jpg
building_6,0002901,test,dataset_splits/10_buildings/building_6/0002901/test/0002901_045.jpg
building_6,0002901,test,dataset_splits/10_buildings/building_6/0002901/test/0002901_046.jpg
building_6,0002901,test,dataset_splits/10_buildings/building_6/0002901/test/0002901_052.jpg
building_6,0002901,test,dataset_splits/10_buildings/building_6/0002901/test/0002901_053.jpg
building_6,0002901,test,dataset_splits/10_buildings/building_6/0002901/test/0002901_054.jpg
building_6,0004109,reference,dataset_splits/10_buildings/building_6/0004109/reference/0004109_002.jpg
building_6,0004109,reference,dataset_splits/10_buildings/building_6/0004109/reference/0004109_006.jpg
building_6,0004109,reference,dataset_splits/10_buildings/building_6/0004109/reference/0004109_007.jpg
building_6,0004109,reference,dataset_splits/10_buildings/building_6/0004109/reference/0004109_010.jpg
building_6,0004109,reference,dataset_splits/10_buildings/building_6/0004109/reference/0004109_011.jpg
building_6,0004109,reference,dataset_splits/10_buildings/building_6/0004109/reference/0004109_016.jpg
building_6,0004109,reference,dataset_splits/10_buildings/building_6/0004109/reference/0004109_018.jpg
building_6,0004109,reference,dataset_splits/10_buildings/building_6/0004109/reference/0004109_022.jpg
building_6,0004109,reference,dataset_splits/10_buildings/building_6/0004109/reference/0004109_027.jpg
building_6,0004109,reference,dataset_splits/10_buildings/building_6/0004109/reference/0004109_028.jpg
building_6,0004109,reference,dataset_splits/10_buildings/building_6/0004109/reference/0004109_029.jpg
building_6,0004109,reference,dataset_splits/10_buildings/building_6/0004109/reference/0004109_030.jpg
building_6,0004109,reference,dataset_splits/10_buildings/building_6/0004109/reference/0004109_031.jpg
building_6,0004109,reference,dataset_splits/10_buildings/building_6/0004109/reference/0004109_035.jpg
building_6,0004109,reference,dataset_splits/10_buildings/building_6/0004109/reference/0004109_044.jpg
building_6,0004109,reference,dataset_splits/10_buildings/building_6/0004109/reference/0004109_045.jpg
building_6,0004109,reference,dataset_splits/10_buildings/building_6/0004109/reference/0004109_046.jpg
building_6,0004109,reference,dataset_splits/10_buildings/building_6/0004109/reference/0004109_047.jpg
building_6,0004109,reference,dataset_splits/10_buildings/building_6/0004109/reference/0004109_051.jpg
building_6,0004109,reference,dataset_splits/10_buildings/building_6/0004109/reference/0004109_052.jpg
building_6,0004109,test,dataset_splits/10_buildings/building_6/0004109/test/0004109_003.jpg
building_6,0004109,test,dataset_splits/10_buildings/building_6/0004109/test/0004109_004.jpg
building_6,0004109,test,dataset_splits/10_buildings/building_6/0004109/test/0004109_005.jpg
building_6,0004109,test,dataset_splits/10_buildings/building_6/0004109/test/0004109_017.jpg
building_6,0004109,test,dataset_splits/10_buildings/building_6/0004109/test/0004109_019.jpg
building_6,0004109,test,dataset_splits/10_buildings/building_6/0004109/test/0004109_025.jpg
building_6,0004109,test,dataset_splits/10_buildings/building_6/0004109/test/0004109_026.jpg
building_6,0004109,test,dataset_splits/10_buildings/building_6/0004109/test/0004109_033.jpg
building_6,0004109,test,dataset_splits/10_buildings/building_6/0004109/test/0004109_034.jpg
building_6,0004109,test,dataset_splits/10_buildings/building_6/0004109/test/0004109_036.jpg
building_6,0004109,test,dataset_splits/10_buildings/building_6/0004109/test/0004109_039.jpg
building_6,0004109,test,dataset_splits/10_buildings/building_6/0004109/test/0004109_040.jpg
building_6,0004109,test,dataset_splits/10_buildings/building_6/0004109/test/0004109_041.jpg
building_6,0004109,test,dataset_splits/10_buildings/building_6/0004109/test/0004109_042.jpg
building_6,0004109,test,dataset_splits/10_buildings/building_6/0004109/test/0004109_043.jpg
building_6,0004109,test,dataset_splits/10_buildings/building_6/0004109/test/0004109_048.jpg
building_6,0004109,test,dataset_splits/10_buildings/building_6/0004109/test/0004109_049.jpg
building_6,0004109,test,dataset_splits/10_buildings/building_6/0004109/test/0004109_050.jpg
building_6,0004109,test,dataset_splits/10_buildings/building_6/0004109/test/0004109_054.jpg
building_6,0004109,test,dataset_splits/10_buildings/building_6/0004109/test/0004109_055.jpg
building_6,0004286,reference,dataset_splits/10_buildings/building_6/0004286/reference/0004286_002.jpg
building_6,0004286,reference,dataset_splits/10_buildings/building_6/0004286/reference/0004286_005.jpg
building_6,0004286,reference,dataset_splits/10_buildings/building_6/0004286/reference/0004286_031.jpg
building_6,0004286,reference,dataset_splits/10_buildings/building_6/0004286/reference/0004286_033.jpg
building_6,0004286,reference,dataset_splits/10_buildings/building_6/0004286/reference/0004286_042.jpg
building_6,0004286,reference,dataset_splits/10_buildings/building_6/0004286/reference/0004286_051.jpg
building_6,0004286,reference,dataset_splits/10_buildings/building_6/0004286/reference/0004286_113.jpg
building_6,0004286,reference,dataset_splits/10_buildings/building_6/0004286/reference/0004286_114.jpg
building_6,0004286,reference,dataset_splits/10_buildings/building_6/0004286/reference/0004286_122.jpg
building_6,0004286,reference,dataset_splits/10_buildings/building_6/0004286/reference/0004286_124.jpg
building_6,0004286,reference,dataset_splits/10_buildings/building_6/0004286/reference/0004286_125.jpg
building_6,0004286,reference,dataset_splits/10_buildings/building_6/0004286/reference/0004286_130.jpg
building_6,0004286,reference,dataset_splits/10_buildings/building_6/0004286/reference/0004286_147.jpg
building_6,0004286,reference,dataset_splits/10_buildings/building_6/0004286/reference/0004286_149.jpg
building_6,0004286,reference,dataset_splits/10_buildings/building_6/0004286/reference/0004286_151.jpg
building_6,0004286,reference,dataset_splits/10_buildings/building_6/0004286/reference/0004286_158.jpg
building_6,0004286,reference,dataset_splits/10_buildings/building_6/0004286/reference/0004286_159.jpg
building_6,0004286,reference,dataset_splits/10_buildings/building_6/0004286/reference/0004286_169.jpg
building_6,0004286,reference,dataset_splits/10_buildings/building_6/0004286/reference/0004286_172.jpg
building_6,0004286,reference,dataset_splits/10_buildings/building_6/0004286/reference/0004286_197.jpg
building_6,0004286,test,dataset_splits/10_buildings/building_6/0004286/test/0004286_001.jpg
building_6,0004286,test,dataset_splits/10_buildings/building_6/0004286/test/0004286_003.jpg
building_6,0004286,test,dataset_splits/10_buildings/building_6/0004286/test/0004286_048.jpg
building_6,0004286,test,dataset_splits/10_buildings/building_6/0004286/test/0004286_049.jpg
building_6,0004286,test,dataset_splits/10_buildings/building_6/0004286/test/0004286_055.jpg
building_6,0004286,test,dataset_splits/10_buildings/building_6/0004286/test/0004286_066.jpg
building_6,0004286,test,dataset_splits/10_buildings/building_6/0004286/test/0004286_069.jpg
building_6,0004286,test,dataset_splits/10_buildings/building_6/0004286/test/0004286_083.jpg
building_6,0004286,test,dataset_splits/10_buildings/building_6/0004286/test/0004286_086.jpg
building_6,0004286,test,dataset_splits/10_buildings/building_6/0004286/test/0004286_117.jpg
building_6,0004286,test,dataset_splits/10_buildings/building_6/0004286/test/0004286_123.jpg
building_6,0004286,test,dataset_splits/10_buildings/building_6/0004286/test/0004286_129.jpg
building_6,0004286,test,dataset_splits/10_buildings/building_6/0004286/test/0004286_142.jpg
building_6,0004286,test,dataset_splits/10_buildings/building_6/0004286/test/0004286_153.jpg
building_6,0004286,test,dataset_splits/10_buildings/building_6/0004286/test/0004286_155.jpg
building_6,0004286,test,dataset_splits/10_buildings/building_6/0004286/test/0004286_156.jpg
building_6,0004286,test,dataset_splits/10_buildings/building_6/0004286/test/0004286_157.jpg
building_6,0004286,test,dataset_splits/10_buildings/building_6/0004286/test/0004286_171.jpg
building_6,0004286,test,dataset_splits/10_buildings/building_6/0004286/test/0004286_173.jpg
building_6,0004286,test,dataset_splits/10_buildings/building_6/0004286/test/0004286_199.jpg
building_6,0004724,reference,dataset_splits/10_buildings/building_6/0004724/reference/0004724_007.jpg
building_6,0004724,reference,dataset_splits/10_buildings/building_6/0004724/reference/0004724_015.jpg
building_6,0004724,reference,dataset_splits/10_buildings/building_6/0004724/reference/0004724_034.jpg
building_6,0004724,reference,dataset_splits/10_buildings/building_6/0004724/reference/0004724_053.jpg
building_6,0004724,reference,dataset_splits/10_buildings/building_6/0004724/reference/0004724_055.jpg
building_6,0004724,reference,dataset_splits/10_buildings/building_6/0004724/reference/0004724_061.jpg
building_6,0004724,reference,dataset_splits/10_buildings/building_6/0004724/reference/0004724_072.jpg
building_6,0004724,reference,dataset_splits/10_buildings/building_6/0004724/reference/0004724_074.jpg
building_6,0004724,reference,dataset_splits/10_buildings/building_6/0004724/reference/0004724_078.jpg
building_6,0004724,reference,dataset_splits/10_buildings/building_6/0004724/reference/0004724_080.jpg
building_6,0004724,reference,dataset_splits/10_buildings/building_6/0004724/reference/0004724_081.jpg
building_6,0004724,reference,dataset_splits/10_buildings/building_6/0004724/reference/0004724_090.jpg
building_6,0004724,reference,dataset_splits/10_buildings/building_6/0004724/reference/0004724_098.jpg
building_6,0004724,reference,dataset_splits/10_buildings/building_6/0004724/reference/0004724_106.jpg
building_6,0004724,reference,dataset_splits/10_buildings/building_6/0004724/reference/0004724_110.jpg
building_6,0004724,reference,dataset_splits/10_buildings/building_6/0004724/reference/0004724_111.jpg
building_6,0004724,reference,dataset_splits/10_buildings/building_6/0004724/reference/0004724_113.jpg
building_6,0004724,reference,dataset_splits/10_buildings/building_6/0004724/reference/0004724_115.jpg
building_6,0004724,reference,dataset_splits/10_buildings/building_6/0004724/reference/0004724_125.jpg
building_6,0004724,reference,dataset_splits/10_buildings/building_6/0004724/reference/0004724_137.jpg
building_6,0004724,test,dataset_splits/10_buildings/building_6/0004724/test/0004724_006.jpg
building_6,0004724,test,dataset_splits/10_buildings/building_6/0004724/test/0004724_025.jpg
building_6,0004724,test,dataset_splits/10_buildings/building_6/0004724/test/0004724_028.jpg
building_6,0004724,test,dataset_splits/10_buildings/building_6/0004724/test/0004724_038.jpg
building_6,0004724,test,dataset_splits/10_buildings/building_6/0004724/test/0004724_042.jpg
building_6,0004724,test,dataset_splits/10_buildings/building_6/0004724/test/0004724_052.jpg
building_6,0004724,test,dataset_splits/10_buildings/building_6/0004724/test/0004724_065.jpg
building_6,0004724,test,dataset_splits/10_buildings/building_6/0004724/test/0004724_071.jpg
building_6,0004724,test,dataset_splits/10_buildings/building_6/0004724/test/0004724_087.jpg
building_6,0004724,test,dataset_splits/10_buildings/building_6/0004724/test/0004724_101.jpg
building_6,0004724,test,dataset_splits/10_buildings/building_6/0004724/test/0004724_104.jpg
building_6,0004724,test,dataset_splits/10_buildings/building_6/0004724/test/0004724_114.jpg
building_6,0004724,test,dataset_splits/10_buildings/building_6/0004724/test/0004724_120.jpg
building_6,0004724,test,dataset_splits/10_buildings/building_6/0004724/test/0004724_127.jpg
building_6,0004724,test,dataset_splits/10_buildings/building_6/0004724/test/0004724_130.jpg
building_6,0004724,test,dataset_splits/10_buildings/building_6/0004724/test/0004724_131.jpg
building_6,0004724,test,dataset_splits/10_buildings/building_6/0004724/test/0004724_133.jpg
building_6,0004724,test,dataset_splits/10_buildings/building_6/0004724/test/0004724_134.jpg
building_6,0004724,test,dataset_splits/10_buildings/building_6/0004724/test/0004724_135.jpg
building_6,0004724,test,dataset_splits/10_buildings/building_6/0004724/test/0004724_136.jpg
building_6,0004731,reference,dataset_splits/10_buildings/building_6/0004731/reference/0004731_006.jpg
building_6,0004731,reference,dataset_splits/10_buildings/building_6/0004731/reference/0004731_019.jpg
building_6,0004731,reference,dataset_splits/10_buildings/building_6/0004731/reference/0004731_036.jpg
building_6,0004731,reference,dataset_splits/10_buildings/building_6/0004731/reference/0004731_037.jpg
building_6,0004731,reference,dataset_splits/10_buildings/building_6/0004731/reference/0004731_047.jpg
building_6,0004731,reference,dataset_splits/10_buildings/building_6/0004731/reference/0004731_074.jpg
building_6,0004731,reference,dataset_splits/10_buildings/building_6/0004731/reference/0004731_093.jpg
building_6,0004731,reference,dataset_splits/10_buildings/building_6/0004731/reference/0004731_096.jpg
building_6,0004731,reference,dataset_splits/10_buildings/building_6/0004731/reference/0004731_165.jpg
building_6,0004731,reference,dataset_splits/10_buildings/building_6/0004731/reference/0004731_188.jpg
building_6,0004731,reference,dataset_splits/10_buildings/building_6/0004731/reference/0004731_194.jpg
building_6,0004731,reference,dataset_splits/10_buildings/building_6/0004731/reference/0004731_195.jpg
building_6,0004731,reference,dataset_splits/10_buildings/building_6/0004731/reference/0004731_199.jpg
building_6,0004731,reference,dataset_splits/10_buildings/building_6/0004731/reference/0004731_219.jpg
building_6,0004731,reference,dataset_splits/10_buildings/building_6/0004731/reference/0004731_221.jpg
building_6,0004731,reference,dataset_splits/10_buildings/building_6/0004731/reference/0004731_238.jpg
building_6,0004731,reference,dataset_splits/10_buildings/building_6/0004731/reference/0004731_252.jpg
building_6,0004731,reference,dataset_splits/10_buildings/building_6/0004731/reference/0004731_273.jpg
building_6,0004731,reference,dataset_splits/10_buildings/building_6/0004731/reference/0004731_280.jpg
building_6,0004731,reference,dataset_splits/10_buildings/building_6/0004731/reference/0004731_300.jpg
building_6,0004731,test,dataset_splits/10_buildings/building_6/0004731/test/0004731_014.jpg
building_6,0004731,test,dataset_splits/10_buildings/building_6/0004731/test/0004731_048.jpg
building_6,0004731,test,dataset_splits/10_buildings/building_6/0004731/test/0004731_050.jpg
building_6,0004731,test,dataset_splits/10_buildings/building_6/0004731/test/0004731_064.jpg
building_6,0004731,test,dataset_splits/10_buildings/building_6/0004731/test/0004731_079.jpg
building_6,0004731,test,dataset_splits/10_buildings/building_6/0004731/test/0004731_091.jpg
building_6,0004731,test,dataset_splits/10_buildings/building_6/0004731/test/0004731_097.jpg
building_6,0004731,test,dataset_splits/10_buildings/building_6/0004731/test/0004731_106.jpg
building_6,0004731,test,dataset_splits/10_buildings/building_6/0004731/test/0004731_115.jpg
building_6,0004731,test,dataset_splits/10_buildings/building_6/0004731/test/0004731_137.jpg
building_6,0004731,test,dataset_splits/10_buildings/building_6/0004731/test/0004731_144.jpg
building_6,0004731,test,dataset_splits/10_buildings/building_6/0004731/test/0004731_159.jpg
building_6,0004731,test,dataset_splits/10_buildings/building_6/0004731/test/0004731_187.jpg
building_6,0004731,test,dataset_splits/10_buildings/building_6/0004731/test/0004731_207.jpg
building_6,0004731,test,dataset_splits/10_buildings/building_6/0004731/test/0004731_257.jpg
building_6,0004731,test,dataset_splits/10_buildings/building_6/0004731/test/0004731_263.jpg
building_6,0004731,test,dataset_splits/10_buildings/building_6/0004731/test/0004731_272.jpg
building_6,0004731,test,dataset_splits/10_buildings/building_6/0004731/test/0004731_274.jpg
building_6,0004731,test,dataset_splits/10_buildings/building_6/0004731/test/0004731_287.jpg
building_6,0004731,test,dataset_splits/10_buildings/building_6/0004731/test/0004731_298.jpg
building_6,0004761,reference,dataset_splits/10_buildings/building_6/0004761/reference/0004761_003.jpg
building_6,0004761,reference,dataset_splits/10_buildings/building_6/0004761/reference/0004761_005.jpg
building_6,0004761,reference,dataset_splits/10_buildings/building_6/0004761/reference/0004761_008.jpg
building_6,0004761,reference,dataset_splits/10_buildings/building_6/0004761/reference/0004761_010.jpg
building_6,0004761,reference,dataset_splits/10_buildings/building_6/0004761/reference/0004761_013.jpg
building_6,0004761,reference,dataset_splits/10_buildings/building_6/0004761/reference/0004761_015.jpg
building_6,0004761,reference,dataset_splits/10_buildings/building_6/0004761/reference/0004761_017.jpg
building_6,0004761,reference,dataset_splits/10_buildings/building_6/0004761/reference/0004761_023.jpg
building_6,0004761,reference,dataset_splits/10_buildings/building_6/0004761/reference/0004761_026.jpg
building_6,0004761,reference,dataset_splits/10_buildings/building_6/0004761/reference/0004761_027.jpg
building_6,0004761,reference,dataset_splits/10_buildings/building_6/0004761/reference/0004761_029.jpg
building_6,0004761,reference,dataset_splits/10_buildings/building_6/0004761/reference/0004761_031.jpg
building_6,0004761,reference,dataset_splits/10_buildings/building_6/0004761/reference/0004761_036.jpg
building_6,0004761,reference,dataset_splits/10_buildings/building_6/0004761/reference/0004761_043.jpg
building_6,0004761,reference,dataset_splits/10_buildings/building_6/0004761/reference/0004761_048.jpg
building_6,0004761,reference,dataset_splits/10_buildings/building_6/0004761/reference/0004761_049.jpg
building_6,0004761,reference,dataset_splits/10_buildings/building_6/0004761/reference/0004761_052.jpg
building_6,0004761,reference,dataset_splits/10_buildings/building_6/0004761/reference/0004761_054.jpg
building_6,0004761,reference,dataset_splits/10_buildings/building_6/0004761/reference/0004761_055.jpg
building_6,0004761,reference,dataset_splits/10_buildings/building_6/0004761/reference/0004761_056.jpg
building_6,0004761,test,dataset_splits/10_buildings/building_6/0004761/test/0004761_009.jpg
building_6,0004761,test,dataset_splits/10_buildings/building_6/0004761/test/0004761_011.jpg
building_6,0004761,test,dataset_splits/10_buildings/building_6/0004761/test/0004761_012.jpg
building_6,0004761,test,dataset_splits/10_buildings/building_6/0004761/test/0004761_014.jpg
building_6,0004761,test,dataset_splits/10_buildings/building_6/0004761/test/0004761_016.jpg
building_6,0004761,test,dataset_splits/10_buildings/building_6/0004761/test/0004761_019.jpg
building_6,0004761,test,dataset_splits/10_buildings/building_6/0004761/test/0004761_020.jpg
building_6,0004761,test,dataset_splits/10_buildings/building_6/0004761/test/0004761_021.jpg
building_6,0004761,test,dataset_splits/10_buildings/building_6/0004761/test/0004761_022.jpg
building_6,0004761,test,dataset_splits/10_buildings/building_6/0004761/test/0004761_025.jpg
building_6,0004761,test,dataset_splits/10_buildings/building_6/0004761/test/0004761_030.jpg
building_6,0004761,test,dataset_splits/10_buildings/building_6/0004761/test/0004761_032.jpg
building_6,0004761,test,dataset_splits/10_buildings/building_6/0004761/test/0004761_033.jpg
building_6,0004761,test,dataset_splits/10_buildings/building_6/0004761/test/0004761_034.jpg
building_6,0004761,test,dataset_splits/10_buildings/building_6/0004761/test/0004761_040.jpg
building_6,0004761,test,dataset_splits/10_buildings/building_6/0004761/test/0004761_042.jpg
building_6,0004761,test,dataset_splits/10_buildings/building_6/0004761/test/0004761_044.jpg
building_6,0004761,test,dataset_splits/10_buildings/building_6/0004761/test/0004761_046.jpg
building_6,0004761,test,dataset_splits/10_buildings/building_6/0004761/test/0004761_047.jpg
building_6,0004761,test,dataset_splits/10_buildings/building_6/0004761/test/0004761_053.jpg
building_6,0004861,reference,dataset_splits/10_buildings/building_6/0004861/reference/0004861_003.jpg
building_6,0004861,reference,dataset_splits/10_buildings/building_6/0004861/reference/0004861_004.jpg
building_6,0004861,reference,dataset_splits/10_buildings/building_6/0004861/reference/0004861_007.jpg
building_6,0004861,reference,dataset_splits/10_buildings/building_6/0004861/reference/0004861_009.jpg
building_6,0004861,reference,dataset_splits/10_buildings/building_6/0004861/reference/0004861_022.jpg
building_6,0004861,reference,dataset_splits/10_buildings/building_6/0004861/reference/0004861_024.jpg
building_6,0004861,reference,dataset_splits/10_buildings/building_6/0004861/reference/0004861_026.jpg
building_6,0004861,reference,dataset_splits/10_buildings/building_6/0004861/reference/0004861_027.jpg
building_6,0004861,reference,dataset_splits/10_buildings/building_6/0004861/reference/0004861_030.jpg
building_6,0004861,reference,dataset_splits/10_buildings/building_6/0004861/reference/0004861_031.jpg
building_6,0004861,reference,dataset_splits/10_buildings/building_6/0004861/reference/0004861_033.jpg
building_6,0004861,reference,dataset_splits/10_buildings/building_6/0004861/reference/0004861_039.jpg
building_6,0004861,reference,dataset_splits/10_buildings/building_6/0004861/reference/0004861_045.jpg
building_6,0004861,reference,dataset_splits/10_buildings/building_6/0004861/reference/0004861_053.jpg
building_6,0004861,reference,dataset_splits/10_buildings/building_6/0004861/reference/0004861_054.jpg
building_6,0004861,reference,dataset_splits/10_buildings/building_6/0004861/reference/0004861_055.jpg
building_6,0004861,reference,dataset_splits/10_buildings/building_6/0004861/reference/0004861_056.jpg
building_6,0004861,reference,dataset_splits/10_buildings/building_6/0004861/reference/0004861_062.jpg
building_6,0004861,reference,dataset_splits/10_buildings/building_6/0004861/reference/0004861_064.jpg
building_6,0004861,reference,dataset_splits/10_buildings/building_6/0004861/reference/0004861_066.jpg
building_6,0004861,test,dataset_splits/10_buildings/building_6/0004861/test/0004861_002.jpg
building_6,0004861,test,dataset_splits/10_buildings/building_6/0004861/test/0004861_010.jpg
building_6,0004861,test,dataset_splits/10_buildings/building_6/0004861/test/0004861_012.jpg
building_6,0004861,test,dataset_splits/10_buildings/building_6/0004861/test/0004861_013.jpg
building_6,0004861,test,dataset_splits/10_buildings/building_6/0004861/test/0004861_017.jpg
building_6,0004861,test,dataset_splits/10_buildings/building_6/0004861/test/0004861_020.jpg
building_6,0004861,test,dataset_splits/10_buildings/building_6/0004861/test/0004861_028.jpg
building_6,0004861,test,dataset_splits/10_buildings/building_6/0004861/test/0004861_032.jpg
building_6,0004861,test,dataset_splits/10_buildings/building_6/0004861/test/0004861_037.jpg
building_6,0004861,test,dataset_splits/10_buildings/building_6/0004861/test/0004861_040.jpg
building_6,0004861,test,dataset_splits/10_buildings/building_6/0004861/test/0004861_046.jpg
building_6,0004861,test,dataset_splits/10_buildings/building_6/0004861/test/0004861_048.jpg
building_6,0004861,test,dataset_splits/10_buildings/building_6/0004861/test/0004861_050.jpg
building_6,0004861,test,dataset_splits/10_buildings/building_6/0004861/test/0004861_052.jpg
building_6,0004861,test,dataset_splits/10_buildings/building_6/0004861/test/0004861_057.jpg
building_6,0004861,test,dataset_splits/10_buildings/building_6/0004861/test/0004861_059.jpg
building_6,0004861,test,dataset_splits/10_buildings/building_6/0004861/test/0004861_060.jpg
building_6,0004861,test,dataset_splits/10_buildings/building_6/0004861/test/0004861_061.jpg
building_6,0004861,test,dataset_splits/10_buildings/building_6/0004861/test/0004861_068.jpg
building_6,0004861,test,dataset_splits/10_buildings/building_6/0004861/test/0004861_069.jpg
building_6,0004868,reference,dataset_splits/10_buildings/building_6/0004868/reference/0004868_001.jpg
building_6,0004868,reference,dataset_splits/10_buildings/building_6/0004868/reference/0004868_002.jpg
building_6,0004868,reference,dataset_splits/10_buildings/building_6/0004868/reference/0004868_003.jpg
building_6,0004868,reference,dataset_splits/10_buildings/building_6/0004868/reference/0004868_005.jpg
building_6,0004868,reference,dataset_splits/10_buildings/building_6/0004868/reference/0004868_010.jpg
building_6,0004868,reference,dataset_splits/10_buildings/building_6/0004868/reference/0004868_013.jpg
building_6,0004868,reference,dataset_splits/10_buildings/building_6/0004868/reference/0004868_016.jpg
building_6,0004868,reference,dataset_splits/10_buildings/building_6/0004868/reference/0004868_029.jpg
building_6,0004868,reference,dataset_splits/10_buildings/building_6/0004868/reference/0004868_032.jpg
building_6,0004868,reference,dataset_splits/10_buildings/building_6/0004868/reference/0004868_035.jpg
building_6,0004868,reference,dataset_splits/10_buildings/building_6/0004868/reference/0004868_044.jpg
building_6,0004868,reference,dataset_splits/10_buildings/building_6/0004868/reference/0004868_051.jpg
building_6,0004868,reference,dataset_splits/10_buildings/building_6/0004868/reference/0004868_058.jpg
building_6,0004868,reference,dataset_splits/10_buildings/building_6/0004868/reference/0004868_064.jpg
building_6,0004868,reference,dataset_splits/10_buildings/building_6/0004868/reference/0004868_066.jpg
building_6,0004868,reference,dataset_splits/10_buildings/building_6/0004868/reference/0004868_067.jpg
building_6,0004868,reference,dataset_splits/10_buildings/building_6/0004868/reference/0004868_072.jpg
building_6,0004868,reference,dataset_splits/10_buildings/building_6/0004868/reference/0004868_078.jpg
building_6,0004868,reference,dataset_splits/10_buildings/building_6/0004868/reference/0004868_079.jpg
building_6,0004868,reference,dataset_splits/10_buildings/building_6/0004868/reference/0004868_083.jpg
building_6,0004868,test,dataset_splits/10_buildings/building_6/0004868/test/0004868_022.jpg
building_6,0004868,test,dataset_splits/10_buildings/building_6/0004868/test/0004868_025.jpg
building_6,0004868,test,dataset_splits/10_buildings/building_6/0004868/test/0004868_026.jpg
building_6,0004868,test,dataset_splits/10_buildings/building_6/0004868/test/0004868_027.jpg
building_6,0004868,test,dataset_splits/10_buildings/building_6/0004868/test/0004868_030.jpg
building_6,0004868,test,dataset_splits/10_buildings/building_6/0004868/test/0004868_034.jpg
building_6,0004868,test,dataset_splits/10_buildings/building_6/0004868/test/0004868_038.jpg
building_6,0004868,test,dataset_splits/10_buildings/building_6/0004868/test/0004868_041.jpg
building_6,0004868,test,dataset_splits/10_buildings/building_6/0004868/test/0004868_042.jpg
building_6,0004868,test,dataset_splits/10_buildings/building_6/0004868/test/0004868_045.jpg
building_6,0004868,test,dataset_splits/10_buildings/building_6/0004868/test/0004868_046.jpg
building_6,0004868,test,dataset_splits/10_buildings/building_6/0004868/test/0004868_053.jpg
building_6,0004868,test,dataset_splits/10_buildings/building_6/0004868/test/0004868_061.jpg
building_6,0004868,test,dataset_splits/10_buildings/building_6/0004868/test/0004868_071.jpg
building_6,0004868,test,dataset_splits/10_buildings/building_6/0004868/test/0004868_074.jpg
building_6,0004868,test,dataset_splits/10_buildings/building_6/0004868/test/0004868_080.jpg
building_6,0004868,test,dataset_splits/10_buildings/building_6/0004868/test/0004868_081.jpg
building_6,0004868,test,dataset_splits/10_buildings/building_6/0004868/test/0004868_082.jpg
building_6,0004868,test,dataset_splits/10_buildings/building_6/0004868/test/0004868_090.jpg
building_6,0004868,test,dataset_splits/10_buildings/building_6/0004868/test/0004868_091.jpg
building_6,0004875,reference,dataset_splits/10_buildings/building_6/0004875/reference/0004875_005.jpg
building_6,0004875,reference,dataset_splits/10_buildings/building_6/0004875/reference/0004875_006.jpg
building_6,0004875,reference,dataset_splits/10_buildings/building_6/0004875/reference/0004875_007.jpg
building_6,0004875,reference,dataset_splits/10_buildings/building_6/0004875/reference/0004875_012.jpg
building_6,0004875,reference,dataset_splits/10_buildings/building_6/0004875/reference/0004875_024.jpg
building_6,0004875,reference,dataset_splits/10_buildings/building_6/0004875/reference/0004875_030.jpg
building_6,0004875,reference,dataset_splits/10_buildings/building_6/0004875/reference/0004875_032.jpg
building_6,0004875,reference,dataset_splits/10_buildings/building_6/0004875/reference/0004875_036.jpg
building_6,0004875,reference,dataset_splits/10_buildings/building_6/0004875/reference/0004875_043.jpg
building_6,0004875,reference,dataset_splits/10_buildings/building_6/0004875/reference/0004875_057.jpg
building_6,0004875,reference,dataset_splits/10_buildings/building_6/0004875/reference/0004875_066.jpg
building_6,0004875,reference,dataset_splits/10_buildings/building_6/0004875/reference/0004875_068.jpg
building_6,0004875,reference,dataset_splits/10_buildings/building_6/0004875/reference/0004875_087.jpg
building_6,0004875,reference,dataset_splits/10_buildings/building_6/0004875/reference/0004875_104.jpg
building_6,0004875,reference,dataset_splits/10_buildings/building_6/0004875/reference/0004875_111.jpg
building_6,0004875,reference,dataset_splits/10_buildings/building_6/0004875/reference/0004875_126.jpg
building_6,0004875,reference,dataset_splits/10_buildings/building_6/0004875/reference/0004875_139.jpg
building_6,0004875,reference,dataset_splits/10_buildings/building_6/0004875/reference/0004875_167.jpg
building_6,0004875,reference,dataset_splits/10_buildings/building_6/0004875/reference/0004875_170.jpg
building_6,0004875,reference,dataset_splits/10_buildings/building_6/0004875/reference/0004875_176.jpg
building_6,0004875,test,dataset_splits/10_buildings/building_6/0004875/test/0004875_026.jpg
building_6,0004875,test,dataset_splits/10_buildings/building_6/0004875/test/0004875_041.jpg
building_6,0004875,test,dataset_splits/10_buildings/building_6/0004875/test/0004875_049.jpg
building_6,0004875,test,dataset_splits/10_buildings/building_6/0004875/test/0004875_051.jpg
building_6,0004875,test,dataset_splits/10_buildings/building_6/0004875/test/0004875_059.jpg
building_6,0004875,test,dataset_splits/10_buildings/building_6/0004875/test/0004875_073.jpg
building_6,0004875,test,dataset_splits/10_buildings/building_6/0004875/test/0004875_076.jpg
building_6,0004875,test,dataset_splits/10_buildings/building_6/0004875/test/0004875_083.jpg
building_6,0004875,test,dataset_splits/10_buildings/building_6/0004875/test/0004875_098.jpg
building_6,0004875,test,dataset_splits/10_buildings/building_6/0004875/test/0004875_117.jpg
building_6,0004875,test,dataset_splits/10_buildings/building_6/0004875/test/0004875_119.jpg
building_6,0004875,test,dataset_splits/10_buildings/building_6/0004875/test/0004875_135.jpg
building_6,0004875,test,dataset_splits/10_buildings/building_6/0004875/test/0004875_138.jpg
building_6,0004875,test,dataset_splits/10_buildings/building_6/0004875/test/0004875_145.jpg
building_6,0004875,test,dataset_splits/10_buildings/building_6/0004875/test/0004875_153.jpg
building_6,0004875,test,dataset_splits/10_buildings/building_6/0004875/test/0004875_173.jpg
building_6,0004875,test,dataset_splits/10_buildings/building_6/0004875/test/0004875_177.jpg
building_6,0004875,test,dataset_splits/10_buildings/building_6/0004875/test/0004875_180.jpg
building_6,0004875,test,dataset_splits/10_buildings/building_6/0004875/test/0004875_183.jpg
building_6,0004875,test,dataset_splits/10_buildings/building_6/0004875/test/0004875_184.jpg
building_6,0005026,reference,dataset_splits/10_buildings/building_6/0005026/reference/0005026_004.jpg
building_6,0005026,reference,dataset_splits/10_buildings/building_6/0005026/reference/0005026_010.jpg
building_6,0005026,reference,dataset_splits/10_buildings/building_6/0005026/reference/0005026_018.jpg
building_6,0005026,reference,dataset_splits/10_buildings/building_6/0005026/reference/0005026_025.jpg
building_6,0005026,reference,dataset_splits/10_buildings/building_6/0005026/reference/0005026_027.jpg
building_6,0005026,reference,dataset_splits/10_buildings/building_6/0005026/reference/0005026_031.jpg
building_6,0005026,reference,dataset_splits/10_buildings/building_6/0005026/reference/0005026_032.jpg
building_6,0005026,reference,dataset_splits/10_buildings/building_6/0005026/reference/0005026_035.jpg
building_6,0005026,reference,dataset_splits/10_buildings/building_6/0005026/reference/0005026_036.jpg
building_6,0005026,reference,dataset_splits/10_buildings/building_6/0005026/reference/0005026_040.jpg
building_6,0005026,reference,dataset_splits/10_buildings/building_6/0005026/reference/0005026_051.jpg
building_6,0005026,reference,dataset_splits/10_buildings/building_6/0005026/reference/0005026_063.jpg
building_6,0005026,reference,dataset_splits/10_buildings/building_6/0005026/reference/0005026_074.jpg
building_6,0005026,reference,dataset_splits/10_buildings/building_6/0005026/reference/0005026_081.jpg
building_6,0005026,reference,dataset_splits/10_buildings/building_6/0005026/reference/0005026_082.jpg
building_6,0005026,reference,dataset_splits/10_buildings/building_6/0005026/reference/0005026_084.jpg
building_6,0005026,reference,dataset_splits/10_buildings/building_6/0005026/reference/0005026_086.jpg
building_6,0005026,reference,dataset_splits/10_buildings/building_6/0005026/reference/0005026_093.jpg
building_6,0005026,reference,dataset_splits/10_buildings/building_6/0005026/reference/0005026_107.jpg
building_6,0005026,reference,dataset_splits/10_buildings/building_6/0005026/reference/0005026_110.jpg
building_6,0005026,test,dataset_splits/10_buildings/building_6/0005026/test/0005026_002.jpg
building_6,0005026,test,dataset_splits/10_buildings/building_6/0005026/test/0005026_011.jpg
building_6,0005026,test,dataset_splits/10_buildings/building_6/0005026/test/0005026_015.jpg
building_6,0005026,test,dataset_splits/10_buildings/building_6/0005026/test/0005026_020.jpg
building_6,0005026,test,dataset_splits/10_buildings/building_6/0005026/test/0005026_021.jpg
building_6,0005026,test,dataset_splits/10_buildings/building_6/0005026/test/0005026_029.jpg
building_6,0005026,test,dataset_splits/10_buildings/building_6/0005026/test/0005026_030.jpg
building_6,0005026,test,dataset_splits/10_buildings/building_6/0005026/test/0005026_039.jpg
building_6,0005026,test,dataset_splits/10_buildings/building_6/0005026/test/0005026_043.jpg
building_6,0005026,test,dataset_splits/10_buildings/building_6/0005026/test/0005026_047.jpg
building_6,0005026,test,dataset_splits/10_buildings/building_6/0005026/test/0005026_055.jpg
building_6,0005026,test,dataset_splits/10_buildings/building_6/0005026/test/0005026_064.jpg
building_6,0005026,test,dataset_splits/10_buildings/building_6/0005026/test/0005026_065.jpg
building_6,0005026,test,dataset_splits/10_buildings/building_6/0005026/test/0005026_075.jpg
building_6,0005026,test,dataset_splits/10_buildings/building_6/0005026/test/0005026_085.jpg
building_6,0005026,test,dataset_splits/10_buildings/building_6/0005026/test/0005026_088.jpg
building_6,0005026,test,dataset_splits/10_buildings/building_6/0005026/test/0005026_092.jpg
building_6,0005026,test,dataset_splits/10_buildings/building_6/0005026/test/0005026_099.jpg
building_6,0005026,test,dataset_splits/10_buildings/building_6/0005026/test/0005026_104.jpg
building_6,0005026,test,dataset_splits/10_buildings/building_6/0005026/test/0005026_105.jpg
building_6,0005082,reference,dataset_splits/10_buildings/building_6/0005082/reference/0005082_003.jpg
building_6,0005082,reference,dataset_splits/10_buildings/building_6/0005082/reference/0005082_008.jpg
building_6,0005082,reference,dataset_splits/10_buildings/building_6/0005082/reference/0005082_009.jpg
building_6,0005082,reference,dataset_splits/10_buildings/building_6/0005082/reference/0005082_011.jpg
building_6,0005082,reference,dataset_splits/10_buildings/building_6/0005082/reference/0005082_013.jpg
building_6,0005082,reference,dataset_splits/10_buildings/building_6/0005082/reference/0005082_014.jpg
building_6,0005082,reference,dataset_splits/10_buildings/building_6/0005082/reference/0005082_015.jpg
building_6,0005082,reference,dataset_splits/10_buildings/building_6/0005082/reference/0005082_021.jpg
building_6,0005082,reference,dataset_splits/10_buildings/building_6/0005082/reference/0005082_022.jpg
building_6,0005082,reference,dataset_splits/10_buildings/building_6/0005082/reference/0005082_024.jpg
building_6,0005082,reference,dataset_splits/10_buildings/building_6/0005082/reference/0005082_025.jpg
building_6,0005082,reference,dataset_splits/10_buildings/building_6/0005082/reference/0005082_027.jpg
building_6,0005082,reference,dataset_splits/10_buildings/building_6/0005082/reference/0005082_029.jpg
building_6,0005082,reference,dataset_splits/10_buildings/building_6/0005082/reference/0005082_031.jpg
building_6,0005082,reference,dataset_splits/10_buildings/building_6/0005082/reference/0005082_033.jpg
building_6,0005082,reference,dataset_splits/10_buildings/building_6/0005082/reference/0005082_035.jpg
building_6,0005082,reference,dataset_splits/10_buildings/building_6/0005082/reference/0005082_036.jpg
building_6,0005082,reference,dataset_splits/10_buildings/building_6/0005082/reference/0005082_037.jpg
building_6,0005082,reference,dataset_splits/10_buildings/building_6/0005082/reference/0005082_038.jpg
building_6,0005082,reference,dataset_splits/10_buildings/building_6/0005082/reference/0005082_049.jpg
building_6,0005082,test,dataset_splits/10_buildings/building_6/0005082/test/0005082_001.jpg
building_6,0005082,test,dataset_splits/10_buildings/building_6/0005082/test/0005082_002.jpg
building_6,0005082,test,dataset_splits/10_buildings/building_6/0005082/test/0005082_005.jpg
building_6,0005082,test,dataset_splits/10_buildings/building_6/0005082/test/0005082_006.jpg
building_6,0005082,test,dataset_splits/10_buildings/building_6/0005082/test/0005082_007.jpg
building_6,0005082,test,dataset_splits/10_buildings/building_6/0005082/test/0005082_010.jpg
building_6,0005082,test,dataset_splits/10_buildings/building_6/0005082/test/0005082_016.jpg
building_6,0005082,test,dataset_splits/10_buildings/building_6/0005082/test/0005082_018.jpg
building_6,0005082,test,dataset_splits/10_buildings/building_6/0005082/test/0005082_019.jpg
building_6,0005082,test,dataset_splits/10_buildings/building_6/0005082/test/0005082_020.jpg
building_6,0005082,test,dataset_splits/10_buildings/building_6/0005082/test/0005082_023.jpg
building_6,0005082,test,dataset_splits/10_buildings/building_6/0005082/test/0005082_026.jpg
building_6,0005082,test,dataset_splits/10_buildings/building_6/0005082/test/0005082_030.jpg
building_6,0005082,test,dataset_splits/10_buildings/building_6/0005082/test/0005082_032.jpg
building_6,0005082,test,dataset_splits/10_buildings/building_6/0005082/test/0005082_034.jpg
building_6,0005082,test,dataset_splits/10_buildings/building_6/0005082/test/0005082_041.jpg
building_6,0005082,test,dataset_splits/10_buildings/building_6/0005082/test/0005082_043.jpg
building_6,0005082,test,dataset_splits/10_buildings/building_6/0005082/test/0005082_044.jpg
building_6,0005082,test,dataset_splits/10_buildings/building_6/0005082/test/0005082_046.jpg
building_6,0005082,test,dataset_splits/10_buildings/building_6/0005082/test/0005082_048.jpg
building_6,0005085,reference,dataset_splits/10_buildings/building_6/0005085/reference/0005085_009.jpg
building_6,0005085,reference,dataset_splits/10_buildings/building_6/0005085/reference/0005085_010.jpg
building_6,0005085,reference,dataset_splits/10_buildings/building_6/0005085/reference/0005085_012.jpg
building_6,0005085,reference,dataset_splits/10_buildings/building_6/0005085/reference/0005085_016.jpg
building_6,0005085,reference,dataset_splits/10_buildings/building_6/0005085/reference/0005085_017.jpg
building_6,0005085,reference,dataset_splits/10_buildings/building_6/0005085/reference/0005085_025.jpg
building_6,0005085,reference,dataset_splits/10_buildings/building_6/0005085/reference/0005085_026.jpg
building_6,0005085,reference,dataset_splits/10_buildings/building_6/0005085/reference/0005085_031.jpg
building_6,0005085,reference,dataset_splits/10_buildings/building_6/0005085/reference/0005085_033.jpg
building_6,0005085,reference,dataset_splits/10_buildings/building_6/0005085/reference/0005085_037.jpg
building_6,0005085,reference,dataset_splits/10_buildings/building_6/0005085/reference/0005085_044.jpg
building_6,0005085,reference,dataset_splits/10_buildings/building_6/0005085/reference/0005085_045.jpg
building_6,0005085,reference,dataset_splits/10_buildings/building_6/0005085/reference/0005085_048.jpg
building_6,0005085,reference,dataset_splits/10_buildings/building_6/0005085/reference/0005085_050.jpg
building_6,0005085,reference,dataset_splits/10_buildings/building_6/0005085/reference/0005085_051.jpg
building_6,0005085,reference,dataset_splits/10_buildings/building_6/0005085/reference/0005085_062.jpg
building_6,0005085,reference,dataset_splits/10_buildings/building_6/0005085/reference/0005085_083.jpg
building_6,0005085,reference,dataset_splits/10_buildings/building_6/0005085/reference/0005085_084.jpg
building_6,0005085,reference,dataset_splits/10_buildings/building_6/0005085/reference/0005085_086.jpg
building_6,0005085,reference,dataset_splits/10_buildings/building_6/0005085/reference/0005085_090.jpg
building_6,0005085,test,dataset_splits/10_buildings/building_6/0005085/test/0005085_006.jpg
building_6,0005085,test,dataset_splits/10_buildings/building_6/0005085/test/0005085_007.jpg
building_6,0005085,test,dataset_splits/10_buildings/building_6/0005085/test/0005085_020.jpg
building_6,0005085,test,dataset_splits/10_buildings/building_6/0005085/test/0005085_028.jpg
building_6,0005085,test,dataset_splits/10_buildings/building_6/0005085/test/0005085_032.jpg
building_6,0005085,test,dataset_splits/10_buildings/building_6/0005085/test/0005085_036.jpg
building_6,0005085,test,dataset_splits/10_buildings/building_6/0005085/test/0005085_039.jpg
building_6,0005085,test,dataset_splits/10_buildings/building_6/0005085/test/0005085_040.jpg
building_6,0005085,test,dataset_splits/10_buildings/building_6/0005085/test/0005085_041.jpg
building_6,0005085,test,dataset_splits/10_buildings/building_6/0005085/test/0005085_043.jpg
building_6,0005085,test,dataset_splits/10_buildings/building_6/0005085/test/0005085_054.jpg
building_6,0005085,test,dataset_splits/10_buildings/building_6/0005085/test/0005085_057.jpg
building_6,0005085,test,dataset_splits/10_buildings/building_6/0005085/test/0005085_059.jpg
building_6,0005085,test,dataset_splits/10_buildings/building_6/0005085/test/0005085_065.jpg
building_6,0005085,test,dataset_splits/10_buildings/building_6/0005085/test/0005085_072.jpg
building_6,0005085,test,dataset_splits/10_buildings/building_6/0005085/test/0005085_075.jpg
building_6,0005085,test,dataset_splits/10_buildings/building_6/0005085/test/0005085_077.jpg
building_6,0005085,test,dataset_splits/10_buildings/building_6/0005085/test/0005085_078.jpg
building_6,0005085,test,dataset_splits/10_buildings/building_6/0005085/test/0005085_087.jpg
building_6,0005085,test,dataset_splits/10_buildings/building_6/0005085/test/0005085_089.jpg
building_6,0005118,reference,dataset_splits/10_buildings/building_6/0005118/reference/0005118_001.jpg
building_6,0005118,reference,dataset_splits/10_buildings/building_6/0005118/reference/0005118_004.jpg
building_6,0005118,reference,dataset_splits/10_buildings/building_6/0005118/reference/0005118_005.jpg
building_6,0005118,reference,dataset_splits/10_buildings/building_6/0005118/reference/0005118_008.jpg
building_6,0005118,reference,dataset_splits/10_buildings/building_6/0005118/reference/0005118_015.jpg
building_6,0005118,reference,dataset_splits/10_buildings/building_6/0005118/reference/0005118_022.jpg
building_6,0005118,reference,dataset_splits/10_buildings/building_6/0005118/reference/0005118_028.jpg
building_6,0005118,reference,dataset_splits/10_buildings/building_6/0005118/reference/0005118_029.jpg
building_6,0005118,reference,dataset_splits/10_buildings/building_6/0005118/reference/0005118_030.jpg
building_6,0005118,reference,dataset_splits/10_buildings/building_6/0005118/reference/0005118_032.jpg
building_6,0005118,reference,dataset_splits/10_buildings/building_6/0005118/reference/0005118_033.jpg
building_6,0005118,reference,dataset_splits/10_buildings/building_6/0005118/reference/0005118_034.jpg
building_6,0005118,reference,dataset_splits/10_buildings/building_6/0005118/reference/0005118_035.jpg
building_6,0005118,reference,dataset_splits/10_buildings/building_6/0005118/reference/0005118_039.jpg
building_6,0005118,reference,dataset_splits/10_buildings/building_6/0005118/reference/0005118_040.jpg
building_6,0005118,reference,dataset_splits/10_buildings/building_6/0005118/reference/0005118_042.jpg
building_6,0005118,reference,dataset_splits/10_buildings/building_6/0005118/reference/0005118_043.jpg
building_6,0005118,reference,dataset_splits/10_buildings/building_6/0005118/reference/0005118_044.jpg
building_6,0005118,reference,dataset_splits/10_buildings/building_6/0005118/reference/0005118_045.jpg
building_6,0005118,reference,dataset_splits/10_buildings/building_6/0005118/reference/0005118_050.jpg
building_6,0005118,test,dataset_splits/10_buildings/building_6/0005118/test/0005118_006.jpg
building_6,0005118,test,dataset_splits/10_buildings/building_6/0005118/test/0005118_007.jpg
building_6,0005118,test,dataset_splits/10_buildings/building_6/0005118/test/0005118_009.jpg
building_6,0005118,test,dataset_splits/10_buildings/building_6/0005118/test/0005118_010.jpg
building_6,0005118,test,dataset_splits/10_buildings/building_6/0005118/test/0005118_012.jpg
building_6,0005118,test,dataset_splits/10_buildings/building_6/0005118/test/0005118_013.jpg
building_6,0005118,test,dataset_splits/10_buildings/building_6/0005118/test/0005118_016.jpg
building_6,0005118,test,dataset_splits/10_buildings/building_6/0005118/test/0005118_018.jpg
building_6,0005118,test,dataset_splits/10_buildings/building_6/0005118/test/0005118_019.jpg
building_6,0005118,test,dataset_splits/10_buildings/building_6/0005118/test/0005118_020.jpg
building_6,0005118,test,dataset_splits/10_buildings/building_6/0005118/test/0005118_021.jpg
building_6,0005118,test,dataset_splits/10_buildings/building_6/0005118/test/0005118_024.jpg
building_6,0005118,test,dataset_splits/10_buildings/building_6/0005118/test/0005118_026.jpg
building_6,0005118,test,dataset_splits/10_buildings/building_6/0005118/test/0005118_027.jpg
building_6,0005118,test,dataset_splits/10_buildings/building_6/0005118/test/0005118_031.jpg
building_6,0005118,test,dataset_splits/10_buildings/building_6/0005118/test/0005118_036.jpg
building_6,0005118,test,dataset_splits/10_buildings/building_6/0005118/test/0005118_038.jpg
building_6,0005118,test,dataset_splits/10_buildings/building_6/0005118/test/0005118_046.jpg
building_6,0005118,test,dataset_splits/10_buildings/building_6/0005118/test/0005118_048.jpg
building_6,0005118,test,dataset_splits/10_buildings/building_6/0005118/test/0005118_049.jpg
building_6,0005130,reference,dataset_splits/10_buildings/building_6/0005130/reference/0005130_001.jpg
building_6,0005130,reference,dataset_splits/10_buildings/building_6/0005130/reference/0005130_016.jpg
building_6,0005130,reference,dataset_splits/10_buildings/building_6/0005130/reference/0005130_019.jpg
building_6,0005130,reference,dataset_splits/10_buildings/building_6/0005130/reference/0005130_027.jpg
building_6,0005130,reference,dataset_splits/10_buildings/building_6/0005130/reference/0005130_043.jpg
building_6,0005130,reference,dataset_splits/10_buildings/building_6/0005130/reference/0005130_050.jpg
building_6,0005130,reference,dataset_splits/10_buildings/building_6/0005130/reference/0005130_055.jpg
building_6,0005130,reference,dataset_splits/10_buildings/building_6/0005130/reference/0005130_059.jpg
building_6,0005130,reference,dataset_splits/10_buildings/building_6/0005130/reference/0005130_062.jpg
building_6,0005130,reference,dataset_splits/10_buildings/building_6/0005130/reference/0005130_064.jpg
building_6,0005130,reference,dataset_splits/10_buildings/building_6/0005130/reference/0005130_069.jpg
building_6,0005130,reference,dataset_splits/10_buildings/building_6/0005130/reference/0005130_077.jpg
building_6,0005130,reference,dataset_splits/10_buildings/building_6/0005130/reference/0005130_081.jpg
building_6,0005130,reference,dataset_splits/10_buildings/building_6/0005130/reference/0005130_083.jpg
building_6,0005130,reference,dataset_splits/10_buildings/building_6/0005130/reference/0005130_084.jpg
building_6,0005130,reference,dataset_splits/10_buildings/building_6/0005130/reference/0005130_087.jpg
building_6,0005130,reference,dataset_splits/10_buildings/building_6/0005130/reference/0005130_094.jpg
building_6,0005130,reference,dataset_splits/10_buildings/building_6/0005130/reference/0005130_095.jpg
building_6,0005130,reference,dataset_splits/10_buildings/building_6/0005130/reference/0005130_101.jpg
building_6,0005130,reference,dataset_splits/10_buildings/building_6/0005130/reference/0005130_103.jpg
building_6,0005130,test,dataset_splits/10_buildings/building_6/0005130/test/0005130_005.jpg
building_6,0005130,test,dataset_splits/10_buildings/building_6/0005130/test/0005130_007.jpg
building_6,0005130,test,dataset_splits/10_buildings/building_6/0005130/test/0005130_010.jpg
building_6,0005130,test,dataset_splits/10_buildings/building_6/0005130/test/0005130_023.jpg
building_6,0005130,test,dataset_splits/10_buildings/building_6/0005130/test/0005130_028.jpg
building_6,0005130,test,dataset_splits/10_buildings/building_6/0005130/test/0005130_033.jpg
building_6,0005130,test,dataset_splits/10_buildings/building_6/0005130/test/0005130_038.jpg
building_6,0005130,test,dataset_splits/10_buildings/building_6/0005130/test/0005130_040.jpg
building_6,0005130,test,dataset_splits/10_buildings/building_6/0005130/test/0005130_041.jpg
building_6,0005130,test,dataset_splits/10_buildings/building_6/0005130/test/0005130_052.jpg
building_6,0005130,test,dataset_splits/10_buildings/building_6/0005130/test/0005130_065.jpg
building_6,0005130,test,dataset_splits/10_buildings/building_6/0005130/test/0005130_066.jpg
building_6,0005130,test,dataset_splits/10_buildings/building_6/0005130/test/0005130_070.jpg
building_6,0005130,test,dataset_splits/10_buildings/building_6/0005130/test/0005130_076.jpg
building_6,0005130,test,dataset_splits/10_buildings/building_6/0005130/test/0005130_080.jpg
building_6,0005130,test,dataset_splits/10_buildings/building_6/0005130/test/0005130_086.jpg
building_6,0005130,test,dataset_splits/10_buildings/building_6/0005130/test/0005130_092.jpg
building_6,0005130,test,dataset_splits/10_buildings/building_6/0005130/test/0005130_097.jpg
building_6,0005130,test,dataset_splits/10_buildings/building_6/0005130/test/0005130_100.jpg
building_6,0005130,test,dataset_splits/10_buildings/building_6/0005130/test/0005130_107.jpg
building_6,0005210,reference,dataset_splits/10_buildings/building_6/0005210/reference/0005210_001.jpg
building_6,0005210,reference,dataset_splits/10_buildings/building_6/0005210/reference/0005210_011.jpg
building_6,0005210,reference,dataset_splits/10_buildings/building_6/0005210/reference/0005210_029.jpg
building_6,0005210,reference,dataset_splits/10_buildings/building_6/0005210/reference/0005210_033.jpg
building_6,0005210,reference,dataset_splits/10_buildings/building_6/0005210/reference/0005210_045.jpg
building_6,0005210,reference,dataset_splits/10_buildings/building_6/0005210/reference/0005210_047.jpg
building_6,0005210,reference,dataset_splits/10_buildings/building_6/0005210/reference/0005210_051.jpg
building_6,0005210,reference,dataset_splits/10_buildings/building_6/0005210/reference/0005210_052.jpg
building_6,0005210,reference,dataset_splits/10_buildings/building_6/0005210/reference/0005210_060.jpg
building_6,0005210,reference,dataset_splits/10_buildings/building_6/0005210/reference/0005210_067.jpg
building_6,0005210,reference,dataset_splits/10_buildings/building_6/0005210/reference/0005210_068.jpg
building_6,0005210,reference,dataset_splits/10_buildings/building_6/0005210/reference/0005210_069.jpg
building_6,0005210,reference,dataset_splits/10_buildings/building_6/0005210/reference/0005210_072.jpg
building_6,0005210,reference,dataset_splits/10_buildings/building_6/0005210/reference/0005210_075.jpg
building_6,0005210,reference,dataset_splits/10_buildings/building_6/0005210/reference/0005210_076.jpg
building_6,0005210,reference,dataset_splits/10_buildings/building_6/0005210/reference/0005210_077.jpg
building_6,0005210,reference,dataset_splits/10_buildings/building_6/0005210/reference/0005210_090.jpg
building_6,0005210,reference,dataset_splits/10_buildings/building_6/0005210/reference/0005210_091.jpg
building_6,0005210,reference,dataset_splits/10_buildings/building_6/0005210/reference/0005210_093.jpg
building_6,0005210,reference,dataset_splits/10_buildings/building_6/0005210/reference/0005210_096.jpg
building_6,0005210,test,dataset_splits/10_buildings/building_6/0005210/test/0005210_010.jpg
building_6,0005210,test,dataset_splits/10_buildings/building_6/0005210/test/0005210_013.jpg
building_6,0005210,test,dataset_splits/10_buildings/building_6/0005210/test/0005210_014.jpg
building_6,0005210,test,dataset_splits/10_buildings/building_6/0005210/test/0005210_030.jpg
building_6,0005210,test,dataset_splits/10_buildings/building_6/0005210/test/0005210_031.jpg
building_6,0005210,test,dataset_splits/10_buildings/building_6/0005210/test/0005210_035.jpg
building_6,0005210,test,dataset_splits/10_buildings/building_6/0005210/test/0005210_037.jpg
building_6,0005210,test,dataset_splits/10_buildings/building_6/0005210/test/0005210_041.jpg
building_6,0005210,test,dataset_splits/10_buildings/building_6/0005210/test/0005210_042.jpg
building_6,0005210,test,dataset_splits/10_buildings/building_6/0005210/test/0005210_046.jpg
building_6,0005210,test,dataset_splits/10_buildings/building_6/0005210/test/0005210_050.jpg
building_6,0005210,test,dataset_splits/10_buildings/building_6/0005210/test/0005210_053.jpg
building_6,0005210,test,dataset_splits/10_buildings/building_6/0005210/test/0005210_054.jpg
building_6,0005210,test,dataset_splits/10_buildings/building_6/0005210/test/0005210_062.jpg
building_6,0005210,test,dataset_splits/10_buildings/building_6/0005210/test/0005210_065.jpg
building_6,0005210,test,dataset_splits/10_buildings/building_6/0005210/test/0005210_066.jpg
building_6,0005210,test,dataset_splits/10_buildings/building_6/0005210/test/0005210_070.jpg
building_6,0005210,test,dataset_splits/10_buildings/building_6/0005210/test/0005210_084.jpg
building_6,0005210,test,dataset_splits/10_buildings/building_6/0005210/test/0005210_092.jpg
building_6,0005210,test,dataset_splits/10_buildings/building_6/0005210/test/0005210_094.jpg
building_6,0005211,reference,dataset_splits/10_buildings/building_6/0005211/reference/0005211_001.jpg
building_6,0005211,reference,dataset_splits/10_buildings/building_6/0005211/reference/0005211_003.jpg
building_6,0005211,reference,dataset_splits/10_buildings/building_6/0005211/reference/0005211_005.jpg
building_6,0005211,reference,dataset_splits/10_buildings/building_6/0005211/reference/0005211_010.jpg
building_6,0005211,reference,dataset_splits/10_buildings/building_6/0005211/reference/0005211_012.jpg
building_6,0005211,reference,dataset_splits/10_buildings/building_6/0005211/reference/0005211_015.jpg
building_6,0005211,reference,dataset_splits/10_buildings/building_6/0005211/reference/0005211_016.jpg
building_6,0005211,reference,dataset_splits/10_buildings/building_6/0005211/reference/0005211_018.jpg
building_6,0005211,reference,dataset_splits/10_buildings/building_6/0005211/reference/0005211_019.jpg
building_6,0005211,reference,dataset_splits/10_buildings/building_6/0005211/reference/0005211_020.jpg
building_6,0005211,reference,dataset_splits/10_buildings/building_6/0005211/reference/0005211_021.jpg
building_6,0005211,reference,dataset_splits/10_buildings/building_6/0005211/reference/0005211_023.jpg
building_6,0005211,reference,dataset_splits/10_buildings/building_6/0005211/reference/0005211_026.jpg
building_6,0005211,reference,dataset_splits/10_buildings/building_6/0005211/reference/0005211_027.jpg
building_6,0005211,reference,dataset_splits/10_buildings/building_6/0005211/reference/0005211_031.jpg
building_6,0005211,reference,dataset_splits/10_buildings/building_6/0005211/reference/0005211_034.jpg
building_6,0005211,reference,dataset_splits/10_buildings/building_6/0005211/reference/0005211_037.jpg
building_6,0005211,reference,dataset_splits/10_buildings/building_6/0005211/reference/0005211_038.jpg
building_6,0005211,reference,dataset_splits/10_buildings/building_6/0005211/reference/0005211_039.jpg
building_6,0005211,reference,dataset_splits/10_buildings/building_6/0005211/reference/0005211_049.jpg
building_6,0005211,test,dataset_splits/10_buildings/building_6/0005211/test/0005211_002.jpg
building_6,0005211,test,dataset_splits/10_buildings/building_6/0005211/test/0005211_004.jpg
building_6,0005211,test,dataset_splits/10_buildings/building_6/0005211/test/0005211_006.jpg
building_6,0005211,test,dataset_splits/10_buildings/building_6/0005211/test/0005211_007.jpg
building_6,0005211,test,dataset_splits/10_buildings/building_6/0005211/test/0005211_008.jpg
building_6,0005211,test,dataset_splits/10_buildings/building_6/0005211/test/0005211_009.jpg
building_6,0005211,test,dataset_splits/10_buildings/building_6/0005211/test/0005211_013.jpg
building_6,0005211,test,dataset_splits/10_buildings/building_6/0005211/test/0005211_014.jpg
building_6,0005211,test,dataset_splits/10_buildings/building_6/0005211/test/0005211_017.jpg
building_6,0005211,test,dataset_splits/10_buildings/building_6/0005211/test/0005211_024.jpg
building_6,0005211,test,dataset_splits/10_buildings/building_6/0005211/test/0005211_025.jpg
building_6,0005211,test,dataset_splits/10_buildings/building_6/0005211/test/0005211_028.jpg
building_6,0005211,test,dataset_splits/10_buildings/building_6/0005211/test/0005211_035.jpg
building_6,0005211,test,dataset_splits/10_buildings/building_6/0005211/test/0005211_036.jpg
building_6,0005211,test,dataset_splits/10_buildings/building_6/0005211/test/0005211_040.jpg
building_6,0005211,test,dataset_splits/10_buildings/building_6/0005211/test/0005211_043.jpg
building_6,0005211,test,dataset_splits/10_buildings/building_6/0005211/test/0005211_044.jpg
building_6,0005211,test,dataset_splits/10_buildings/building_6/0005211/test/0005211_045.jpg
building_6,0005211,test,dataset_splits/10_buildings/building_6/0005211/test/0005211_047.jpg
building_6,0005211,test,dataset_splits/10_buildings/building_6/0005211/test/0005211_051.jpg
building_6,0005214,reference,dataset_splits/10_buildings/building_6/0005214/reference/0005214_003.jpg
building_6,0005214,reference,dataset_splits/10_buildings/building_6/0005214/reference/0005214_007.jpg
building_6,0005214,reference,dataset_splits/10_buildings/building_6/0005214/reference/0005214_015.jpg
building_6,0005214,reference,dataset_splits/10_buildings/building_6/0005214/reference/0005214_019.jpg
building_6,0005214,reference,dataset_splits/10_buildings/building_6/0005214/reference/0005214_024.jpg
building_6,0005214,reference,dataset_splits/10_buildings/building_6/0005214/reference/0005214_028.jpg
building_6,0005214,reference,dataset_splits/10_buildings/building_6/0005214/reference/0005214_029.jpg
building_6,0005214,reference,dataset_splits/10_buildings/building_6/0005214/reference/0005214_036.jpg
building_6,0005214,reference,dataset_splits/10_buildings/building_6/0005214/reference/0005214_039.jpg
building_6,0005214,reference,dataset_splits/10_buildings/building_6/0005214/reference/0005214_041.jpg
building_6,0005214,reference,dataset_splits/10_buildings/building_6/0005214/reference/0005214_045.jpg
building_6,0005214,reference,dataset_splits/10_buildings/building_6/0005214/reference/0005214_046.jpg
building_6,0005214,reference,dataset_splits/10_buildings/building_6/0005214/reference/0005214_047.jpg
building_6,0005214,reference,dataset_splits/10_buildings/building_6/0005214/reference/0005214_050.jpg
building_6,0005214,reference,dataset_splits/10_buildings/building_6/0005214/reference/0005214_058.jpg
building_6,0005214,reference,dataset_splits/10_buildings/building_6/0005214/reference/0005214_060.jpg
building_6,0005214,reference,dataset_splits/10_buildings/building_6/0005214/reference/0005214_064.jpg
building_6,0005214,reference,dataset_splits/10_buildings/building_6/0005214/reference/0005214_068.jpg
building_6,0005214,reference,dataset_splits/10_buildings/building_6/0005214/reference/0005214_069.jpg
building_6,0005214,reference,dataset_splits/10_buildings/building_6/0005214/reference/0005214_073.jpg
building_6,0005214,test,dataset_splits/10_buildings/building_6/0005214/test/0005214_001.jpg
building_6,0005214,test,dataset_splits/10_buildings/building_6/0005214/test/0005214_002.jpg
building_6,0005214,test,dataset_splits/10_buildings/building_6/0005214/test/0005214_004.jpg
building_6,0005214,test,dataset_splits/10_buildings/building_6/0005214/test/0005214_006.jpg
building_6,0005214,test,dataset_splits/10_buildings/building_6/0005214/test/0005214_008.jpg
building_6,0005214,test,dataset_splits/10_buildings/building_6/0005214/test/0005214_010.jpg
building_6,0005214,test,dataset_splits/10_buildings/building_6/0005214/test/0005214_012.jpg
building_6,0005214,test,dataset_splits/10_buildings/building_6/0005214/test/0005214_016.jpg
building_6,0005214,test,dataset_splits/10_buildings/building_6/0005214/test/0005214_022.jpg
building_6,0005214,test,dataset_splits/10_buildings/building_6/0005214/test/0005214_026.jpg
building_6,0005214,test,dataset_splits/10_buildings/building_6/0005214/test/0005214_031.jpg
building_6,0005214,test,dataset_splits/10_buildings/building_6/0005214/test/0005214_032.jpg
building_6,0005214,test,dataset_splits/10_buildings/building_6/0005214/test/0005214_033.jpg
building_6,0005214,test,dataset_splits/10_buildings/building_6/0005214/test/0005214_040.jpg
building_6,0005214,test,dataset_splits/10_buildings/building_6/0005214/test/0005214_043.jpg
building_6,0005214,test,dataset_splits/10_buildings/building_6/0005214/test/0005214_044.jpg
building_6,0005214,test,dataset_splits/10_buildings/building_6/0005214/test/0005214_053.jpg
building_6,0005214,test,dataset_splits/10_buildings/building_6/0005214/test/0005214_059.jpg
building_6,0005214,test,dataset_splits/10_buildings/building_6/0005214/test/0005214_063.jpg
building_6,0005214,test,dataset_splits/10_buildings/building_6/0005214/test/0005214_074.jpg
building_6,0005232,reference,dataset_splits/10_buildings/building_6/0005232/reference/0005232_004.jpg
building_6,0005232,reference,dataset_splits/10_buildings/building_6/0005232/reference/0005232_008.jpg
building_6,0005232,reference,dataset_splits/10_buildings/building_6/0005232/reference/0005232_016.jpg
building_6,0005232,reference,dataset_splits/10_buildings/building_6/0005232/reference/0005232_021.jpg
building_6,0005232,reference,dataset_splits/10_buildings/building_6/0005232/reference/0005232_022.jpg
building_6,0005232,reference,dataset_splits/10_buildings/building_6/0005232/reference/0005232_023.jpg
building_6,0005232,reference,dataset_splits/10_buildings/building_6/0005232/reference/0005232_034.jpg
building_6,0005232,reference,dataset_splits/10_buildings/building_6/0005232/reference/0005232_035.jpg
building_6,0005232,reference,dataset_splits/10_buildings/building_6/0005232/reference/0005232_039.jpg
building_6,0005232,reference,dataset_splits/10_buildings/building_6/0005232/reference/0005232_041.jpg
building_6,0005232,reference,dataset_splits/10_buildings/building_6/0005232/reference/0005232_043.jpg
building_6,0005232,reference,dataset_splits/10_buildings/building_6/0005232/reference/0005232_056.jpg
building_6,0005232,reference,dataset_splits/10_buildings/building_6/0005232/reference/0005232_057.jpg
building_6,0005232,reference,dataset_splits/10_buildings/building_6/0005232/reference/0005232_060.jpg
building_6,0005232,reference,dataset_splits/10_buildings/building_6/0005232/reference/0005232_063.jpg
building_6,0005232,reference,dataset_splits/10_buildings/building_6/0005232/reference/0005232_066.jpg
building_6,0005232,reference,dataset_splits/10_buildings/building_6/0005232/reference/0005232_071.jpg
building_6,0005232,reference,dataset_splits/10_buildings/building_6/0005232/reference/0005232_080.jpg
building_6,0005232,reference,dataset_splits/10_buildings/building_6/0005232/reference/0005232_083.jpg
building_6,0005232,reference,dataset_splits/10_buildings/building_6/0005232/reference/0005232_088.jpg
building_6,0005232,test,dataset_splits/10_buildings/building_6/0005232/test/0005232_007.jpg
building_6,0005232,test,dataset_splits/10_buildings/building_6/0005232/test/0005232_011.jpg
building_6,0005232,test,dataset_splits/10_buildings/building_6/0005232/test/0005232_012.jpg
building_6,0005232,test,dataset_splits/10_buildings/building_6/0005232/test/0005232_013.jpg
building_6,0005232,test,dataset_splits/10_buildings/building_6/0005232/test/0005232_018.jpg
building_6,0005232,test,dataset_splits/10_buildings/building_6/0005232/test/0005232_024.jpg
building_6,0005232,test,dataset_splits/10_buildings/building_6/0005232/test/0005232_030.jpg
building_6,0005232,test,dataset_splits/10_buildings/building_6/0005232/test/0005232_036.jpg
building_6,0005232,test,dataset_splits/10_buildings/building_6/0005232/test/0005232_037.jpg
building_6,0005232,test,dataset_splits/10_buildings/building_6/0005232/test/0005232_044.jpg
building_6,0005232,test,dataset_splits/10_buildings/building_6/0005232/test/0005232_048.jpg
building_6,0005232,test,dataset_splits/10_buildings/building_6/0005232/test/0005232_055.jpg
building_6,0005232,test,dataset_splits/10_buildings/building_6/0005232/test/0005232_058.jpg
building_6,0005232,test,dataset_splits/10_buildings/building_6/0005232/test/0005232_065.jpg
building_6,0005232,test,dataset_splits/10_buildings/building_6/0005232/test/0005232_072.jpg
building_6,0005232,test,dataset_splits/10_buildings/building_6/0005232/test/0005232_074.jpg
building_6,0005232,test,dataset_splits/10_buildings/building_6/0005232/test/0005232_075.jpg
building_6,0005232,test,dataset_splits/10_buildings/building_6/0005232/test/0005232_085.jpg
building_6,0005232,test,dataset_splits/10_buildings/building_6/0005232/test/0005232_087.jpg
building_6,0005232,test,dataset_splits/10_buildings/building_6/0005232/test/0005232_089.jpg
building_6,0005327,reference,dataset_splits/10_buildings/building_6/0005327/reference/0005327_004.jpg
building_6,0005327,reference,dataset_splits/10_buildings/building_6/0005327/reference/0005327_006.jpg
building_6,0005327,reference,dataset_splits/10_buildings/building_6/0005327/reference/0005327_007.jpg
building_6,0005327,reference,dataset_splits/10_buildings/building_6/0005327/reference/0005327_016.jpg
building_6,0005327,reference,dataset_splits/10_buildings/building_6/0005327/reference/0005327_020.jpg
building_6,0005327,reference,dataset_splits/10_buildings/building_6/0005327/reference/0005327_036.jpg
building_6,0005327,reference,dataset_splits/10_buildings/building_6/0005327/reference/0005327_039.jpg
building_6,0005327,reference,dataset_splits/10_buildings/building_6/0005327/reference/0005327_040.jpg
building_6,0005327,reference,dataset_splits/10_buildings/building_6/0005327/reference/0005327_052.jpg
building_6,0005327,reference,dataset_splits/10_buildings/building_6/0005327/reference/0005327_061.jpg
building_6,0005327,reference,dataset_splits/10_buildings/building_6/0005327/reference/0005327_063.jpg
building_6,0005327,reference,dataset_splits/10_buildings/building_6/0005327/reference/0005327_071.jpg
building_6,0005327,reference,dataset_splits/10_buildings/building_6/0005327/reference/0005327_075.jpg
building_6,0005327,reference,dataset_splits/10_buildings/building_6/0005327/reference/0005327_079.jpg
building_6,0005327,reference,dataset_splits/10_buildings/building_6/0005327/reference/0005327_087.jpg
building_6,0005327,reference,dataset_splits/10_buildings/building_6/0005327/reference/0005327_096.jpg
building_6,0005327,reference,dataset_splits/10_buildings/building_6/0005327/reference/0005327_104.jpg
building_6,0005327,reference,dataset_splits/10_buildings/building_6/0005327/reference/0005327_105.jpg
building_6,0005327,reference,dataset_splits/10_buildings/building_6/0005327/reference/0005327_108.jpg
building_6,0005327,reference,dataset_splits/10_buildings/building_6/0005327/reference/0005327_112.jpg
building_6,0005327,test,dataset_splits/10_buildings/building_6/0005327/test/0005327_021.jpg
building_6,0005327,test,dataset_splits/10_buildings/building_6/0005327/test/0005327_024.jpg
building_6,0005327,test,dataset_splits/10_buildings/building_6/0005327/test/0005327_032.jpg
building_6,0005327,test,dataset_splits/10_buildings/building_6/0005327/test/0005327_044.jpg
building_6,0005327,test,dataset_splits/10_buildings/building_6/0005327/test/0005327_055.jpg
building_6,0005327,test,dataset_splits/10_buildings/building_6/0005327/test/0005327_060.jpg
building_6,0005327,test,dataset_splits/10_buildings/building_6/0005327/test/0005327_062.jpg
building_6,0005327,test,dataset_splits/10_buildings/building_6/0005327/test/0005327_069.jpg
building_6,0005327,test,dataset_splits/10_buildings/building_6/0005327/test/0005327_070.jpg
building_6,0005327,test,dataset_splits/10_buildings/building_6/0005327/test/0005327_074.jpg
building_6,0005327,test,dataset_splits/10_buildings/building_6/0005327/test/0005327_077.jpg
building_6,0005327,test,dataset_splits/10_buildings/building_6/0005327/test/0005327_080.jpg
building_6,0005327,test,dataset_splits/10_buildings/building_6/0005327/test/0005327_088.jpg
building_6,0005327,test,dataset_splits/10_buildings/building_6/0005327/test/0005327_089.jpg
building_6,0005327,test,dataset_splits/10_buildings/building_6/0005327/test/0005327_110.jpg
building_6,0005327,test,dataset_splits/10_buildings/building_6/0005327/test/0005327_111.jpg
building_6,0005327,test,dataset_splits/10_buildings/building_6/0005327/test/0005327_114.jpg
building_6,0005327,test,dataset_splits/10_buildings/building_6/0005327/test/0005327_115.jpg
building_6,0005327,test,dataset_splits/10_buildings/building_6/0005327/test/0005327_119.jpg
building_6,0005327,test,dataset_splits/10_buildings/building_6/0005327/test/0005327_120.jpg
building_6,0005393,reference,dataset_splits/10_buildings/building_6/0005393/reference/0005393_011.jpg
building_6,0005393,reference,dataset_splits/10_buildings/building_6/0005393/reference/0005393_012.jpg
building_6,0005393,reference,dataset_splits/10_buildings/building_6/0005393/reference/0005393_020.jpg
building_6,0005393,reference,dataset_splits/10_buildings/building_6/0005393/reference/0005393_032.jpg
building_6,0005393,reference,dataset_splits/10_buildings/building_6/0005393/reference/0005393_039.jpg
building_6,0005393,reference,dataset_splits/10_buildings/building_6/0005393/reference/0005393_043.jpg
building_6,0005393,reference,dataset_splits/10_buildings/building_6/0005393/reference/0005393_048.jpg
building_6,0005393,reference,dataset_splits/10_buildings/building_6/0005393/reference/0005393_061.jpg
building_6,0005393,reference,dataset_splits/10_buildings/building_6/0005393/reference/0005393_064.jpg
building_6,0005393,reference,dataset_splits/10_buildings/building_6/0005393/reference/0005393_066.jpg
building_6,0005393,reference,dataset_splits/10_buildings/building_6/0005393/reference/0005393_070.jpg
building_6,0005393,reference,dataset_splits/10_buildings/building_6/0005393/reference/0005393_072.jpg
building_6,0005393,reference,dataset_splits/10_buildings/building_6/0005393/reference/0005393_076.jpg
building_6,0005393,reference,dataset_splits/10_buildings/building_6/0005393/reference/0005393_085.jpg
building_6,0005393,reference,dataset_splits/10_buildings/building_6/0005393/reference/0005393_098.jpg
building_6,0005393,reference,dataset_splits/10_buildings/building_6/0005393/reference/0005393_110.jpg
building_6,0005393,reference,dataset_splits/10_buildings/building_6/0005393/reference/0005393_115.jpg
building_6,0005393,reference,dataset_splits/10_buildings/building_6/0005393/reference/0005393_116.jpg
building_6,0005393,reference,dataset_splits/10_buildings/building_6/0005393/reference/0005393_119.jpg
building_6,0005393,reference,dataset_splits/10_buildings/building_6/0005393/reference/0005393_127.jpg
building_6,0005393,test,dataset_splits/10_buildings/building_6/0005393/test/0005393_004.jpg
building_6,0005393,test,dataset_splits/10_buildings/building_6/0005393/test/0005393_007.jpg
building_6,0005393,test,dataset_splits/10_buildings/building_6/0005393/test/0005393_015.jpg
building_6,0005393,test,dataset_splits/10_buildings/building_6/0005393/test/0005393_047.jpg
building_6,0005393,test,dataset_splits/10_buildings/building_6/0005393/test/0005393_052.jpg
building_6,0005393,test,dataset_splits/10_buildings/building_6/0005393/test/0005393_058.jpg
building_6,0005393,test,dataset_splits/10_buildings/building_6/0005393/test/0005393_065.jpg
building_6,0005393,test,dataset_splits/10_buildings/building_6/0005393/test/0005393_067.jpg
building_6,0005393,test,dataset_splits/10_buildings/building_6/0005393/test/0005393_079.jpg
building_6,0005393,test,dataset_splits/10_buildings/building_6/0005393/test/0005393_080.jpg
building_6,0005393,test,dataset_splits/10_buildings/building_6/0005393/test/0005393_083.jpg
building_6,0005393,test,dataset_splits/10_buildings/building_6/0005393/test/0005393_089.jpg
building_6,0005393,test,dataset_splits/10_buildings/building_6/0005393/test/0005393_092.jpg
building_6,0005393,test,dataset_splits/10_buildings/building_6/0005393/test/0005393_096.jpg
building_6,0005393,test,dataset_splits/10_buildings/building_6/0005393/test/0005393_104.jpg
building_6,0005393,test,dataset_splits/10_buildings/building_6/0005393/test/0005393_109.jpg
building_6,0005393,test,dataset_splits/10_buildings/building_6/0005393/test/0005393_118.jpg
building_6,0005393,test,dataset_splits/10_buildings/building_6/0005393/test/0005393_121.jpg
building_6,0005393,test,dataset_splits/10_buildings/building_6/0005393/test/0005393_126.jpg
building_6,0005393,test,dataset_splits/10_buildings/building_6/0005393/test/0005393_131.jpg
building_6,0006610,reference,dataset_splits/10_buildings/building_6/0006610/reference/0006610_002.jpg
building_6,0006610,reference,dataset_splits/10_buildings/building_6/0006610/reference/0006610_004.jpg
building_6,0006610,reference,dataset_splits/10_buildings/building_6/0006610/reference/0006610_011.jpg
building_6,0006610,reference,dataset_splits/10_buildings/building_6/0006610/reference/0006610_012.jpg
building_6,0006610,reference,dataset_splits/10_buildings/building_6/0006610/reference/0006610_022.jpg
building_6,0006610,reference,dataset_splits/10_buildings/building_6/0006610/reference/0006610_028.jpg
building_6,0006610,reference,dataset_splits/10_buildings/building_6/0006610/reference/0006610_030.jpg
building_6,0006610,reference,dataset_splits/10_buildings/building_6/0006610/reference/0006610_032.jpg
building_6,0006610,reference,dataset_splits/10_buildings/building_6/0006610/reference/0006610_035.jpg
building_6,0006610,reference,dataset_splits/10_buildings/building_6/0006610/reference/0006610_039.jpg
building_6,0006610,reference,dataset_splits/10_buildings/building_6/0006610/reference/0006610_040.jpg
building_6,0006610,reference,dataset_splits/10_buildings/building_6/0006610/reference/0006610_041.jpg
building_6,0006610,reference,dataset_splits/10_buildings/building_6/0006610/reference/0006610_045.jpg
building_6,0006610,reference,dataset_splits/10_buildings/building_6/0006610/reference/0006610_047.jpg
building_6,0006610,reference,dataset_splits/10_buildings/building_6/0006610/reference/0006610_049.jpg
building_6,0006610,reference,dataset_splits/10_buildings/building_6/0006610/reference/0006610_050.jpg
building_6,0006610,reference,dataset_splits/10_buildings/building_6/0006610/reference/0006610_052.jpg
building_6,0006610,reference,dataset_splits/10_buildings/building_6/0006610/reference/0006610_054.jpg
building_6,0006610,reference,dataset_splits/10_buildings/building_6/0006610/reference/0006610_056.jpg
building_6,0006610,reference,dataset_splits/10_buildings/building_6/0006610/reference/0006610_062.jpg
building_6,0006610,test,dataset_splits/10_buildings/building_6/0006610/test/0006610_001.jpg
building_6,0006610,test,dataset_splits/10_buildings/building_6/0006610/test/0006610_008.jpg
building_6,0006610,test,dataset_splits/10_buildings/building_6/0006610/test/0006610_009.jpg
building_6,0006610,test,dataset_splits/10_buildings/building_6/0006610/test/0006610_010.jpg
building_6,0006610,test,dataset_splits/10_buildings/building_6/0006610/test/0006610_014.jpg
building_6,0006610,test,dataset_splits/10_buildings/building_6/0006610/test/0006610_016.jpg
building_6,0006610,test,dataset_splits/10_buildings/building_6/0006610/test/0006610_017.jpg
building_6,0006610,test,dataset_splits/10_buildings/building_6/0006610/test/0006610_018.jpg
building_6,0006610,test,dataset_splits/10_buildings/building_6/0006610/test/0006610_021.jpg
building_6,0006610,test,dataset_splits/10_buildings/building_6/0006610/test/0006610_024.jpg
building_6,0006610,test,dataset_splits/10_buildings/building_6/0006610/test/0006610_033.jpg
building_6,0006610,test,dataset_splits/10_buildings/building_6/0006610/test/0006610_034.jpg
building_6,0006610,test,dataset_splits/10_buildings/building_6/0006610/test/0006610_037.jpg
building_6,0006610,test,dataset_splits/10_buildings/building_6/0006610/test/0006610_038.jpg
building_6,0006610,test,dataset_splits/10_buildings/building_6/0006610/test/0006610_042.jpg
building_6,0006610,test,dataset_splits/10_buildings/building_6/0006610/test/0006610_046.jpg
building_6,0006610,test,dataset_splits/10_buildings/building_6/0006610/test/0006610_048.jpg
building_6,0006610,test,dataset_splits/10_buildings/building_6/0006610/test/0006610_051.jpg
building_6,0006610,test,dataset_splits/10_buildings/building_6/0006610/test/0006610_055.jpg
building_6,0006610,test,dataset_splits/10_buildings/building_6/0006610/test/0006610_059.jpg
