building,occupant_id,split,image_path
building_9,0000099,reference,dataset_splits/10_buildings/building_9/0000099/reference/0000099_001.jpg
building_9,0000099,reference,dataset_splits/10_buildings/building_9/0000099/reference/0000099_009.jpg
building_9,0000099,reference,dataset_splits/10_buildings/building_9/0000099/reference/0000099_040.jpg
building_9,0000099,reference,dataset_splits/10_buildings/building_9/0000099/reference/0000099_042.jpg
building_9,0000099,reference,dataset_splits/10_buildings/building_9/0000099/reference/0000099_045.jpg
building_9,0000099,reference,dataset_splits/10_buildings/building_9/0000099/reference/0000099_049.jpg
building_9,0000099,reference,dataset_splits/10_buildings/building_9/0000099/reference/0000099_071.jpg
building_9,0000099,reference,dataset_splits/10_buildings/building_9/0000099/reference/0000099_073.jpg
building_9,0000099,reference,dataset_splits/10_buildings/building_9/0000099/reference/0000099_083.jpg
building_9,0000099,reference,dataset_splits/10_buildings/building_9/0000099/reference/0000099_093.jpg
building_9,0000099,reference,dataset_splits/10_buildings/building_9/0000099/reference/0000099_159.jpg
building_9,0000099,reference,dataset_splits/10_buildings/building_9/0000099/reference/0000099_184.jpg
building_9,0000099,reference,dataset_splits/10_buildings/building_9/0000099/reference/0000099_187.jpg
building_9,0000099,reference,dataset_splits/10_buildings/building_9/0000099/reference/0000099_212.jpg
building_9,0000099,reference,dataset_splits/10_buildings/building_9/0000099/reference/0000099_213.jpg
building_9,0000099,reference,dataset_splits/10_buildings/building_9/0000099/reference/0000099_222.jpg
building_9,0000099,reference,dataset_splits/10_buildings/building_9/0000099/reference/0000099_227.jpg
building_9,0000099,reference,dataset_splits/10_buildings/building_9/0000099/reference/0000099_229.jpg
building_9,0000099,reference,dataset_splits/10_buildings/building_9/0000099/reference/0000099_234.jpg
building_9,0000099,reference,dataset_splits/10_buildings/building_9/0000099/reference/0000099_238.jpg
building_9,0000099,test,dataset_splits/10_buildings/building_9/0000099/test/0000099_016.jpg
building_9,0000099,test,dataset_splits/10_buildings/building_9/0000099/test/0000099_021.jpg
building_9,0000099,test,dataset_splits/10_buildings/building_9/0000099/test/0000099_023.jpg
building_9,0000099,test,dataset_splits/10_buildings/building_9/0000099/test/0000099_024.jpg
building_9,0000099,test,dataset_splits/10_buildings/building_9/0000099/test/0000099_032.jpg
building_9,0000099,test,dataset_splits/10_buildings/building_9/0000099/test/0000099_078.jpg
building_9,0000099,test,dataset_splits/10_buildings/building_9/0000099/test/0000099_081.jpg
building_9,0000099,test,dataset_splits/10_buildings/building_9/0000099/test/0000099_086.jpg
building_9,0000099,test,dataset_splits/10_buildings/building_9/0000099/test/0000099_091.jpg
building_9,0000099,test,dataset_splits/10_buildings/building_9/0000099/test/0000099_097.jpg
building_9,0000099,test,dataset_splits/10_buildings/building_9/0000099/test/0000099_098.jpg
building_9,0000099,test,dataset_splits/10_buildings/building_9/0000099/test/0000099_105.jpg
building_9,0000099,test,dataset_splits/10_buildings/building_9/0000099/test/0000099_107.jpg
building_9,0000099,test,dataset_splits/10_buildings/building_9/0000099/test/0000099_162.jpg
building_9,0000099,test,dataset_splits/10_buildings/building_9/0000099/test/0000099_183.jpg
building_9,0000099,test,dataset_splits/10_buildings/building_9/0000099/test/0000099_197.jpg
building_9,0000099,test,dataset_splits/10_buildings/building_9/0000099/test/0000099_217.jpg
building_9,0000099,test,dataset_splits/10_buildings/building_9/0000099/test/0000099_235.jpg
building_9,0000099,test,dataset_splits/10_buildings/building_9/0000099/test/0000099_244.jpg
building_9,0000099,test,dataset_splits/10_buildings/building_9/0000099/test/0000099_257.jpg
building_9,0000100,reference,dataset_splits/10_buildings/building_9/0000100/reference/0000100_001.jpg
building_9,0000100,reference,dataset_splits/10_buildings/building_9/0000100/reference/0000100_002.jpg
building_9,0000100,reference,dataset_splits/10_buildings/building_9/0000100/reference/0000100_003.jpg
building_9,0000100,reference,dataset_splits/10_buildings/building_9/0000100/reference/0000100_004.jpg
building_9,0000100,reference,dataset_splits/10_buildings/building_9/0000100/reference/0000100_009.jpg
building_9,0000100,reference,dataset_splits/10_buildings/building_9/0000100/reference/0000100_013.jpg
building_9,0000100,reference,dataset_splits/10_buildings/building_9/0000100/reference/0000100_014.jpg
building_9,0000100,reference,dataset_splits/10_buildings/building_9/0000100/reference/0000100_018.jpg
building_9,0000100,reference,dataset_splits/10_buildings/building_9/0000100/reference/0000100_021.jpg
building_9,0000100,reference,dataset_splits/10_buildings/building_9/0000100/reference/0000100_023.jpg
building_9,0000100,reference,dataset_splits/10_buildings/building_9/0000100/reference/0000100_024.jpg
building_9,0000100,reference,dataset_splits/10_buildings/building_9/0000100/reference/0000100_028.jpg
building_9,0000100,reference,dataset_splits/10_buildings/building_9/0000100/reference/0000100_029.jpg
building_9,0000100,reference,dataset_splits/10_buildings/building_9/0000100/reference/0000100_035.jpg
building_9,0000100,reference,dataset_splits/10_buildings/building_9/0000100/reference/0000100_040.jpg
building_9,0000100,reference,dataset_splits/10_buildings/building_9/0000100/reference/0000100_051.jpg
building_9,0000100,reference,dataset_splits/10_buildings/building_9/0000100/reference/0000100_058.jpg
building_9,0000100,reference,dataset_splits/10_buildings/building_9/0000100/reference/0000100_059.jpg
building_9,0000100,reference,dataset_splits/10_buildings/building_9/0000100/reference/0000100_060.jpg
building_9,0000100,reference,dataset_splits/10_buildings/building_9/0000100/reference/0000100_065.jpg
building_9,0000100,test,dataset_splits/10_buildings/building_9/0000100/test/0000100_007.jpg
building_9,0000100,test,dataset_splits/10_buildings/building_9/0000100/test/0000100_008.jpg
building_9,0000100,test,dataset_splits/10_buildings/building_9/0000100/test/0000100_011.jpg
building_9,0000100,test,dataset_splits/10_buildings/building_9/0000100/test/0000100_012.jpg
building_9,0000100,test,dataset_splits/10_buildings/building_9/0000100/test/0000100_016.jpg
building_9,0000100,test,dataset_splits/10_buildings/building_9/0000100/test/0000100_019.jpg
building_9,0000100,test,dataset_splits/10_buildings/building_9/0000100/test/0000100_020.jpg
building_9,0000100,test,dataset_splits/10_buildings/building_9/0000100/test/0000100_027.jpg
building_9,0000100,test,dataset_splits/10_buildings/building_9/0000100/test/0000100_031.jpg
building_9,0000100,test,dataset_splits/10_buildings/building_9/0000100/test/0000100_032.jpg
building_9,0000100,test,dataset_splits/10_buildings/building_9/0000100/test/0000100_039.jpg
building_9,0000100,test,dataset_splits/10_buildings/building_9/0000100/test/0000100_043.jpg
building_9,0000100,test,dataset_splits/10_buildings/building_9/0000100/test/0000100_047.jpg
building_9,0000100,test,dataset_splits/10_buildings/building_9/0000100/test/0000100_049.jpg
building_9,0000100,test,dataset_splits/10_buildings/building_9/0000100/test/0000100_054.jpg
building_9,0000100,test,dataset_splits/10_buildings/building_9/0000100/test/0000100_055.jpg
building_9,0000100,test,dataset_splits/10_buildings/building_9/0000100/test/0000100_056.jpg
building_9,0000100,test,dataset_splits/10_buildings/building_9/0000100/test/0000100_061.jpg
building_9,0000100,test,dataset_splits/10_buildings/building_9/0000100/test/0000100_062.jpg
building_9,0000100,test,dataset_splits/10_buildings/building_9/0000100/test/0000100_069.jpg
building_9,0000137,reference,dataset_splits/10_buildings/building_9/0000137/reference/0000137_001.jpg
building_9,0000137,reference,dataset_splits/10_buildings/building_9/0000137/reference/0000137_003.jpg
building_9,0000137,reference,dataset_splits/10_buildings/building_9/0000137/reference/0000137_009.jpg
building_9,0000137,reference,dataset_splits/10_buildings/building_9/0000137/reference/0000137_010.jpg
building_9,0000137,reference,dataset_splits/10_buildings/building_9/0000137/reference/0000137_012.jpg
building_9,0000137,reference,dataset_splits/10_buildings/building_9/0000137/reference/0000137_015.jpg
building_9,0000137,reference,dataset_splits/10_buildings/building_9/0000137/reference/0000137_019.jpg
building_9,0000137,reference,dataset_splits/10_buildings/building_9/0000137/reference/0000137_021.jpg
building_9,0000137,reference,dataset_splits/10_buildings/building_9/0000137/reference/0000137_022.jpg
building_9,0000137,reference,dataset_splits/10_buildings/building_9/0000137/reference/0000137_025.jpg
building_9,0000137,reference,dataset_splits/10_buildings/building_9/0000137/reference/0000137_026.jpg
building_9,0000137,reference,dataset_splits/10_buildings/building_9/0000137/reference/0000137_027.jpg
building_9,0000137,reference,dataset_splits/10_buildings/building_9/0000137/reference/0000137_033.jpg
building_9,0000137,reference,dataset_splits/10_buildings/building_9/0000137/reference/0000137_036.jpg
building_9,0000137,reference,dataset_splits/10_buildings/building_9/0000137/reference/0000137_037.jpg
building_9,0000137,reference,dataset_splits/10_buildings/building_9/0000137/reference/0000137_041.jpg
building_9,0000137,reference,dataset_splits/10_buildings/building_9/0000137/reference/0000137_043.jpg
building_9,0000137,reference,dataset_splits/10_buildings/building_9/0000137/reference/0000137_047.jpg
building_9,0000137,reference,dataset_splits/10_buildings/building_9/0000137/reference/0000137_057.jpg
building_9,0000137,reference,dataset_splits/10_buildings/building_9/0000137/reference/0000137_066.jpg
building_9,0000137,test,dataset_splits/10_buildings/building_9/0000137/test/0000137_002.jpg
building_9,0000137,test,dataset_splits/10_buildings/building_9/0000137/test/0000137_005.jpg
building_9,0000137,test,dataset_splits/10_buildings/building_9/0000137/test/0000137_011.jpg
building_9,0000137,test,dataset_splits/10_buildings/building_9/0000137/test/0000137_020.jpg
building_9,0000137,test,dataset_splits/10_buildings/building_9/0000137/test/0000137_023.jpg
building_9,0000137,test,dataset_splits/10_buildings/building_9/0000137/test/0000137_029.jpg
building_9,0000137,test,dataset_splits/10_buildings/building_9/0000137/test/0000137_031.jpg
building_9,0000137,test,dataset_splits/10_buildings/building_9/0000137/test/0000137_032.jpg
building_9,0000137,test,dataset_splits/10_buildings/building_9/0000137/test/0000137_038.jpg
building_9,0000137,test,dataset_splits/10_buildings/building_9/0000137/test/0000137_039.jpg
building_9,0000137,test,dataset_splits/10_buildings/building_9/0000137/test/0000137_040.jpg
building_9,0000137,test,dataset_splits/10_buildings/building_9/0000137/test/0000137_046.jpg
building_9,0000137,test,dataset_splits/10_buildings/building_9/0000137/test/0000137_048.jpg
building_9,0000137,test,dataset_splits/10_buildings/building_9/0000137/test/0000137_051.jpg
building_9,0000137,test,dataset_splits/10_buildings/building_9/0000137/test/0000137_052.jpg
building_9,0000137,test,dataset_splits/10_buildings/building_9/0000137/test/0000137_054.jpg
building_9,0000137,test,dataset_splits/10_buildings/building_9/0000137/test/0000137_055.jpg
building_9,0000137,test,dataset_splits/10_buildings/building_9/0000137/test/0000137_059.jpg
building_9,0000137,test,dataset_splits/10_buildings/building_9/0000137/test/0000137_069.jpg
building_9,0000137,test,dataset_splits/10_buildings/building_9/0000137/test/0000137_070.jpg
building_9,0000202,reference,dataset_splits/10_buildings/building_9/0000202/reference/0000202_002.jpg
building_9,0000202,reference,dataset_splits/10_buildings/building_9/0000202/reference/0000202_003.jpg
building_9,0000202,reference,dataset_splits/10_buildings/building_9/0000202/reference/0000202_009.jpg
building_9,0000202,reference,dataset_splits/10_buildings/building_9/0000202/reference/0000202_012.jpg
building_9,0000202,reference,dataset_splits/10_buildings/building_9/0000202/reference/0000202_017.jpg
building_9,0000202,reference,dataset_splits/10_buildings/building_9/0000202/reference/0000202_023.jpg
building_9,0000202,reference,dataset_splits/10_buildings/building_9/0000202/reference/0000202_043.jpg
building_9,0000202,reference,dataset_splits/10_buildings/building_9/0000202/reference/0000202_047.jpg
building_9,0000202,reference,dataset_splits/10_buildings/building_9/0000202/reference/0000202_075.jpg
building_9,0000202,reference,dataset_splits/10_buildings/building_9/0000202/reference/0000202_098.jpg
building_9,0000202,reference,dataset_splits/10_buildings/building_9/0000202/reference/0000202_103.jpg
building_9,0000202,reference,dataset_splits/10_buildings/building_9/0000202/reference/0000202_105.jpg
building_9,0000202,reference,dataset_splits/10_buildings/building_9/0000202/reference/0000202_128.jpg
building_9,0000202,reference,dataset_splits/10_buildings/building_9/0000202/reference/0000202_140.jpg
building_9,0000202,reference,dataset_splits/10_buildings/building_9/0000202/reference/0000202_141.jpg
building_9,0000202,reference,dataset_splits/10_buildings/building_9/0000202/reference/0000202_161.jpg
building_9,0000202,reference,dataset_splits/10_buildings/building_9/0000202/reference/0000202_163.jpg
building_9,0000202,reference,dataset_splits/10_buildings/building_9/0000202/reference/0000202_172.jpg
building_9,0000202,reference,dataset_splits/10_buildings/building_9/0000202/reference/0000202_182.jpg
building_9,0000202,reference,dataset_splits/10_buildings/building_9/0000202/reference/0000202_204.jpg
building_9,0000202,test,dataset_splits/10_buildings/building_9/0000202/test/0000202_006.jpg
building_9,0000202,test,dataset_splits/10_buildings/building_9/0000202/test/0000202_007.jpg
building_9,0000202,test,dataset_splits/10_buildings/building_9/0000202/test/0000202_010.jpg
building_9,0000202,test,dataset_splits/10_buildings/building_9/0000202/test/0000202_027.jpg
building_9,0000202,test,dataset_splits/10_buildings/building_9/0000202/test/0000202_035.jpg
building_9,0000202,test,dataset_splits/10_buildings/building_9/0000202/test/0000202_037.jpg
building_9,0000202,test,dataset_splits/10_buildings/building_9/0000202/test/0000202_041.jpg
building_9,0000202,test,dataset_splits/10_buildings/building_9/0000202/test/0000202_081.jpg
building_9,0000202,test,dataset_splits/10_buildings/building_9/0000202/test/0000202_088.jpg
building_9,0000202,test,dataset_splits/10_buildings/building_9/0000202/test/0000202_094.jpg
building_9,0000202,test,dataset_splits/10_buildings/building_9/0000202/test/0000202_096.jpg
building_9,0000202,test,dataset_splits/10_buildings/building_9/0000202/test/0000202_099.jpg
building_9,0000202,test,dataset_splits/10_buildings/building_9/0000202/test/0000202_110.jpg
building_9,0000202,test,dataset_splits/10_buildings/building_9/0000202/test/0000202_118.jpg
building_9,0000202,test,dataset_splits/10_buildings/building_9/0000202/test/0000202_138.jpg
building_9,0000202,test,dataset_splits/10_buildings/building_9/0000202/test/0000202_153.jpg
building_9,0000202,test,dataset_splits/10_buildings/building_9/0000202/test/0000202_158.jpg
building_9,0000202,test,dataset_splits/10_buildings/building_9/0000202/test/0000202_164.jpg
building_9,0000202,test,dataset_splits/10_buildings/building_9/0000202/test/0000202_186.jpg
building_9,0000202,test,dataset_splits/10_buildings/building_9/0000202/test/0000202_193.jpg
building_9,0000211,reference,dataset_splits/10_buildings/building_9/0000211/reference/0000211_006.jpg
building_9,0000211,reference,dataset_splits/10_buildings/building_9/0000211/reference/0000211_007.jpg
building_9,0000211,reference,dataset_splits/10_buildings/building_9/0000211/reference/0000211_011.jpg
building_9,0000211,reference,dataset_splits/10_buildings/building_9/0000211/reference/0000211_015.jpg
building_9,0000211,reference,dataset_splits/10_buildings/building_9/0000211/reference/0000211_017.jpg
building_9,0000211,reference,dataset_splits/10_buildings/building_9/0000211/reference/0000211_019.jpg
building_9,0000211,reference,dataset_splits/10_buildings/building_9/0000211/reference/0000211_020.jpg
building_9,0000211,reference,dataset_splits/10_buildings/building_9/0000211/reference/0000211_021.jpg
building_9,0000211,reference,dataset_splits/10_buildings/building_9/0000211/reference/0000211_027.jpg
building_9,0000211,reference,dataset_splits/10_buildings/building_9/0000211/reference/0000211_028.jpg
building_9,0000211,reference,dataset_splits/10_buildings/building_9/0000211/reference/0000211_033.jpg
building_9,0000211,reference,dataset_splits/10_buildings/building_9/0000211/reference/0000211_034.jpg
building_9,0000211,reference,dataset_splits/10_buildings/building_9/0000211/reference/0000211_040.jpg
building_9,0000211,reference,dataset_splits/10_buildings/building_9/0000211/reference/0000211_041.jpg
building_9,0000211,reference,dataset_splits/10_buildings/building_9/0000211/reference/0000211_049.jpg
building_9,0000211,reference,dataset_splits/10_buildings/building_9/0000211/reference/0000211_050.jpg
building_9,0000211,reference,dataset_splits/10_buildings/building_9/0000211/reference/0000211_065.jpg
building_9,0000211,reference,dataset_splits/10_buildings/building_9/0000211/reference/0000211_073.jpg
building_9,0000211,reference,dataset_splits/10_buildings/building_9/0000211/reference/0000211_078.jpg
building_9,0000211,reference,dataset_splits/10_buildings/building_9/0000211/reference/0000211_079.jpg
building_9,0000211,test,dataset_splits/10_buildings/building_9/0000211/test/0000211_005.jpg
building_9,0000211,test,dataset_splits/10_buildings/building_9/0000211/test/0000211_008.jpg
building_9,0000211,test,dataset_splits/10_buildings/building_9/0000211/test/0000211_009.jpg
building_9,0000211,test,dataset_splits/10_buildings/building_9/0000211/test/0000211_013.jpg
building_9,0000211,test,dataset_splits/10_buildings/building_9/0000211/test/0000211_014.jpg
building_9,0000211,test,dataset_splits/10_buildings/building_9/0000211/test/0000211_018.jpg
building_9,0000211,test,dataset_splits/10_buildings/building_9/0000211/test/0000211_029.jpg
building_9,0000211,test,dataset_splits/10_buildings/building_9/0000211/test/0000211_032.jpg
building_9,0000211,test,dataset_splits/10_buildings/building_9/0000211/test/0000211_036.jpg
building_9,0000211,test,dataset_splits/10_buildings/building_9/0000211/test/0000211_038.jpg
building_9,0000211,test,dataset_splits/10_buildings/building_9/0000211/test/0000211_042.jpg
building_9,0000211,test,dataset_splits/10_buildings/building_9/0000211/test/0000211_043.jpg
building_9,0000211,test,dataset_splits/10_buildings/building_9/0000211/test/0000211_046.jpg
building_9,0000211,test,dataset_splits/10_buildings/building_9/0000211/test/0000211_048.jpg
building_9,0000211,test,dataset_splits/10_buildings/building_9/0000211/test/0000211_051.jpg
building_9,0000211,test,dataset_splits/10_buildings/building_9/0000211/test/0000211_052.jpg
building_9,0000211,test,dataset_splits/10_buildings/building_9/0000211/test/0000211_053.jpg
building_9,0000211,test,dataset_splits/10_buildings/building_9/0000211/test/0000211_068.jpg
building_9,0000211,test,dataset_splits/10_buildings/building_9/0000211/test/0000211_070.jpg
building_9,0000211,test,dataset_splits/10_buildings/building_9/0000211/test/0000211_074.jpg
building_9,0000249,reference,dataset_splits/10_buildings/building_9/0000249/reference/0000249_006.jpg
building_9,0000249,reference,dataset_splits/10_buildings/building_9/0000249/reference/0000249_013.jpg
building_9,0000249,reference,dataset_splits/10_buildings/building_9/0000249/reference/0000249_014.jpg
building_9,0000249,reference,dataset_splits/10_buildings/building_9/0000249/reference/0000249_021.jpg
building_9,0000249,reference,dataset_splits/10_buildings/building_9/0000249/reference/0000249_024.jpg
building_9,0000249,reference,dataset_splits/10_buildings/building_9/0000249/reference/0000249_039.jpg
building_9,0000249,reference,dataset_splits/10_buildings/building_9/0000249/reference/0000249_043.jpg
building_9,0000249,reference,dataset_splits/10_buildings/building_9/0000249/reference/0000249_049.jpg
building_9,0000249,reference,dataset_splits/10_buildings/building_9/0000249/reference/0000249_064.jpg
building_9,0000249,reference,dataset_splits/10_buildings/building_9/0000249/reference/0000249_068.jpg
building_9,0000249,reference,dataset_splits/10_buildings/building_9/0000249/reference/0000249_075.jpg
building_9,0000249,reference,dataset_splits/10_buildings/building_9/0000249/reference/0000249_076.jpg
building_9,0000249,reference,dataset_splits/10_buildings/building_9/0000249/reference/0000249_078.jpg
building_9,0000249,reference,dataset_splits/10_buildings/building_9/0000249/reference/0000249_080.jpg
building_9,0000249,reference,dataset_splits/10_buildings/building_9/0000249/reference/0000249_088.jpg
building_9,0000249,reference,dataset_splits/10_buildings/building_9/0000249/reference/0000249_093.jpg
building_9,0000249,reference,dataset_splits/10_buildings/building_9/0000249/reference/0000249_096.jpg
building_9,0000249,reference,dataset_splits/10_buildings/building_9/0000249/reference/0000249_111.jpg
building_9,0000249,reference,dataset_splits/10_buildings/building_9/0000249/reference/0000249_124.jpg
building_9,0000249,reference,dataset_splits/10_buildings/building_9/0000249/reference/0000249_163.jpg
building_9,0000249,test,dataset_splits/10_buildings/building_9/0000249/test/0000249_011.jpg
building_9,0000249,test,dataset_splits/10_buildings/building_9/0000249/test/0000249_018.jpg
building_9,0000249,test,dataset_splits/10_buildings/building_9/0000249/test/0000249_028.jpg
building_9,0000249,test,dataset_splits/10_buildings/building_9/0000249/test/0000249_037.jpg
building_9,0000249,test,dataset_splits/10_buildings/building_9/0000249/test/0000249_038.jpg
building_9,0000249,test,dataset_splits/10_buildings/building_9/0000249/test/0000249_046.jpg
building_9,0000249,test,dataset_splits/10_buildings/building_9/0000249/test/0000249_052.jpg
building_9,0000249,test,dataset_splits/10_buildings/building_9/0000249/test/0000249_056.jpg
building_9,0000249,test,dataset_splits/10_buildings/building_9/0000249/test/0000249_061.jpg
building_9,0000249,test,dataset_splits/10_buildings/building_9/0000249/test/0000249_063.jpg
building_9,0000249,test,dataset_splits/10_buildings/building_9/0000249/test/0000249_107.jpg
building_9,0000249,test,dataset_splits/10_buildings/building_9/0000249/test/0000249_109.jpg
building_9,0000249,test,dataset_splits/10_buildings/building_9/0000249/test/0000249_123.jpg
building_9,0000249,test,dataset_splits/10_buildings/building_9/0000249/test/0000249_133.jpg
building_9,0000249,test,dataset_splits/10_buildings/building_9/0000249/test/0000249_136.jpg
building_9,0000249,test,dataset_splits/10_buildings/building_9/0000249/test/0000249_146.jpg
building_9,0000249,test,dataset_splits/10_buildings/building_9/0000249/test/0000249_152.jpg
building_9,0000249,test,dataset_splits/10_buildings/building_9/0000249/test/0000249_156.jpg
building_9,0000249,test,dataset_splits/10_buildings/building_9/0000249/test/0000249_167.jpg
building_9,0000249,test,dataset_splits/10_buildings/building_9/0000249/test/0000249_174.jpg
building_9,0000268,reference,dataset_splits/10_buildings/building_9/0000268/reference/0000268_005.jpg
building_9,0000268,reference,dataset_splits/10_buildings/building_9/0000268/reference/0000268_008.jpg
building_9,0000268,reference,dataset_splits/10_buildings/building_9/0000268/reference/0000268_012.jpg
building_9,0000268,reference,dataset_splits/10_buildings/building_9/0000268/reference/0000268_018.jpg
building_9,0000268,reference,dataset_splits/10_buildings/building_9/0000268/reference/0000268_019.jpg
building_9,0000268,reference,dataset_splits/10_buildings/building_9/0000268/reference/0000268_045.jpg
building_9,0000268,reference,dataset_splits/10_buildings/building_9/0000268/reference/0000268_069.jpg
building_9,0000268,reference,dataset_splits/10_buildings/building_9/0000268/reference/0000268_072.jpg
building_9,0000268,reference,dataset_splits/10_buildings/building_9/0000268/reference/0000268_074.jpg
building_9,0000268,reference,dataset_splits/10_buildings/building_9/0000268/reference/0000268_085.jpg
building_9,0000268,reference,dataset_splits/10_buildings/building_9/0000268/reference/0000268_093.jpg
building_9,0000268,reference,dataset_splits/10_buildings/building_9/0000268/reference/0000268_097.jpg
building_9,0000268,reference,dataset_splits/10_buildings/building_9/0000268/reference/0000268_099.jpg
building_9,0000268,reference,dataset_splits/10_buildings/building_9/0000268/reference/0000268_102.jpg
building_9,0000268,reference,dataset_splits/10_buildings/building_9/0000268/reference/0000268_106.jpg
building_9,0000268,reference,dataset_splits/10_buildings/building_9/0000268/reference/0000268_107.jpg
building_9,0000268,reference,dataset_splits/10_buildings/building_9/0000268/reference/0000268_112.jpg
building_9,0000268,reference,dataset_splits/10_buildings/building_9/0000268/reference/0000268_116.jpg
building_9,0000268,reference,dataset_splits/10_buildings/building_9/0000268/reference/0000268_121.jpg
building_9,0000268,reference,dataset_splits/10_buildings/building_9/0000268/reference/0000268_122.jpg
building_9,0000268,test,dataset_splits/10_buildings/building_9/0000268/test/0000268_007.jpg
building_9,0000268,test,dataset_splits/10_buildings/building_9/0000268/test/0000268_017.jpg
building_9,0000268,test,dataset_splits/10_buildings/building_9/0000268/test/0000268_020.jpg
building_9,0000268,test,dataset_splits/10_buildings/building_9/0000268/test/0000268_029.jpg
building_9,0000268,test,dataset_splits/10_buildings/building_9/0000268/test/0000268_042.jpg
building_9,0000268,test,dataset_splits/10_buildings/building_9/0000268/test/0000268_053.jpg
building_9,0000268,test,dataset_splits/10_buildings/building_9/0000268/test/0000268_061.jpg
building_9,0000268,test,dataset_splits/10_buildings/building_9/0000268/test/0000268_063.jpg
building_9,0000268,test,dataset_splits/10_buildings/building_9/0000268/test/0000268_065.jpg
building_9,0000268,test,dataset_splits/10_buildings/building_9/0000268/test/0000268_068.jpg
building_9,0000268,test,dataset_splits/10_buildings/building_9/0000268/test/0000268_070.jpg
building_9,0000268,test,dataset_splits/10_buildings/building_9/0000268/test/0000268_075.jpg
building_9,0000268,test,dataset_splits/10_buildings/building_9/0000268/test/0000268_076.jpg
building_9,0000268,test,dataset_splits/10_buildings/building_9/0000268/test/0000268_077.jpg
building_9,0000268,test,dataset_splits/10_buildings/building_9/0000268/test/0000268_083.jpg
building_9,0000268,test,dataset_splits/10_buildings/building_9/0000268/test/0000268_087.jpg
building_9,0000268,test,dataset_splits/10_buildings/building_9/0000268/test/0000268_101.jpg
building_9,0000268,test,dataset_splits/10_buildings/building_9/0000268/test/0000268_109.jpg
building_9,0000268,test,dataset_splits/10_buildings/building_9/0000268/test/0000268_117.jpg
building_9,0000268,test,dataset_splits/10_buildings/building_9/0000268/test/0000268_123.jpg
building_9,0000302,reference,dataset_splits/10_buildings/building_9/0000302/reference/0000302_010.jpg
building_9,0000302,reference,dataset_splits/10_buildings/building_9/0000302/reference/0000302_011.jpg
building_9,0000302,reference,dataset_splits/10_buildings/building_9/0000302/reference/0000302_021.jpg
building_9,0000302,reference,dataset_splits/10_buildings/building_9/0000302/reference/0000302_022.jpg
building_9,0000302,reference,dataset_splits/10_buildings/building_9/0000302/reference/0000302_052.jpg
building_9,0000302,reference,dataset_splits/10_buildings/building_9/0000302/reference/0000302_053.jpg
building_9,0000302,reference,dataset_splits/10_buildings/building_9/0000302/reference/0000302_055.jpg
building_9,0000302,reference,dataset_splits/10_buildings/building_9/0000302/reference/0000302_065.jpg
building_9,0000302,reference,dataset_splits/10_buildings/building_9/0000302/reference/0000302_066.jpg
building_9,0000302,reference,dataset_splits/10_buildings/building_9/0000302/reference/0000302_070.jpg
building_9,0000302,reference,dataset_splits/10_buildings/building_9/0000302/reference/0000302_071.jpg
building_9,0000302,reference,dataset_splits/10_buildings/building_9/0000302/reference/0000302_088.jpg
building_9,0000302,reference,dataset_splits/10_buildings/building_9/0000302/reference/0000302_093.jpg
building_9,0000302,reference,dataset_splits/10_buildings/building_9/0000302/reference/0000302_101.jpg
building_9,0000302,reference,dataset_splits/10_buildings/building_9/0000302/reference/0000302_106.jpg
building_9,0000302,reference,dataset_splits/10_buildings/building_9/0000302/reference/0000302_108.jpg
building_9,0000302,reference,dataset_splits/10_buildings/building_9/0000302/reference/0000302_112.jpg
building_9,0000302,reference,dataset_splits/10_buildings/building_9/0000302/reference/0000302_118.jpg
building_9,0000302,reference,dataset_splits/10_buildings/building_9/0000302/reference/0000302_123.jpg
building_9,0000302,reference,dataset_splits/10_buildings/building_9/0000302/reference/0000302_126.jpg
building_9,0000302,test,dataset_splits/10_buildings/building_9/0000302/test/0000302_003.jpg
building_9,0000302,test,dataset_splits/10_buildings/building_9/0000302/test/0000302_007.jpg
building_9,0000302,test,dataset_splits/10_buildings/building_9/0000302/test/0000302_014.jpg
building_9,0000302,test,dataset_splits/10_buildings/building_9/0000302/test/0000302_020.jpg
building_9,0000302,test,dataset_splits/10_buildings/building_9/0000302/test/0000302_038.jpg
building_9,0000302,test,dataset_splits/10_buildings/building_9/0000302/test/0000302_043.jpg
building_9,0000302,test,dataset_splits/10_buildings/building_9/0000302/test/0000302_056.jpg
building_9,0000302,test,dataset_splits/10_buildings/building_9/0000302/test/0000302_063.jpg
building_9,0000302,test,dataset_splits/10_buildings/building_9/0000302/test/0000302_069.jpg
building_9,0000302,test,dataset_splits/10_buildings/building_9/0000302/test/0000302_077.jpg
building_9,0000302,test,dataset_splits/10_buildings/building_9/0000302/test/0000302_081.jpg
building_9,0000302,test,dataset_splits/10_buildings/building_9/0000302/test/0000302_082.jpg
building_9,0000302,test,dataset_splits/10_buildings/building_9/0000302/test/0000302_083.jpg
building_9,0000302,test,dataset_splits/10_buildings/building_9/0000302/test/0000302_098.jpg
building_9,0000302,test,dataset_splits/10_buildings/building_9/0000302/test/0000302_110.jpg
building_9,0000302,test,dataset_splits/10_buildings/building_9/0000302/test/0000302_127.jpg
building_9,0000302,test,dataset_splits/10_buildings/building_9/0000302/test/0000302_136.jpg
building_9,0000302,test,dataset_splits/10_buildings/building_9/0000302/test/0000302_139.jpg
building_9,0000302,test,dataset_splits/10_buildings/building_9/0000302/test/0000302_141.jpg
building_9,0000302,test,dataset_splits/10_buildings/building_9/0000302/test/0000302_148.jpg
building_9,0000342,reference,dataset_splits/10_buildings/building_9/0000342/reference/0000342_003.jpg
building_9,0000342,reference,dataset_splits/10_buildings/building_9/0000342/reference/0000342_004.jpg
building_9,0000342,reference,dataset_splits/10_buildings/building_9/0000342/reference/0000342_012.jpg
building_9,0000342,reference,dataset_splits/10_buildings/building_9/0000342/reference/0000342_020.jpg
building_9,0000342,reference,dataset_splits/10_buildings/building_9/0000342/reference/0000342_021.jpg
building_9,0000342,reference,dataset_splits/10_buildings/building_9/0000342/reference/0000342_031.jpg
building_9,0000342,reference,dataset_splits/10_buildings/building_9/0000342/reference/0000342_032.jpg
building_9,0000342,reference,dataset_splits/10_buildings/building_9/0000342/reference/0000342_039.jpg
building_9,0000342,reference,dataset_splits/10_buildings/building_9/0000342/reference/0000342_040.jpg
building_9,0000342,reference,dataset_splits/10_buildings/building_9/0000342/reference/0000342_042.jpg
building_9,0000342,reference,dataset_splits/10_buildings/building_9/0000342/reference/0000342_050.jpg
building_9,0000342,reference,dataset_splits/10_buildings/building_9/0000342/reference/0000342_055.jpg
building_9,0000342,reference,dataset_splits/10_buildings/building_9/0000342/reference/0000342_069.jpg
building_9,0000342,reference,dataset_splits/10_buildings/building_9/0000342/reference/0000342_071.jpg
building_9,0000342,reference,dataset_splits/10_buildings/building_9/0000342/reference/0000342_074.jpg
building_9,0000342,reference,dataset_splits/10_buildings/building_9/0000342/reference/0000342_077.jpg
building_9,0000342,reference,dataset_splits/10_buildings/building_9/0000342/reference/0000342_081.jpg
building_9,0000342,reference,dataset_splits/10_buildings/building_9/0000342/reference/0000342_086.jpg
building_9,0000342,reference,dataset_splits/10_buildings/building_9/0000342/reference/0000342_096.jpg
building_9,0000342,reference,dataset_splits/10_buildings/building_9/0000342/reference/0000342_099.jpg
building_9,0000342,test,dataset_splits/10_buildings/building_9/0000342/test/0000342_002.jpg
building_9,0000342,test,dataset_splits/10_buildings/building_9/0000342/test/0000342_009.jpg
building_9,0000342,test,dataset_splits/10_buildings/building_9/0000342/test/0000342_011.jpg
building_9,0000342,test,dataset_splits/10_buildings/building_9/0000342/test/0000342_013.jpg
building_9,0000342,test,dataset_splits/10_buildings/building_9/0000342/test/0000342_018.jpg
building_9,0000342,test,dataset_splits/10_buildings/building_9/0000342/test/0000342_019.jpg
building_9,0000342,test,dataset_splits/10_buildings/building_9/0000342/test/0000342_022.jpg
building_9,0000342,test,dataset_splits/10_buildings/building_9/0000342/test/0000342_024.jpg
building_9,0000342,test,dataset_splits/10_buildings/building_9/0000342/test/0000342_027.jpg
building_9,0000342,test,dataset_splits/10_buildings/building_9/0000342/test/0000342_029.jpg
building_9,0000342,test,dataset_splits/10_buildings/building_9/0000342/test/0000342_047.jpg
building_9,0000342,test,dataset_splits/10_buildings/building_9/0000342/test/0000342_048.jpg
building_9,0000342,test,dataset_splits/10_buildings/building_9/0000342/test/0000342_053.jpg
building_9,0000342,test,dataset_splits/10_buildings/building_9/0000342/test/0000342_059.jpg
building_9,0000342,test,dataset_splits/10_buildings/building_9/0000342/test/0000342_061.jpg
building_9,0000342,test,dataset_splits/10_buildings/building_9/0000342/test/0000342_065.jpg
building_9,0000342,test,dataset_splits/10_buildings/building_9/0000342/test/0000342_072.jpg
building_9,0000342,test,dataset_splits/10_buildings/building_9/0000342/test/0000342_080.jpg
building_9,0000342,test,dataset_splits/10_buildings/building_9/0000342/test/0000342_084.jpg
building_9,0000342,test,dataset_splits/10_buildings/building_9/0000342/test/0000342_094.jpg
building_9,0000343,reference,dataset_splits/10_buildings/building_9/0000343/reference/0000343_005.jpg
building_9,0000343,reference,dataset_splits/10_buildings/building_9/0000343/reference/0000343_009.jpg
building_9,0000343,reference,dataset_splits/10_buildings/building_9/0000343/reference/0000343_011.jpg
building_9,0000343,reference,dataset_splits/10_buildings/building_9/0000343/reference/0000343_020.jpg
building_9,0000343,reference,dataset_splits/10_buildings/building_9/0000343/reference/0000343_033.jpg
building_9,0000343,reference,dataset_splits/10_buildings/building_9/0000343/reference/0000343_039.jpg
building_9,0000343,reference,dataset_splits/10_buildings/building_9/0000343/reference/0000343_043.jpg
building_9,0000343,reference,dataset_splits/10_buildings/building_9/0000343/reference/0000343_051.jpg
building_9,0000343,reference,dataset_splits/10_buildings/building_9/0000343/reference/0000343_053.jpg
building_9,0000343,reference,dataset_splits/10_buildings/building_9/0000343/reference/0000343_054.jpg
building_9,0000343,reference,dataset_splits/10_buildings/building_9/0000343/reference/0000343_056.jpg
building_9,0000343,reference,dataset_splits/10_buildings/building_9/0000343/reference/0000343_057.jpg
building_9,0000343,reference,dataset_splits/10_buildings/building_9/0000343/reference/0000343_064.jpg
building_9,0000343,reference,dataset_splits/10_buildings/building_9/0000343/reference/0000343_069.jpg
building_9,0000343,reference,dataset_splits/10_buildings/building_9/0000343/reference/0000343_071.jpg
building_9,0000343,reference,dataset_splits/10_buildings/building_9/0000343/reference/0000343_074.jpg
building_9,0000343,reference,dataset_splits/10_buildings/building_9/0000343/reference/0000343_076.jpg
building_9,0000343,reference,dataset_splits/10_buildings/building_9/0000343/reference/0000343_081.jpg
building_9,0000343,reference,dataset_splits/10_buildings/building_9/0000343/reference/0000343_082.jpg
building_9,0000343,reference,dataset_splits/10_buildings/building_9/0000343/reference/0000343_085.jpg
building_9,0000343,test,dataset_splits/10_buildings/building_9/0000343/test/0000343_001.jpg
building_9,0000343,test,dataset_splits/10_buildings/building_9/0000343/test/0000343_002.jpg
building_9,0000343,test,dataset_splits/10_buildings/building_9/0000343/test/0000343_006.jpg
building_9,0000343,test,dataset_splits/10_buildings/building_9/0000343/test/0000343_007.jpg
building_9,0000343,test,dataset_splits/10_buildings/building_9/0000343/test/0000343_010.jpg
building_9,0000343,test,dataset_splits/10_buildings/building_9/0000343/test/0000343_016.jpg
building_9,0000343,test,dataset_splits/10_buildings/building_9/0000343/test/0000343_017.jpg
building_9,0000343,test,dataset_splits/10_buildings/building_9/0000343/test/0000343_022.jpg
building_9,0000343,test,dataset_splits/10_buildings/building_9/0000343/test/0000343_026.jpg
building_9,0000343,test,dataset_splits/10_buildings/building_9/0000343/test/0000343_030.jpg
building_9,0000343,test,dataset_splits/10_buildings/building_9/0000343/test/0000343_031.jpg
building_9,0000343,test,dataset_splits/10_buildings/building_9/0000343/test/0000343_036.jpg
building_9,0000343,test,dataset_splits/10_buildings/building_9/0000343/test/0000343_049.jpg
building_9,0000343,test,dataset_splits/10_buildings/building_9/0000343/test/0000343_059.jpg
building_9,0000343,test,dataset_splits/10_buildings/building_9/0000343/test/0000343_061.jpg
building_9,0000343,test,dataset_splits/10_buildings/building_9/0000343/test/0000343_063.jpg
building_9,0000343,test,dataset_splits/10_buildings/building_9/0000343/test/0000343_068.jpg
building_9,0000343,test,dataset_splits/10_buildings/building_9/0000343/test/0000343_078.jpg
building_9,0000343,test,dataset_splits/10_buildings/building_9/0000343/test/0000343_083.jpg
building_9,0000343,test,dataset_splits/10_buildings/building_9/0000343/test/0000343_084.jpg
building_9,0000405,reference,dataset_splits/10_buildings/building_9/0000405/reference/0000405_004.jpg
building_9,0000405,reference,dataset_splits/10_buildings/building_9/0000405/reference/0000405_005.jpg
building_9,0000405,reference,dataset_splits/10_buildings/building_9/0000405/reference/0000405_008.jpg
building_9,0000405,reference,dataset_splits/10_buildings/building_9/0000405/reference/0000405_009.jpg
building_9,0000405,reference,dataset_splits/10_buildings/building_9/0000405/reference/0000405_010.jpg
building_9,0000405,reference,dataset_splits/10_buildings/building_9/0000405/reference/0000405_017.jpg
building_9,0000405,reference,dataset_splits/10_buildings/building_9/0000405/reference/0000405_018.jpg
building_9,0000405,reference,dataset_splits/10_buildings/building_9/0000405/reference/0000405_019.jpg
building_9,0000405,reference,dataset_splits/10_buildings/building_9/0000405/reference/0000405_020.jpg
building_9,0000405,reference,dataset_splits/10_buildings/building_9/0000405/reference/0000405_021.jpg
building_9,0000405,reference,dataset_splits/10_buildings/building_9/0000405/reference/0000405_031.jpg
building_9,0000405,reference,dataset_splits/10_buildings/building_9/0000405/reference/0000405_039.jpg
building_9,0000405,reference,dataset_splits/10_buildings/building_9/0000405/reference/0000405_041.jpg
building_9,0000405,reference,dataset_splits/10_buildings/building_9/0000405/reference/0000405_046.jpg
building_9,0000405,reference,dataset_splits/10_buildings/building_9/0000405/reference/0000405_049.jpg
building_9,0000405,reference,dataset_splits/10_buildings/building_9/0000405/reference/0000405_055.jpg
building_9,0000405,reference,dataset_splits/10_buildings/building_9/0000405/reference/0000405_063.jpg
building_9,0000405,reference,dataset_splits/10_buildings/building_9/0000405/reference/0000405_064.jpg
building_9,0000405,reference,dataset_splits/10_buildings/building_9/0000405/reference/0000405_068.jpg
building_9,0000405,reference,dataset_splits/10_buildings/building_9/0000405/reference/0000405_077.jpg
building_9,0000405,test,dataset_splits/10_buildings/building_9/0000405/test/0000405_002.jpg
building_9,0000405,test,dataset_splits/10_buildings/building_9/0000405/test/0000405_006.jpg
building_9,0000405,test,dataset_splits/10_buildings/building_9/0000405/test/0000405_015.jpg
building_9,0000405,test,dataset_splits/10_buildings/building_9/0000405/test/0000405_026.jpg
building_9,0000405,test,dataset_splits/10_buildings/building_9/0000405/test/0000405_029.jpg
building_9,0000405,test,dataset_splits/10_buildings/building_9/0000405/test/0000405_036.jpg
building_9,0000405,test,dataset_splits/10_buildings/building_9/0000405/test/0000405_038.jpg
building_9,0000405,test,dataset_splits/10_buildings/building_9/0000405/test/0000405_044.jpg
building_9,0000405,test,dataset_splits/10_buildings/building_9/0000405/test/0000405_048.jpg
building_9,0000405,test,dataset_splits/10_buildings/building_9/0000405/test/0000405_051.jpg
building_9,0000405,test,dataset_splits/10_buildings/building_9/0000405/test/0000405_054.jpg
building_9,0000405,test,dataset_splits/10_buildings/building_9/0000405/test/0000405_056.jpg
building_9,0000405,test,dataset_splits/10_buildings/building_9/0000405/test/0000405_059.jpg
building_9,0000405,test,dataset_splits/10_buildings/building_9/0000405/test/0000405_061.jpg
building_9,0000405,test,dataset_splits/10_buildings/building_9/0000405/test/0000405_062.jpg
building_9,0000405,test,dataset_splits/10_buildings/building_9/0000405/test/0000405_066.jpg
building_9,0000405,test,dataset_splits/10_buildings/building_9/0000405/test/0000405_076.jpg
building_9,0000405,test,dataset_splits/10_buildings/building_9/0000405/test/0000405_078.jpg
building_9,0000405,test,dataset_splits/10_buildings/building_9/0000405/test/0000405_079.jpg
building_9,0000405,test,dataset_splits/10_buildings/building_9/0000405/test/0000405_080.jpg
building_9,0000413,reference,dataset_splits/10_buildings/building_9/0000413/reference/0000413_003.jpg
building_9,0000413,reference,dataset_splits/10_buildings/building_9/0000413/reference/0000413_019.jpg
building_9,0000413,reference,dataset_splits/10_buildings/building_9/0000413/reference/0000413_031.jpg
building_9,0000413,reference,dataset_splits/10_buildings/building_9/0000413/reference/0000413_032.jpg
building_9,0000413,reference,dataset_splits/10_buildings/building_9/0000413/reference/0000413_034.jpg
building_9,0000413,reference,dataset_splits/10_buildings/building_9/0000413/reference/0000413_040.jpg
building_9,0000413,reference,dataset_splits/10_buildings/building_9/0000413/reference/0000413_046.jpg
building_9,0000413,reference,dataset_splits/10_buildings/building_9/0000413/reference/0000413_047.jpg
building_9,0000413,reference,dataset_splits/10_buildings/building_9/0000413/reference/0000413_051.jpg
building_9,0000413,reference,dataset_splits/10_buildings/building_9/0000413/reference/0000413_063.jpg
building_9,0000413,reference,dataset_splits/10_buildings/building_9/0000413/reference/0000413_071.jpg
building_9,0000413,reference,dataset_splits/10_buildings/building_9/0000413/reference/0000413_074.jpg
building_9,0000413,reference,dataset_splits/10_buildings/building_9/0000413/reference/0000413_075.jpg
building_9,0000413,reference,dataset_splits/10_buildings/building_9/0000413/reference/0000413_077.jpg
building_9,0000413,reference,dataset_splits/10_buildings/building_9/0000413/reference/0000413_080.jpg
building_9,0000413,reference,dataset_splits/10_buildings/building_9/0000413/reference/0000413_086.jpg
building_9,0000413,reference,dataset_splits/10_buildings/building_9/0000413/reference/0000413_087.jpg
building_9,0000413,reference,dataset_splits/10_buildings/building_9/0000413/reference/0000413_090.jpg
building_9,0000413,reference,dataset_splits/10_buildings/building_9/0000413/reference/0000413_091.jpg
building_9,0000413,reference,dataset_splits/10_buildings/building_9/0000413/reference/0000413_096.jpg
building_9,0000413,test,dataset_splits/10_buildings/building_9/0000413/test/0000413_001.jpg
building_9,0000413,test,dataset_splits/10_buildings/building_9/0000413/test/0000413_002.jpg
building_9,0000413,test,dataset_splits/10_buildings/building_9/0000413/test/0000413_004.jpg
building_9,0000413,test,dataset_splits/10_buildings/building_9/0000413/test/0000413_006.jpg
building_9,0000413,test,dataset_splits/10_buildings/building_9/0000413/test/0000413_008.jpg
building_9,0000413,test,dataset_splits/10_buildings/building_9/0000413/test/0000413_017.jpg
building_9,0000413,test,dataset_splits/10_buildings/building_9/0000413/test/0000413_024.jpg
building_9,0000413,test,dataset_splits/10_buildings/building_9/0000413/test/0000413_030.jpg
building_9,0000413,test,dataset_splits/10_buildings/building_9/0000413/test/0000413_033.jpg
building_9,0000413,test,dataset_splits/10_buildings/building_9/0000413/test/0000413_037.jpg
building_9,0000413,test,dataset_splits/10_buildings/building_9/0000413/test/0000413_041.jpg
building_9,0000413,test,dataset_splits/10_buildings/building_9/0000413/test/0000413_045.jpg
building_9,0000413,test,dataset_splits/10_buildings/building_9/0000413/test/0000413_053.jpg
building_9,0000413,test,dataset_splits/10_buildings/building_9/0000413/test/0000413_059.jpg
building_9,0000413,test,dataset_splits/10_buildings/building_9/0000413/test/0000413_064.jpg
building_9,0000413,test,dataset_splits/10_buildings/building_9/0000413/test/0000413_072.jpg
building_9,0000413,test,dataset_splits/10_buildings/building_9/0000413/test/0000413_078.jpg
building_9,0000413,test,dataset_splits/10_buildings/building_9/0000413/test/0000413_082.jpg
building_9,0000413,test,dataset_splits/10_buildings/building_9/0000413/test/0000413_083.jpg
building_9,0000413,test,dataset_splits/10_buildings/building_9/0000413/test/0000413_093.jpg
building_9,0000431,reference,dataset_splits/10_buildings/building_9/0000431/reference/0000431_006.jpg
building_9,0000431,reference,dataset_splits/10_buildings/building_9/0000431/reference/0000431_008.jpg
building_9,0000431,reference,dataset_splits/10_buildings/building_9/0000431/reference/0000431_012.jpg
building_9,0000431,reference,dataset_splits/10_buildings/building_9/0000431/reference/0000431_013.jpg
building_9,0000431,reference,dataset_splits/10_buildings/building_9/0000431/reference/0000431_014.jpg
building_9,0000431,reference,dataset_splits/10_buildings/building_9/0000431/reference/0000431_017.jpg
building_9,0000431,reference,dataset_splits/10_buildings/building_9/0000431/reference/0000431_020.jpg
building_9,0000431,reference,dataset_splits/10_buildings/building_9/0000431/reference/0000431_023.jpg
building_9,0000431,reference,dataset_splits/10_buildings/building_9/0000431/reference/0000431_025.jpg
building_9,0000431,reference,dataset_splits/10_buildings/building_9/0000431/reference/0000431_029.jpg
building_9,0000431,reference,dataset_splits/10_buildings/building_9/0000431/reference/0000431_035.jpg
building_9,0000431,reference,dataset_splits/10_buildings/building_9/0000431/reference/0000431_039.jpg
building_9,0000431,reference,dataset_splits/10_buildings/building_9/0000431/reference/0000431_040.jpg
building_9,0000431,reference,dataset_splits/10_buildings/building_9/0000431/reference/0000431_041.jpg
building_9,0000431,reference,dataset_splits/10_buildings/building_9/0000431/reference/0000431_042.jpg
building_9,0000431,reference,dataset_splits/10_buildings/building_9/0000431/reference/0000431_051.jpg
building_9,0000431,reference,dataset_splits/10_buildings/building_9/0000431/reference/0000431_053.jpg
building_9,0000431,reference,dataset_splits/10_buildings/building_9/0000431/reference/0000431_056.jpg
building_9,0000431,reference,dataset_splits/10_buildings/building_9/0000431/reference/0000431_058.jpg
building_9,0000431,reference,dataset_splits/10_buildings/building_9/0000431/reference/0000431_062.jpg
building_9,0000431,test,dataset_splits/10_buildings/building_9/0000431/test/0000431_001.jpg
building_9,0000431,test,dataset_splits/10_buildings/building_9/0000431/test/0000431_002.jpg
building_9,0000431,test,dataset_splits/10_buildings/building_9/0000431/test/0000431_005.jpg
building_9,0000431,test,dataset_splits/10_buildings/building_9/0000431/test/0000431_016.jpg
building_9,0000431,test,dataset_splits/10_buildings/building_9/0000431/test/0000431_019.jpg
building_9,0000431,test,dataset_splits/10_buildings/building_9/0000431/test/0000431_024.jpg
building_9,0000431,test,dataset_splits/10_buildings/building_9/0000431/test/0000431_026.jpg
building_9,0000431,test,dataset_splits/10_buildings/building_9/0000431/test/0000431_028.jpg
building_9,0000431,test,dataset_splits/10_buildings/building_9/0000431/test/0000431_030.jpg
building_9,0000431,test,dataset_splits/10_buildings/building_9/0000431/test/0000431_032.jpg
building_9,0000431,test,dataset_splits/10_buildings/building_9/0000431/test/0000431_034.jpg
building_9,0000431,test,dataset_splits/10_buildings/building_9/0000431/test/0000431_037.jpg
building_9,0000431,test,dataset_splits/10_buildings/building_9/0000431/test/0000431_038.jpg
building_9,0000431,test,dataset_splits/10_buildings/building_9/0000431/test/0000431_044.jpg
building_9,0000431,test,dataset_splits/10_buildings/building_9/0000431/test/0000431_045.jpg
building_9,0000431,test,dataset_splits/10_buildings/building_9/0000431/test/0000431_046.jpg
building_9,0000431,test,dataset_splits/10_buildings/building_9/0000431/test/0000431_047.jpg
building_9,0000431,test,dataset_splits/10_buildings/building_9/0000431/test/0000431_049.jpg
building_9,0000431,test,dataset_splits/10_buildings/building_9/0000431/test/0000431_050.jpg
building_9,0000431,test,dataset_splits/10_buildings/building_9/0000431/test/0000431_052.jpg
building_9,0000463,reference,dataset_splits/10_buildings/building_9/0000463/reference/0000463_002.jpg
building_9,0000463,reference,dataset_splits/10_buildings/building_9/0000463/reference/0000463_005.jpg
building_9,0000463,reference,dataset_splits/10_buildings/building_9/0000463/reference/0000463_010.jpg
building_9,0000463,reference,dataset_splits/10_buildings/building_9/0000463/reference/0000463_013.jpg
building_9,0000463,reference,dataset_splits/10_buildings/building_9/0000463/reference/0000463_015.jpg
building_9,0000463,reference,dataset_splits/10_buildings/building_9/0000463/reference/0000463_018.jpg
building_9,0000463,reference,dataset_splits/10_buildings/building_9/0000463/reference/0000463_026.jpg
building_9,0000463,reference,dataset_splits/10_buildings/building_9/0000463/reference/0000463_029.jpg
building_9,0000463,reference,dataset_splits/10_buildings/building_9/0000463/reference/0000463_050.jpg
building_9,0000463,reference,dataset_splits/10_buildings/building_9/0000463/reference/0000463_058.jpg
building_9,0000463,reference,dataset_splits/10_buildings/building_9/0000463/reference/0000463_059.jpg
building_9,0000463,reference,dataset_splits/10_buildings/building_9/0000463/reference/0000463_062.jpg
building_9,0000463,reference,dataset_splits/10_buildings/building_9/0000463/reference/0000463_066.jpg
building_9,0000463,reference,dataset_splits/10_buildings/building_9/0000463/reference/0000463_075.jpg
building_9,0000463,reference,dataset_splits/10_buildings/building_9/0000463/reference/0000463_086.jpg
building_9,0000463,reference,dataset_splits/10_buildings/building_9/0000463/reference/0000463_108.jpg
building_9,0000463,reference,dataset_splits/10_buildings/building_9/0000463/reference/0000463_118.jpg
building_9,0000463,reference,dataset_splits/10_buildings/building_9/0000463/reference/0000463_119.jpg
building_9,0000463,reference,dataset_splits/10_buildings/building_9/0000463/reference/0000463_120.jpg
building_9,0000463,reference,dataset_splits/10_buildings/building_9/0000463/reference/0000463_132.jpg
building_9,0000463,test,dataset_splits/10_buildings/building_9/0000463/test/0000463_016.jpg
building_9,0000463,test,dataset_splits/10_buildings/building_9/0000463/test/0000463_021.jpg
building_9,0000463,test,dataset_splits/10_buildings/building_9/0000463/test/0000463_023.jpg
building_9,0000463,test,dataset_splits/10_buildings/building_9/0000463/test/0000463_027.jpg
building_9,0000463,test,dataset_splits/10_buildings/building_9/0000463/test/0000463_028.jpg
building_9,0000463,test,dataset_splits/10_buildings/building_9/0000463/test/0000463_033.jpg
building_9,0000463,test,dataset_splits/10_buildings/building_9/0000463/test/0000463_064.jpg
building_9,0000463,test,dataset_splits/10_buildings/building_9/0000463/test/0000463_065.jpg
building_9,0000463,test,dataset_splits/10_buildings/building_9/0000463/test/0000463_071.jpg
building_9,0000463,test,dataset_splits/10_buildings/building_9/0000463/test/0000463_084.jpg
building_9,0000463,test,dataset_splits/10_buildings/building_9/0000463/test/0000463_088.jpg
building_9,0000463,test,dataset_splits/10_buildings/building_9/0000463/test/0000463_089.jpg
building_9,0000463,test,dataset_splits/10_buildings/building_9/0000463/test/0000463_092.jpg
building_9,0000463,test,dataset_splits/10_buildings/building_9/0000463/test/0000463_102.jpg
building_9,0000463,test,dataset_splits/10_buildings/building_9/0000463/test/0000463_107.jpg
building_9,0000463,test,dataset_splits/10_buildings/building_9/0000463/test/0000463_114.jpg
building_9,0000463,test,dataset_splits/10_buildings/building_9/0000463/test/0000463_125.jpg
building_9,0000463,test,dataset_splits/10_buildings/building_9/0000463/test/0000463_129.jpg
building_9,0000463,test,dataset_splits/10_buildings/building_9/0000463/test/0000463_134.jpg
building_9,0000463,test,dataset_splits/10_buildings/building_9/0000463/test/0000463_135.jpg
building_9,0000525,reference,dataset_splits/10_buildings/building_9/0000525/reference/0000525_002.jpg
building_9,0000525,reference,dataset_splits/10_buildings/building_9/0000525/reference/0000525_005.jpg
building_9,0000525,reference,dataset_splits/10_buildings/building_9/0000525/reference/0000525_011.jpg
building_9,0000525,reference,dataset_splits/10_buildings/building_9/0000525/reference/0000525_012.jpg
building_9,0000525,reference,dataset_splits/10_buildings/building_9/0000525/reference/0000525_016.jpg
building_9,0000525,reference,dataset_splits/10_buildings/building_9/0000525/reference/0000525_018.jpg
building_9,0000525,reference,dataset_splits/10_buildings/building_9/0000525/reference/0000525_019.jpg
building_9,0000525,reference,dataset_splits/10_buildings/building_9/0000525/reference/0000525_020.jpg
building_9,0000525,reference,dataset_splits/10_buildings/building_9/0000525/reference/0000525_024.jpg
building_9,0000525,reference,dataset_splits/10_buildings/building_9/0000525/reference/0000525_025.jpg
building_9,0000525,reference,dataset_splits/10_buildings/building_9/0000525/reference/0000525_027.jpg
building_9,0000525,reference,dataset_splits/10_buildings/building_9/0000525/reference/0000525_034.jpg
building_9,0000525,reference,dataset_splits/10_buildings/building_9/0000525/reference/0000525_035.jpg
building_9,0000525,reference,dataset_splits/10_buildings/building_9/0000525/reference/0000525_041.jpg
building_9,0000525,reference,dataset_splits/10_buildings/building_9/0000525/reference/0000525_042.jpg
building_9,0000525,reference,dataset_splits/10_buildings/building_9/0000525/reference/0000525_045.jpg
building_9,0000525,reference,dataset_splits/10_buildings/building_9/0000525/reference/0000525_046.jpg
building_9,0000525,reference,dataset_splits/10_buildings/building_9/0000525/reference/0000525_047.jpg
building_9,0000525,reference,dataset_splits/10_buildings/building_9/0000525/reference/0000525_048.jpg
building_9,0000525,reference,dataset_splits/10_buildings/building_9/0000525/reference/0000525_050.jpg
building_9,0000525,test,dataset_splits/10_buildings/building_9/0000525/test/0000525_006.jpg
building_9,0000525,test,dataset_splits/10_buildings/building_9/0000525/test/0000525_007.jpg
building_9,0000525,test,dataset_splits/10_buildings/building_9/0000525/test/0000525_009.jpg
building_9,0000525,test,dataset_splits/10_buildings/building_9/0000525/test/0000525_010.jpg
building_9,0000525,test,dataset_splits/10_buildings/building_9/0000525/test/0000525_013.jpg
building_9,0000525,test,dataset_splits/10_buildings/building_9/0000525/test/0000525_014.jpg
building_9,0000525,test,dataset_splits/10_buildings/building_9/0000525/test/0000525_015.jpg
building_9,0000525,test,dataset_splits/10_buildings/building_9/0000525/test/0000525_022.jpg
building_9,0000525,test,dataset_splits/10_buildings/building_9/0000525/test/0000525_023.jpg
building_9,0000525,test,dataset_splits/10_buildings/building_9/0000525/test/0000525_026.jpg
building_9,0000525,test,dataset_splits/10_buildings/building_9/0000525/test/0000525_031.jpg
building_9,0000525,test,dataset_splits/10_buildings/building_9/0000525/test/0000525_032.jpg
building_9,0000525,test,dataset_splits/10_buildings/building_9/0000525/test/0000525_033.jpg
building_9,0000525,test,dataset_splits/10_buildings/building_9/0000525/test/0000525_036.jpg
building_9,0000525,test,dataset_splits/10_buildings/building_9/0000525/test/0000525_037.jpg
building_9,0000525,test,dataset_splits/10_buildings/building_9/0000525/test/0000525_038.jpg
building_9,0000525,test,dataset_splits/10_buildings/building_9/0000525/test/0000525_039.jpg
building_9,0000525,test,dataset_splits/10_buildings/building_9/0000525/test/0000525_040.jpg
building_9,0000525,test,dataset_splits/10_buildings/building_9/0000525/test/0000525_049.jpg
building_9,0000525,test,dataset_splits/10_buildings/building_9/0000525/test/0000525_051.jpg
building_9,0000526,reference,dataset_splits/10_buildings/building_9/0000526/reference/0000526_007.jpg
building_9,0000526,reference,dataset_splits/10_buildings/building_9/0000526/reference/0000526_013.jpg
building_9,0000526,reference,dataset_splits/10_buildings/building_9/0000526/reference/0000526_014.jpg
building_9,0000526,reference,dataset_splits/10_buildings/building_9/0000526/reference/0000526_017.jpg
building_9,0000526,reference,dataset_splits/10_buildings/building_9/0000526/reference/0000526_018.jpg
building_9,0000526,reference,dataset_splits/10_buildings/building_9/0000526/reference/0000526_020.jpg
building_9,0000526,reference,dataset_splits/10_buildings/building_9/0000526/reference/0000526_021.jpg
building_9,0000526,reference,dataset_splits/10_buildings/building_9/0000526/reference/0000526_022.jpg
building_9,0000526,reference,dataset_splits/10_buildings/building_9/0000526/reference/0000526_023.jpg
building_9,0000526,reference,dataset_splits/10_buildings/building_9/0000526/reference/0000526_034.jpg
building_9,0000526,reference,dataset_splits/10_buildings/building_9/0000526/reference/0000526_036.jpg
building_9,0000526,reference,dataset_splits/10_buildings/building_9/0000526/reference/0000526_038.jpg
building_9,0000526,reference,dataset_splits/10_buildings/building_9/0000526/reference/0000526_040.jpg
building_9,0000526,reference,dataset_splits/10_buildings/building_9/0000526/reference/0000526_042.jpg
building_9,0000526,reference,dataset_splits/10_buildings/building_9/0000526/reference/0000526_043.jpg
building_9,0000526,reference,dataset_splits/10_buildings/building_9/0000526/reference/0000526_045.jpg
building_9,0000526,reference,dataset_splits/10_buildings/building_9/0000526/reference/0000526_049.jpg
building_9,0000526,reference,dataset_splits/10_buildings/building_9/0000526/reference/0000526_051.jpg
building_9,0000526,reference,dataset_splits/10_buildings/building_9/0000526/reference/0000526_052.jpg
building_9,0000526,reference,dataset_splits/10_buildings/building_9/0000526/reference/0000526_057.jpg
building_9,0000526,test,dataset_splits/10_buildings/building_9/0000526/test/0000526_001.jpg
building_9,0000526,test,dataset_splits/10_buildings/building_9/0000526/test/0000526_002.jpg
building_9,0000526,test,dataset_splits/10_buildings/building_9/0000526/test/0000526_004.jpg
building_9,0000526,test,dataset_splits/10_buildings/building_9/0000526/test/0000526_008.jpg
building_9,0000526,test,dataset_splits/10_buildings/building_9/0000526/test/0000526_011.jpg
building_9,0000526,test,dataset_splits/10_buildings/building_9/0000526/test/0000526_015.jpg
building_9,0000526,test,dataset_splits/10_buildings/building_9/0000526/test/0000526_016.jpg
building_9,0000526,test,dataset_splits/10_buildings/building_9/0000526/test/0000526_024.jpg
building_9,0000526,test,dataset_splits/10_buildings/building_9/0000526/test/0000526_025.jpg
building_9,0000526,test,dataset_splits/10_buildings/building_9/0000526/test/0000526_027.jpg
building_9,0000526,test,dataset_splits/10_buildings/building_9/0000526/test/0000526_028.jpg
building_9,0000526,test,dataset_splits/10_buildings/building_9/0000526/test/0000526_029.jpg
building_9,0000526,test,dataset_splits/10_buildings/building_9/0000526/test/0000526_032.jpg
building_9,0000526,test,dataset_splits/10_buildings/building_9/0000526/test/0000526_033.jpg
building_9,0000526,test,dataset_splits/10_buildings/building_9/0000526/test/0000526_039.jpg
building_9,0000526,test,dataset_splits/10_buildings/building_9/0000526/test/0000526_047.jpg
building_9,0000526,test,dataset_splits/10_buildings/building_9/0000526/test/0000526_050.jpg
building_9,0000526,test,dataset_splits/10_buildings/building_9/0000526/test/0000526_053.jpg
building_9,0000526,test,dataset_splits/10_buildings/building_9/0000526/test/0000526_054.jpg
building_9,0000526,test,dataset_splits/10_buildings/building_9/0000526/test/0000526_055.jpg
building_9,0000610,reference,dataset_splits/10_buildings/building_9/0000610/reference/0000610_001.jpg
building_9,0000610,reference,dataset_splits/10_buildings/building_9/0000610/reference/0000610_007.jpg
building_9,0000610,reference,dataset_splits/10_buildings/building_9/0000610/reference/0000610_011.jpg
building_9,0000610,reference,dataset_splits/10_buildings/building_9/0000610/reference/0000610_013.jpg
building_9,0000610,reference,dataset_splits/10_buildings/building_9/0000610/reference/0000610_032.jpg
building_9,0000610,reference,dataset_splits/10_buildings/building_9/0000610/reference/0000610_051.jpg
building_9,0000610,reference,dataset_splits/10_buildings/building_9/0000610/reference/0000610_053.jpg
building_9,0000610,reference,dataset_splits/10_buildings/building_9/0000610/reference/0000610_057.jpg
building_9,0000610,reference,dataset_splits/10_buildings/building_9/0000610/reference/0000610_059.jpg
building_9,0000610,reference,dataset_splits/10_buildings/building_9/0000610/reference/0000610_069.jpg
building_9,0000610,reference,dataset_splits/10_buildings/building_9/0000610/reference/0000610_077.jpg
building_9,0000610,reference,dataset_splits/10_buildings/building_9/0000610/reference/0000610_086.jpg
building_9,0000610,reference,dataset_splits/10_buildings/building_9/0000610/reference/0000610_087.jpg
building_9,0000610,reference,dataset_splits/10_buildings/building_9/0000610/reference/0000610_093.jpg
building_9,0000610,reference,dataset_splits/10_buildings/building_9/0000610/reference/0000610_096.jpg
building_9,0000610,reference,dataset_splits/10_buildings/building_9/0000610/reference/0000610_130.jpg
building_9,0000610,reference,dataset_splits/10_buildings/building_9/0000610/reference/0000610_136.jpg
building_9,0000610,reference,dataset_splits/10_buildings/building_9/0000610/reference/0000610_139.jpg
building_9,0000610,reference,dataset_splits/10_buildings/building_9/0000610/reference/0000610_152.jpg
building_9,0000610,reference,dataset_splits/10_buildings/building_9/0000610/reference/0000610_162.jpg
building_9,0000610,test,dataset_splits/10_buildings/building_9/0000610/test/0000610_008.jpg
building_9,0000610,test,dataset_splits/10_buildings/building_9/0000610/test/0000610_018.jpg
building_9,0000610,test,dataset_splits/10_buildings/building_9/0000610/test/0000610_020.jpg
building_9,0000610,test,dataset_splits/10_buildings/building_9/0000610/test/0000610_041.jpg
building_9,0000610,test,dataset_splits/10_buildings/building_9/0000610/test/0000610_050.jpg
building_9,0000610,test,dataset_splits/10_buildings/building_9/0000610/test/0000610_064.jpg
building_9,0000610,test,dataset_splits/10_buildings/building_9/0000610/test/0000610_065.jpg
building_9,0000610,test,dataset_splits/10_buildings/building_9/0000610/test/0000610_099.jpg
building_9,0000610,test,dataset_splits/10_buildings/building_9/0000610/test/0000610_100.jpg
building_9,0000610,test,dataset_splits/10_buildings/building_9/0000610/test/0000610_106.jpg
building_9,0000610,test,dataset_splits/10_buildings/building_9/0000610/test/0000610_108.jpg
building_9,0000610,test,dataset_splits/10_buildings/building_9/0000610/test/0000610_110.jpg
building_9,0000610,test,dataset_splits/10_buildings/building_9/0000610/test/0000610_111.jpg
building_9,0000610,test,dataset_splits/10_buildings/building_9/0000610/test/0000610_112.jpg
building_9,0000610,test,dataset_splits/10_buildings/building_9/0000610/test/0000610_123.jpg
building_9,0000610,test,dataset_splits/10_buildings/building_9/0000610/test/0000610_131.jpg
building_9,0000610,test,dataset_splits/10_buildings/building_9/0000610/test/0000610_140.jpg
building_9,0000610,test,dataset_splits/10_buildings/building_9/0000610/test/0000610_148.jpg
building_9,0000610,test,dataset_splits/10_buildings/building_9/0000610/test/0000610_154.jpg
building_9,0000610,test,dataset_splits/10_buildings/building_9/0000610/test/0000610_159.jpg
building_9,0000616,reference,dataset_splits/10_buildings/building_9/0000616/reference/0000616_001.jpg
building_9,0000616,reference,dataset_splits/10_buildings/building_9/0000616/reference/0000616_003.jpg
building_9,0000616,reference,dataset_splits/10_buildings/building_9/0000616/reference/0000616_013.jpg
building_9,0000616,reference,dataset_splits/10_buildings/building_9/0000616/reference/0000616_014.jpg
building_9,0000616,reference,dataset_splits/10_buildings/building_9/0000616/reference/0000616_021.jpg
building_9,0000616,reference,dataset_splits/10_buildings/building_9/0000616/reference/0000616_023.jpg
building_9,0000616,reference,dataset_splits/10_buildings/building_9/0000616/reference/0000616_028.jpg
building_9,0000616,reference,dataset_splits/10_buildings/building_9/0000616/reference/0000616_029.jpg
building_9,0000616,reference,dataset_splits/10_buildings/building_9/0000616/reference/0000616_031.jpg
building_9,0000616,reference,dataset_splits/10_buildings/building_9/0000616/reference/0000616_036.jpg
building_9,0000616,reference,dataset_splits/10_buildings/building_9/0000616/reference/0000616_046.jpg
building_9,0000616,reference,dataset_splits/10_buildings/building_9/0000616/reference/0000616_047.jpg
building_9,0000616,reference,dataset_splits/10_buildings/building_9/0000616/reference/0000616_049.jpg
building_9,0000616,reference,dataset_splits/10_buildings/building_9/0000616/reference/0000616_059.jpg
building_9,0000616,reference,dataset_splits/10_buildings/building_9/0000616/reference/0000616_060.jpg
building_9,0000616,reference,dataset_splits/10_buildings/building_9/0000616/reference/0000616_061.jpg
building_9,0000616,reference,dataset_splits/10_buildings/building_9/0000616/reference/0000616_063.jpg
building_9,0000616,reference,dataset_splits/10_buildings/building_9/0000616/reference/0000616_066.jpg
building_9,0000616,reference,dataset_splits/10_buildings/building_9/0000616/reference/0000616_067.jpg
building_9,0000616,reference,dataset_splits/10_buildings/building_9/0000616/reference/0000616_075.jpg
building_9,0000616,test,dataset_splits/10_buildings/building_9/0000616/test/0000616_006.jpg
building_9,0000616,test,dataset_splits/10_buildings/building_9/0000616/test/0000616_010.jpg
building_9,0000616,test,dataset_splits/10_buildings/building_9/0000616/test/0000616_015.jpg
building_9,0000616,test,dataset_splits/10_buildings/building_9/0000616/test/0000616_017.jpg
building_9,0000616,test,dataset_splits/10_buildings/building_9/0000616/test/0000616_018.jpg
building_9,0000616,test,dataset_splits/10_buildings/building_9/0000616/test/0000616_022.jpg
building_9,0000616,test,dataset_splits/10_buildings/building_9/0000616/test/0000616_025.jpg
building_9,0000616,test,dataset_splits/10_buildings/building_9/0000616/test/0000616_027.jpg
building_9,0000616,test,dataset_splits/10_buildings/building_9/0000616/test/0000616_032.jpg
building_9,0000616,test,dataset_splits/10_buildings/building_9/0000616/test/0000616_035.jpg
building_9,0000616,test,dataset_splits/10_buildings/building_9/0000616/test/0000616_040.jpg
building_9,0000616,test,dataset_splits/10_buildings/building_9/0000616/test/0000616_041.jpg
building_9,0000616,test,dataset_splits/10_buildings/building_9/0000616/test/0000616_043.jpg
building_9,0000616,test,dataset_splits/10_buildings/building_9/0000616/test/0000616_052.jpg
building_9,0000616,test,dataset_splits/10_buildings/building_9/0000616/test/0000616_053.jpg
building_9,0000616,test,dataset_splits/10_buildings/building_9/0000616/test/0000616_056.jpg
building_9,0000616,test,dataset_splits/10_buildings/building_9/0000616/test/0000616_057.jpg
building_9,0000616,test,dataset_splits/10_buildings/building_9/0000616/test/0000616_070.jpg
building_9,0000616,test,dataset_splits/10_buildings/building_9/0000616/test/0000616_072.jpg
building_9,0000616,test,dataset_splits/10_buildings/building_9/0000616/test/0000616_073.jpg
building_9,0000646,reference,dataset_splits/10_buildings/building_9/0000646/reference/0000646_005.jpg
building_9,0000646,reference,dataset_splits/10_buildings/building_9/0000646/reference/0000646_007.jpg
building_9,0000646,reference,dataset_splits/10_buildings/building_9/0000646/reference/0000646_009.jpg
building_9,0000646,reference,dataset_splits/10_buildings/building_9/0000646/reference/0000646_010.jpg
building_9,0000646,reference,dataset_splits/10_buildings/building_9/0000646/reference/0000646_012.jpg
building_9,0000646,reference,dataset_splits/10_buildings/building_9/0000646/reference/0000646_016.jpg
building_9,0000646,reference,dataset_splits/10_buildings/building_9/0000646/reference/0000646_021.jpg
building_9,0000646,reference,dataset_splits/10_buildings/building_9/0000646/reference/0000646_022.jpg
building_9,0000646,reference,dataset_splits/10_buildings/building_9/0000646/reference/0000646_023.jpg
building_9,0000646,reference,dataset_splits/10_buildings/building_9/0000646/reference/0000646_026.jpg
building_9,0000646,reference,dataset_splits/10_buildings/building_9/0000646/reference/0000646_032.jpg
building_9,0000646,reference,dataset_splits/10_buildings/building_9/0000646/reference/0000646_035.jpg
building_9,0000646,reference,dataset_splits/10_buildings/building_9/0000646/reference/0000646_041.jpg
building_9,0000646,reference,dataset_splits/10_buildings/building_9/0000646/reference/0000646_044.jpg
building_9,0000646,reference,dataset_splits/10_buildings/building_9/0000646/reference/0000646_055.jpg
building_9,0000646,reference,dataset_splits/10_buildings/building_9/0000646/reference/0000646_058.jpg
building_9,0000646,reference,dataset_splits/10_buildings/building_9/0000646/reference/0000646_060.jpg
building_9,0000646,reference,dataset_splits/10_buildings/building_9/0000646/reference/0000646_064.jpg
building_9,0000646,reference,dataset_splits/10_buildings/building_9/0000646/reference/0000646_065.jpg
building_9,0000646,reference,dataset_splits/10_buildings/building_9/0000646/reference/0000646_069.jpg
building_9,0000646,test,dataset_splits/10_buildings/building_9/0000646/test/0000646_003.jpg
building_9,0000646,test,dataset_splits/10_buildings/building_9/0000646/test/0000646_011.jpg
building_9,0000646,test,dataset_splits/10_buildings/building_9/0000646/test/0000646_017.jpg
building_9,0000646,test,dataset_splits/10_buildings/building_9/0000646/test/0000646_018.jpg
building_9,0000646,test,dataset_splits/10_buildings/building_9/0000646/test/0000646_019.jpg
building_9,0000646,test,dataset_splits/10_buildings/building_9/0000646/test/0000646_030.jpg
building_9,0000646,test,dataset_splits/10_buildings/building_9/0000646/test/0000646_031.jpg
building_9,0000646,test,dataset_splits/10_buildings/building_9/0000646/test/0000646_037.jpg
building_9,0000646,test,dataset_splits/10_buildings/building_9/0000646/test/0000646_038.jpg
building_9,0000646,test,dataset_splits/10_buildings/building_9/0000646/test/0000646_043.jpg
building_9,0000646,test,dataset_splits/10_buildings/building_9/0000646/test/0000646_045.jpg
building_9,0000646,test,dataset_splits/10_buildings/building_9/0000646/test/0000646_047.jpg
building_9,0000646,test,dataset_splits/10_buildings/building_9/0000646/test/0000646_048.jpg
building_9,0000646,test,dataset_splits/10_buildings/building_9/0000646/test/0000646_051.jpg
building_9,0000646,test,dataset_splits/10_buildings/building_9/0000646/test/0000646_053.jpg
building_9,0000646,test,dataset_splits/10_buildings/building_9/0000646/test/0000646_057.jpg
building_9,0000646,test,dataset_splits/10_buildings/building_9/0000646/test/0000646_059.jpg
building_9,0000646,test,dataset_splits/10_buildings/building_9/0000646/test/0000646_061.jpg
building_9,0000646,test,dataset_splits/10_buildings/building_9/0000646/test/0000646_066.jpg
building_9,0000646,test,dataset_splits/10_buildings/building_9/0000646/test/0000646_067.jpg
building_9,0000760,reference,dataset_splits/10_buildings/building_9/0000760/reference/0000760_007.jpg
building_9,0000760,reference,dataset_splits/10_buildings/building_9/0000760/reference/0000760_008.jpg
building_9,0000760,reference,dataset_splits/10_buildings/building_9/0000760/reference/0000760_015.jpg
building_9,0000760,reference,dataset_splits/10_buildings/building_9/0000760/reference/0000760_016.jpg
building_9,0000760,reference,dataset_splits/10_buildings/building_9/0000760/reference/0000760_022.jpg
building_9,0000760,reference,dataset_splits/10_buildings/building_9/0000760/reference/0000760_023.jpg
building_9,0000760,reference,dataset_splits/10_buildings/building_9/0000760/reference/0000760_024.jpg
building_9,0000760,reference,dataset_splits/10_buildings/building_9/0000760/reference/0000760_028.jpg
building_9,0000760,reference,dataset_splits/10_buildings/building_9/0000760/reference/0000760_030.jpg
building_9,0000760,reference,dataset_splits/10_buildings/building_9/0000760/reference/0000760_031.jpg
building_9,0000760,reference,dataset_splits/10_buildings/building_9/0000760/reference/0000760_033.jpg
building_9,0000760,reference,dataset_splits/10_buildings/building_9/0000760/reference/0000760_036.jpg
building_9,0000760,reference,dataset_splits/10_buildings/building_9/0000760/reference/0000760_041.jpg
building_9,0000760,reference,dataset_splits/10_buildings/building_9/0000760/reference/0000760_044.jpg
building_9,0000760,reference,dataset_splits/10_buildings/building_9/0000760/reference/0000760_050.jpg
building_9,0000760,reference,dataset_splits/10_buildings/building_9/0000760/reference/0000760_052.jpg
building_9,0000760,reference,dataset_splits/10_buildings/building_9/0000760/reference/0000760_053.jpg
building_9,0000760,reference,dataset_splits/10_buildings/building_9/0000760/reference/0000760_059.jpg
building_9,0000760,reference,dataset_splits/10_buildings/building_9/0000760/reference/0000760_061.jpg
building_9,0000760,reference,dataset_splits/10_buildings/building_9/0000760/reference/0000760_064.jpg
building_9,0000760,test,dataset_splits/10_buildings/building_9/0000760/test/0000760_005.jpg
building_9,0000760,test,dataset_splits/10_buildings/building_9/0000760/test/0000760_006.jpg
building_9,0000760,test,dataset_splits/10_buildings/building_9/0000760/test/0000760_012.jpg
building_9,0000760,test,dataset_splits/10_buildings/building_9/0000760/test/0000760_013.jpg
building_9,0000760,test,dataset_splits/10_buildings/building_9/0000760/test/0000760_014.jpg
building_9,0000760,test,dataset_splits/10_buildings/building_9/0000760/test/0000760_019.jpg
building_9,0000760,test,dataset_splits/10_buildings/building_9/0000760/test/0000760_025.jpg
building_9,0000760,test,dataset_splits/10_buildings/building_9/0000760/test/0000760_026.jpg
building_9,0000760,test,dataset_splits/10_buildings/building_9/0000760/test/0000760_027.jpg
building_9,0000760,test,dataset_splits/10_buildings/building_9/0000760/test/0000760_029.jpg
building_9,0000760,test,dataset_splits/10_buildings/building_9/0000760/test/0000760_032.jpg
building_9,0000760,test,dataset_splits/10_buildings/building_9/0000760/test/0000760_042.jpg
building_9,0000760,test,dataset_splits/10_buildings/building_9/0000760/test/0000760_043.jpg
building_9,0000760,test,dataset_splits/10_buildings/building_9/0000760/test/0000760_047.jpg
building_9,0000760,test,dataset_splits/10_buildings/building_9/0000760/test/0000760_049.jpg
building_9,0000760,test,dataset_splits/10_buildings/building_9/0000760/test/0000760_054.jpg
building_9,0000760,test,dataset_splits/10_buildings/building_9/0000760/test/0000760_057.jpg
building_9,0000760,test,dataset_splits/10_buildings/building_9/0000760/test/0000760_058.jpg
building_9,0000760,test,dataset_splits/10_buildings/building_9/0000760/test/0000760_060.jpg
building_9,0000760,test,dataset_splits/10_buildings/building_9/0000760/test/0000760_070.jpg
building_9,0001127,reference,dataset_splits/10_buildings/building_9/0001127/reference/0001127_008.jpg
building_9,0001127,reference,dataset_splits/10_buildings/building_9/0001127/reference/0001127_020.jpg
building_9,0001127,reference,dataset_splits/10_buildings/building_9/0001127/reference/0001127_022.jpg
building_9,0001127,reference,dataset_splits/10_buildings/building_9/0001127/reference/0001127_030.jpg
building_9,0001127,reference,dataset_splits/10_buildings/building_9/0001127/reference/0001127_033.jpg
building_9,0001127,reference,dataset_splits/10_buildings/building_9/0001127/reference/0001127_041.jpg
building_9,0001127,reference,dataset_splits/10_buildings/building_9/0001127/reference/0001127_047.jpg
building_9,0001127,reference,dataset_splits/10_buildings/building_9/0001127/reference/0001127_051.jpg
building_9,0001127,reference,dataset_splits/10_buildings/building_9/0001127/reference/0001127_094.jpg
building_9,0001127,reference,dataset_splits/10_buildings/building_9/0001127/reference/0001127_128.jpg
building_9,0001127,reference,dataset_splits/10_buildings/building_9/0001127/reference/0001127_130.jpg
building_9,0001127,reference,dataset_splits/10_buildings/building_9/0001127/reference/0001127_133.jpg
building_9,0001127,reference,dataset_splits/10_buildings/building_9/0001127/reference/0001127_144.jpg
building_9,0001127,reference,dataset_splits/10_buildings/building_9/0001127/reference/0001127_161.jpg
building_9,0001127,reference,dataset_splits/10_buildings/building_9/0001127/reference/0001127_166.jpg
building_9,0001127,reference,dataset_splits/10_buildings/building_9/0001127/reference/0001127_186.jpg
building_9,0001127,reference,dataset_splits/10_buildings/building_9/0001127/reference/0001127_192.jpg
building_9,0001127,reference,dataset_splits/10_buildings/building_9/0001127/reference/0001127_206.jpg
building_9,0001127,reference,dataset_splits/10_buildings/building_9/0001127/reference/0001127_212.jpg
building_9,0001127,reference,dataset_splits/10_buildings/building_9/0001127/reference/0001127_248.jpg
building_9,0001127,test,dataset_splits/10_buildings/building_9/0001127/test/0001127_003.jpg
building_9,0001127,test,dataset_splits/10_buildings/building_9/0001127/test/0001127_056.jpg
building_9,0001127,test,dataset_splits/10_buildings/building_9/0001127/test/0001127_091.jpg
building_9,0001127,test,dataset_splits/10_buildings/building_9/0001127/test/0001127_105.jpg
building_9,0001127,test,dataset_splits/10_buildings/building_9/0001127/test/0001127_111.jpg
building_9,0001127,test,dataset_splits/10_buildings/building_9/0001127/test/0001127_119.jpg
building_9,0001127,test,dataset_splits/10_buildings/building_9/0001127/test/0001127_139.jpg
building_9,0001127,test,dataset_splits/10_buildings/building_9/0001127/test/0001127_151.jpg
building_9,0001127,test,dataset_splits/10_buildings/building_9/0001127/test/0001127_160.jpg
building_9,0001127,test,dataset_splits/10_buildings/building_9/0001127/test/0001127_170.jpg
building_9,0001127,test,dataset_splits/10_buildings/building_9/0001127/test/0001127_180.jpg
building_9,0001127,test,dataset_splits/10_buildings/building_9/0001127/test/0001127_181.jpg
building_9,0001127,test,dataset_splits/10_buildings/building_9/0001127/test/0001127_188.jpg
building_9,0001127,test,dataset_splits/10_buildings/building_9/0001127/test/0001127_198.jpg
building_9,0001127,test,dataset_splits/10_buildings/building_9/0001127/test/0001127_203.jpg
building_9,0001127,test,dataset_splits/10_buildings/building_9/0001127/test/0001127_225.jpg
building_9,0001127,test,dataset_splits/10_buildings/building_9/0001127/test/0001127_231.jpg
building_9,0001127,test,dataset_splits/10_buildings/building_9/0001127/test/0001127_235.jpg
building_9,0001127,test,dataset_splits/10_buildings/building_9/0001127/test/0001127_241.jpg
building_9,0001127,test,dataset_splits/10_buildings/building_9/0001127/test/0001127_246.jpg
building_9,0001152,reference,dataset_splits/10_buildings/building_9/0001152/reference/0001152_010.jpg
building_9,0001152,reference,dataset_splits/10_buildings/building_9/0001152/reference/0001152_013.jpg
building_9,0001152,reference,dataset_splits/10_buildings/building_9/0001152/reference/0001152_015.jpg
building_9,0001152,reference,dataset_splits/10_buildings/building_9/0001152/reference/0001152_024.jpg
building_9,0001152,reference,dataset_splits/10_buildings/building_9/0001152/reference/0001152_025.jpg
building_9,0001152,reference,dataset_splits/10_buildings/building_9/0001152/reference/0001152_029.jpg
building_9,0001152,reference,dataset_splits/10_buildings/building_9/0001152/reference/0001152_053.jpg
building_9,0001152,reference,dataset_splits/10_buildings/building_9/0001152/reference/0001152_059.jpg
building_9,0001152,reference,dataset_splits/10_buildings/building_9/0001152/reference/0001152_060.jpg
building_9,0001152,reference,dataset_splits/10_buildings/building_9/0001152/reference/0001152_063.jpg
building_9,0001152,reference,dataset_splits/10_buildings/building_9/0001152/reference/0001152_071.jpg
building_9,0001152,reference,dataset_splits/10_buildings/building_9/0001152/reference/0001152_076.jpg
building_9,0001152,reference,dataset_splits/10_buildings/building_9/0001152/reference/0001152_080.jpg
building_9,0001152,reference,dataset_splits/10_buildings/building_9/0001152/reference/0001152_081.jpg
building_9,0001152,reference,dataset_splits/10_buildings/building_9/0001152/reference/0001152_084.jpg
building_9,0001152,reference,dataset_splits/10_buildings/building_9/0001152/reference/0001152_089.jpg
building_9,0001152,reference,dataset_splits/10_buildings/building_9/0001152/reference/0001152_105.jpg
building_9,0001152,reference,dataset_splits/10_buildings/building_9/0001152/reference/0001152_107.jpg
building_9,0001152,reference,dataset_splits/10_buildings/building_9/0001152/reference/0001152_111.jpg
building_9,0001152,reference,dataset_splits/10_buildings/building_9/0001152/reference/0001152_120.jpg
building_9,0001152,test,dataset_splits/10_buildings/building_9/0001152/test/0001152_005.jpg
building_9,0001152,test,dataset_splits/10_buildings/building_9/0001152/test/0001152_016.jpg
building_9,0001152,test,dataset_splits/10_buildings/building_9/0001152/test/0001152_018.jpg
building_9,0001152,test,dataset_splits/10_buildings/building_9/0001152/test/0001152_023.jpg
building_9,0001152,test,dataset_splits/10_buildings/building_9/0001152/test/0001152_034.jpg
building_9,0001152,test,dataset_splits/10_buildings/building_9/0001152/test/0001152_035.jpg
building_9,0001152,test,dataset_splits/10_buildings/building_9/0001152/test/0001152_046.jpg
building_9,0001152,test,dataset_splits/10_buildings/building_9/0001152/test/0001152_057.jpg
building_9,0001152,test,dataset_splits/10_buildings/building_9/0001152/test/0001152_058.jpg
building_9,0001152,test,dataset_splits/10_buildings/building_9/0001152/test/0001152_067.jpg
building_9,0001152,test,dataset_splits/10_buildings/building_9/0001152/test/0001152_073.jpg
building_9,0001152,test,dataset_splits/10_buildings/building_9/0001152/test/0001152_077.jpg
building_9,0001152,test,dataset_splits/10_buildings/building_9/0001152/test/0001152_079.jpg
building_9,0001152,test,dataset_splits/10_buildings/building_9/0001152/test/0001152_082.jpg
building_9,0001152,test,dataset_splits/10_buildings/building_9/0001152/test/0001152_087.jpg
building_9,0001152,test,dataset_splits/10_buildings/building_9/0001152/test/0001152_095.jpg
building_9,0001152,test,dataset_splits/10_buildings/building_9/0001152/test/0001152_100.jpg
building_9,0001152,test,dataset_splits/10_buildings/building_9/0001152/test/0001152_101.jpg
building_9,0001152,test,dataset_splits/10_buildings/building_9/0001152/test/0001152_102.jpg
building_9,0001152,test,dataset_splits/10_buildings/building_9/0001152/test/0001152_116.jpg
building_9,0001231,reference,dataset_splits/10_buildings/building_9/0001231/reference/0001231_001.jpg
building_9,0001231,reference,dataset_splits/10_buildings/building_9/0001231/reference/0001231_004.jpg
building_9,0001231,reference,dataset_splits/10_buildings/building_9/0001231/reference/0001231_006.jpg
building_9,0001231,reference,dataset_splits/10_buildings/building_9/0001231/reference/0001231_009.jpg
building_9,0001231,reference,dataset_splits/10_buildings/building_9/0001231/reference/0001231_010.jpg
building_9,0001231,reference,dataset_splits/10_buildings/building_9/0001231/reference/0001231_012.jpg
building_9,0001231,reference,dataset_splits/10_buildings/building_9/0001231/reference/0001231_015.jpg
building_9,0001231,reference,dataset_splits/10_buildings/building_9/0001231/reference/0001231_025.jpg
building_9,0001231,reference,dataset_splits/10_buildings/building_9/0001231/reference/0001231_027.jpg
building_9,0001231,reference,dataset_splits/10_buildings/building_9/0001231/reference/0001231_030.jpg
building_9,0001231,reference,dataset_splits/10_buildings/building_9/0001231/reference/0001231_031.jpg
building_9,0001231,reference,dataset_splits/10_buildings/building_9/0001231/reference/0001231_032.jpg
building_9,0001231,reference,dataset_splits/10_buildings/building_9/0001231/reference/0001231_036.jpg
building_9,0001231,reference,dataset_splits/10_buildings/building_9/0001231/reference/0001231_037.jpg
building_9,0001231,reference,dataset_splits/10_buildings/building_9/0001231/reference/0001231_042.jpg
building_9,0001231,reference,dataset_splits/10_buildings/building_9/0001231/reference/0001231_043.jpg
building_9,0001231,reference,dataset_splits/10_buildings/building_9/0001231/reference/0001231_046.jpg
building_9,0001231,reference,dataset_splits/10_buildings/building_9/0001231/reference/0001231_047.jpg
building_9,0001231,reference,dataset_splits/10_buildings/building_9/0001231/reference/0001231_049.jpg
building_9,0001231,reference,dataset_splits/10_buildings/building_9/0001231/reference/0001231_050.jpg
building_9,0001231,test,dataset_splits/10_buildings/building_9/0001231/test/0001231_005.jpg
building_9,0001231,test,dataset_splits/10_buildings/building_9/0001231/test/0001231_007.jpg
building_9,0001231,test,dataset_splits/10_buildings/building_9/0001231/test/0001231_008.jpg
building_9,0001231,test,dataset_splits/10_buildings/building_9/0001231/test/0001231_014.jpg
building_9,0001231,test,dataset_splits/10_buildings/building_9/0001231/test/0001231_016.jpg
building_9,0001231,test,dataset_splits/10_buildings/building_9/0001231/test/0001231_018.jpg
building_9,0001231,test,dataset_splits/10_buildings/building_9/0001231/test/0001231_019.jpg
building_9,0001231,test,dataset_splits/10_buildings/building_9/0001231/test/0001231_020.jpg
building_9,0001231,test,dataset_splits/10_buildings/building_9/0001231/test/0001231_021.jpg
building_9,0001231,test,dataset_splits/10_buildings/building_9/0001231/test/0001231_022.jpg
building_9,0001231,test,dataset_splits/10_buildings/building_9/0001231/test/0001231_023.jpg
building_9,0001231,test,dataset_splits/10_buildings/building_9/0001231/test/0001231_024.jpg
building_9,0001231,test,dataset_splits/10_buildings/building_9/0001231/test/0001231_026.jpg
building_9,0001231,test,dataset_splits/10_buildings/building_9/0001231/test/0001231_028.jpg
building_9,0001231,test,dataset_splits/10_buildings/building_9/0001231/test/0001231_033.jpg
building_9,0001231,test,dataset_splits/10_buildings/building_9/0001231/test/0001231_034.jpg
building_9,0001231,test,dataset_splits/10_buildings/building_9/0001231/test/0001231_039.jpg
building_9,0001231,test,dataset_splits/10_buildings/building_9/0001231/test/0001231_040.jpg
building_9,0001231,test,dataset_splits/10_buildings/building_9/0001231/test/0001231_041.jpg
building_9,0001231,test,dataset_splits/10_buildings/building_9/0001231/test/0001231_051.jpg
building_9,0001261,reference,dataset_splits/10_buildings/building_9/0001261/reference/0001261_014.jpg
building_9,0001261,reference,dataset_splits/10_buildings/building_9/0001261/reference/0001261_015.jpg
building_9,0001261,reference,dataset_splits/10_buildings/building_9/0001261/reference/0001261_017.jpg
building_9,0001261,reference,dataset_splits/10_buildings/building_9/0001261/reference/0001261_021.jpg
building_9,0001261,reference,dataset_splits/10_buildings/building_9/0001261/reference/0001261_023.jpg
building_9,0001261,reference,dataset_splits/10_buildings/building_9/0001261/reference/0001261_027.jpg
building_9,0001261,reference,dataset_splits/10_buildings/building_9/0001261/reference/0001261_028.jpg
building_9,0001261,reference,dataset_splits/10_buildings/building_9/0001261/reference/0001261_037.jpg
building_9,0001261,reference,dataset_splits/10_buildings/building_9/0001261/reference/0001261_050.jpg
building_9,0001261,reference,dataset_splits/10_buildings/building_9/0001261/reference/0001261_055.jpg
building_9,0001261,reference,dataset_splits/10_buildings/building_9/0001261/reference/0001261_061.jpg
building_9,0001261,reference,dataset_splits/10_buildings/building_9/0001261/reference/0001261_064.jpg
building_9,0001261,reference,dataset_splits/10_buildings/building_9/0001261/reference/0001261_112.jpg
building_9,0001261,reference,dataset_splits/10_buildings/building_9/0001261/reference/0001261_125.jpg
building_9,0001261,reference,dataset_splits/10_buildings/building_9/0001261/reference/0001261_126.jpg
building_9,0001261,reference,dataset_splits/10_buildings/building_9/0001261/reference/0001261_130.jpg
building_9,0001261,reference,dataset_splits/10_buildings/building_9/0001261/reference/0001261_131.jpg
building_9,0001261,reference,dataset_splits/10_buildings/building_9/0001261/reference/0001261_132.jpg
building_9,0001261,reference,dataset_splits/10_buildings/building_9/0001261/reference/0001261_142.jpg
building_9,0001261,reference,dataset_splits/10_buildings/building_9/0001261/reference/0001261_143.jpg
building_9,0001261,test,dataset_splits/10_buildings/building_9/0001261/test/0001261_012.jpg
building_9,0001261,test,dataset_splits/10_buildings/building_9/0001261/test/0001261_016.jpg
building_9,0001261,test,dataset_splits/10_buildings/building_9/0001261/test/0001261_018.jpg
building_9,0001261,test,dataset_splits/10_buildings/building_9/0001261/test/0001261_019.jpg
building_9,0001261,test,dataset_splits/10_buildings/building_9/0001261/test/0001261_033.jpg
building_9,0001261,test,dataset_splits/10_buildings/building_9/0001261/test/0001261_044.jpg
building_9,0001261,test,dataset_splits/10_buildings/building_9/0001261/test/0001261_045.jpg
building_9,0001261,test,dataset_splits/10_buildings/building_9/0001261/test/0001261_051.jpg
building_9,0001261,test,dataset_splits/10_buildings/building_9/0001261/test/0001261_062.jpg
building_9,0001261,test,dataset_splits/10_buildings/building_9/0001261/test/0001261_081.jpg
building_9,0001261,test,dataset_splits/10_buildings/building_9/0001261/test/0001261_088.jpg
building_9,0001261,test,dataset_splits/10_buildings/building_9/0001261/test/0001261_092.jpg
building_9,0001261,test,dataset_splits/10_buildings/building_9/0001261/test/0001261_097.jpg
building_9,0001261,test,dataset_splits/10_buildings/building_9/0001261/test/0001261_103.jpg
building_9,0001261,test,dataset_splits/10_buildings/building_9/0001261/test/0001261_107.jpg
building_9,0001261,test,dataset_splits/10_buildings/building_9/0001261/test/0001261_118.jpg
building_9,0001261,test,dataset_splits/10_buildings/building_9/0001261/test/0001261_119.jpg
building_9,0001261,test,dataset_splits/10_buildings/building_9/0001261/test/0001261_128.jpg
building_9,0001261,test,dataset_splits/10_buildings/building_9/0001261/test/0001261_133.jpg
building_9,0001261,test,dataset_splits/10_buildings/building_9/0001261/test/0001261_138.jpg
building_9,0001326,reference,dataset_splits/10_buildings/building_9/0001326/reference/0001326_007.jpg
building_9,0001326,reference,dataset_splits/10_buildings/building_9/0001326/reference/0001326_008.jpg
building_9,0001326,reference,dataset_splits/10_buildings/building_9/0001326/reference/0001326_009.jpg
building_9,0001326,reference,dataset_splits/10_buildings/building_9/0001326/reference/0001326_019.jpg
building_9,0001326,reference,dataset_splits/10_buildings/building_9/0001326/reference/0001326_025.jpg
building_9,0001326,reference,dataset_splits/10_buildings/building_9/0001326/reference/0001326_047.jpg
building_9,0001326,reference,dataset_splits/10_buildings/building_9/0001326/reference/0001326_058.jpg
building_9,0001326,reference,dataset_splits/10_buildings/building_9/0001326/reference/0001326_065.jpg
building_9,0001326,reference,dataset_splits/10_buildings/building_9/0001326/reference/0001326_077.jpg
building_9,0001326,reference,dataset_splits/10_buildings/building_9/0001326/reference/0001326_094.jpg
building_9,0001326,reference,dataset_splits/10_buildings/building_9/0001326/reference/0001326_103.jpg
building_9,0001326,reference,dataset_splits/10_buildings/building_9/0001326/reference/0001326_113.jpg
building_9,0001326,reference,dataset_splits/10_buildings/building_9/0001326/reference/0001326_120.jpg
building_9,0001326,reference,dataset_splits/10_buildings/building_9/0001326/reference/0001326_133.jpg
building_9,0001326,reference,dataset_splits/10_buildings/building_9/0001326/reference/0001326_135.jpg
building_9,0001326,reference,dataset_splits/10_buildings/building_9/0001326/reference/0001326_168.jpg
building_9,0001326,reference,dataset_splits/10_buildings/building_9/0001326/reference/0001326_185.jpg
building_9,0001326,reference,dataset_splits/10_buildings/building_9/0001326/reference/0001326_195.jpg
building_9,0001326,reference,dataset_splits/10_buildings/building_9/0001326/reference/0001326_201.jpg
building_9,0001326,reference,dataset_splits/10_buildings/building_9/0001326/reference/0001326_205.jpg
building_9,0001326,test,dataset_splits/10_buildings/building_9/0001326/test/0001326_010.jpg
building_9,0001326,test,dataset_splits/10_buildings/building_9/0001326/test/0001326_012.jpg
building_9,0001326,test,dataset_splits/10_buildings/building_9/0001326/test/0001326_051.jpg
building_9,0001326,test,dataset_splits/10_buildings/building_9/0001326/test/0001326_059.jpg
building_9,0001326,test,dataset_splits/10_buildings/building_9/0001326/test/0001326_084.jpg
building_9,0001326,test,dataset_splits/10_buildings/building_9/0001326/test/0001326_085.jpg
building_9,0001326,test,dataset_splits/10_buildings/building_9/0001326/test/0001326_096.jpg
building_9,0001326,test,dataset_splits/10_buildings/building_9/0001326/test/0001326_097.jpg
building_9,0001326,test,dataset_splits/10_buildings/building_9/0001326/test/0001326_098.jpg
building_9,0001326,test,dataset_splits/10_buildings/building_9/0001326/test/0001326_109.jpg
building_9,0001326,test,dataset_splits/10_buildings/building_9/0001326/test/0001326_121.jpg
building_9,0001326,test,dataset_splits/10_buildings/building_9/0001326/test/0001326_143.jpg
building_9,0001326,test,dataset_splits/10_buildings/building_9/0001326/test/0001326_146.jpg
building_9,0001326,test,dataset_splits/10_buildings/building_9/0001326/test/0001326_152.jpg
building_9,0001326,test,dataset_splits/10_buildings/building_9/0001326/test/0001326_172.jpg
building_9,0001326,test,dataset_splits/10_buildings/building_9/0001326/test/0001326_173.jpg
building_9,0001326,test,dataset_splits/10_buildings/building_9/0001326/test/0001326_182.jpg
building_9,0001326,test,dataset_splits/10_buildings/building_9/0001326/test/0001326_184.jpg
building_9,0001326,test,dataset_splits/10_buildings/building_9/0001326/test/0001326_186.jpg
building_9,0001326,test,dataset_splits/10_buildings/building_9/0001326/test/0001326_187.jpg
building_9,0001337,reference,dataset_splits/10_buildings/building_9/0001337/reference/0001337_008.jpg
building_9,0001337,reference,dataset_splits/10_buildings/building_9/0001337/reference/0001337_018.jpg
building_9,0001337,reference,dataset_splits/10_buildings/building_9/0001337/reference/0001337_021.jpg
building_9,0001337,reference,dataset_splits/10_buildings/building_9/0001337/reference/0001337_033.jpg
building_9,0001337,reference,dataset_splits/10_buildings/building_9/0001337/reference/0001337_035.jpg
building_9,0001337,reference,dataset_splits/10_buildings/building_9/0001337/reference/0001337_051.jpg
building_9,0001337,reference,dataset_splits/10_buildings/building_9/0001337/reference/0001337_053.jpg
building_9,0001337,reference,dataset_splits/10_buildings/building_9/0001337/reference/0001337_054.jpg
building_9,0001337,reference,dataset_splits/10_buildings/building_9/0001337/reference/0001337_062.jpg
building_9,0001337,reference,dataset_splits/10_buildings/building_9/0001337/reference/0001337_076.jpg
building_9,0001337,reference,dataset_splits/10_buildings/building_9/0001337/reference/0001337_141.jpg
building_9,0001337,reference,dataset_splits/10_buildings/building_9/0001337/reference/0001337_187.jpg
building_9,0001337,reference,dataset_splits/10_buildings/building_9/0001337/reference/0001337_193.jpg
building_9,0001337,reference,dataset_splits/10_buildings/building_9/0001337/reference/0001337_196.jpg
building_9,0001337,reference,dataset_splits/10_buildings/building_9/0001337/reference/0001337_229.jpg
building_9,0001337,reference,dataset_splits/10_buildings/building_9/0001337/reference/0001337_241.jpg
building_9,0001337,reference,dataset_splits/10_buildings/building_9/0001337/reference/0001337_266.jpg
building_9,0001337,reference,dataset_splits/10_buildings/building_9/0001337/reference/0001337_294.jpg
building_9,0001337,reference,dataset_splits/10_buildings/building_9/0001337/reference/0001337_306.jpg
building_9,0001337,reference,dataset_splits/10_buildings/building_9/0001337/reference/0001337_315.jpg
building_9,0001337,test,dataset_splits/10_buildings/building_9/0001337/test/0001337_025.jpg
building_9,0001337,test,dataset_splits/10_buildings/building_9/0001337/test/0001337_027.jpg
building_9,0001337,test,dataset_splits/10_buildings/building_9/0001337/test/0001337_048.jpg
building_9,0001337,test,dataset_splits/10_buildings/building_9/0001337/test/0001337_050.jpg
building_9,0001337,test,dataset_splits/10_buildings/building_9/0001337/test/0001337_069.jpg
building_9,0001337,test,dataset_splits/10_buildings/building_9/0001337/test/0001337_092.jpg
building_9,0001337,test,dataset_splits/10_buildings/building_9/0001337/test/0001337_109.jpg
building_9,0001337,test,dataset_splits/10_buildings/building_9/0001337/test/0001337_120.jpg
building_9,0001337,test,dataset_splits/10_buildings/building_9/0001337/test/0001337_125.jpg
building_9,0001337,test,dataset_splits/10_buildings/building_9/0001337/test/0001337_160.jpg
building_9,0001337,test,dataset_splits/10_buildings/building_9/0001337/test/0001337_162.jpg
building_9,0001337,test,dataset_splits/10_buildings/building_9/0001337/test/0001337_171.jpg
building_9,0001337,test,dataset_splits/10_buildings/building_9/0001337/test/0001337_183.jpg
building_9,0001337,test,dataset_splits/10_buildings/building_9/0001337/test/0001337_202.jpg
building_9,0001337,test,dataset_splits/10_buildings/building_9/0001337/test/0001337_207.jpg
building_9,0001337,test,dataset_splits/10_buildings/building_9/0001337/test/0001337_234.jpg
building_9,0001337,test,dataset_splits/10_buildings/building_9/0001337/test/0001337_269.jpg
building_9,0001337,test,dataset_splits/10_buildings/building_9/0001337/test/0001337_282.jpg
building_9,0001337,test,dataset_splits/10_buildings/building_9/0001337/test/0001337_296.jpg
building_9,0001337,test,dataset_splits/10_buildings/building_9/0001337/test/0001337_342.jpg
building_9,0001467,reference,dataset_splits/10_buildings/building_9/0001467/reference/0001467_011.jpg
building_9,0001467,reference,dataset_splits/10_buildings/building_9/0001467/reference/0001467_058.jpg
building_9,0001467,reference,dataset_splits/10_buildings/building_9/0001467/reference/0001467_094.jpg
building_9,0001467,reference,dataset_splits/10_buildings/building_9/0001467/reference/0001467_097.jpg
building_9,0001467,reference,dataset_splits/10_buildings/building_9/0001467/reference/0001467_107.jpg
building_9,0001467,reference,dataset_splits/10_buildings/building_9/0001467/reference/0001467_125.jpg
building_9,0001467,reference,dataset_splits/10_buildings/building_9/0001467/reference/0001467_131.jpg
building_9,0001467,reference,dataset_splits/10_buildings/building_9/0001467/reference/0001467_134.jpg
building_9,0001467,reference,dataset_splits/10_buildings/building_9/0001467/reference/0001467_136.jpg
building_9,0001467,reference,dataset_splits/10_buildings/building_9/0001467/reference/0001467_139.jpg
building_9,0001467,reference,dataset_splits/10_buildings/building_9/0001467/reference/0001467_141.jpg
building_9,0001467,reference,dataset_splits/10_buildings/building_9/0001467/reference/0001467_145.jpg
building_9,0001467,reference,dataset_splits/10_buildings/building_9/0001467/reference/0001467_146.jpg
building_9,0001467,reference,dataset_splits/10_buildings/building_9/0001467/reference/0001467_159.jpg
building_9,0001467,reference,dataset_splits/10_buildings/building_9/0001467/reference/0001467_172.jpg
building_9,0001467,reference,dataset_splits/10_buildings/building_9/0001467/reference/0001467_178.jpg
building_9,0001467,reference,dataset_splits/10_buildings/building_9/0001467/reference/0001467_182.jpg
building_9,0001467,reference,dataset_splits/10_buildings/building_9/0001467/reference/0001467_185.jpg
building_9,0001467,reference,dataset_splits/10_buildings/building_9/0001467/reference/0001467_191.jpg
building_9,0001467,reference,dataset_splits/10_buildings/building_9/0001467/reference/0001467_194.jpg
building_9,0001467,test,dataset_splits/10_buildings/building_9/0001467/test/0001467_009.jpg
building_9,0001467,test,dataset_splits/10_buildings/building_9/0001467/test/0001467_019.jpg
building_9,0001467,test,dataset_splits/10_buildings/building_9/0001467/test/0001467_022.jpg
building_9,0001467,test,dataset_splits/10_buildings/building_9/0001467/test/0001467_030.jpg
building_9,0001467,test,dataset_splits/10_buildings/building_9/0001467/test/0001467_046.jpg
building_9,0001467,test,dataset_splits/10_buildings/building_9/0001467/test/0001467_059.jpg
building_9,0001467,test,dataset_splits/10_buildings/building_9/0001467/test/0001467_065.jpg
building_9,0001467,test,dataset_splits/10_buildings/building_9/0001467/test/0001467_068.jpg
building_9,0001467,test,dataset_splits/10_buildings/building_9/0001467/test/0001467_084.jpg
building_9,0001467,test,dataset_splits/10_buildings/building_9/0001467/test/0001467_100.jpg
building_9,0001467,test,dataset_splits/10_buildings/building_9/0001467/test/0001467_112.jpg
building_9,0001467,test,dataset_splits/10_buildings/building_9/0001467/test/0001467_116.jpg
building_9,0001467,test,dataset_splits/10_buildings/building_9/0001467/test/0001467_121.jpg
building_9,0001467,test,dataset_splits/10_buildings/building_9/0001467/test/0001467_142.jpg
building_9,0001467,test,dataset_splits/10_buildings/building_9/0001467/test/0001467_148.jpg
building_9,0001467,test,dataset_splits/10_buildings/building_9/0001467/test/0001467_168.jpg
building_9,0001467,test,dataset_splits/10_buildings/building_9/0001467/test/0001467_190.jpg
building_9,0001467,test,dataset_splits/10_buildings/building_9/0001467/test/0001467_195.jpg
building_9,0001467,test,dataset_splits/10_buildings/building_9/0001467/test/0001467_200.jpg
building_9,0001467,test,dataset_splits/10_buildings/building_9/0001467/test/0001467_201.jpg
building_9,0001521,reference,dataset_splits/10_buildings/building_9/0001521/reference/0001521_005.jpg
building_9,0001521,reference,dataset_splits/10_buildings/building_9/0001521/reference/0001521_008.jpg
building_9,0001521,reference,dataset_splits/10_buildings/building_9/0001521/reference/0001521_009.jpg
building_9,0001521,reference,dataset_splits/10_buildings/building_9/0001521/reference/0001521_010.jpg
building_9,0001521,reference,dataset_splits/10_buildings/building_9/0001521/reference/0001521_016.jpg
building_9,0001521,reference,dataset_splits/10_buildings/building_9/0001521/reference/0001521_017.jpg
building_9,0001521,reference,dataset_splits/10_buildings/building_9/0001521/reference/0001521_018.jpg
building_9,0001521,reference,dataset_splits/10_buildings/building_9/0001521/reference/0001521_019.jpg
building_9,0001521,reference,dataset_splits/10_buildings/building_9/0001521/reference/0001521_027.jpg
building_9,0001521,reference,dataset_splits/10_buildings/building_9/0001521/reference/0001521_029.jpg
building_9,0001521,reference,dataset_splits/10_buildings/building_9/0001521/reference/0001521_030.jpg
building_9,0001521,reference,dataset_splits/10_buildings/building_9/0001521/reference/0001521_033.jpg
building_9,0001521,reference,dataset_splits/10_buildings/building_9/0001521/reference/0001521_036.jpg
building_9,0001521,reference,dataset_splits/10_buildings/building_9/0001521/reference/0001521_038.jpg
building_9,0001521,reference,dataset_splits/10_buildings/building_9/0001521/reference/0001521_040.jpg
building_9,0001521,reference,dataset_splits/10_buildings/building_9/0001521/reference/0001521_041.jpg
building_9,0001521,reference,dataset_splits/10_buildings/building_9/0001521/reference/0001521_043.jpg
building_9,0001521,reference,dataset_splits/10_buildings/building_9/0001521/reference/0001521_044.jpg
building_9,0001521,reference,dataset_splits/10_buildings/building_9/0001521/reference/0001521_051.jpg
building_9,0001521,reference,dataset_splits/10_buildings/building_9/0001521/reference/0001521_055.jpg
building_9,0001521,test,dataset_splits/10_buildings/building_9/0001521/test/0001521_001.jpg
building_9,0001521,test,dataset_splits/10_buildings/building_9/0001521/test/0001521_002.jpg
building_9,0001521,test,dataset_splits/10_buildings/building_9/0001521/test/0001521_003.jpg
building_9,0001521,test,dataset_splits/10_buildings/building_9/0001521/test/0001521_006.jpg
building_9,0001521,test,dataset_splits/10_buildings/building_9/0001521/test/0001521_011.jpg
building_9,0001521,test,dataset_splits/10_buildings/building_9/0001521/test/0001521_012.jpg
building_9,0001521,test,dataset_splits/10_buildings/building_9/0001521/test/0001521_014.jpg
building_9,0001521,test,dataset_splits/10_buildings/building_9/0001521/test/0001521_020.jpg
building_9,0001521,test,dataset_splits/10_buildings/building_9/0001521/test/0001521_021.jpg
building_9,0001521,test,dataset_splits/10_buildings/building_9/0001521/test/0001521_023.jpg
building_9,0001521,test,dataset_splits/10_buildings/building_9/0001521/test/0001521_025.jpg
building_9,0001521,test,dataset_splits/10_buildings/building_9/0001521/test/0001521_026.jpg
building_9,0001521,test,dataset_splits/10_buildings/building_9/0001521/test/0001521_028.jpg
building_9,0001521,test,dataset_splits/10_buildings/building_9/0001521/test/0001521_039.jpg
building_9,0001521,test,dataset_splits/10_buildings/building_9/0001521/test/0001521_042.jpg
building_9,0001521,test,dataset_splits/10_buildings/building_9/0001521/test/0001521_045.jpg
building_9,0001521,test,dataset_splits/10_buildings/building_9/0001521/test/0001521_046.jpg
building_9,0001521,test,dataset_splits/10_buildings/building_9/0001521/test/0001521_047.jpg
building_9,0001521,test,dataset_splits/10_buildings/building_9/0001521/test/0001521_049.jpg
building_9,0001521,test,dataset_splits/10_buildings/building_9/0001521/test/0001521_056.jpg
building_9,0001541,reference,dataset_splits/10_buildings/building_9/0001541/reference/0001541_003.jpg
building_9,0001541,reference,dataset_splits/10_buildings/building_9/0001541/reference/0001541_004.jpg
building_9,0001541,reference,dataset_splits/10_buildings/building_9/0001541/reference/0001541_006.jpg
building_9,0001541,reference,dataset_splits/10_buildings/building_9/0001541/reference/0001541_007.jpg
building_9,0001541,reference,dataset_splits/10_buildings/building_9/0001541/reference/0001541_008.jpg
building_9,0001541,reference,dataset_splits/10_buildings/building_9/0001541/reference/0001541_015.jpg
building_9,0001541,reference,dataset_splits/10_buildings/building_9/0001541/reference/0001541_016.jpg
building_9,0001541,reference,dataset_splits/10_buildings/building_9/0001541/reference/0001541_018.jpg
building_9,0001541,reference,dataset_splits/10_buildings/building_9/0001541/reference/0001541_019.jpg
building_9,0001541,reference,dataset_splits/10_buildings/building_9/0001541/reference/0001541_022.jpg
building_9,0001541,reference,dataset_splits/10_buildings/building_9/0001541/reference/0001541_023.jpg
building_9,0001541,reference,dataset_splits/10_buildings/building_9/0001541/reference/0001541_026.jpg
building_9,0001541,reference,dataset_splits/10_buildings/building_9/0001541/reference/0001541_028.jpg
building_9,0001541,reference,dataset_splits/10_buildings/building_9/0001541/reference/0001541_030.jpg
building_9,0001541,reference,dataset_splits/10_buildings/building_9/0001541/reference/0001541_033.jpg
building_9,0001541,reference,dataset_splits/10_buildings/building_9/0001541/reference/0001541_035.jpg
building_9,0001541,reference,dataset_splits/10_buildings/building_9/0001541/reference/0001541_036.jpg
building_9,0001541,reference,dataset_splits/10_buildings/building_9/0001541/reference/0001541_040.jpg
building_9,0001541,reference,dataset_splits/10_buildings/building_9/0001541/reference/0001541_044.jpg
building_9,0001541,reference,dataset_splits/10_buildings/building_9/0001541/reference/0001541_050.jpg
building_9,0001541,test,dataset_splits/10_buildings/building_9/0001541/test/0001541_001.jpg
building_9,0001541,test,dataset_splits/10_buildings/building_9/0001541/test/0001541_005.jpg
building_9,0001541,test,dataset_splits/10_buildings/building_9/0001541/test/0001541_011.jpg
building_9,0001541,test,dataset_splits/10_buildings/building_9/0001541/test/0001541_013.jpg
building_9,0001541,test,dataset_splits/10_buildings/building_9/0001541/test/0001541_014.jpg
building_9,0001541,test,dataset_splits/10_buildings/building_9/0001541/test/0001541_021.jpg
building_9,0001541,test,dataset_splits/10_buildings/building_9/0001541/test/0001541_024.jpg
building_9,0001541,test,dataset_splits/10_buildings/building_9/0001541/test/0001541_027.jpg
building_9,0001541,test,dataset_splits/10_buildings/building_9/0001541/test/0001541_034.jpg
building_9,0001541,test,dataset_splits/10_buildings/building_9/0001541/test/0001541_037.jpg
building_9,0001541,test,dataset_splits/10_buildings/building_9/0001541/test/0001541_038.jpg
building_9,0001541,test,dataset_splits/10_buildings/building_9/0001541/test/0001541_041.jpg
building_9,0001541,test,dataset_splits/10_buildings/building_9/0001541/test/0001541_043.jpg
building_9,0001541,test,dataset_splits/10_buildings/building_9/0001541/test/0001541_045.jpg
building_9,0001541,test,dataset_splits/10_buildings/building_9/0001541/test/0001541_046.jpg
building_9,0001541,test,dataset_splits/10_buildings/building_9/0001541/test/0001541_049.jpg
building_9,0001541,test,dataset_splits/10_buildings/building_9/0001541/test/0001541_051.jpg
building_9,0001541,test,dataset_splits/10_buildings/building_9/0001541/test/0001541_052.jpg
building_9,0001541,test,dataset_splits/10_buildings/building_9/0001541/test/0001541_055.jpg
building_9,0001541,test,dataset_splits/10_buildings/building_9/0001541/test/0001541_056.jpg
building_9,0001597,reference,dataset_splits/10_buildings/building_9/0001597/reference/0001597_006.jpg
building_9,0001597,reference,dataset_splits/10_buildings/building_9/0001597/reference/0001597_007.jpg
building_9,0001597,reference,dataset_splits/10_buildings/building_9/0001597/reference/0001597_010.jpg
building_9,0001597,reference,dataset_splits/10_buildings/building_9/0001597/reference/0001597_011.jpg
building_9,0001597,reference,dataset_splits/10_buildings/building_9/0001597/reference/0001597_013.jpg
building_9,0001597,reference,dataset_splits/10_buildings/building_9/0001597/reference/0001597_018.jpg
building_9,0001597,reference,dataset_splits/10_buildings/building_9/0001597/reference/0001597_020.jpg
building_9,0001597,reference,dataset_splits/10_buildings/building_9/0001597/reference/0001597_021.jpg
building_9,0001597,reference,dataset_splits/10_buildings/building_9/0001597/reference/0001597_025.jpg
building_9,0001597,reference,dataset_splits/10_buildings/building_9/0001597/reference/0001597_027.jpg
building_9,0001597,reference,dataset_splits/10_buildings/building_9/0001597/reference/0001597_030.jpg
building_9,0001597,reference,dataset_splits/10_buildings/building_9/0001597/reference/0001597_043.jpg
building_9,0001597,reference,dataset_splits/10_buildings/building_9/0001597/reference/0001597_045.jpg
building_9,0001597,reference,dataset_splits/10_buildings/building_9/0001597/reference/0001597_058.jpg
building_9,0001597,reference,dataset_splits/10_buildings/building_9/0001597/reference/0001597_059.jpg
building_9,0001597,reference,dataset_splits/10_buildings/building_9/0001597/reference/0001597_067.jpg
building_9,0001597,reference,dataset_splits/10_buildings/building_9/0001597/reference/0001597_077.jpg
building_9,0001597,reference,dataset_splits/10_buildings/building_9/0001597/reference/0001597_080.jpg
building_9,0001597,reference,dataset_splits/10_buildings/building_9/0001597/reference/0001597_093.jpg
building_9,0001597,reference,dataset_splits/10_buildings/building_9/0001597/reference/0001597_098.jpg
building_9,0001597,test,dataset_splits/10_buildings/building_9/0001597/test/0001597_003.jpg
building_9,0001597,test,dataset_splits/10_buildings/building_9/0001597/test/0001597_014.jpg
building_9,0001597,test,dataset_splits/10_buildings/building_9/0001597/test/0001597_015.jpg
building_9,0001597,test,dataset_splits/10_buildings/building_9/0001597/test/0001597_023.jpg
building_9,0001597,test,dataset_splits/10_buildings/building_9/0001597/test/0001597_029.jpg
building_9,0001597,test,dataset_splits/10_buildings/building_9/0001597/test/0001597_033.jpg
building_9,0001597,test,dataset_splits/10_buildings/building_9/0001597/test/0001597_034.jpg
building_9,0001597,test,dataset_splits/10_buildings/building_9/0001597/test/0001597_038.jpg
building_9,0001597,test,dataset_splits/10_buildings/building_9/0001597/test/0001597_039.jpg
building_9,0001597,test,dataset_splits/10_buildings/building_9/0001597/test/0001597_047.jpg
building_9,0001597,test,dataset_splits/10_buildings/building_9/0001597/test/0001597_051.jpg
building_9,0001597,test,dataset_splits/10_buildings/building_9/0001597/test/0001597_061.jpg
building_9,0001597,test,dataset_splits/10_buildings/building_9/0001597/test/0001597_062.jpg
building_9,0001597,test,dataset_splits/10_buildings/building_9/0001597/test/0001597_065.jpg
building_9,0001597,test,dataset_splits/10_buildings/building_9/0001597/test/0001597_066.jpg
building_9,0001597,test,dataset_splits/10_buildings/building_9/0001597/test/0001597_071.jpg
building_9,0001597,test,dataset_splits/10_buildings/building_9/0001597/test/0001597_072.jpg
building_9,0001597,test,dataset_splits/10_buildings/building_9/0001597/test/0001597_084.jpg
building_9,0001597,test,dataset_splits/10_buildings/building_9/0001597/test/0001597_089.jpg
building_9,0001597,test,dataset_splits/10_buildings/building_9/0001597/test/0001597_092.jpg
building_9,0001617,reference,dataset_splits/10_buildings/building_9/0001617/reference/0001617_004.jpg
building_9,0001617,reference,dataset_splits/10_buildings/building_9/0001617/reference/0001617_006.jpg
building_9,0001617,reference,dataset_splits/10_buildings/building_9/0001617/reference/0001617_008.jpg
building_9,0001617,reference,dataset_splits/10_buildings/building_9/0001617/reference/0001617_017.jpg
building_9,0001617,reference,dataset_splits/10_buildings/building_9/0001617/reference/0001617_018.jpg
building_9,0001617,reference,dataset_splits/10_buildings/building_9/0001617/reference/0001617_021.jpg
building_9,0001617,reference,dataset_splits/10_buildings/building_9/0001617/reference/0001617_025.jpg
building_9,0001617,reference,dataset_splits/10_buildings/building_9/0001617/reference/0001617_026.jpg
building_9,0001617,reference,dataset_splits/10_buildings/building_9/0001617/reference/0001617_036.jpg
building_9,0001617,reference,dataset_splits/10_buildings/building_9/0001617/reference/0001617_041.jpg
building_9,0001617,reference,dataset_splits/10_buildings/building_9/0001617/reference/0001617_047.jpg
building_9,0001617,reference,dataset_splits/10_buildings/building_9/0001617/reference/0001617_058.jpg
building_9,0001617,reference,dataset_splits/10_buildings/building_9/0001617/reference/0001617_062.jpg
building_9,0001617,reference,dataset_splits/10_buildings/building_9/0001617/reference/0001617_063.jpg
building_9,0001617,reference,dataset_splits/10_buildings/building_9/0001617/reference/0001617_067.jpg
building_9,0001617,reference,dataset_splits/10_buildings/building_9/0001617/reference/0001617_068.jpg
building_9,0001617,reference,dataset_splits/10_buildings/building_9/0001617/reference/0001617_069.jpg
building_9,0001617,reference,dataset_splits/10_buildings/building_9/0001617/reference/0001617_079.jpg
building_9,0001617,reference,dataset_splits/10_buildings/building_9/0001617/reference/0001617_088.jpg
building_9,0001617,reference,dataset_splits/10_buildings/building_9/0001617/reference/0001617_091.jpg
building_9,0001617,test,dataset_splits/10_buildings/building_9/0001617/test/0001617_007.jpg
building_9,0001617,test,dataset_splits/10_buildings/building_9/0001617/test/0001617_012.jpg
building_9,0001617,test,dataset_splits/10_buildings/building_9/0001617/test/0001617_013.jpg
building_9,0001617,test,dataset_splits/10_buildings/building_9/0001617/test/0001617_022.jpg
building_9,0001617,test,dataset_splits/10_buildings/building_9/0001617/test/0001617_024.jpg
building_9,0001617,test,dataset_splits/10_buildings/building_9/0001617/test/0001617_029.jpg
building_9,0001617,test,dataset_splits/10_buildings/building_9/0001617/test/0001617_043.jpg
building_9,0001617,test,dataset_splits/10_buildings/building_9/0001617/test/0001617_046.jpg
building_9,0001617,test,dataset_splits/10_buildings/building_9/0001617/test/0001617_048.jpg
building_9,0001617,test,dataset_splits/10_buildings/building_9/0001617/test/0001617_051.jpg
building_9,0001617,test,dataset_splits/10_buildings/building_9/0001617/test/0001617_053.jpg
building_9,0001617,test,dataset_splits/10_buildings/building_9/0001617/test/0001617_055.jpg
building_9,0001617,test,dataset_splits/10_buildings/building_9/0001617/test/0001617_077.jpg
building_9,0001617,test,dataset_splits/10_buildings/building_9/0001617/test/0001617_078.jpg
building_9,0001617,test,dataset_splits/10_buildings/building_9/0001617/test/0001617_080.jpg
building_9,0001617,test,dataset_splits/10_buildings/building_9/0001617/test/0001617_083.jpg
building_9,0001617,test,dataset_splits/10_buildings/building_9/0001617/test/0001617_084.jpg
building_9,0001617,test,dataset_splits/10_buildings/building_9/0001617/test/0001617_085.jpg
building_9,0001617,test,dataset_splits/10_buildings/building_9/0001617/test/0001617_089.jpg
building_9,0001617,test,dataset_splits/10_buildings/building_9/0001617/test/0001617_094.jpg
building_9,0001652,reference,dataset_splits/10_buildings/building_9/0001652/reference/0001652_004.jpg
building_9,0001652,reference,dataset_splits/10_buildings/building_9/0001652/reference/0001652_007.jpg
building_9,0001652,reference,dataset_splits/10_buildings/building_9/0001652/reference/0001652_016.jpg
building_9,0001652,reference,dataset_splits/10_buildings/building_9/0001652/reference/0001652_017.jpg
building_9,0001652,reference,dataset_splits/10_buildings/building_9/0001652/reference/0001652_025.jpg
building_9,0001652,reference,dataset_splits/10_buildings/building_9/0001652/reference/0001652_028.jpg
building_9,0001652,reference,dataset_splits/10_buildings/building_9/0001652/reference/0001652_031.jpg
building_9,0001652,reference,dataset_splits/10_buildings/building_9/0001652/reference/0001652_034.jpg
building_9,0001652,reference,dataset_splits/10_buildings/building_9/0001652/reference/0001652_037.jpg
building_9,0001652,reference,dataset_splits/10_buildings/building_9/0001652/reference/0001652_038.jpg
building_9,0001652,reference,dataset_splits/10_buildings/building_9/0001652/reference/0001652_039.jpg
building_9,0001652,reference,dataset_splits/10_buildings/building_9/0001652/reference/0001652_040.jpg
building_9,0001652,reference,dataset_splits/10_buildings/building_9/0001652/reference/0001652_043.jpg
building_9,0001652,reference,dataset_splits/10_buildings/building_9/0001652/reference/0001652_045.jpg
building_9,0001652,reference,dataset_splits/10_buildings/building_9/0001652/reference/0001652_050.jpg
building_9,0001652,reference,dataset_splits/10_buildings/building_9/0001652/reference/0001652_051.jpg
building_9,0001652,reference,dataset_splits/10_buildings/building_9/0001652/reference/0001652_053.jpg
building_9,0001652,reference,dataset_splits/10_buildings/building_9/0001652/reference/0001652_063.jpg
building_9,0001652,reference,dataset_splits/10_buildings/building_9/0001652/reference/0001652_072.jpg
building_9,0001652,reference,dataset_splits/10_buildings/building_9/0001652/reference/0001652_073.jpg
building_9,0001652,test,dataset_splits/10_buildings/building_9/0001652/test/0001652_003.jpg
building_9,0001652,test,dataset_splits/10_buildings/building_9/0001652/test/0001652_011.jpg
building_9,0001652,test,dataset_splits/10_buildings/building_9/0001652/test/0001652_012.jpg
building_9,0001652,test,dataset_splits/10_buildings/building_9/0001652/test/0001652_014.jpg
building_9,0001652,test,dataset_splits/10_buildings/building_9/0001652/test/0001652_015.jpg
building_9,0001652,test,dataset_splits/10_buildings/building_9/0001652/test/0001652_018.jpg
building_9,0001652,test,dataset_splits/10_buildings/building_9/0001652/test/0001652_019.jpg
building_9,0001652,test,dataset_splits/10_buildings/building_9/0001652/test/0001652_029.jpg
building_9,0001652,test,dataset_splits/10_buildings/building_9/0001652/test/0001652_035.jpg
building_9,0001652,test,dataset_splits/10_buildings/building_9/0001652/test/0001652_049.jpg
building_9,0001652,test,dataset_splits/10_buildings/building_9/0001652/test/0001652_052.jpg
building_9,0001652,test,dataset_splits/10_buildings/building_9/0001652/test/0001652_059.jpg
building_9,0001652,test,dataset_splits/10_buildings/building_9/0001652/test/0001652_060.jpg
building_9,0001652,test,dataset_splits/10_buildings/building_9/0001652/test/0001652_062.jpg
building_9,0001652,test,dataset_splits/10_buildings/building_9/0001652/test/0001652_067.jpg
building_9,0001652,test,dataset_splits/10_buildings/building_9/0001652/test/0001652_068.jpg
building_9,0001652,test,dataset_splits/10_buildings/building_9/0001652/test/0001652_070.jpg
building_9,0001652,test,dataset_splits/10_buildings/building_9/0001652/test/0001652_074.jpg
building_9,0001652,test,dataset_splits/10_buildings/building_9/0001652/test/0001652_078.jpg
building_9,0001652,test,dataset_splits/10_buildings/building_9/0001652/test/0001652_082.jpg
building_9,0001817,reference,dataset_splits/10_buildings/building_9/0001817/reference/0001817_004.jpg
building_9,0001817,reference,dataset_splits/10_buildings/building_9/0001817/reference/0001817_007.jpg
building_9,0001817,reference,dataset_splits/10_buildings/building_9/0001817/reference/0001817_008.jpg
building_9,0001817,reference,dataset_splits/10_buildings/building_9/0001817/reference/0001817_009.jpg
building_9,0001817,reference,dataset_splits/10_buildings/building_9/0001817/reference/0001817_011.jpg
building_9,0001817,reference,dataset_splits/10_buildings/building_9/0001817/reference/0001817_020.jpg
building_9,0001817,reference,dataset_splits/10_buildings/building_9/0001817/reference/0001817_022.jpg
building_9,0001817,reference,dataset_splits/10_buildings/building_9/0001817/reference/0001817_023.jpg
building_9,0001817,reference,dataset_splits/10_buildings/building_9/0001817/reference/0001817_024.jpg
building_9,0001817,reference,dataset_splits/10_buildings/building_9/0001817/reference/0001817_027.jpg
building_9,0001817,reference,dataset_splits/10_buildings/building_9/0001817/reference/0001817_032.jpg
building_9,0001817,reference,dataset_splits/10_buildings/building_9/0001817/reference/0001817_034.jpg
building_9,0001817,reference,dataset_splits/10_buildings/building_9/0001817/reference/0001817_036.jpg
building_9,0001817,reference,dataset_splits/10_buildings/building_9/0001817/reference/0001817_039.jpg
building_9,0001817,reference,dataset_splits/10_buildings/building_9/0001817/reference/0001817_043.jpg
building_9,0001817,reference,dataset_splits/10_buildings/building_9/0001817/reference/0001817_051.jpg
building_9,0001817,reference,dataset_splits/10_buildings/building_9/0001817/reference/0001817_059.jpg
building_9,0001817,reference,dataset_splits/10_buildings/building_9/0001817/reference/0001817_064.jpg
building_9,0001817,reference,dataset_splits/10_buildings/building_9/0001817/reference/0001817_065.jpg
building_9,0001817,reference,dataset_splits/10_buildings/building_9/0001817/reference/0001817_066.jpg
building_9,0001817,test,dataset_splits/10_buildings/building_9/0001817/test/0001817_002.jpg
building_9,0001817,test,dataset_splits/10_buildings/building_9/0001817/test/0001817_006.jpg
building_9,0001817,test,dataset_splits/10_buildings/building_9/0001817/test/0001817_012.jpg
building_9,0001817,test,dataset_splits/10_buildings/building_9/0001817/test/0001817_013.jpg
building_9,0001817,test,dataset_splits/10_buildings/building_9/0001817/test/0001817_014.jpg
building_9,0001817,test,dataset_splits/10_buildings/building_9/0001817/test/0001817_019.jpg
building_9,0001817,test,dataset_splits/10_buildings/building_9/0001817/test/0001817_030.jpg
building_9,0001817,test,dataset_splits/10_buildings/building_9/0001817/test/0001817_033.jpg
building_9,0001817,test,dataset_splits/10_buildings/building_9/0001817/test/0001817_035.jpg
building_9,0001817,test,dataset_splits/10_buildings/building_9/0001817/test/0001817_038.jpg
building_9,0001817,test,dataset_splits/10_buildings/building_9/0001817/test/0001817_044.jpg
building_9,0001817,test,dataset_splits/10_buildings/building_9/0001817/test/0001817_045.jpg
building_9,0001817,test,dataset_splits/10_buildings/building_9/0001817/test/0001817_046.jpg
building_9,0001817,test,dataset_splits/10_buildings/building_9/0001817/test/0001817_047.jpg
building_9,0001817,test,dataset_splits/10_buildings/building_9/0001817/test/0001817_048.jpg
building_9,0001817,test,dataset_splits/10_buildings/building_9/0001817/test/0001817_053.jpg
building_9,0001817,test,dataset_splits/10_buildings/building_9/0001817/test/0001817_055.jpg
building_9,0001817,test,dataset_splits/10_buildings/building_9/0001817/test/0001817_056.jpg
building_9,0001817,test,dataset_splits/10_buildings/building_9/0001817/test/0001817_057.jpg
building_9,0001817,test,dataset_splits/10_buildings/building_9/0001817/test/0001817_062.jpg
building_9,0001845,reference,dataset_splits/10_buildings/building_9/0001845/reference/0001845_002.jpg
building_9,0001845,reference,dataset_splits/10_buildings/building_9/0001845/reference/0001845_005.jpg
building_9,0001845,reference,dataset_splits/10_buildings/building_9/0001845/reference/0001845_013.jpg
building_9,0001845,reference,dataset_splits/10_buildings/building_9/0001845/reference/0001845_045.jpg
building_9,0001845,reference,dataset_splits/10_buildings/building_9/0001845/reference/0001845_049.jpg
building_9,0001845,reference,dataset_splits/10_buildings/building_9/0001845/reference/0001845_067.jpg
building_9,0001845,reference,dataset_splits/10_buildings/building_9/0001845/reference/0001845_086.jpg
building_9,0001845,reference,dataset_splits/10_buildings/building_9/0001845/reference/0001845_109.jpg
building_9,0001845,reference,dataset_splits/10_buildings/building_9/0001845/reference/0001845_136.jpg
building_9,0001845,reference,dataset_splits/10_buildings/building_9/0001845/reference/0001845_141.jpg
building_9,0001845,reference,dataset_splits/10_buildings/building_9/0001845/reference/0001845_153.jpg
building_9,0001845,reference,dataset_splits/10_buildings/building_9/0001845/reference/0001845_169.jpg
building_9,0001845,reference,dataset_splits/10_buildings/building_9/0001845/reference/0001845_206.jpg
building_9,0001845,reference,dataset_splits/10_buildings/building_9/0001845/reference/0001845_212.jpg
building_9,0001845,reference,dataset_splits/10_buildings/building_9/0001845/reference/0001845_235.jpg
building_9,0001845,reference,dataset_splits/10_buildings/building_9/0001845/reference/0001845_244.jpg
building_9,0001845,reference,dataset_splits/10_buildings/building_9/0001845/reference/0001845_257.jpg
building_9,0001845,reference,dataset_splits/10_buildings/building_9/0001845/reference/0001845_260.jpg
building_9,0001845,reference,dataset_splits/10_buildings/building_9/0001845/reference/0001845_312.jpg
building_9,0001845,reference,dataset_splits/10_buildings/building_9/0001845/reference/0001845_324.jpg
building_9,0001845,test,dataset_splits/10_buildings/building_9/0001845/test/0001845_026.jpg
building_9,0001845,test,dataset_splits/10_buildings/building_9/0001845/test/0001845_050.jpg
building_9,0001845,test,dataset_splits/10_buildings/building_9/0001845/test/0001845_062.jpg
building_9,0001845,test,dataset_splits/10_buildings/building_9/0001845/test/0001845_088.jpg
building_9,0001845,test,dataset_splits/10_buildings/building_9/0001845/test/0001845_103.jpg
building_9,0001845,test,dataset_splits/10_buildings/building_9/0001845/test/0001845_111.jpg
building_9,0001845,test,dataset_splits/10_buildings/building_9/0001845/test/0001845_121.jpg
building_9,0001845,test,dataset_splits/10_buildings/building_9/0001845/test/0001845_180.jpg
building_9,0001845,test,dataset_splits/10_buildings/building_9/0001845/test/0001845_191.jpg
building_9,0001845,test,dataset_splits/10_buildings/building_9/0001845/test/0001845_200.jpg
building_9,0001845,test,dataset_splits/10_buildings/building_9/0001845/test/0001845_213.jpg
building_9,0001845,test,dataset_splits/10_buildings/building_9/0001845/test/0001845_228.jpg
building_9,0001845,test,dataset_splits/10_buildings/building_9/0001845/test/0001845_230.jpg
building_9,0001845,test,dataset_splits/10_buildings/building_9/0001845/test/0001845_238.jpg
building_9,0001845,test,dataset_splits/10_buildings/building_9/0001845/test/0001845_248.jpg
building_9,0001845,test,dataset_splits/10_buildings/building_9/0001845/test/0001845_251.jpg
building_9,0001845,test,dataset_splits/10_buildings/building_9/0001845/test/0001845_315.jpg
building_9,0001845,test,dataset_splits/10_buildings/building_9/0001845/test/0001845_351.jpg
building_9,0001845,test,dataset_splits/10_buildings/building_9/0001845/test/0001845_357.jpg
building_9,0001845,test,dataset_splits/10_buildings/building_9/0001845/test/0001845_358.jpg
building_9,0002122,reference,dataset_splits/10_buildings/building_9/0002122/reference/0002122_017.jpg
building_9,0002122,reference,dataset_splits/10_buildings/building_9/0002122/reference/0002122_018.jpg
building_9,0002122,reference,dataset_splits/10_buildings/building_9/0002122/reference/0002122_022.jpg
building_9,0002122,reference,dataset_splits/10_buildings/building_9/0002122/reference/0002122_026.jpg
building_9,0002122,reference,dataset_splits/10_buildings/building_9/0002122/reference/0002122_030.jpg
building_9,0002122,reference,dataset_splits/10_buildings/building_9/0002122/reference/0002122_043.jpg
building_9,0002122,reference,dataset_splits/10_buildings/building_9/0002122/reference/0002122_045.jpg
building_9,0002122,reference,dataset_splits/10_buildings/building_9/0002122/reference/0002122_047.jpg
building_9,0002122,reference,dataset_splits/10_buildings/building_9/0002122/reference/0002122_061.jpg
building_9,0002122,reference,dataset_splits/10_buildings/building_9/0002122/reference/0002122_063.jpg
building_9,0002122,reference,dataset_splits/10_buildings/building_9/0002122/reference/0002122_068.jpg
building_9,0002122,reference,dataset_splits/10_buildings/building_9/0002122/reference/0002122_073.jpg
building_9,0002122,reference,dataset_splits/10_buildings/building_9/0002122/reference/0002122_083.jpg
building_9,0002122,reference,dataset_splits/10_buildings/building_9/0002122/reference/0002122_096.jpg
building_9,0002122,reference,dataset_splits/10_buildings/building_9/0002122/reference/0002122_098.jpg
building_9,0002122,reference,dataset_splits/10_buildings/building_9/0002122/reference/0002122_101.jpg
building_9,0002122,reference,dataset_splits/10_buildings/building_9/0002122/reference/0002122_104.jpg
building_9,0002122,reference,dataset_splits/10_buildings/building_9/0002122/reference/0002122_108.jpg
building_9,0002122,reference,dataset_splits/10_buildings/building_9/0002122/reference/0002122_114.jpg
building_9,0002122,reference,dataset_splits/10_buildings/building_9/0002122/reference/0002122_120.jpg
building_9,0002122,test,dataset_splits/10_buildings/building_9/0002122/test/0002122_009.jpg
building_9,0002122,test,dataset_splits/10_buildings/building_9/0002122/test/0002122_012.jpg
building_9,0002122,test,dataset_splits/10_buildings/building_9/0002122/test/0002122_019.jpg
building_9,0002122,test,dataset_splits/10_buildings/building_9/0002122/test/0002122_032.jpg
building_9,0002122,test,dataset_splits/10_buildings/building_9/0002122/test/0002122_046.jpg
building_9,0002122,test,dataset_splits/10_buildings/building_9/0002122/test/0002122_049.jpg
building_9,0002122,test,dataset_splits/10_buildings/building_9/0002122/test/0002122_057.jpg
building_9,0002122,test,dataset_splits/10_buildings/building_9/0002122/test/0002122_060.jpg
building_9,0002122,test,dataset_splits/10_buildings/building_9/0002122/test/0002122_067.jpg
building_9,0002122,test,dataset_splits/10_buildings/building_9/0002122/test/0002122_071.jpg
building_9,0002122,test,dataset_splits/10_buildings/building_9/0002122/test/0002122_079.jpg
building_9,0002122,test,dataset_splits/10_buildings/building_9/0002122/test/0002122_082.jpg
building_9,0002122,test,dataset_splits/10_buildings/building_9/0002122/test/0002122_084.jpg
building_9,0002122,test,dataset_splits/10_buildings/building_9/0002122/test/0002122_087.jpg
building_9,0002122,test,dataset_splits/10_buildings/building_9/0002122/test/0002122_089.jpg
building_9,0002122,test,dataset_splits/10_buildings/building_9/0002122/test/0002122_091.jpg
building_9,0002122,test,dataset_splits/10_buildings/building_9/0002122/test/0002122_092.jpg
building_9,0002122,test,dataset_splits/10_buildings/building_9/0002122/test/0002122_100.jpg
building_9,0002122,test,dataset_splits/10_buildings/building_9/0002122/test/0002122_102.jpg
building_9,0002122,test,dataset_splits/10_buildings/building_9/0002122/test/0002122_124.jpg
building_9,0002127,reference,dataset_splits/10_buildings/building_9/0002127/reference/0002127_007.jpg
building_9,0002127,reference,dataset_splits/10_buildings/building_9/0002127/reference/0002127_010.jpg
building_9,0002127,reference,dataset_splits/10_buildings/building_9/0002127/reference/0002127_013.jpg
building_9,0002127,reference,dataset_splits/10_buildings/building_9/0002127/reference/0002127_023.jpg
building_9,0002127,reference,dataset_splits/10_buildings/building_9/0002127/reference/0002127_024.jpg
building_9,0002127,reference,dataset_splits/10_buildings/building_9/0002127/reference/0002127_041.jpg
building_9,0002127,reference,dataset_splits/10_buildings/building_9/0002127/reference/0002127_049.jpg
building_9,0002127,reference,dataset_splits/10_buildings/building_9/0002127/reference/0002127_054.jpg
building_9,0002127,reference,dataset_splits/10_buildings/building_9/0002127/reference/0002127_061.jpg
building_9,0002127,reference,dataset_splits/10_buildings/building_9/0002127/reference/0002127_072.jpg
building_9,0002127,reference,dataset_splits/10_buildings/building_9/0002127/reference/0002127_086.jpg
building_9,0002127,reference,dataset_splits/10_buildings/building_9/0002127/reference/0002127_087.jpg
building_9,0002127,reference,dataset_splits/10_buildings/building_9/0002127/reference/0002127_104.jpg
building_9,0002127,reference,dataset_splits/10_buildings/building_9/0002127/reference/0002127_123.jpg
building_9,0002127,reference,dataset_splits/10_buildings/building_9/0002127/reference/0002127_124.jpg
building_9,0002127,reference,dataset_splits/10_buildings/building_9/0002127/reference/0002127_144.jpg
building_9,0002127,reference,dataset_splits/10_buildings/building_9/0002127/reference/0002127_155.jpg
building_9,0002127,reference,dataset_splits/10_buildings/building_9/0002127/reference/0002127_156.jpg
building_9,0002127,reference,dataset_splits/10_buildings/building_9/0002127/reference/0002127_158.jpg
building_9,0002127,reference,dataset_splits/10_buildings/building_9/0002127/reference/0002127_175.jpg
building_9,0002127,test,dataset_splits/10_buildings/building_9/0002127/test/0002127_009.jpg
building_9,0002127,test,dataset_splits/10_buildings/building_9/0002127/test/0002127_014.jpg
building_9,0002127,test,dataset_splits/10_buildings/building_9/0002127/test/0002127_015.jpg
building_9,0002127,test,dataset_splits/10_buildings/building_9/0002127/test/0002127_040.jpg
building_9,0002127,test,dataset_splits/10_buildings/building_9/0002127/test/0002127_052.jpg
building_9,0002127,test,dataset_splits/10_buildings/building_9/0002127/test/0002127_071.jpg
building_9,0002127,test,dataset_splits/10_buildings/building_9/0002127/test/0002127_081.jpg
building_9,0002127,test,dataset_splits/10_buildings/building_9/0002127/test/0002127_082.jpg
building_9,0002127,test,dataset_splits/10_buildings/building_9/0002127/test/0002127_099.jpg
building_9,0002127,test,dataset_splits/10_buildings/building_9/0002127/test/0002127_103.jpg
building_9,0002127,test,dataset_splits/10_buildings/building_9/0002127/test/0002127_112.jpg
building_9,0002127,test,dataset_splits/10_buildings/building_9/0002127/test/0002127_114.jpg
building_9,0002127,test,dataset_splits/10_buildings/building_9/0002127/test/0002127_118.jpg
building_9,0002127,test,dataset_splits/10_buildings/building_9/0002127/test/0002127_120.jpg
building_9,0002127,test,dataset_splits/10_buildings/building_9/0002127/test/0002127_121.jpg
building_9,0002127,test,dataset_splits/10_buildings/building_9/0002127/test/0002127_130.jpg
building_9,0002127,test,dataset_splits/10_buildings/building_9/0002127/test/0002127_135.jpg
building_9,0002127,test,dataset_splits/10_buildings/building_9/0002127/test/0002127_139.jpg
building_9,0002127,test,dataset_splits/10_buildings/building_9/0002127/test/0002127_151.jpg
building_9,0002127,test,dataset_splits/10_buildings/building_9/0002127/test/0002127_166.jpg
building_9,0002871,reference,dataset_splits/10_buildings/building_9/0002871/reference/0002871_001.jpg
building_9,0002871,reference,dataset_splits/10_buildings/building_9/0002871/reference/0002871_006.jpg
building_9,0002871,reference,dataset_splits/10_buildings/building_9/0002871/reference/0002871_009.jpg
building_9,0002871,reference,dataset_splits/10_buildings/building_9/0002871/reference/0002871_012.jpg
building_9,0002871,reference,dataset_splits/10_buildings/building_9/0002871/reference/0002871_013.jpg
building_9,0002871,reference,dataset_splits/10_buildings/building_9/0002871/reference/0002871_016.jpg
building_9,0002871,reference,dataset_splits/10_buildings/building_9/0002871/reference/0002871_017.jpg
building_9,0002871,reference,dataset_splits/10_buildings/building_9/0002871/reference/0002871_018.jpg
building_9,0002871,reference,dataset_splits/10_buildings/building_9/0002871/reference/0002871_020.jpg
building_9,0002871,reference,dataset_splits/10_buildings/building_9/0002871/reference/0002871_026.jpg
building_9,0002871,reference,dataset_splits/10_buildings/building_9/0002871/reference/0002871_032.jpg
building_9,0002871,reference,dataset_splits/10_buildings/building_9/0002871/reference/0002871_033.jpg
building_9,0002871,reference,dataset_splits/10_buildings/building_9/0002871/reference/0002871_040.jpg
building_9,0002871,reference,dataset_splits/10_buildings/building_9/0002871/reference/0002871_043.jpg
building_9,0002871,reference,dataset_splits/10_buildings/building_9/0002871/reference/0002871_051.jpg
building_9,0002871,reference,dataset_splits/10_buildings/building_9/0002871/reference/0002871_054.jpg
building_9,0002871,reference,dataset_splits/10_buildings/building_9/0002871/reference/0002871_059.jpg
building_9,0002871,reference,dataset_splits/10_buildings/building_9/0002871/reference/0002871_066.jpg
building_9,0002871,reference,dataset_splits/10_buildings/building_9/0002871/reference/0002871_067.jpg
building_9,0002871,reference,dataset_splits/10_buildings/building_9/0002871/reference/0002871_069.jpg
building_9,0002871,test,dataset_splits/10_buildings/building_9/0002871/test/0002871_011.jpg
building_9,0002871,test,dataset_splits/10_buildings/building_9/0002871/test/0002871_015.jpg
building_9,0002871,test,dataset_splits/10_buildings/building_9/0002871/test/0002871_019.jpg
building_9,0002871,test,dataset_splits/10_buildings/building_9/0002871/test/0002871_024.jpg
building_9,0002871,test,dataset_splits/10_buildings/building_9/0002871/test/0002871_025.jpg
building_9,0002871,test,dataset_splits/10_buildings/building_9/0002871/test/0002871_029.jpg
building_9,0002871,test,dataset_splits/10_buildings/building_9/0002871/test/0002871_034.jpg
building_9,0002871,test,dataset_splits/10_buildings/building_9/0002871/test/0002871_035.jpg
building_9,0002871,test,dataset_splits/10_buildings/building_9/0002871/test/0002871_036.jpg
building_9,0002871,test,dataset_splits/10_buildings/building_9/0002871/test/0002871_045.jpg
building_9,0002871,test,dataset_splits/10_buildings/building_9/0002871/test/0002871_047.jpg
building_9,0002871,test,dataset_splits/10_buildings/building_9/0002871/test/0002871_048.jpg
building_9,0002871,test,dataset_splits/10_buildings/building_9/0002871/test/0002871_050.jpg
building_9,0002871,test,dataset_splits/10_buildings/building_9/0002871/test/0002871_055.jpg
building_9,0002871,test,dataset_splits/10_buildings/building_9/0002871/test/0002871_057.jpg
building_9,0002871,test,dataset_splits/10_buildings/building_9/0002871/test/0002871_061.jpg
building_9,0002871,test,dataset_splits/10_buildings/building_9/0002871/test/0002871_062.jpg
building_9,0002871,test,dataset_splits/10_buildings/building_9/0002871/test/0002871_063.jpg
building_9,0002871,test,dataset_splits/10_buildings/building_9/0002871/test/0002871_065.jpg
building_9,0002871,test,dataset_splits/10_buildings/building_9/0002871/test/0002871_068.jpg
building_9,0004710,reference,dataset_splits/10_buildings/building_9/0004710/reference/0004710_002.jpg
building_9,0004710,reference,dataset_splits/10_buildings/building_9/0004710/reference/0004710_006.jpg
building_9,0004710,reference,dataset_splits/10_buildings/building_9/0004710/reference/0004710_010.jpg
building_9,0004710,reference,dataset_splits/10_buildings/building_9/0004710/reference/0004710_011.jpg
building_9,0004710,reference,dataset_splits/10_buildings/building_9/0004710/reference/0004710_013.jpg
building_9,0004710,reference,dataset_splits/10_buildings/building_9/0004710/reference/0004710_017.jpg
building_9,0004710,reference,dataset_splits/10_buildings/building_9/0004710/reference/0004710_020.jpg
building_9,0004710,reference,dataset_splits/10_buildings/building_9/0004710/reference/0004710_025.jpg
building_9,0004710,reference,dataset_splits/10_buildings/building_9/0004710/reference/0004710_026.jpg
building_9,0004710,reference,dataset_splits/10_buildings/building_9/0004710/reference/0004710_033.jpg
building_9,0004710,reference,dataset_splits/10_buildings/building_9/0004710/reference/0004710_038.jpg
building_9,0004710,reference,dataset_splits/10_buildings/building_9/0004710/reference/0004710_039.jpg
building_9,0004710,reference,dataset_splits/10_buildings/building_9/0004710/reference/0004710_041.jpg
building_9,0004710,reference,dataset_splits/10_buildings/building_9/0004710/reference/0004710_044.jpg
building_9,0004710,reference,dataset_splits/10_buildings/building_9/0004710/reference/0004710_046.jpg
building_9,0004710,reference,dataset_splits/10_buildings/building_9/0004710/reference/0004710_049.jpg
building_9,0004710,reference,dataset_splits/10_buildings/building_9/0004710/reference/0004710_050.jpg
building_9,0004710,reference,dataset_splits/10_buildings/building_9/0004710/reference/0004710_054.jpg
building_9,0004710,reference,dataset_splits/10_buildings/building_9/0004710/reference/0004710_059.jpg
building_9,0004710,reference,dataset_splits/10_buildings/building_9/0004710/reference/0004710_061.jpg
building_9,0004710,test,dataset_splits/10_buildings/building_9/0004710/test/0004710_001.jpg
building_9,0004710,test,dataset_splits/10_buildings/building_9/0004710/test/0004710_005.jpg
building_9,0004710,test,dataset_splits/10_buildings/building_9/0004710/test/0004710_007.jpg
building_9,0004710,test,dataset_splits/10_buildings/building_9/0004710/test/0004710_008.jpg
building_9,0004710,test,dataset_splits/10_buildings/building_9/0004710/test/0004710_018.jpg
building_9,0004710,test,dataset_splits/10_buildings/building_9/0004710/test/0004710_019.jpg
building_9,0004710,test,dataset_splits/10_buildings/building_9/0004710/test/0004710_022.jpg
building_9,0004710,test,dataset_splits/10_buildings/building_9/0004710/test/0004710_024.jpg
building_9,0004710,test,dataset_splits/10_buildings/building_9/0004710/test/0004710_028.jpg
building_9,0004710,test,dataset_splits/10_buildings/building_9/0004710/test/0004710_031.jpg
building_9,0004710,test,dataset_splits/10_buildings/building_9/0004710/test/0004710_034.jpg
building_9,0004710,test,dataset_splits/10_buildings/building_9/0004710/test/0004710_035.jpg
building_9,0004710,test,dataset_splits/10_buildings/building_9/0004710/test/0004710_036.jpg
building_9,0004710,test,dataset_splits/10_buildings/building_9/0004710/test/0004710_040.jpg
building_9,0004710,test,dataset_splits/10_buildings/building_9/0004710/test/0004710_045.jpg
building_9,0004710,test,dataset_splits/10_buildings/building_9/0004710/test/0004710_047.jpg
building_9,0004710,test,dataset_splits/10_buildings/building_9/0004710/test/0004710_051.jpg
building_9,0004710,test,dataset_splits/10_buildings/building_9/0004710/test/0004710_058.jpg
building_9,0004710,test,dataset_splits/10_buildings/building_9/0004710/test/0004710_060.jpg
building_9,0004710,test,dataset_splits/10_buildings/building_9/0004710/test/0004710_062.jpg
building_9,0004775,reference,dataset_splits/10_buildings/building_9/0004775/reference/0004775_006.jpg
building_9,0004775,reference,dataset_splits/10_buildings/building_9/0004775/reference/0004775_007.jpg
building_9,0004775,reference,dataset_splits/10_buildings/building_9/0004775/reference/0004775_012.jpg
building_9,0004775,reference,dataset_splits/10_buildings/building_9/0004775/reference/0004775_013.jpg
building_9,0004775,reference,dataset_splits/10_buildings/building_9/0004775/reference/0004775_016.jpg
building_9,0004775,reference,dataset_splits/10_buildings/building_9/0004775/reference/0004775_017.jpg
building_9,0004775,reference,dataset_splits/10_buildings/building_9/0004775/reference/0004775_019.jpg
building_9,0004775,reference,dataset_splits/10_buildings/building_9/0004775/reference/0004775_022.jpg
building_9,0004775,reference,dataset_splits/10_buildings/building_9/0004775/reference/0004775_023.jpg
building_9,0004775,reference,dataset_splits/10_buildings/building_9/0004775/reference/0004775_024.jpg
building_9,0004775,reference,dataset_splits/10_buildings/building_9/0004775/reference/0004775_028.jpg
building_9,0004775,reference,dataset_splits/10_buildings/building_9/0004775/reference/0004775_029.jpg
building_9,0004775,reference,dataset_splits/10_buildings/building_9/0004775/reference/0004775_033.jpg
building_9,0004775,reference,dataset_splits/10_buildings/building_9/0004775/reference/0004775_034.jpg
building_9,0004775,reference,dataset_splits/10_buildings/building_9/0004775/reference/0004775_040.jpg
building_9,0004775,reference,dataset_splits/10_buildings/building_9/0004775/reference/0004775_041.jpg
building_9,0004775,reference,dataset_splits/10_buildings/building_9/0004775/reference/0004775_042.jpg
building_9,0004775,reference,dataset_splits/10_buildings/building_9/0004775/reference/0004775_046.jpg
building_9,0004775,reference,dataset_splits/10_buildings/building_9/0004775/reference/0004775_049.jpg
building_9,0004775,reference,dataset_splits/10_buildings/building_9/0004775/reference/0004775_051.jpg
building_9,0004775,test,dataset_splits/10_buildings/building_9/0004775/test/0004775_001.jpg
building_9,0004775,test,dataset_splits/10_buildings/building_9/0004775/test/0004775_003.jpg
building_9,0004775,test,dataset_splits/10_buildings/building_9/0004775/test/0004775_008.jpg
building_9,0004775,test,dataset_splits/10_buildings/building_9/0004775/test/0004775_010.jpg
building_9,0004775,test,dataset_splits/10_buildings/building_9/0004775/test/0004775_014.jpg
building_9,0004775,test,dataset_splits/10_buildings/building_9/0004775/test/0004775_015.jpg
building_9,0004775,test,dataset_splits/10_buildings/building_9/0004775/test/0004775_018.jpg
building_9,0004775,test,dataset_splits/10_buildings/building_9/0004775/test/0004775_020.jpg
building_9,0004775,test,dataset_splits/10_buildings/building_9/0004775/test/0004775_031.jpg
building_9,0004775,test,dataset_splits/10_buildings/building_9/0004775/test/0004775_032.jpg
building_9,0004775,test,dataset_splits/10_buildings/building_9/0004775/test/0004775_035.jpg
building_9,0004775,test,dataset_splits/10_buildings/building_9/0004775/test/0004775_036.jpg
building_9,0004775,test,dataset_splits/10_buildings/building_9/0004775/test/0004775_037.jpg
building_9,0004775,test,dataset_splits/10_buildings/building_9/0004775/test/0004775_038.jpg
building_9,0004775,test,dataset_splits/10_buildings/building_9/0004775/test/0004775_043.jpg
building_9,0004775,test,dataset_splits/10_buildings/building_9/0004775/test/0004775_044.jpg
building_9,0004775,test,dataset_splits/10_buildings/building_9/0004775/test/0004775_047.jpg
building_9,0004775,test,dataset_splits/10_buildings/building_9/0004775/test/0004775_048.jpg
building_9,0004775,test,dataset_splits/10_buildings/building_9/0004775/test/0004775_050.jpg
building_9,0004775,test,dataset_splits/10_buildings/building_9/0004775/test/0004775_053.jpg
building_9,0004825,reference,dataset_splits/10_buildings/building_9/0004825/reference/0004825_019.jpg
building_9,0004825,reference,dataset_splits/10_buildings/building_9/0004825/reference/0004825_048.jpg
building_9,0004825,reference,dataset_splits/10_buildings/building_9/0004825/reference/0004825_058.jpg
building_9,0004825,reference,dataset_splits/10_buildings/building_9/0004825/reference/0004825_064.jpg
building_9,0004825,reference,dataset_splits/10_buildings/building_9/0004825/reference/0004825_068.jpg
building_9,0004825,reference,dataset_splits/10_buildings/building_9/0004825/reference/0004825_086.jpg
building_9,0004825,reference,dataset_splits/10_buildings/building_9/0004825/reference/0004825_112.jpg
building_9,0004825,reference,dataset_splits/10_buildings/building_9/0004825/reference/0004825_113.jpg
building_9,0004825,reference,dataset_splits/10_buildings/building_9/0004825/reference/0004825_136.jpg
building_9,0004825,reference,dataset_splits/10_buildings/building_9/0004825/reference/0004825_140.jpg
building_9,0004825,reference,dataset_splits/10_buildings/building_9/0004825/reference/0004825_150.jpg
building_9,0004825,reference,dataset_splits/10_buildings/building_9/0004825/reference/0004825_171.jpg
building_9,0004825,reference,dataset_splits/10_buildings/building_9/0004825/reference/0004825_175.jpg
building_9,0004825,reference,dataset_splits/10_buildings/building_9/0004825/reference/0004825_185.jpg
building_9,0004825,reference,dataset_splits/10_buildings/building_9/0004825/reference/0004825_199.jpg
building_9,0004825,reference,dataset_splits/10_buildings/building_9/0004825/reference/0004825_204.jpg
building_9,0004825,reference,dataset_splits/10_buildings/building_9/0004825/reference/0004825_217.jpg
building_9,0004825,reference,dataset_splits/10_buildings/building_9/0004825/reference/0004825_225.jpg
building_9,0004825,reference,dataset_splits/10_buildings/building_9/0004825/reference/0004825_232.jpg
building_9,0004825,reference,dataset_splits/10_buildings/building_9/0004825/reference/0004825_237.jpg
building_9,0004825,test,dataset_splits/10_buildings/building_9/0004825/test/0004825_020.jpg
building_9,0004825,test,dataset_splits/10_buildings/building_9/0004825/test/0004825_045.jpg
building_9,0004825,test,dataset_splits/10_buildings/building_9/0004825/test/0004825_062.jpg
building_9,0004825,test,dataset_splits/10_buildings/building_9/0004825/test/0004825_072.jpg
building_9,0004825,test,dataset_splits/10_buildings/building_9/0004825/test/0004825_107.jpg
building_9,0004825,test,dataset_splits/10_buildings/building_9/0004825/test/0004825_115.jpg
building_9,0004825,test,dataset_splits/10_buildings/building_9/0004825/test/0004825_120.jpg
building_9,0004825,test,dataset_splits/10_buildings/building_9/0004825/test/0004825_130.jpg
building_9,0004825,test,dataset_splits/10_buildings/building_9/0004825/test/0004825_134.jpg
building_9,0004825,test,dataset_splits/10_buildings/building_9/0004825/test/0004825_135.jpg
building_9,0004825,test,dataset_splits/10_buildings/building_9/0004825/test/0004825_138.jpg
building_9,0004825,test,dataset_splits/10_buildings/building_9/0004825/test/0004825_152.jpg
building_9,0004825,test,dataset_splits/10_buildings/building_9/0004825/test/0004825_181.jpg
building_9,0004825,test,dataset_splits/10_buildings/building_9/0004825/test/0004825_191.jpg
building_9,0004825,test,dataset_splits/10_buildings/building_9/0004825/test/0004825_195.jpg
building_9,0004825,test,dataset_splits/10_buildings/building_9/0004825/test/0004825_196.jpg
building_9,0004825,test,dataset_splits/10_buildings/building_9/0004825/test/0004825_205.jpg
building_9,0004825,test,dataset_splits/10_buildings/building_9/0004825/test/0004825_230.jpg
building_9,0004825,test,dataset_splits/10_buildings/building_9/0004825/test/0004825_233.jpg
building_9,0004825,test,dataset_splits/10_buildings/building_9/0004825/test/0004825_240.jpg
building_9,0004827,reference,dataset_splits/10_buildings/building_9/0004827/reference/0004827_002.jpg
building_9,0004827,reference,dataset_splits/10_buildings/building_9/0004827/reference/0004827_009.jpg
building_9,0004827,reference,dataset_splits/10_buildings/building_9/0004827/reference/0004827_010.jpg
building_9,0004827,reference,dataset_splits/10_buildings/building_9/0004827/reference/0004827_011.jpg
building_9,0004827,reference,dataset_splits/10_buildings/building_9/0004827/reference/0004827_014.jpg
building_9,0004827,reference,dataset_splits/10_buildings/building_9/0004827/reference/0004827_025.jpg
building_9,0004827,reference,dataset_splits/10_buildings/building_9/0004827/reference/0004827_026.jpg
building_9,0004827,reference,dataset_splits/10_buildings/building_9/0004827/reference/0004827_033.jpg
building_9,0004827,reference,dataset_splits/10_buildings/building_9/0004827/reference/0004827_037.jpg
building_9,0004827,reference,dataset_splits/10_buildings/building_9/0004827/reference/0004827_042.jpg
building_9,0004827,reference,dataset_splits/10_buildings/building_9/0004827/reference/0004827_043.jpg
building_9,0004827,reference,dataset_splits/10_buildings/building_9/0004827/reference/0004827_045.jpg
building_9,0004827,reference,dataset_splits/10_buildings/building_9/0004827/reference/0004827_049.jpg
building_9,0004827,reference,dataset_splits/10_buildings/building_9/0004827/reference/0004827_051.jpg
building_9,0004827,reference,dataset_splits/10_buildings/building_9/0004827/reference/0004827_053.jpg
building_9,0004827,reference,dataset_splits/10_buildings/building_9/0004827/reference/0004827_058.jpg
building_9,0004827,reference,dataset_splits/10_buildings/building_9/0004827/reference/0004827_060.jpg
building_9,0004827,reference,dataset_splits/10_buildings/building_9/0004827/reference/0004827_061.jpg
building_9,0004827,reference,dataset_splits/10_buildings/building_9/0004827/reference/0004827_063.jpg
building_9,0004827,reference,dataset_splits/10_buildings/building_9/0004827/reference/0004827_064.jpg
building_9,0004827,test,dataset_splits/10_buildings/building_9/0004827/test/0004827_001.jpg
building_9,0004827,test,dataset_splits/10_buildings/building_9/0004827/test/0004827_003.jpg
building_9,0004827,test,dataset_splits/10_buildings/building_9/0004827/test/0004827_004.jpg
building_9,0004827,test,dataset_splits/10_buildings/building_9/0004827/test/0004827_006.jpg
building_9,0004827,test,dataset_splits/10_buildings/building_9/0004827/test/0004827_012.jpg
building_9,0004827,test,dataset_splits/10_buildings/building_9/0004827/test/0004827_015.jpg
building_9,0004827,test,dataset_splits/10_buildings/building_9/0004827/test/0004827_016.jpg
building_9,0004827,test,dataset_splits/10_buildings/building_9/0004827/test/0004827_020.jpg
building_9,0004827,test,dataset_splits/10_buildings/building_9/0004827/test/0004827_029.jpg
building_9,0004827,test,dataset_splits/10_buildings/building_9/0004827/test/0004827_030.jpg
building_9,0004827,test,dataset_splits/10_buildings/building_9/0004827/test/0004827_031.jpg
building_9,0004827,test,dataset_splits/10_buildings/building_9/0004827/test/0004827_032.jpg
building_9,0004827,test,dataset_splits/10_buildings/building_9/0004827/test/0004827_035.jpg
building_9,0004827,test,dataset_splits/10_buildings/building_9/0004827/test/0004827_039.jpg
building_9,0004827,test,dataset_splits/10_buildings/building_9/0004827/test/0004827_040.jpg
building_9,0004827,test,dataset_splits/10_buildings/building_9/0004827/test/0004827_044.jpg
building_9,0004827,test,dataset_splits/10_buildings/building_9/0004827/test/0004827_047.jpg
building_9,0004827,test,dataset_splits/10_buildings/building_9/0004827/test/0004827_048.jpg
building_9,0004827,test,dataset_splits/10_buildings/building_9/0004827/test/0004827_052.jpg
building_9,0004827,test,dataset_splits/10_buildings/building_9/0004827/test/0004827_054.jpg
building_9,0004884,reference,dataset_splits/10_buildings/building_9/0004884/reference/0004884_007.jpg
building_9,0004884,reference,dataset_splits/10_buildings/building_9/0004884/reference/0004884_010.jpg
building_9,0004884,reference,dataset_splits/10_buildings/building_9/0004884/reference/0004884_011.jpg
building_9,0004884,reference,dataset_splits/10_buildings/building_9/0004884/reference/0004884_014.jpg
building_9,0004884,reference,dataset_splits/10_buildings/building_9/0004884/reference/0004884_017.jpg
building_9,0004884,reference,dataset_splits/10_buildings/building_9/0004884/reference/0004884_019.jpg
building_9,0004884,reference,dataset_splits/10_buildings/building_9/0004884/reference/0004884_022.jpg
building_9,0004884,reference,dataset_splits/10_buildings/building_9/0004884/reference/0004884_025.jpg
building_9,0004884,reference,dataset_splits/10_buildings/building_9/0004884/reference/0004884_028.jpg
building_9,0004884,reference,dataset_splits/10_buildings/building_9/0004884/reference/0004884_030.jpg
building_9,0004884,reference,dataset_splits/10_buildings/building_9/0004884/reference/0004884_031.jpg
building_9,0004884,reference,dataset_splits/10_buildings/building_9/0004884/reference/0004884_032.jpg
building_9,0004884,reference,dataset_splits/10_buildings/building_9/0004884/reference/0004884_040.jpg
building_9,0004884,reference,dataset_splits/10_buildings/building_9/0004884/reference/0004884_041.jpg
building_9,0004884,reference,dataset_splits/10_buildings/building_9/0004884/reference/0004884_043.jpg
building_9,0004884,reference,dataset_splits/10_buildings/building_9/0004884/reference/0004884_044.jpg
building_9,0004884,reference,dataset_splits/10_buildings/building_9/0004884/reference/0004884_048.jpg
building_9,0004884,reference,dataset_splits/10_buildings/building_9/0004884/reference/0004884_049.jpg
building_9,0004884,reference,dataset_splits/10_buildings/building_9/0004884/reference/0004884_052.jpg
building_9,0004884,reference,dataset_splits/10_buildings/building_9/0004884/reference/0004884_054.jpg
building_9,0004884,test,dataset_splits/10_buildings/building_9/0004884/test/0004884_002.jpg
building_9,0004884,test,dataset_splits/10_buildings/building_9/0004884/test/0004884_003.jpg
building_9,0004884,test,dataset_splits/10_buildings/building_9/0004884/test/0004884_005.jpg
building_9,0004884,test,dataset_splits/10_buildings/building_9/0004884/test/0004884_006.jpg
building_9,0004884,test,dataset_splits/10_buildings/building_9/0004884/test/0004884_013.jpg
building_9,0004884,test,dataset_splits/10_buildings/building_9/0004884/test/0004884_015.jpg
building_9,0004884,test,dataset_splits/10_buildings/building_9/0004884/test/0004884_020.jpg
building_9,0004884,test,dataset_splits/10_buildings/building_9/0004884/test/0004884_023.jpg
building_9,0004884,test,dataset_splits/10_buildings/building_9/0004884/test/0004884_026.jpg
building_9,0004884,test,dataset_splits/10_buildings/building_9/0004884/test/0004884_027.jpg
building_9,0004884,test,dataset_splits/10_buildings/building_9/0004884/test/0004884_033.jpg
building_9,0004884,test,dataset_splits/10_buildings/building_9/0004884/test/0004884_034.jpg
building_9,0004884,test,dataset_splits/10_buildings/building_9/0004884/test/0004884_035.jpg
building_9,0004884,test,dataset_splits/10_buildings/building_9/0004884/test/0004884_037.jpg
building_9,0004884,test,dataset_splits/10_buildings/building_9/0004884/test/0004884_039.jpg
building_9,0004884,test,dataset_splits/10_buildings/building_9/0004884/test/0004884_042.jpg
building_9,0004884,test,dataset_splits/10_buildings/building_9/0004884/test/0004884_045.jpg
building_9,0004884,test,dataset_splits/10_buildings/building_9/0004884/test/0004884_047.jpg
building_9,0004884,test,dataset_splits/10_buildings/building_9/0004884/test/0004884_053.jpg
building_9,0004884,test,dataset_splits/10_buildings/building_9/0004884/test/0004884_056.jpg
building_9,0005000,reference,dataset_splits/10_buildings/building_9/0005000/reference/0005000_004.jpg
building_9,0005000,reference,dataset_splits/10_buildings/building_9/0005000/reference/0005000_005.jpg
building_9,0005000,reference,dataset_splits/10_buildings/building_9/0005000/reference/0005000_006.jpg
building_9,0005000,reference,dataset_splits/10_buildings/building_9/0005000/reference/0005000_007.jpg
building_9,0005000,reference,dataset_splits/10_buildings/building_9/0005000/reference/0005000_014.jpg
building_9,0005000,reference,dataset_splits/10_buildings/building_9/0005000/reference/0005000_015.jpg
building_9,0005000,reference,dataset_splits/10_buildings/building_9/0005000/reference/0005000_016.jpg
building_9,0005000,reference,dataset_splits/10_buildings/building_9/0005000/reference/0005000_019.jpg
building_9,0005000,reference,dataset_splits/10_buildings/building_9/0005000/reference/0005000_022.jpg
building_9,0005000,reference,dataset_splits/10_buildings/building_9/0005000/reference/0005000_025.jpg
building_9,0005000,reference,dataset_splits/10_buildings/building_9/0005000/reference/0005000_027.jpg
building_9,0005000,reference,dataset_splits/10_buildings/building_9/0005000/reference/0005000_030.jpg
building_9,0005000,reference,dataset_splits/10_buildings/building_9/0005000/reference/0005000_033.jpg
building_9,0005000,reference,dataset_splits/10_buildings/building_9/0005000/reference/0005000_036.jpg
building_9,0005000,reference,dataset_splits/10_buildings/building_9/0005000/reference/0005000_039.jpg
building_9,0005000,reference,dataset_splits/10_buildings/building_9/0005000/reference/0005000_043.jpg
building_9,0005000,reference,dataset_splits/10_buildings/building_9/0005000/reference/0005000_045.jpg
building_9,0005000,reference,dataset_splits/10_buildings/building_9/0005000/reference/0005000_047.jpg
building_9,0005000,reference,dataset_splits/10_buildings/building_9/0005000/reference/0005000_050.jpg
building_9,0005000,reference,dataset_splits/10_buildings/building_9/0005000/reference/0005000_051.jpg
building_9,0005000,test,dataset_splits/10_buildings/building_9/0005000/test/0005000_001.jpg
building_9,0005000,test,dataset_splits/10_buildings/building_9/0005000/test/0005000_003.jpg
building_9,0005000,test,dataset_splits/10_buildings/building_9/0005000/test/0005000_011.jpg
building_9,0005000,test,dataset_splits/10_buildings/building_9/0005000/test/0005000_012.jpg
building_9,0005000,test,dataset_splits/10_buildings/building_9/0005000/test/0005000_013.jpg
building_9,0005000,test,dataset_splits/10_buildings/building_9/0005000/test/0005000_018.jpg
building_9,0005000,test,dataset_splits/10_buildings/building_9/0005000/test/0005000_020.jpg
building_9,0005000,test,dataset_splits/10_buildings/building_9/0005000/test/0005000_021.jpg
building_9,0005000,test,dataset_splits/10_buildings/building_9/0005000/test/0005000_024.jpg
building_9,0005000,test,dataset_splits/10_buildings/building_9/0005000/test/0005000_026.jpg
building_9,0005000,test,dataset_splits/10_buildings/building_9/0005000/test/0005000_029.jpg
building_9,0005000,test,dataset_splits/10_buildings/building_9/0005000/test/0005000_031.jpg
building_9,0005000,test,dataset_splits/10_buildings/building_9/0005000/test/0005000_032.jpg
building_9,0005000,test,dataset_splits/10_buildings/building_9/0005000/test/0005000_034.jpg
building_9,0005000,test,dataset_splits/10_buildings/building_9/0005000/test/0005000_035.jpg
building_9,0005000,test,dataset_splits/10_buildings/building_9/0005000/test/0005000_038.jpg
building_9,0005000,test,dataset_splits/10_buildings/building_9/0005000/test/0005000_041.jpg
building_9,0005000,test,dataset_splits/10_buildings/building_9/0005000/test/0005000_046.jpg
building_9,0005000,test,dataset_splits/10_buildings/building_9/0005000/test/0005000_048.jpg
building_9,0005000,test,dataset_splits/10_buildings/building_9/0005000/test/0005000_049.jpg
building_9,0005044,reference,dataset_splits/10_buildings/building_9/0005044/reference/0005044_005.jpg
building_9,0005044,reference,dataset_splits/10_buildings/building_9/0005044/reference/0005044_006.jpg
building_9,0005044,reference,dataset_splits/10_buildings/building_9/0005044/reference/0005044_009.jpg
building_9,0005044,reference,dataset_splits/10_buildings/building_9/0005044/reference/0005044_011.jpg
building_9,0005044,reference,dataset_splits/10_buildings/building_9/0005044/reference/0005044_017.jpg
building_9,0005044,reference,dataset_splits/10_buildings/building_9/0005044/reference/0005044_019.jpg
building_9,0005044,reference,dataset_splits/10_buildings/building_9/0005044/reference/0005044_022.jpg
building_9,0005044,reference,dataset_splits/10_buildings/building_9/0005044/reference/0005044_023.jpg
building_9,0005044,reference,dataset_splits/10_buildings/building_9/0005044/reference/0005044_031.jpg
building_9,0005044,reference,dataset_splits/10_buildings/building_9/0005044/reference/0005044_033.jpg
building_9,0005044,reference,dataset_splits/10_buildings/building_9/0005044/reference/0005044_034.jpg
building_9,0005044,reference,dataset_splits/10_buildings/building_9/0005044/reference/0005044_038.jpg
building_9,0005044,reference,dataset_splits/10_buildings/building_9/0005044/reference/0005044_039.jpg
building_9,0005044,reference,dataset_splits/10_buildings/building_9/0005044/reference/0005044_042.jpg
building_9,0005044,reference,dataset_splits/10_buildings/building_9/0005044/reference/0005044_044.jpg
building_9,0005044,reference,dataset_splits/10_buildings/building_9/0005044/reference/0005044_045.jpg
building_9,0005044,reference,dataset_splits/10_buildings/building_9/0005044/reference/0005044_047.jpg
building_9,0005044,reference,dataset_splits/10_buildings/building_9/0005044/reference/0005044_048.jpg
building_9,0005044,reference,dataset_splits/10_buildings/building_9/0005044/reference/0005044_052.jpg
building_9,0005044,reference,dataset_splits/10_buildings/building_9/0005044/reference/0005044_056.jpg
building_9,0005044,test,dataset_splits/10_buildings/building_9/0005044/test/0005044_001.jpg
building_9,0005044,test,dataset_splits/10_buildings/building_9/0005044/test/0005044_002.jpg
building_9,0005044,test,dataset_splits/10_buildings/building_9/0005044/test/0005044_003.jpg
building_9,0005044,test,dataset_splits/10_buildings/building_9/0005044/test/0005044_004.jpg
building_9,0005044,test,dataset_splits/10_buildings/building_9/0005044/test/0005044_008.jpg
building_9,0005044,test,dataset_splits/10_buildings/building_9/0005044/test/0005044_010.jpg
building_9,0005044,test,dataset_splits/10_buildings/building_9/0005044/test/0005044_014.jpg
building_9,0005044,test,dataset_splits/10_buildings/building_9/0005044/test/0005044_015.jpg
building_9,0005044,test,dataset_splits/10_buildings/building_9/0005044/test/0005044_016.jpg
building_9,0005044,test,dataset_splits/10_buildings/building_9/0005044/test/0005044_018.jpg
building_9,0005044,test,dataset_splits/10_buildings/building_9/0005044/test/0005044_020.jpg
building_9,0005044,test,dataset_splits/10_buildings/building_9/0005044/test/0005044_027.jpg
building_9,0005044,test,dataset_splits/10_buildings/building_9/0005044/test/0005044_028.jpg
building_9,0005044,test,dataset_splits/10_buildings/building_9/0005044/test/0005044_029.jpg
building_9,0005044,test,dataset_splits/10_buildings/building_9/0005044/test/0005044_036.jpg
building_9,0005044,test,dataset_splits/10_buildings/building_9/0005044/test/0005044_037.jpg
building_9,0005044,test,dataset_splits/10_buildings/building_9/0005044/test/0005044_041.jpg
building_9,0005044,test,dataset_splits/10_buildings/building_9/0005044/test/0005044_043.jpg
building_9,0005044,test,dataset_splits/10_buildings/building_9/0005044/test/0005044_049.jpg
building_9,0005044,test,dataset_splits/10_buildings/building_9/0005044/test/0005044_055.jpg
building_9,0005067,reference,dataset_splits/10_buildings/building_9/0005067/reference/0005067_003.jpg
building_9,0005067,reference,dataset_splits/10_buildings/building_9/0005067/reference/0005067_004.jpg
building_9,0005067,reference,dataset_splits/10_buildings/building_9/0005067/reference/0005067_006.jpg
building_9,0005067,reference,dataset_splits/10_buildings/building_9/0005067/reference/0005067_014.jpg
building_9,0005067,reference,dataset_splits/10_buildings/building_9/0005067/reference/0005067_016.jpg
building_9,0005067,reference,dataset_splits/10_buildings/building_9/0005067/reference/0005067_017.jpg
building_9,0005067,reference,dataset_splits/10_buildings/building_9/0005067/reference/0005067_018.jpg
building_9,0005067,reference,dataset_splits/10_buildings/building_9/0005067/reference/0005067_019.jpg
building_9,0005067,reference,dataset_splits/10_buildings/building_9/0005067/reference/0005067_022.jpg
building_9,0005067,reference,dataset_splits/10_buildings/building_9/0005067/reference/0005067_025.jpg
building_9,0005067,reference,dataset_splits/10_buildings/building_9/0005067/reference/0005067_027.jpg
building_9,0005067,reference,dataset_splits/10_buildings/building_9/0005067/reference/0005067_043.jpg
building_9,0005067,reference,dataset_splits/10_buildings/building_9/0005067/reference/0005067_045.jpg
building_9,0005067,reference,dataset_splits/10_buildings/building_9/0005067/reference/0005067_049.jpg
building_9,0005067,reference,dataset_splits/10_buildings/building_9/0005067/reference/0005067_050.jpg
building_9,0005067,reference,dataset_splits/10_buildings/building_9/0005067/reference/0005067_056.jpg
building_9,0005067,reference,dataset_splits/10_buildings/building_9/0005067/reference/0005067_063.jpg
building_9,0005067,reference,dataset_splits/10_buildings/building_9/0005067/reference/0005067_064.jpg
building_9,0005067,reference,dataset_splits/10_buildings/building_9/0005067/reference/0005067_068.jpg
building_9,0005067,reference,dataset_splits/10_buildings/building_9/0005067/reference/0005067_070.jpg
building_9,0005067,test,dataset_splits/10_buildings/building_9/0005067/test/0005067_002.jpg
building_9,0005067,test,dataset_splits/10_buildings/building_9/0005067/test/0005067_007.jpg
building_9,0005067,test,dataset_splits/10_buildings/building_9/0005067/test/0005067_015.jpg
building_9,0005067,test,dataset_splits/10_buildings/building_9/0005067/test/0005067_023.jpg
building_9,0005067,test,dataset_splits/10_buildings/building_9/0005067/test/0005067_024.jpg
building_9,0005067,test,dataset_splits/10_buildings/building_9/0005067/test/0005067_032.jpg
building_9,0005067,test,dataset_splits/10_buildings/building_9/0005067/test/0005067_033.jpg
building_9,0005067,test,dataset_splits/10_buildings/building_9/0005067/test/0005067_038.jpg
building_9,0005067,test,dataset_splits/10_buildings/building_9/0005067/test/0005067_041.jpg
building_9,0005067,test,dataset_splits/10_buildings/building_9/0005067/test/0005067_042.jpg
building_9,0005067,test,dataset_splits/10_buildings/building_9/0005067/test/0005067_044.jpg
building_9,0005067,test,dataset_splits/10_buildings/building_9/0005067/test/0005067_046.jpg
building_9,0005067,test,dataset_splits/10_buildings/building_9/0005067/test/0005067_048.jpg
building_9,0005067,test,dataset_splits/10_buildings/building_9/0005067/test/0005067_051.jpg
building_9,0005067,test,dataset_splits/10_buildings/building_9/0005067/test/0005067_053.jpg
building_9,0005067,test,dataset_splits/10_buildings/building_9/0005067/test/0005067_057.jpg
building_9,0005067,test,dataset_splits/10_buildings/building_9/0005067/test/0005067_058.jpg
building_9,0005067,test,dataset_splits/10_buildings/building_9/0005067/test/0005067_062.jpg
building_9,0005067,test,dataset_splits/10_buildings/building_9/0005067/test/0005067_065.jpg
building_9,0005067,test,dataset_splits/10_buildings/building_9/0005067/test/0005067_071.jpg
building_9,0005188,reference,dataset_splits/10_buildings/building_9/0005188/reference/0005188_001.jpg
building_9,0005188,reference,dataset_splits/10_buildings/building_9/0005188/reference/0005188_026.jpg
building_9,0005188,reference,dataset_splits/10_buildings/building_9/0005188/reference/0005188_030.jpg
building_9,0005188,reference,dataset_splits/10_buildings/building_9/0005188/reference/0005188_034.jpg
building_9,0005188,reference,dataset_splits/10_buildings/building_9/0005188/reference/0005188_037.jpg
building_9,0005188,reference,dataset_splits/10_buildings/building_9/0005188/reference/0005188_046.jpg
building_9,0005188,reference,dataset_splits/10_buildings/building_9/0005188/reference/0005188_062.jpg
building_9,0005188,reference,dataset_splits/10_buildings/building_9/0005188/reference/0005188_068.jpg
building_9,0005188,reference,dataset_splits/10_buildings/building_9/0005188/reference/0005188_070.jpg
building_9,0005188,reference,dataset_splits/10_buildings/building_9/0005188/reference/0005188_086.jpg
building_9,0005188,reference,dataset_splits/10_buildings/building_9/0005188/reference/0005188_095.jpg
building_9,0005188,reference,dataset_splits/10_buildings/building_9/0005188/reference/0005188_098.jpg
building_9,0005188,reference,dataset_splits/10_buildings/building_9/0005188/reference/0005188_113.jpg
building_9,0005188,reference,dataset_splits/10_buildings/building_9/0005188/reference/0005188_122.jpg
building_9,0005188,reference,dataset_splits/10_buildings/building_9/0005188/reference/0005188_129.jpg
building_9,0005188,reference,dataset_splits/10_buildings/building_9/0005188/reference/0005188_163.jpg
building_9,0005188,reference,dataset_splits/10_buildings/building_9/0005188/reference/0005188_165.jpg
building_9,0005188,reference,dataset_splits/10_buildings/building_9/0005188/reference/0005188_179.jpg
building_9,0005188,reference,dataset_splits/10_buildings/building_9/0005188/reference/0005188_184.jpg
building_9,0005188,reference,dataset_splits/10_buildings/building_9/0005188/reference/0005188_211.jpg
building_9,0005188,test,dataset_splits/10_buildings/building_9/0005188/test/0005188_004.jpg
building_9,0005188,test,dataset_splits/10_buildings/building_9/0005188/test/0005188_010.jpg
building_9,0005188,test,dataset_splits/10_buildings/building_9/0005188/test/0005188_020.jpg
building_9,0005188,test,dataset_splits/10_buildings/building_9/0005188/test/0005188_022.jpg
building_9,0005188,test,dataset_splits/10_buildings/building_9/0005188/test/0005188_042.jpg
building_9,0005188,test,dataset_splits/10_buildings/building_9/0005188/test/0005188_047.jpg
building_9,0005188,test,dataset_splits/10_buildings/building_9/0005188/test/0005188_058.jpg
building_9,0005188,test,dataset_splits/10_buildings/building_9/0005188/test/0005188_066.jpg
building_9,0005188,test,dataset_splits/10_buildings/building_9/0005188/test/0005188_069.jpg
building_9,0005188,test,dataset_splits/10_buildings/building_9/0005188/test/0005188_081.jpg
building_9,0005188,test,dataset_splits/10_buildings/building_9/0005188/test/0005188_092.jpg
building_9,0005188,test,dataset_splits/10_buildings/building_9/0005188/test/0005188_150.jpg
building_9,0005188,test,dataset_splits/10_buildings/building_9/0005188/test/0005188_151.jpg
building_9,0005188,test,dataset_splits/10_buildings/building_9/0005188/test/0005188_153.jpg
building_9,0005188,test,dataset_splits/10_buildings/building_9/0005188/test/0005188_156.jpg
building_9,0005188,test,dataset_splits/10_buildings/building_9/0005188/test/0005188_170.jpg
building_9,0005188,test,dataset_splits/10_buildings/building_9/0005188/test/0005188_176.jpg
building_9,0005188,test,dataset_splits/10_buildings/building_9/0005188/test/0005188_180.jpg
building_9,0005188,test,dataset_splits/10_buildings/building_9/0005188/test/0005188_190.jpg
building_9,0005188,test,dataset_splits/10_buildings/building_9/0005188/test/0005188_217.jpg
building_9,0005203,reference,dataset_splits/10_buildings/building_9/0005203/reference/0005203_003.jpg
building_9,0005203,reference,dataset_splits/10_buildings/building_9/0005203/reference/0005203_006.jpg
building_9,0005203,reference,dataset_splits/10_buildings/building_9/0005203/reference/0005203_014.jpg
building_9,0005203,reference,dataset_splits/10_buildings/building_9/0005203/reference/0005203_015.jpg
building_9,0005203,reference,dataset_splits/10_buildings/building_9/0005203/reference/0005203_016.jpg
building_9,0005203,reference,dataset_splits/10_buildings/building_9/0005203/reference/0005203_018.jpg
building_9,0005203,reference,dataset_splits/10_buildings/building_9/0005203/reference/0005203_022.jpg
building_9,0005203,reference,dataset_splits/10_buildings/building_9/0005203/reference/0005203_039.jpg
building_9,0005203,reference,dataset_splits/10_buildings/building_9/0005203/reference/0005203_043.jpg
building_9,0005203,reference,dataset_splits/10_buildings/building_9/0005203/reference/0005203_044.jpg
building_9,0005203,reference,dataset_splits/10_buildings/building_9/0005203/reference/0005203_045.jpg
building_9,0005203,reference,dataset_splits/10_buildings/building_9/0005203/reference/0005203_051.jpg
building_9,0005203,reference,dataset_splits/10_buildings/building_9/0005203/reference/0005203_055.jpg
building_9,0005203,reference,dataset_splits/10_buildings/building_9/0005203/reference/0005203_057.jpg
building_9,0005203,reference,dataset_splits/10_buildings/building_9/0005203/reference/0005203_073.jpg
building_9,0005203,reference,dataset_splits/10_buildings/building_9/0005203/reference/0005203_074.jpg
building_9,0005203,reference,dataset_splits/10_buildings/building_9/0005203/reference/0005203_079.jpg
building_9,0005203,reference,dataset_splits/10_buildings/building_9/0005203/reference/0005203_081.jpg
building_9,0005203,reference,dataset_splits/10_buildings/building_9/0005203/reference/0005203_106.jpg
building_9,0005203,reference,dataset_splits/10_buildings/building_9/0005203/reference/0005203_112.jpg
building_9,0005203,test,dataset_splits/10_buildings/building_9/0005203/test/0005203_019.jpg
building_9,0005203,test,dataset_splits/10_buildings/building_9/0005203/test/0005203_020.jpg
building_9,0005203,test,dataset_splits/10_buildings/building_9/0005203/test/0005203_023.jpg
building_9,0005203,test,dataset_splits/10_buildings/building_9/0005203/test/0005203_033.jpg
building_9,0005203,test,dataset_splits/10_buildings/building_9/0005203/test/0005203_040.jpg
building_9,0005203,test,dataset_splits/10_buildings/building_9/0005203/test/0005203_048.jpg
building_9,0005203,test,dataset_splits/10_buildings/building_9/0005203/test/0005203_049.jpg
building_9,0005203,test,dataset_splits/10_buildings/building_9/0005203/test/0005203_053.jpg
building_9,0005203,test,dataset_splits/10_buildings/building_9/0005203/test/0005203_062.jpg
building_9,0005203,test,dataset_splits/10_buildings/building_9/0005203/test/0005203_063.jpg
building_9,0005203,test,dataset_splits/10_buildings/building_9/0005203/test/0005203_065.jpg
building_9,0005203,test,dataset_splits/10_buildings/building_9/0005203/test/0005203_076.jpg
building_9,0005203,test,dataset_splits/10_buildings/building_9/0005203/test/0005203_084.jpg
building_9,0005203,test,dataset_splits/10_buildings/building_9/0005203/test/0005203_090.jpg
building_9,0005203,test,dataset_splits/10_buildings/building_9/0005203/test/0005203_093.jpg
building_9,0005203,test,dataset_splits/10_buildings/building_9/0005203/test/0005203_094.jpg
building_9,0005203,test,dataset_splits/10_buildings/building_9/0005203/test/0005203_098.jpg
building_9,0005203,test,dataset_splits/10_buildings/building_9/0005203/test/0005203_100.jpg
building_9,0005203,test,dataset_splits/10_buildings/building_9/0005203/test/0005203_105.jpg
building_9,0005203,test,dataset_splits/10_buildings/building_9/0005203/test/0005203_126.jpg
building_9,0005227,reference,dataset_splits/10_buildings/building_9/0005227/reference/0005227_010.jpg
building_9,0005227,reference,dataset_splits/10_buildings/building_9/0005227/reference/0005227_013.jpg
building_9,0005227,reference,dataset_splits/10_buildings/building_9/0005227/reference/0005227_017.jpg
building_9,0005227,reference,dataset_splits/10_buildings/building_9/0005227/reference/0005227_021.jpg
building_9,0005227,reference,dataset_splits/10_buildings/building_9/0005227/reference/0005227_048.jpg
building_9,0005227,reference,dataset_splits/10_buildings/building_9/0005227/reference/0005227_049.jpg
building_9,0005227,reference,dataset_splits/10_buildings/building_9/0005227/reference/0005227_059.jpg
building_9,0005227,reference,dataset_splits/10_buildings/building_9/0005227/reference/0005227_066.jpg
building_9,0005227,reference,dataset_splits/10_buildings/building_9/0005227/reference/0005227_076.jpg
building_9,0005227,reference,dataset_splits/10_buildings/building_9/0005227/reference/0005227_082.jpg
building_9,0005227,reference,dataset_splits/10_buildings/building_9/0005227/reference/0005227_086.jpg
building_9,0005227,reference,dataset_splits/10_buildings/building_9/0005227/reference/0005227_089.jpg
building_9,0005227,reference,dataset_splits/10_buildings/building_9/0005227/reference/0005227_094.jpg
building_9,0005227,reference,dataset_splits/10_buildings/building_9/0005227/reference/0005227_100.jpg
building_9,0005227,reference,dataset_splits/10_buildings/building_9/0005227/reference/0005227_115.jpg
building_9,0005227,reference,dataset_splits/10_buildings/building_9/0005227/reference/0005227_120.jpg
building_9,0005227,reference,dataset_splits/10_buildings/building_9/0005227/reference/0005227_136.jpg
building_9,0005227,reference,dataset_splits/10_buildings/building_9/0005227/reference/0005227_138.jpg
building_9,0005227,reference,dataset_splits/10_buildings/building_9/0005227/reference/0005227_139.jpg
building_9,0005227,reference,dataset_splits/10_buildings/building_9/0005227/reference/0005227_140.jpg
building_9,0005227,test,dataset_splits/10_buildings/building_9/0005227/test/0005227_003.jpg
building_9,0005227,test,dataset_splits/10_buildings/building_9/0005227/test/0005227_008.jpg
building_9,0005227,test,dataset_splits/10_buildings/building_9/0005227/test/0005227_031.jpg
building_9,0005227,test,dataset_splits/10_buildings/building_9/0005227/test/0005227_034.jpg
building_9,0005227,test,dataset_splits/10_buildings/building_9/0005227/test/0005227_035.jpg
building_9,0005227,test,dataset_splits/10_buildings/building_9/0005227/test/0005227_036.jpg
building_9,0005227,test,dataset_splits/10_buildings/building_9/0005227/test/0005227_039.jpg
building_9,0005227,test,dataset_splits/10_buildings/building_9/0005227/test/0005227_041.jpg
building_9,0005227,test,dataset_splits/10_buildings/building_9/0005227/test/0005227_062.jpg
building_9,0005227,test,dataset_splits/10_buildings/building_9/0005227/test/0005227_067.jpg
building_9,0005227,test,dataset_splits/10_buildings/building_9/0005227/test/0005227_068.jpg
building_9,0005227,test,dataset_splits/10_buildings/building_9/0005227/test/0005227_081.jpg
building_9,0005227,test,dataset_splits/10_buildings/building_9/0005227/test/0005227_095.jpg
building_9,0005227,test,dataset_splits/10_buildings/building_9/0005227/test/0005227_102.jpg
building_9,0005227,test,dataset_splits/10_buildings/building_9/0005227/test/0005227_113.jpg
building_9,0005227,test,dataset_splits/10_buildings/building_9/0005227/test/0005227_119.jpg
building_9,0005227,test,dataset_splits/10_buildings/building_9/0005227/test/0005227_126.jpg
building_9,0005227,test,dataset_splits/10_buildings/building_9/0005227/test/0005227_132.jpg
building_9,0005227,test,dataset_splits/10_buildings/building_9/0005227/test/0005227_133.jpg
building_9,0005227,test,dataset_splits/10_buildings/building_9/0005227/test/0005227_137.jpg
building_9,0005238,reference,dataset_splits/10_buildings/building_9/0005238/reference/0005238_001.jpg
building_9,0005238,reference,dataset_splits/10_buildings/building_9/0005238/reference/0005238_003.jpg
building_9,0005238,reference,dataset_splits/10_buildings/building_9/0005238/reference/0005238_005.jpg
building_9,0005238,reference,dataset_splits/10_buildings/building_9/0005238/reference/0005238_006.jpg
building_9,0005238,reference,dataset_splits/10_buildings/building_9/0005238/reference/0005238_007.jpg
building_9,0005238,reference,dataset_splits/10_buildings/building_9/0005238/reference/0005238_013.jpg
building_9,0005238,reference,dataset_splits/10_buildings/building_9/0005238/reference/0005238_015.jpg
building_9,0005238,reference,dataset_splits/10_buildings/building_9/0005238/reference/0005238_018.jpg
building_9,0005238,reference,dataset_splits/10_buildings/building_9/0005238/reference/0005238_024.jpg
building_9,0005238,reference,dataset_splits/10_buildings/building_9/0005238/reference/0005238_025.jpg
building_9,0005238,reference,dataset_splits/10_buildings/building_9/0005238/reference/0005238_030.jpg
building_9,0005238,reference,dataset_splits/10_buildings/building_9/0005238/reference/0005238_033.jpg
building_9,0005238,reference,dataset_splits/10_buildings/building_9/0005238/reference/0005238_036.jpg
building_9,0005238,reference,dataset_splits/10_buildings/building_9/0005238/reference/0005238_038.jpg
building_9,0005238,reference,dataset_splits/10_buildings/building_9/0005238/reference/0005238_042.jpg
building_9,0005238,reference,dataset_splits/10_buildings/building_9/0005238/reference/0005238_043.jpg
building_9,0005238,reference,dataset_splits/10_buildings/building_9/0005238/reference/0005238_046.jpg
building_9,0005238,reference,dataset_splits/10_buildings/building_9/0005238/reference/0005238_047.jpg
building_9,0005238,reference,dataset_splits/10_buildings/building_9/0005238/reference/0005238_051.jpg
building_9,0005238,reference,dataset_splits/10_buildings/building_9/0005238/reference/0005238_053.jpg
building_9,0005238,test,dataset_splits/10_buildings/building_9/0005238/test/0005238_009.jpg
building_9,0005238,test,dataset_splits/10_buildings/building_9/0005238/test/0005238_010.jpg
building_9,0005238,test,dataset_splits/10_buildings/building_9/0005238/test/0005238_011.jpg
building_9,0005238,test,dataset_splits/10_buildings/building_9/0005238/test/0005238_012.jpg
building_9,0005238,test,dataset_splits/10_buildings/building_9/0005238/test/0005238_016.jpg
building_9,0005238,test,dataset_splits/10_buildings/building_9/0005238/test/0005238_020.jpg
building_9,0005238,test,dataset_splits/10_buildings/building_9/0005238/test/0005238_021.jpg
building_9,0005238,test,dataset_splits/10_buildings/building_9/0005238/test/0005238_022.jpg
building_9,0005238,test,dataset_splits/10_buildings/building_9/0005238/test/0005238_023.jpg
building_9,0005238,test,dataset_splits/10_buildings/building_9/0005238/test/0005238_026.jpg
building_9,0005238,test,dataset_splits/10_buildings/building_9/0005238/test/0005238_031.jpg
building_9,0005238,test,dataset_splits/10_buildings/building_9/0005238/test/0005238_032.jpg
building_9,0005238,test,dataset_splits/10_buildings/building_9/0005238/test/0005238_034.jpg
building_9,0005238,test,dataset_splits/10_buildings/building_9/0005238/test/0005238_035.jpg
building_9,0005238,test,dataset_splits/10_buildings/building_9/0005238/test/0005238_037.jpg
building_9,0005238,test,dataset_splits/10_buildings/building_9/0005238/test/0005238_040.jpg
building_9,0005238,test,dataset_splits/10_buildings/building_9/0005238/test/0005238_044.jpg
building_9,0005238,test,dataset_splits/10_buildings/building_9/0005238/test/0005238_045.jpg
building_9,0005238,test,dataset_splits/10_buildings/building_9/0005238/test/0005238_048.jpg
building_9,0005238,test,dataset_splits/10_buildings/building_9/0005238/test/0005238_054.jpg
building_9,0010075,reference,dataset_splits/10_buildings/building_9/0010075/reference/0010075_088.jpg
building_9,0010075,reference,dataset_splits/10_buildings/building_9/0010075/reference/0010075_124.jpg
building_9,0010075,reference,dataset_splits/10_buildings/building_9/0010075/reference/0010075_133.jpg
building_9,0010075,reference,dataset_splits/10_buildings/building_9/0010075/reference/0010075_148.jpg
building_9,0010075,reference,dataset_splits/10_buildings/building_9/0010075/reference/0010075_166.jpg
building_9,0010075,reference,dataset_splits/10_buildings/building_9/0010075/reference/0010075_186.jpg
building_9,0010075,reference,dataset_splits/10_buildings/building_9/0010075/reference/0010075_198.jpg
building_9,0010075,reference,dataset_splits/10_buildings/building_9/0010075/reference/0010075_210.jpg
building_9,0010075,reference,dataset_splits/10_buildings/building_9/0010075/reference/0010075_227.jpg
building_9,0010075,reference,dataset_splits/10_buildings/building_9/0010075/reference/0010075_228.jpg
building_9,0010075,reference,dataset_splits/10_buildings/building_9/0010075/reference/0010075_238.jpg
building_9,0010075,reference,dataset_splits/10_buildings/building_9/0010075/reference/0010075_272.jpg
building_9,0010075,reference,dataset_splits/10_buildings/building_9/0010075/reference/0010075_276.jpg
building_9,0010075,reference,dataset_splits/10_buildings/building_9/0010075/reference/0010075_300.jpg
building_9,0010075,reference,dataset_splits/10_buildings/building_9/0010075/reference/0010075_314.jpg
building_9,0010075,reference,dataset_splits/10_buildings/building_9/0010075/reference/0010075_316.jpg
building_9,0010075,reference,dataset_splits/10_buildings/building_9/0010075/reference/0010075_338.jpg
building_9,0010075,reference,dataset_splits/10_buildings/building_9/0010075/reference/0010075_436.jpg
building_9,0010075,reference,dataset_splits/10_buildings/building_9/0010075/reference/0010075_496.jpg
building_9,0010075,reference,dataset_splits/10_buildings/building_9/0010075/reference/0010075_517.jpg
building_9,0010075,test,dataset_splits/10_buildings/building_9/0010075/test/0010075_029.jpg
building_9,0010075,test,dataset_splits/10_buildings/building_9/0010075/test/0010075_031.jpg
building_9,0010075,test,dataset_splits/10_buildings/building_9/0010075/test/0010075_069.jpg
building_9,0010075,test,dataset_splits/10_buildings/building_9/0010075/test/0010075_107.jpg
building_9,0010075,test,dataset_splits/10_buildings/building_9/0010075/test/0010075_108.jpg
building_9,0010075,test,dataset_splits/10_buildings/building_9/0010075/test/0010075_155.jpg
building_9,0010075,test,dataset_splits/10_buildings/building_9/0010075/test/0010075_156.jpg
building_9,0010075,test,dataset_splits/10_buildings/building_9/0010075/test/0010075_208.jpg
building_9,0010075,test,dataset_splits/10_buildings/building_9/0010075/test/0010075_216.jpg
building_9,0010075,test,dataset_splits/10_buildings/building_9/0010075/test/0010075_257.jpg
building_9,0010075,test,dataset_splits/10_buildings/building_9/0010075/test/0010075_270.jpg
building_9,0010075,test,dataset_splits/10_buildings/building_9/0010075/test/0010075_301.jpg
building_9,0010075,test,dataset_splits/10_buildings/building_9/0010075/test/0010075_342.jpg
building_9,0010075,test,dataset_splits/10_buildings/building_9/0010075/test/0010075_356.jpg
building_9,0010075,test,dataset_splits/10_buildings/building_9/0010075/test/0010075_379.jpg
building_9,0010075,test,dataset_splits/10_buildings/building_9/0010075/test/0010075_446.jpg
building_9,0010075,test,dataset_splits/10_buildings/building_9/0010075/test/0010075_447.jpg
building_9,0010075,test,dataset_splits/10_buildings/building_9/0010075/test/0010075_463.jpg
building_9,0010075,test,dataset_splits/10_buildings/building_9/0010075/test/0010075_497.jpg
building_9,0010075,test,dataset_splits/10_buildings/building_9/0010075/test/0010075_500.jpg
